# Blender 3.5.1
# www.blender.org
mtllib Zombie.mtl
o Legs
v 0.434636 1.039279 -0.006868
v 0.434636 1.039279 0.301947
v 0.060647 1.037959 0.301947
v 0.060647 1.037959 -0.006868
v 0.426927 0.627087 0.292154
v 0.426927 0.627087 0.002925
v 0.083528 0.635301 0.002925
v 0.083528 0.635301 0.292154
v 0.426051 0.598282 0.292154
v 0.426051 0.598282 0.002925
v 0.086018 0.606590 0.002925
v 0.086018 0.606590 0.292154
v 0.425077 0.566276 0.292154
v 0.425077 0.566276 0.002925
v 0.088784 0.574689 0.002925
v 0.088784 0.574689 0.292154
v 0.402595 0.184880 0.284184
v 0.402595 0.184880 0.010895
v 0.144441 0.186336 0.010895
v 0.144441 0.186336 0.284184
v 0.394523 0.016827 0.513932
v 0.419505 0.003170 -0.009685
v 0.129695 0.003127 -0.009685
v 0.154516 0.016792 0.513932
v 0.125622 0.153109 -0.009685
v 0.151143 0.133799 0.513932
v 0.396333 0.132602 0.513932
v 0.421691 0.151663 -0.009685
v 0.386542 0.185102 0.268213
v 0.386542 0.185102 0.026865
v 0.160607 0.186749 0.026746
v 0.160607 0.186749 0.268332
v 0.160840 0.165339 0.268019
v 0.386336 0.163898 0.026952
v 0.160840 0.165339 0.027060
v 0.386336 0.163898 0.268126
v 0.100593 0.492288 0.290463
v 0.420307 0.485351 0.290463
v 0.420307 0.485351 0.004616
v 0.100593 0.492288 0.004616
v 0.133279 0.245599 0.284820
v 0.408855 0.288537 0.010258
v 0.407014 0.286646 0.286908
v 0.135120 0.247489 0.008170
v 0.060647 1.037959 0.301947
v 0.434636 1.039279 0.301947
v 0.083528 0.635301 0.292154
v 0.426927 0.627087 0.292154
v 0.434636 1.039279 0.301947
v 0.434636 1.039279 -0.006868
v 0.426927 0.627087 0.292154
v 0.426927 0.627087 0.002925
v 0.060647 1.037959 0.301947
v 0.434636 1.039279 0.301947
v 0.083528 0.635301 0.292154
v 0.426927 0.627087 0.292154
v 0.407014 0.286646 0.286908
v 0.420307 0.485351 0.290463
v 0.135120 0.247489 0.008170
v 0.100593 0.492288 0.004616
v 0.420307 0.485351 0.004616
v 0.100593 0.492288 0.290463
v 0.133279 0.245599 0.284820
v 0.408855 0.288537 0.010258
v 0.388760 0.335016 0.271286
v 0.409498 0.477839 0.280467
v 0.138575 0.296268 0.017613
v 0.112144 0.484291 0.014611
v 0.402611 0.435923 0.020146
v 0.114437 0.444176 0.280048
v 0.142544 0.254854 0.275219
v 0.390442 0.337300 0.025654
v 0.407813 0.437810 0.280051
v 0.409498 0.477839 0.014611
v 0.119445 0.441829 0.020097
v 0.112144 0.484291 0.280467
v 0.397135 0.293031 0.277161
v 0.398848 0.294790 0.019859
v 0.144256 0.256613 0.017917
v 0.136857 0.294503 0.275741
v 0.328258 0.336614 0.197312
v 0.325894 0.424128 0.201216
v 0.218096 0.339351 0.098295
v 0.193117 0.424859 0.086165
v 0.198059 0.423756 0.203682
v 0.217318 0.323537 0.195976
v 0.331572 0.428240 0.089236
v 0.327994 0.339245 0.098426
v -0.434636 1.039279 -0.006868
v -0.434636 1.039279 0.301947
v -0.060647 1.037959 0.301947
v -0.060647 1.037959 -0.006868
v -0.426927 0.627087 0.292154
v -0.426927 0.627087 0.002925
v -0.083528 0.635301 0.002925
v -0.083528 0.635301 0.292154
v -0.426051 0.598282 0.292154
v -0.426051 0.598282 0.002925
v -0.086018 0.606590 0.002925
v -0.086018 0.606590 0.292154
v -0.425077 0.566276 0.292154
v -0.425077 0.566276 0.002925
v -0.088784 0.574689 0.002925
v -0.088784 0.574689 0.292154
v -0.402595 0.184880 0.284184
v -0.402595 0.184880 0.010895
v -0.144441 0.186336 0.010895
v -0.144441 0.186336 0.284184
v -0.394523 0.016827 0.513932
v -0.419505 0.003170 -0.009685
v -0.129695 0.003127 -0.009685
v -0.154516 0.016792 0.513932
v -0.125622 0.153109 -0.009685
v -0.151143 0.133799 0.513932
v -0.396333 0.132602 0.513932
v -0.421691 0.151663 -0.009685
v -0.386542 0.185102 0.268213
v -0.386542 0.185102 0.026865
v -0.160607 0.186749 0.026746
v -0.160607 0.186749 0.268332
v -0.160840 0.165339 0.268019
v -0.386336 0.163898 0.026952
v -0.160840 0.165339 0.027060
v -0.386336 0.163898 0.268126
v -0.100593 0.492288 0.290463
v -0.420307 0.485351 0.290463
v -0.420307 0.485351 0.004616
v -0.100593 0.492288 0.004616
v -0.060647 1.037959 0.301947
v -0.434636 1.039279 0.301947
v -0.083528 0.635301 0.292154
v -0.426927 0.627087 0.292154
v -0.434636 1.039279 0.301947
v -0.434636 1.039279 -0.006868
v -0.426927 0.627087 0.292154
v -0.426927 0.627087 0.002925
v -0.060647 1.037959 0.301947
v -0.434636 1.039279 0.301947
v -0.083528 0.635301 0.292154
v -0.426927 0.627087 0.292154
v -0.432746 0.938206 -0.004467
v -0.066258 0.939224 -0.004467
v -0.066258 0.939224 0.299545
v -0.432746 0.952275 0.299545
v -0.066258 0.939224 0.299545
v -0.432746 0.938206 -0.004467
v -0.066258 0.939224 0.299545
v -0.427911 0.679668 0.001675
v -0.080610 0.686666 0.293403
v -0.080610 0.686666 0.293403
v -0.427911 0.679668 0.001675
v -0.080610 0.686666 0.293403
v -0.080610 0.686666 0.001675
v -0.426622 0.636237 0.292733
v -0.276463 1.038720 -0.006868
v -0.276463 1.038720 0.301947
v -0.281692 0.630561 0.002925
v -0.281692 0.630561 0.292154
v -0.282239 0.601796 0.002925
v -0.282239 0.601796 0.292154
v -0.282847 0.569834 0.002925
v -0.282847 0.569834 0.292154
v -0.293412 0.185496 0.010895
v -0.293412 0.185496 0.284184
v -0.296934 0.003152 -0.009685
v -0.293015 0.016812 0.513932
v -0.296473 0.152275 -0.009685
v -0.292633 0.133108 0.513932
v -0.290986 0.185798 0.026815
v -0.290986 0.185798 0.268264
v -0.290966 0.164507 0.026998
v -0.290966 0.164507 0.268081
v -0.285088 0.488285 0.004616
v -0.285088 0.488285 0.290463
v -0.276463 1.038720 0.301947
v -0.281692 0.630561 0.292154
v -0.276463 1.038720 0.301947
v -0.281692 0.630561 0.292154
v -0.239522 0.907656 0.299545
v -0.277745 0.938637 -0.004467
v -0.299259 0.676140 0.293403
v -0.281025 0.682628 0.001675
v -0.434636 1.039279 0.175484
v -0.060647 1.037959 0.175484
v -0.426927 0.627087 0.173712
v -0.083528 0.635301 0.173712
v -0.426051 0.598282 0.173712
v -0.086018 0.606590 0.173712
v -0.425077 0.566276 0.173712
v -0.088784 0.574689 0.173712
v -0.402595 0.184880 0.172269
v -0.144441 0.186336 0.172269
v -0.404753 0.011235 0.299506
v -0.144352 0.011196 0.299506
v -0.406717 0.140407 0.299506
v -0.140692 0.141707 0.299506
v -0.386542 0.185102 0.169379
v -0.160607 0.186749 0.169401
v -0.386336 0.163898 0.169363
v -0.160840 0.165339 0.169344
v -0.420307 0.485351 0.173406
v -0.100593 0.492288 0.173406
v -0.434636 1.039279 0.175484
v -0.426927 0.627087 0.173712
v -0.432746 0.921579 0.181688
v -0.066258 0.939224 0.175050
v -0.427911 0.675103 0.121020
v -0.080610 0.686666 0.173938
v -0.294620 0.011218 0.299506
v -0.276463 1.038720 0.175484
v -0.426989 0.922120 0.181688
v -0.422517 0.694997 0.179166
v -0.426390 0.952966 0.292649
v -0.422089 0.709867 0.286810
v -0.301259 0.697615 0.287141
v -0.276891 0.897016 0.292014
v -0.422154 0.675645 0.121020
v -0.421555 0.636928 0.286507
v -0.299267 0.676831 0.286507
v -0.426346 0.891054 0.180047
v -0.239529 0.908347 0.292649
v -0.426099 0.923511 0.292344
v -0.403489 0.710712 0.268124
v -0.407499 0.912912 0.273658
v -0.407746 0.891899 0.183078
v -0.403917 0.695842 0.182197
v -0.303418 0.698460 0.268454
v -0.279050 0.897861 0.273327
v 0.402615 0.435892 0.274939
v 0.407813 0.437810 0.015021
v 0.114437 0.444176 0.015024
v 0.119437 0.441800 0.274988
v 0.331060 0.426007 0.206266
v 0.326331 0.426362 0.094298
v 0.198103 0.422493 0.091297
v 0.193052 0.426167 0.208805
v 0.395393 0.333272 0.277717
v 0.397112 0.335036 0.019579
v 0.144002 0.300609 0.023703
v 0.142607 0.298395 0.269462
v 0.321549 0.338248 0.191184
v 0.321384 0.341449 0.104434
v 0.212988 0.335225 0.092078
v 0.211251 0.319261 0.202533
v 0.128892 0.032704 -0.009685
v 0.394880 0.039659 0.513932
v 0.153851 0.039866 0.513932
v 0.419937 0.032454 -0.009685
v -0.128914 0.031904 -0.009685
v -0.394870 0.039041 0.513932
v -0.153869 0.039242 0.513932
v -0.419925 0.031661 -0.009685
v -0.296846 0.031764 -0.009685
v -0.292942 0.039126 0.513932
v -0.405130 0.036019 0.299506
v -0.143649 0.036237 0.299506
vn -0.0035 1.0000 -0.0000
vn -0.0002 -0.0240 -0.9997
vn -0.9963 -0.0864 -0.0000
vn -0.0000 1.0000 -0.0000
vn -0.9984 -0.0567 -0.0000
vn 0.9995 -0.0304 -0.0000
vn -0.0000 -0.0000 1.0000
vn -0.0000 -0.0000 -1.0000
vn -0.0024 -0.0210 0.9998
vn -0.9985 -0.0278 0.0480
vn 0.0054 -0.0203 -0.9998
vn -0.9858 -0.1678 -0.0039
vn 0.9986 -0.0520 0.0032
vn 0.0001 -0.9997 0.0261
vn 0.9987 -0.0151 0.0480
vn 0.0052 0.9487 -0.3163
vn -0.0138 -0.9999 -0.0000
vn 0.5906 0.8060 0.0397
vn 0.0255 -0.9997 -0.0000
vn -0.0000 -0.0094 -1.0000
vn -0.0000 -0.0094 1.0000
vn 1.0000 -0.0097 -0.0000
vn -0.9999 -0.0108 -0.0000
vn -0.0064 -0.9998 -0.0199
vn -0.5952 0.8026 0.0401
vn -0.0064 -0.9998 0.0199
vn 0.0055 0.9919 0.1268
vn 0.9983 -0.0588 -0.0000
vn -0.9899 -0.1419 -0.0000
vn -0.0005 -0.0207 -0.9998
vn -0.0005 -0.0207 0.9998
vn 0.9998 -0.0187 -0.0000
vn -0.0002 -0.0240 0.9997
vn 0.5707 -0.8212 -0.0000
vn -0.0171 -0.7903 -0.6125
vn 0.5363 0.8440 0.0093
vn -0.1116 0.7755 -0.6214
vn -0.1030 0.9641 -0.2449
vn -0.2161 -0.9764 0.0033
vn -0.0130 -0.9825 0.1857
vn -0.3739 0.9264 0.0440
vn -0.1203 0.7702 0.6264
vn -0.7067 0.7075 0.0001
vn -0.0171 -0.7903 0.6125
vn -0.5692 -0.8222 -0.0000
vn 0.9991 -0.0421 -0.0000
vn -0.9984 -0.0571 -0.0000
vn -0.0002 -0.0103 -0.9999
vn -0.0002 -0.0104 0.9999
vn 0.9990 0.0432 0.0069
vn -0.9899 -0.1419 -0.0076
vn 0.0086 -0.0065 -0.9999
vn -0.0055 -0.0140 0.9999
vn 0.9985 -0.0543 -0.0001
vn -0.9777 -0.2092 -0.0183
vn 0.0418 -0.0976 -0.9943
vn 0.0371 -0.0919 0.9951
vn 0.0287 0.9995 0.0144
vn -0.0046 -0.9838 -0.1794
vn 0.1223 -0.9925 -0.0059
vn -0.1440 0.9785 0.1477
vn 0.0035 1.0000 -0.0000
vn 0.0005 -0.0239 -0.9997
vn 0.9963 -0.0864 -0.0000
vn 0.9984 -0.0567 -0.0000
vn -0.9995 -0.0304 -0.0000
vn 0.9985 -0.0275 0.0480
vn -0.0001 -0.9997 0.0261
vn -0.9987 -0.0154 0.0480
vn -0.0052 0.9481 -0.3180
vn 0.0138 -0.9999 -0.0000
vn -0.4933 0.8690 0.0380
vn -0.0255 -0.9997 -0.0000
vn -0.0000 -0.0064 -1.0000
vn 0.0001 -0.0116 0.9999
vn -1.0000 -0.0097 -0.0000
vn 0.9999 -0.0108 -0.0000
vn 0.0064 -0.9997 -0.0253
vn 0.7323 0.6797 0.0416
vn 0.0064 -0.9999 0.0127
vn -0.0055 0.9920 0.1264
vn -0.9983 -0.0588 -0.0000
vn 0.9899 -0.1419 -0.0000
vn 0.0005 -0.0208 -0.9998
vn 0.0005 -0.0207 0.9998
vn 0.0003 -0.0208 -0.9998
vn 0.0009 -0.0256 0.9997
vn 0.0003 -0.0207 0.9998
vn 0.0016 -0.0207 0.9998
vn 0.1095 0.9896 0.0929
vn -0.9998 -0.0184 0.0023
vn -0.0000 -0.0239 -0.9997
vn 0.0028 -0.0258 0.9997
vn 0.0003 -0.0239 -0.9997
vn 0.0003 -0.0242 -0.9997
vn -0.0000 -0.0241 -0.9997
vn -0.0029 -0.0225 0.9997
vn 0.0003 -0.0208 0.9998
vn 0.0027 -0.0325 0.9995
vn 0.0003 -0.0207 -0.9998
vn 0.0005 -0.0208 0.9998
vn 0.0005 -0.0207 -0.9998
vn -0.0055 0.9919 0.1270
vn 0.0064 -0.9997 0.0253
vn 0.0064 -0.9999 -0.0127
vn -0.0000 -0.0064 1.0000
vn 0.0001 -0.0116 -0.9999
vn -0.0052 0.9494 -0.3139
vn 0.0005 -0.0242 -0.9997
vn -0.9998 -0.0190 -0.0013
vn -0.9999 -0.0173 -0.0008
vn -0.9998 -0.0197 -0.0003
vn 0.4967 0.8671 0.0385
vn -0.7268 0.6856 0.0412
vn -0.9987 -0.0149 0.0480
vn 0.9984 -0.0284 0.0480
vn 0.0224 -0.2385 0.9709
vn -0.1449 -0.9711 0.1897
vn -1.0000 -0.0089 0.0032
vn -0.3044 0.9524 -0.0170
vn -0.9681 0.2491 0.0261
vn -0.2240 -0.9541 -0.1987
vn 0.0179 0.9744 0.2241
vn -0.9999 -0.0115 0.0028
vn -0.9998 -0.0197 0.0009
vn -0.0002 -0.0100 0.9999
vn -0.0059 -0.0244 0.9997
vn -0.0033 -0.0201 0.9998
vn -0.9998 -0.0157 0.0082
vn -0.9998 -0.0198 0.0079
vn -0.0031 -0.0257 0.9997
vn -0.1080 0.9827 -0.1505
vn -0.9859 0.1176 0.1193
vn -0.1605 -0.0076 0.9870
vn -0.1446 -0.9567 0.2525
vn 0.2387 -0.9379 0.2516
vn 0.3436 -0.9391 -0.0001
vn -0.4267 -0.9044 -0.0001
vn -0.0196 -0.9233 -0.3837
vn -0.0196 -0.9210 0.3891
vn 0.3395 -0.9404 -0.0173
vn -0.4313 -0.9022 0.0097
vn 0.0338 -0.9230 -0.3833
vn 0.0080 -0.9214 0.3885
vn 0.2882 0.9575 0.0096
vn -0.5930 0.8052 0.0027
vn -0.1257 0.8664 -0.4833
vn -0.1378 0.9019 0.4095
vn 0.2765 0.9606 0.0295
vn -0.5949 0.7957 0.1143
vn 0.0014 0.8881 -0.4597
vn -0.1110 0.8987 0.4244
vn 0.9987 -0.0151 0.0479
vn -0.9985 -0.0278 0.0478
vn 0.9985 -0.0284 0.0478
vn -0.9987 -0.0149 0.0479
vn -0.9987 -0.0154 0.0479
vn 0.9985 -0.0275 0.0478
vt 0.375000 1.000000
vt 0.375000 0.250000
vt 0.375000 0.750000
vt 0.625000 0.250000
vt 0.375000 0.250000
vt 0.375000 1.000000
vt 0.625000 0.000000
vt 0.375000 0.250000
vt 0.375000 0.750000
vt 0.375000 1.000000
vt 0.375000 0.500000
vt 0.625000 0.000000
vt 0.375000 1.000000
vt 0.625000 0.250000
vt 0.375000 0.250000
vt 0.375000 0.750000
vt 0.375000 0.250000
vt 0.375000 0.500000
vt 0.375000 1.000000
vt 0.625000 0.000000
vt 0.375000 1.000000
vt 0.625000 0.250000
vt 0.375000 0.250000
vt 0.375000 0.750000
vt 0.375000 0.250000
vt 0.375000 0.500000
vt 0.375000 1.000000
vt 0.625000 0.000000
vt 0.375000 1.000000
vt 0.625000 0.250000
vt 0.375000 0.250000
vt 0.375000 0.750000
vt 0.375000 0.250000
vt 0.375000 0.500000
vt 0.375000 1.000000
vt 0.625000 0.000000
vt 0.375000 1.000000
vt 0.625000 0.250000
vt 0.375000 0.250000
vt 0.375000 0.750000
vt 0.375000 0.250000
vt 0.375000 0.500000
vt 0.375000 1.000000
vt 0.625000 0.000000
vt 0.375000 0.500000
vt 0.375000 1.000000
vt 0.625000 0.250000
vt 0.375000 0.750000
vt 0.375000 0.250000
vt 0.375000 1.000000
vt 0.625000 0.000000
vt 0.375000 0.250000
vt 0.625000 0.250000
vt 0.375000 0.250000
vt 0.375000 0.750000
vt 0.375000 1.000000
vt 0.375000 0.500000
vt 0.375000 0.750000
vt 0.375000 0.250000
vt 0.375000 0.500000
vt 0.375000 1.000000
vt 0.625000 0.000000
vt 0.375000 1.000000
vt 0.625000 0.250000
vt 0.375000 0.250000
vt 0.625000 0.250000
vt 0.375000 0.250000
vt 0.375000 1.000000
vt 0.375000 0.500000
vt 0.375000 1.000000
vt 0.625000 0.000000
vt 0.375000 0.750000
vt 0.375000 0.250000
vt 0.375000 0.250000
vt 0.625000 0.250000
vt 0.375000 0.750000
vt 0.375000 0.250000
vt 0.375000 0.500000
vt 0.375000 1.000000
vt 0.375000 1.000000
vt 0.625000 0.000000
vt 0.625000 0.250000
vt 0.375000 0.250000
vt 0.375000 1.000000
vt 0.375000 0.500000
vt 0.375000 0.250000
vt 0.375000 0.750000
vt 0.625000 0.000000
vt 0.375000 1.000000
vt 0.625000 0.250000
vt 0.375000 0.250000
vt 0.375000 0.750000
vt 0.375000 0.250000
vt 0.375000 0.250000
vt 0.625000 0.250000
vt 0.375000 0.750000
vt 0.375000 0.250000
vt 0.375000 0.250000
vt 0.375000 0.750000
vt 0.375000 0.500000
vt 0.375000 1.000000
vt 0.375000 0.750000
vt 0.375000 1.000000
vt 0.375000 0.500000
vt 0.625000 0.250000
vt 0.375000 0.250000
vt 0.375000 0.750000
vt 0.375000 0.250000
vt 0.375000 0.250000
vt 0.625000 0.250000
vt 0.375000 0.750000
vt 0.375000 0.250000
vt 0.375000 0.750000
vt 0.375000 0.250000
vt 0.375000 0.750000
vt 0.375000 0.250000
vt 0.375000 1.000000
vt 0.625000 0.000000
vt 0.375000 1.000000
vt 0.625000 0.000000
vt 0.375000 0.500000
vt 0.375000 1.000000
vt 0.375000 0.250000
vt 0.625000 0.250000
vt 0.375000 0.250000
vt 0.625000 0.250000
vt 0.375000 1.000000
vt 0.375000 0.500000
vt 0.375000 0.751419
vt 0.375000 0.250000
vt 0.375000 0.750000
vt 0.375000 0.250000
vt 0.625000 0.000261
vt 0.375000 1.000000
vt 0.625000 0.000000
vt 0.375000 1.000000
vt 0.375000 0.499191
vt 0.375000 1.000000
vt 0.625000 0.250476
vt 0.375000 0.250000
vt 0.625000 0.250000
vt 0.375000 0.250000
vt 0.375000 0.499112
vt 0.375000 1.000000
vt 0.375000 0.750281
vt 0.375000 0.250000
vt 0.375000 0.500000
vt 0.375000 1.000000
vt 0.625000 0.000153
vt 0.375000 1.000000
vt 0.625000 0.250000
vt 0.375000 0.250000
vt 0.375000 0.750000
vt 0.375000 0.250000
vt 0.375000 0.500000
vt 0.375000 1.000000
vt 0.625000 0.000000
vt 0.375000 1.000000
vt 0.625000 0.249631
vt 0.375000 0.250000
vt 0.375000 0.747479
vt 0.375000 0.250000
vt 0.375000 0.750281
vt 0.375000 0.250000
vt 0.625000 0.000261
vt 0.375000 1.000000
vt 0.625000 -0.000579
vt 0.375000 1.000000
vt 0.625000 0.250476
vt 0.375000 0.250000
vt 0.625000 0.249631
vt 0.375000 0.250000
vt 0.375000 0.499543
vt 0.375000 1.000000
vt 0.375000 0.502916
vt 0.375000 1.000000
vt 0.375000 1.000000
vt 0.375000 0.500000
vt 0.375000 0.750000
vt 0.375000 0.250000
vt 0.625000 0.250000
vt 0.375000 0.250000
vt 0.625000 0.000000
vt 0.375000 1.000000
vt 0.375000 0.250000
vt 0.375000 0.750000
vt 0.375000 1.000000
vt 0.375000 0.500000
vt 0.625000 0.000000
vt 0.375000 1.000000
vt 0.375000 0.250000
vt 0.625000 0.250000
vt 0.375000 0.750000
vt 0.375000 0.250000
vt 0.375000 1.000000
vt 0.375000 0.500000
vt 0.625000 0.000000
vt 0.375000 1.000000
vt 0.375000 0.250000
vt 0.625000 0.250000
vt 0.375000 0.750000
vt 0.375000 0.250000
vt 0.375000 1.000000
vt 0.375000 0.500000
vt 0.625000 0.000000
vt 0.375000 1.000000
vt 0.375000 0.250000
vt 0.625000 0.250000
vt 0.375000 0.750000
vt 0.375000 0.250000
vt 0.375000 1.000000
vt 0.375000 0.500000
vt 0.625000 0.000000
vt 0.375000 1.000000
vt 0.375000 0.250000
vt 0.625000 0.250000
vt 0.375000 0.250000
vt 0.375000 0.750000
vt 0.375000 1.000000
vt 0.375000 0.500000
vt 0.625000 0.000000
vt 0.375000 1.000000
vt 0.375000 0.500000
vt 0.375000 0.750000
vt 0.375000 0.250000
vt 0.625000 0.250000
vt 0.375000 1.000000
vt 0.625000 0.000000
vt 0.625000 0.250000
vt 0.375000 0.250000
vt 0.375000 0.250000
vt 0.375000 0.750000
vt 0.375000 0.500000
vt 0.375000 1.000000
vt 0.375000 0.750000
vt 0.375000 0.250000
vt 0.375000 1.000000
vt 0.375000 0.500000
vt 0.625000 0.000000
vt 0.375000 1.000000
vt 0.375000 0.250000
vt 0.625000 0.250000
vt 0.375000 0.250000
vt 0.625000 0.250000
vt 0.375000 1.000000
vt 0.375000 0.500000
vt 0.375000 1.000000
vt 0.625000 0.000000
vt 0.375000 0.250000
vt 0.375000 0.750000
vt 0.375000 0.250000
vt 0.625000 0.250000
vt 0.375000 0.750000
vt 0.375000 0.250000
vt 0.375000 1.000000
vt 0.375000 0.500000
vt 0.625000 0.000000
vt 0.375000 1.000000
vt 0.375000 0.250000
vt 0.625000 0.250000
vt 0.375000 0.750000
vt 0.375000 0.250000
vt 0.625000 0.250000
vt 0.375000 0.250000
vt 0.375000 0.250000
vt 0.375000 0.750000
vt 0.375000 0.750000
vt 0.375000 0.500000
vt 0.375000 0.750000
vt 0.375000 0.500000
vt 0.375000 0.250000
vt 0.375000 0.250000
vt 0.375000 0.250000
vt 0.375000 0.250000
vt 0.375000 0.498872
vt 0.375000 0.500000
vt 0.375000 1.000000
vt 0.625000 0.000000
vt 0.375000 1.000000
vt 0.625000 0.250000
vt 0.187500 0.375000
vt 0.375000 0.250000
vt 0.625000 0.251117
vt 0.375000 0.250000
vt 0.625000 0.250000
vt 0.375000 0.500000
vt 0.375000 0.250000
vt 0.375000 0.500989
vt 0.375000 1.000000
vt 0.625000 0.250000
vt 0.375000 0.250000
vt 0.625000 0.249021
vt 0.375000 0.500000
vt 0.375000 0.250000
vt 0.625000 0.000000
vt 0.375000 1.000000
vt 1376107.750000 2760492.500000
vt 0.375000 0.250000
vt 0.375000 1.000000
vt 0.480734 0.577064
vt 0.375000 0.250000
vt 0.375000 1.000000
vt 0.375000 0.250000
vt 0.375000 1.000000
vt 0.375000 0.250000
vt 0.375000 1.000000
vt 0.375000 0.250000
vt 0.375000 1.000000
vt 0.375000 0.538532
vt 0.375000 0.250000
vt 0.375000 1.000000
vt 0.375000 0.500000
vt 0.375000 0.250000
vt 0.375000 0.750000
vt 0.375000 1.000000
vt 0.375000 0.250000
vt 0.375000 1.000000
vt 0.375000 0.250000
vt 0.375000 1.000000
vt 0.375000 0.250000
vt 0.375000 1.000000
vt 0.375000 0.538532
vt 0.375000 0.250000
vt 0.372768 0.258927
vt 0.375000 0.250000
vt 0.375000 0.250000
vt 0.375000 0.250000
vt 0.375000 0.250000
vt 0.375000 1.000000
vt 0.375000 0.250000
vt 0.375000 1.000000
vt 0.375000 0.557132
vt 0.625000 0.147623
vt 0.477377 0.147623
vt 0.375000 0.647623
vt 0.625000 0.147623
vt 0.375000 0.647623
vt 0.625000 0.147623
vt 0.375000 0.647623
vt 0.625000 0.147623
vt 0.375000 0.852377
vt 0.375000 0.647623
vt 0.375000 0.557132
vt 0.625000 0.147623
vt 0.375000 0.647623
vt 0.375000 0.647623
vt 0.625000 0.147623
vt 0.375000 0.647623
vt 0.625000 0.147623
vt 0.375000 0.647623
vt 0.625000 0.147623
vt 0.375000 0.647623
vt 0.625000 0.147623
vt 0.375000 0.852377
vt 0.375000 0.647623
vt 0.477377 0.147623
vt 0.625000 0.147623
vt 0.375000 0.647623
vt 0.375000 0.647623
vt 0.375000 0.647623
vt 0.625000 0.147623
vt 0.375000 0.647623
vt 0.625000 0.147623
vt 0.375000 0.647623
vt 0.418299 0.383936
vt 0.375000 0.647623
vt 0.375000 0.553442
vt 0.375000 0.250000
vt 0.375000 0.250000
vt 0.375000 0.250000
vt 0.375000 0.250000
vt 0.375000 0.647623
vt 0.375000 0.250000
vt 0.375000 0.250000
vt 0.375000 0.556327
vt 0.375000 0.250000
vt 0.375000 0.248867
vt 0.375000 0.250000
vt 0.375000 0.248867
vt 0.375000 0.556327
vt 0.375000 0.553442
vt 0.375000 0.250000
vt 0.375000 0.250000
vt 0.375000 0.750331
vt 0.375000 0.250000
vt 0.375000 0.499297
vt 0.375000 1.000000
vt 0.625000 -0.000144
vt 0.375000 1.000000
vt 0.625000 0.250213
vt 0.375000 0.250000
vt 0.375000 0.750188
vt 0.375000 0.250000
vt 0.375000 0.499297
vt 0.375000 1.000000
vt 0.625000 -0.000144
vt 0.375000 1.000000
vt 0.625000 0.250843
vt 0.375000 0.250000
vt 0.375000 0.749860
vt 0.375000 0.250000
vt 0.375000 0.500843
vt 0.375000 1.000000
vt 0.625000 0.000279
vt 0.375000 1.000000
vt 0.625000 0.249683
vt 0.375000 0.250000
vt 0.375000 0.749860
vt 0.375000 0.250000
vt 0.375000 0.500843
vt 0.375000 1.000000
vt 0.625000 -0.000372
vt 0.375000 1.000000
vt 0.625000 0.249396
vt 0.375000 0.250000
vt 0.375000 1.000000
vt 0.625000 0.000000
vt 0.375000 0.250000
vt 0.375000 0.750000
vt 0.375000 0.250000
vt 0.625000 0.250000
vt 0.375000 1.000000
vt 0.375000 0.500000
vt 0.375000 1.000000
vt 0.625000 0.000000
vt 0.375000 0.250000
vt 0.375000 0.750000
vt 0.625000 0.250000
vt 0.375000 0.250000
vt 0.375000 0.500000
vt 0.375000 1.000000
vt 0.375000 1.000000
vt 0.375000 0.250000
vt 0.375000 0.647623
vt 0.625000 0.147623
s 0
usemtl Material
f 3/4/4 8/14/4 47/95/4 45/90/4
f 47/94/4 48/97/4 56/112/4 55/109/4
f 31/63/20 30/61/20 34/68/20 35/70/20
f 29/59/21 32/65/21 33/67/21 36/73/21
f 30/60/22 29/58/22 36/72/22 34/69/22
f 32/64/23 31/62/23 35/71/23 33/66/23
f 44/88/4 41/82/4 63/126/4 59/118/4
f 41/83/4 43/86/4 57/114/4 63/125/4
f 48/96/4 46/92/4 54/107/4 56/111/4
f 5/9/4 2/3/4 46/92/4 48/96/4
f 8/15/4 5/8/4 48/97/4 47/94/4
f 6/10/4 1/1/4 50/101/4 52/103/4
f 5/9/4 6/11/4 52/104/4 51/102/4
f 1/1/4 2/2/4 49/98/4 50/101/4
f 2/3/4 5/9/4 51/102/4 49/99/4
f 45/90/4 47/95/4 55/110/4 53/105/4
f 46/93/4 45/91/4 53/106/4 54/108/4
f 42/84/4 44/89/4 59/117/4 64/127/4
f 43/87/4 42/85/4 64/128/4 57/113/4
f 210/365/62 184/334/62 92/183/62 155/300/62
f 149/290/4 150/292/4 131/263/4 96/192/4
f 176/325/4 178/327/4 140/274/4 132/265/4
f 169/317/74 171/319/74 122/245/74 118/237/74
f 170/318/75 172/320/75 121/243/75 120/241/75
f 197/350/76 199/352/76 124/250/76 117/235/76
f 198/351/77 200/353/77 123/248/77 119/239/77
f 144/282/4 138/272/4 130/262/4
f 144/281/4 130/261/4 90/179/4
f 158/303/4 176/325/4 132/265/4 93/185/4
f 156/301/4 175/324/4 129/259/4 91/182/4
f 141/275/4 146/286/4 134/268/4 89/178/4
f 185/335/4 204/359/4 136/270/4 94/188/4
f 183/332/4 203/358/4 133/267/4 90/179/4
f 150/291/4 152/294/4 139/273/4 131/264/4
f 175/324/4 177/326/4 137/271/4 129/259/4
f 148/288/4 151/293/4 146/286/4 141/276/4
f 91/181/4 129/260/4 145/283/4 143/280/4
f 132/265/4 140/274/4 154/298/4
f 93/186/4 132/266/4 154/297/4
f 94/188/4 136/270/4 151/293/4 148/288/4
f 145/284/4 147/287/4 152/294/4 150/291/4
f 143/280/4 145/285/4 150/292/4 149/290/4
f 130/262/4 138/272/4 177/326/4 175/324/4
f 90/180/4 130/262/4 175/324/4 156/301/4
f 96/191/4 131/264/4 176/325/4 158/303/4
f 117/236/106 124/249/106 172/320/106 170/318/106
f 119/240/107 123/247/107 171/319/107 169/317/107
f 131/264/4 139/273/4 178/327/4 176/325/4
f 89/178/4 134/268/4 203/358/4 183/332/4
f 93/186/4 135/269/4 204/359/4 185/335/4
f 120/242/77 121/244/77 200/353/77 198/351/77
f 118/238/76 122/246/76 199/352/76 197/350/76
usemtl Джинсы
f 2/2/1 1/1/1 4/7/1 3/5/1
f 4/6/2 1/1/2 6/10/2 7/13/2
f 8/14/3 7/12/3 11/20/3 12/22/3
f 3/4/5 4/7/5 7/12/5 8/14/5
f 12/22/3 11/20/3 15/28/3 16/30/3
f 6/11/6 5/9/6 9/16/6 10/18/6
f 5/8/7 8/15/7 12/23/7 9/17/7
f 7/13/8 6/10/8 10/19/8 11/21/8
f 43/86/9 41/83/9 20/39/9 17/33/9
f 10/18/6 9/16/6 13/24/6 14/26/6
f 9/17/7 12/23/7 16/31/7 13/25/7
f 11/21/8 10/19/8 14/27/8 15/29/8
f 44/89/11 42/84/11 18/35/11 19/37/11
f 41/82/12 44/88/12 19/36/12 20/38/12
f 42/85/13 43/87/13 17/32/13 18/34/13
f 18/34/17 17/32/17 29/58/17 30/60/17
f 20/38/19 19/36/19 31/62/19 32/64/19
f 17/33/24 20/39/24 32/65/24 29/59/24
f 19/37/26 18/35/26 30/61/26 31/63/26
f 14/26/28 13/24/28 38/76/28 39/78/28
f 16/30/29 15/28/29 40/81/29 37/75/29
f 15/29/30 14/27/30 39/79/30 40/80/30
f 13/25/31 16/31/31 37/74/31 38/77/31
f 39/78/4 38/76/4 58/115/4 61/121/4
f 40/80/4 39/79/4 61/122/4 60/119/4
f 2/2/4 3/5/4 45/91/4 46/93/4
f 50/100/32 49/99/32 51/102/32 52/104/32
f 54/108/33 53/106/33 55/109/33 56/112/33
f 61/121/34 58/115/34 66/131/34 74/147/34
f 60/119/35 61/122/35 74/148/35 68/136/35
f 57/113/36 64/128/36 78/155/36 77/153/36
f 64/127/37 59/117/37 79/158/37 78/156/37
f 38/77/4 37/74/4 62/123/4 58/116/4
f 37/75/4 40/81/4 60/120/4 62/124/4
f 63/125/42 57/114/42 77/154/42 71/142/42
f 59/118/43 63/126/43 71/141/43 79/157/43
f 58/116/44 62/123/44 76/152/44 66/132/44
f 62/124/45 60/120/45 68/135/45 76/151/45
f 182/331/63 157/302/63 94/187/63 148/289/63
f 186/336/64 188/338/64 99/197/64 95/189/64
f 208/363/65 186/336/65 95/189/65 153/295/65
f 188/338/64 190/340/64 103/205/64 99/197/64
f 185/335/66 187/337/66 97/193/66 93/186/66
f 158/303/7 160/305/7 100/199/7 96/191/7
f 157/302/8 159/304/8 98/195/8 94/187/8
f 187/337/66 189/339/66 101/201/66 97/193/66
f 160/305/7 162/307/7 104/207/7 100/199/7
f 159/304/8 161/306/8 102/203/8 98/195/8
f 191/342/71 197/350/71 117/235/71 105/209/71
f 192/344/73 198/351/73 119/239/73 107/213/73
f 164/310/78 170/318/78 120/241/78 108/215/78
f 163/308/80 169/317/80 118/237/80 106/211/80
f 189/339/82 201/355/82 126/253/82 101/201/82
f 190/340/83 202/357/83 128/257/83 103/205/83
f 161/306/84 173/321/84 127/255/84 102/203/84
f 162/307/85 174/323/85 125/251/85 104/207/85
f 163/308/86 106/211/86 127/255/86 173/321/86
f 181/330/87 178/327/87 139/273/87 152/294/87
f 164/309/88 108/215/88 125/251/88 174/322/88
f 191/341/82 105/209/82 126/253/82 201/354/82
f 192/343/83 107/214/83 128/257/83 202/356/83
f 129/259/4 137/271/4 147/287/4 145/284/4
f 177/326/89 179/328/89 147/287/89 137/271/89
f 138/272/91 203/358/91 205/360/91 144/282/91
f 184/333/65 206/361/65 142/278/65 92/183/65
f 155/299/92 180/329/92 141/277/92 89/177/92
f 179/328/93 181/330/93 152/294/93 147/287/93
f 206/361/65 208/363/65 153/295/65 142/278/65
f 180/329/94 182/331/94 148/289/94 141/277/94
f 142/279/95 153/296/95 182/331/95 180/329/95
f 92/184/96 142/279/96 180/329/96 155/299/96
f 138/272/97 144/282/97 179/328/97 177/326/97
f 105/209/98 164/309/98 174/322/98 126/253/98
f 154/298/99 140/274/99 178/327/99 181/330/99
f 107/214/100 163/308/100 173/321/100 128/258/100
f 101/202/101 126/254/101 174/323/101 162/307/101
f 103/206/102 128/258/102 173/321/102 161/306/102
f 107/214/104 119/240/104 169/317/104 163/308/104
f 105/210/105 117/236/105 170/318/105 164/310/105
f 99/198/8 103/206/8 161/306/8 159/304/8
f 97/194/7 101/202/7 162/307/7 160/305/7
f 95/190/8 99/198/8 159/304/8 157/302/8
f 93/185/7 97/194/7 160/305/7 158/303/7
f 153/296/109 95/190/109 157/302/109 182/331/109
f 183/332/62 210/365/62 155/300/62 89/177/62
f 90/180/62 156/301/62 210/365/62 183/332/62
f 143/280/65 149/290/65 208/363/65 206/361/65
f 146/286/110 151/293/110 207/362/110 205/360/110
f 91/181/65 143/280/65 206/361/65 184/333/65
f 134/268/111 146/286/111 205/360/111 203/358/111
f 108/215/83 192/343/83 202/356/83 125/251/83
f 106/211/82 191/341/82 201/354/82 127/255/82
f 151/293/112 136/270/112 204/359/112 207/362/112
f 104/208/83 125/252/83 202/357/83 190/340/83
f 102/204/82 127/256/82 201/355/82 189/339/82
f 108/216/73 120/242/73 198/351/73 192/344/73
f 106/212/71 118/238/71 197/350/71 191/342/71
f 98/196/66 102/204/66 189/339/66 187/337/66
f 94/188/66 98/196/66 187/337/66 185/335/66
f 100/200/64 104/208/64 190/340/64 188/338/64
f 149/290/65 96/192/65 186/336/65 208/363/65
f 96/192/64 100/200/64 188/338/64 186/336/64
f 156/301/62 91/182/62 184/334/62 210/365/62
f 207/362/117 217/372/117 211/366/117 205/360/117
f 154/298/119 207/362/119 204/359/119 140/274/119
f 181/330/120 219/374/120 218/373/120 154/298/120
f 179/328/121 221/376/121 219/374/121 181/330/121
f 144/282/122 213/368/122 221/376/122 179/328/122
f 217/372/123 207/362/123 154/298/123 218/373/123
f 205/360/136 211/366/136 213/368/136 144/282/136
usemtl Кожа.002
f 73/145/46 230/386/46 74/147/46 66/131/46
f 231/388/47 70/139/47 76/151/47 68/135/47
f 230/387/48 231/389/48 68/136/48 74/148/48
f 70/140/49 73/146/49 66/132/49 76/152/49
f 238/402/50 237/400/50 77/153/50 78/155/50
f 80/159/51 67/133/51 79/157/51 71/141/51
f 67/134/52 238/403/52 78/156/52 79/158/52
f 237/401/53 80/160/53 71/142/53 77/154/53
f 214/369/124 212/367/124 217/372/124 218/373/124
f 212/367/125 220/375/125 211/366/125 217/372/125
f 215/370/126 214/369/126 218/373/126 219/374/126
f 216/371/127 215/370/127 219/374/127 221/376/127
f 222/377/128 216/371/128 221/376/128 213/368/128
f 220/375/129 222/377/129 213/368/129 211/366/129
f 229/384/137 69/137/137 230/386/137 73/145/137
f 75/149/138 232/390/138 70/139/138 231/388/138
f 69/138/139 75/150/139 231/389/139 230/387/139
f 232/391/140 229/385/140 73/146/140 70/140/140
f 72/143/145 65/129/145 237/400/145 238/402/145
f 240/406/146 239/404/146 67/133/146 80/159/146
f 239/405/147 72/144/147 238/403/147 67/134/147
f 65/130/148 240/407/148 80/160/148 237/401/148
usemtl Мясо.001
f 72/144/38 239/405/38 243/413/38 88/176/38
f 232/390/39 75/149/39 84/167/39 236/398/39
f 229/385/40 232/391/40 236/399/40 233/393/40
f 239/404/41 240/406/41 244/414/41 243/412/41
f 65/129/58 72/143/58 88/175/58 81/161/58
f 75/150/59 69/138/59 87/174/59 84/168/59
f 69/137/60 229/384/60 233/392/60 87/173/60
f 240/407/61 65/130/61 81/162/61 244/415/61
f 214/369/90 215/370/90 227/382/90 223/378/90
f 216/371/118 222/377/118 224/379/118 228/383/118
f 212/367/132 214/369/132 223/378/132 226/381/132
f 215/370/133 216/371/133 228/383/133 227/382/133
f 220/375/134 212/367/134 226/381/134 225/380/134
f 222/377/135 220/375/135 225/380/135 224/379/135
f 87/173/141 233/392/141 82/163/141 234/394/141
f 236/398/142 84/167/142 235/396/142 85/169/142
f 84/168/143 87/174/143 234/395/143 235/397/143
f 233/393/144 236/399/144 85/170/144 82/164/144
f 81/161/149 88/175/149 242/410/149 241/408/149
f 243/412/150 244/414/150 86/171/150 83/165/150
f 88/176/151 243/413/151 83/166/151 242/411/151
f 244/415/152 81/162/152 241/409/152 86/172/152
usemtl кость
f 234/394/54 82/163/54 241/408/54 242/410/54
f 85/169/55 235/396/55 83/165/55 86/171/55
f 235/397/56 234/395/56 242/411/56 83/166/56
f 82/164/57 85/170/57 86/172/57 241/409/57
usemtl Темная_ткань
f 223/378/130 224/379/130 225/380/130 226/381/130
f 224/379/131 223/378/131 227/382/131 228/383/131
usemtl Material.005
f 247/421/10 245/417/10 23/44/10 24/47/10
f 22/42/14 21/40/14 24/48/14 23/45/14
f 248/423/15 246/419/15 21/40/15 22/42/15
f 246/418/7 247/420/7 24/49/7 21/41/7
f 245/416/8 248/422/8 22/43/8 23/46/8
f 256/435/67 194/347/67 111/221/67 249/425/67
f 209/364/68 194/346/68 112/224/68 166/314/68
f 255/434/69 193/345/69 109/218/69 250/427/69
f 254/433/7 166/313/7 112/225/7 251/429/7
f 253/432/8 165/311/8 110/219/8 252/431/8
f 249/424/8 111/222/8 165/311/8 253/432/8
f 250/426/7 109/217/7 166/313/7 254/433/7
f 193/345/68 209/364/68 166/314/68 109/218/68
f 110/220/68 165/312/68 209/364/68 193/345/68
f 252/430/115 110/220/115 193/345/115 255/434/115
f 165/312/68 111/223/68 194/346/68 209/364/68
f 251/428/116 112/226/116 194/347/116 256/435/116
usemtl Material.007
f 28/56/16 25/50/16 35/70/16 34/68/16
f 27/55/18 28/57/18 34/69/18 36/72/18
f 25/51/25 26/53/25 33/66/25 35/71/25
f 26/52/27 27/54/27 36/73/27 33/67/27
f 167/315/70 171/319/70 123/247/70 113/227/70
f 195/348/72 199/352/72 122/246/72 116/233/72
f 196/349/79 200/353/79 121/244/79 114/229/79
f 168/316/81 172/320/81 124/249/81 115/231/81
f 114/230/103 121/243/103 172/320/103 168/316/103
f 116/234/108 122/245/108 171/319/108 167/315/108
f 113/228/113 123/248/113 200/353/113 196/349/113
f 115/232/114 124/250/114 199/352/114 195/348/114
f 25/50/8 28/56/8 248/422/8 245/416/8
f 27/54/7 26/52/7 247/420/7 246/418/7
f 28/57/153 27/55/153 246/419/153 248/423/153
f 26/53/154 25/51/154 245/417/154 247/421/154
f 114/229/155 251/428/155 256/435/155 196/349/155
f 116/233/156 252/430/156 255/434/156 195/348/156
f 115/231/7 250/426/7 254/433/7 168/316/7
f 113/227/8 249/424/8 253/432/8 167/315/8
f 167/315/8 253/432/8 252/431/8 116/234/8
f 168/316/7 254/433/7 251/429/7 114/230/7
f 195/348/157 255/434/157 250/427/157 115/232/157
f 196/349/158 256/435/158 249/425/158 113/228/158
o Body
v 0.489969 1.930521 -0.038930
v 0.489969 1.013642 0.336723
v 0.489969 1.013642 -0.038930
v 0.489969 1.188185 -0.038930
v 0.489969 1.188185 0.336723
v 0.489969 1.118558 -0.038930
v 0.489969 1.118558 0.336723
v 0.504833 1.188185 -0.053789
v 0.504833 1.188185 0.351581
v 0.504826 1.118558 -0.053796
v 0.504826 1.118558 0.351588
v 0.489969 1.746179 0.336723
v 0.489969 2.114863 -0.038930
v 0.489969 2.114863 0.336723
v 0.489969 1.930521 0.336723
v 0.244984 1.013289 -0.038930
v 0.244984 2.114863 0.336723
v 0.244984 2.114863 -0.038930
v 0.489969 1.066100 -0.038930
v 0.489969 1.013642 0.148896
v 0.489969 2.114863 0.148896
v 0.489969 1.066100 0.336723
v 0.244984 1.013289 0.336723
v 0.489969 1.188185 0.148896
v 0.244984 1.188033 -0.038930
v 0.244984 1.188033 0.336723
v 0.497397 1.118558 -0.046363
v 0.489969 1.118558 0.148896
v 0.244984 1.118326 -0.038930
v 0.244984 1.118326 0.336723
v 0.504833 1.188185 0.148896
v 0.252417 1.188033 -0.056868
v 0.252417 1.188033 0.354660
v 0.504829 1.153372 -0.053793
v 0.504829 1.153372 0.351585
v 0.504826 1.118558 0.148896
v 0.252413 1.118326 -0.056872
v 0.252413 1.118326 0.354664
v 0.497401 1.188185 0.344152
v 0.497401 1.188185 -0.046360
v 0.497397 1.118558 0.344155
v 0.489852 1.838860 0.093651
v 0.489969 1.838350 -0.038930
v 0.489911 1.792520 0.121273
v 0.248700 1.188033 -0.047899
v 0.497397 1.118558 0.148896
v 0.248699 1.118326 0.345693
v 0.252415 1.153180 0.354662
v 0.252415 1.153180 -0.056870
v 0.504829 1.153372 0.148896
v 0.248699 1.118326 -0.047901
v 0.248700 1.188033 0.345691
v 0.489969 1.066100 0.148896
v 0.497401 1.188185 0.148896
v 0.244984 1.013289 0.148896
v 0.244984 1.065808 -0.038930
v 0.244984 2.114863 0.148896
v 0.244984 1.929818 -0.038930
v 0.244984 1.929818 0.336723
v 0.244984 1.065808 0.336723
v 0.384319 2.114863 -0.038930
v 0.384319 1.013490 0.336723
v 0.384319 1.188119 0.336723
v 0.384319 1.118458 0.336723
v 0.395978 1.188119 0.352909
v 0.395973 1.118458 0.352915
v 0.384319 1.745573 0.336723
v 0.384319 1.013490 -0.038930
v 0.384319 2.114863 0.336723
v 0.384319 1.188119 -0.038930
v 0.384319 1.118458 -0.038930
v 0.395978 1.188119 -0.055117
v 0.395973 1.118458 -0.055123
v 0.390149 1.188119 -0.047024
v 0.390146 1.118458 0.344819
v 0.395976 1.153289 0.352912
v 0.395976 1.153289 -0.055120
v 0.390146 1.118458 -0.047027
v 0.390149 1.188119 0.344816
v 0.384319 1.013490 0.148896
v 0.384319 1.065974 -0.038930
v 0.384319 2.114863 0.148896
v 0.384319 1.930218 -0.038930
v 0.384319 1.930218 0.336723
v 0.384319 1.065974 0.336723
v 0.489969 1.841422 0.336723
v 0.244984 1.840380 0.336723
v 0.384319 1.840973 0.336723
v 0.384319 1.837896 -0.038930
v 0.497394 1.446878 -0.046356
v 0.497394 1.320573 -0.046356
v 0.497394 1.446878 0.344148
v 0.497394 1.320573 0.344148
v 0.497426 1.746190 0.148898
v 0.497594 1.746180 0.343942
v 0.244984 1.744774 0.347223
v 0.500469 1.573183 0.148896
v 0.497394 1.573183 0.344148
v 0.384319 1.573183 -0.049431
v 0.497394 1.573183 -0.046356
v 0.244984 1.573183 0.347223
v 0.497394 1.659681 -0.046356
v 0.497394 1.659681 0.344148
v 0.500469 1.320573 0.148896
v 0.384319 1.320573 -0.049431
v 0.244984 1.320573 0.347223
v 0.497394 1.278492 -0.046356
v 0.497394 1.236410 -0.046356
v 0.497394 1.278492 0.344148
v 0.497394 1.236410 0.344148
v 0.244984 1.236313 -0.049431
v 0.500469 1.236410 0.148896
v 0.384319 1.236368 0.347223
v 0.497394 1.212298 -0.046356
v 0.497392 1.188185 -0.046357
v 0.497394 1.212298 0.344148
v 0.497392 1.188185 0.344149
v 0.500469 1.188185 0.148896
v 0.244984 1.188033 -0.049431
v 0.384319 1.188119 0.347223
v 0.493963 1.838352 -0.048642
v 0.497394 1.746181 -0.046355
v 0.244984 1.744774 -0.049431
v 0.384319 1.745573 0.347223
v 0.244984 1.573183 -0.049431
v 0.384319 1.573183 0.347223
v 0.384319 2.122288 0.344148
v 0.244984 2.122288 0.344148
v 0.244984 1.320573 -0.049431
v 0.384319 1.320573 0.347223
v 0.384319 1.236368 -0.049431
v 0.244984 1.236313 0.347223
v 0.384319 1.188119 -0.049431
v 0.244984 1.188033 0.347223
v 0.494273 1.792531 0.121276
v 0.384319 1.212244 0.347223
v 0.244984 1.212173 0.347223
v 0.244984 1.212173 -0.049431
v 0.384319 1.212244 -0.049431
v 0.384319 1.278471 0.347223
v 0.244984 1.278443 0.347223
v 0.500469 1.212298 0.148896
v 0.244984 1.278443 -0.049431
v 0.384319 1.278471 -0.049431
v 0.384319 2.125363 0.148896
v 0.244984 2.125363 0.148896
v 0.244984 2.122288 -0.046356
v 0.384319 1.930218 -0.049431
v 0.244984 1.929818 -0.049431
v 0.244984 1.837296 -0.049431
v 0.384319 1.930218 0.347223
v 0.244984 1.929818 0.347223
v 0.244984 1.840380 0.347223
v 0.244984 1.446878 0.347223
v 0.384319 1.446878 0.347223
v 0.384319 1.446878 -0.049431
v 0.244984 1.446878 -0.049431
v 0.500469 1.446878 0.148896
v 0.244984 1.658978 0.347223
v 0.384319 1.659378 0.347223
v 0.384319 1.659378 -0.049431
v 0.244984 1.658978 -0.049431
v 0.500469 1.659681 0.148896
v 0.500469 1.278492 0.148896
v 0.384319 1.745573 -0.049431
v 0.384319 2.122288 -0.046356
v 0.384319 1.840973 0.347223
v 0.384319 1.837896 -0.049431
v -0.489969 1.930521 -0.038930
v 0.000000 2.114863 -0.038930
v 0.000000 2.114863 0.336723
v -0.489969 1.013642 0.336723
v -0.489969 1.013642 -0.038930
v 0.000000 1.012936 0.336723
v 0.000000 1.012936 -0.038930
v -0.489969 1.188185 -0.038930
v -0.489969 1.188185 0.336723
v 0.000000 1.187881 0.336723
v 0.000000 1.187881 -0.038930
v -0.489969 1.118558 -0.038930
v -0.489969 1.118558 0.336723
v 0.000000 1.118094 0.336723
v 0.000000 1.118094 -0.038930
v 0.000000 1.118094 -0.059947
v 0.000000 1.187881 -0.059947
v -0.504833 1.188185 -0.053789
v -0.504833 1.188185 0.351581
v 0.000000 1.187881 0.357740
v -0.504826 1.118558 -0.053796
v -0.504826 1.118558 0.351588
v 0.000000 1.118094 0.357740
v -0.489969 1.746179 0.336723
v -0.489969 2.114863 -0.038930
v -0.489969 2.114863 0.336723
v 0.000000 1.929116 0.336723
v 0.000000 1.929116 -0.038930
v -0.489969 1.930521 0.336723
v -0.244984 1.013289 -0.038930
v -0.244984 2.114863 0.336723
v -0.244984 2.114863 -0.038930
v -0.489969 1.066100 -0.038930
v -0.489969 1.013642 0.148896
v -0.489969 2.114863 0.148896
v -0.489969 1.066100 0.336723
v 0.000000 1.065515 0.336723
v -0.244984 1.013289 0.336723
v 0.000000 1.012936 0.148896
v -0.489969 1.188185 0.148896
v -0.244984 1.188033 -0.038930
v -0.244984 1.188033 0.336723
v -0.497397 1.118558 -0.046363
v 0.000000 1.118094 -0.049439
v 0.000000 1.187881 -0.049439
v 0.000000 1.065515 -0.038930
v -0.489969 1.118558 0.148896
v -0.244984 1.118326 -0.038930
v -0.244984 1.118326 0.336723
v 0.000000 1.152987 -0.059947
v -0.504833 1.188185 0.148896
v -0.252417 1.188033 -0.056868
v -0.252417 1.188033 0.354660
v -0.504829 1.153372 -0.053793
v -0.504829 1.153372 0.351585
v 0.000000 1.152987 0.357740
v -0.504826 1.118558 0.148896
v -0.252413 1.118326 -0.056872
v -0.252413 1.118326 0.354664
v 0.000000 1.187881 0.347231
v -0.497401 1.188185 0.344152
v -0.497401 1.188185 -0.046360
v -0.497397 1.118558 0.344155
v 0.000000 1.118094 0.347231
v -0.489852 1.838860 0.093651
v -0.489969 1.838350 -0.038930
v -0.489911 1.792520 0.121273
v -0.248700 1.188033 -0.047899
v -0.497397 1.118558 0.148896
v -0.248699 1.118326 0.345693
v -0.252415 1.153180 0.354662
v -0.252415 1.153180 -0.056870
v -0.504829 1.153372 0.148896
v -0.248699 1.118326 -0.047901
v -0.248700 1.188033 0.345691
v -0.489969 1.066100 0.148896
v -0.497401 1.188185 0.148896
v -0.244984 1.013289 0.148896
v -0.244984 1.065808 -0.038930
v -0.244984 2.114863 0.148896
v -0.244984 1.929818 -0.038930
v -0.244984 1.929818 0.336723
v -0.244984 1.065808 0.336723
v -0.384319 2.114863 -0.038930
v -0.384319 1.013490 0.336723
v -0.384319 1.188119 0.336723
v -0.384319 1.118458 0.336723
v -0.395978 1.188119 0.352909
v -0.395973 1.118458 0.352915
v -0.384319 1.745573 0.336723
v -0.384319 1.013490 -0.038930
v -0.384319 2.114863 0.336723
v -0.384319 1.188119 -0.038930
v -0.384319 1.118458 -0.038930
v -0.395978 1.188119 -0.055117
v -0.395973 1.118458 -0.055123
v -0.390149 1.188119 -0.047024
v -0.390146 1.118458 0.344819
v -0.395976 1.153289 0.352912
v -0.395976 1.153289 -0.055120
v -0.390146 1.118458 -0.047027
v -0.390149 1.188119 0.344816
v -0.384319 1.013490 0.148896
v -0.384319 1.065974 -0.038930
v -0.384319 2.114863 0.148896
v -0.384319 1.930218 -0.038930
v -0.384319 1.930218 0.336723
v -0.384319 1.065974 0.336723
v 0.000000 1.839338 0.336723
v -0.489969 1.841422 0.336723
v -0.244984 1.840380 0.336723
v -0.384319 1.840973 0.336723
v -0.384319 1.837896 -0.038930
v 0.000000 1.446878 0.347223
v 0.000000 1.320573 0.347223
v 0.000000 1.446878 -0.049431
v 0.000000 1.320573 -0.049431
v -0.497394 1.446878 -0.046356
v -0.497394 1.320573 -0.046356
v -0.497394 1.446878 0.344148
v -0.497394 1.320573 0.344148
v -0.497426 1.746190 0.148898
v -0.497594 1.746180 0.343942
v -0.244984 1.744774 0.347223
v 0.000000 1.743369 0.347223
v 0.000000 1.839338 0.347223
v 0.000000 1.836242 -0.049431
v 0.000000 1.743369 -0.049431
v -0.500469 1.573183 0.148896
v -0.497394 1.573183 0.344148
v -0.384319 1.573183 -0.049431
v -0.497394 1.573183 -0.046356
v -0.244984 1.573183 0.347223
v 0.000000 1.573183 0.347223
v 0.000000 1.658276 0.347223
v 0.000000 1.658276 -0.049431
v 0.000000 1.573183 -0.049431
v -0.497394 1.659681 -0.046356
v -0.497394 1.659681 0.344148
v -0.500469 1.320573 0.148896
v -0.384319 1.320573 -0.049431
v -0.244984 1.320573 0.347223
v 0.000000 1.278395 -0.049431
v -0.497394 1.278492 -0.046356
v -0.497394 1.236410 -0.046356
v -0.497394 1.278492 0.344148
v -0.497394 1.236410 0.344148
v 0.000000 1.278395 0.347223
v 0.000000 1.236217 0.347223
v 0.000000 1.212049 -0.049431
v 0.000000 1.236217 -0.049431
v -0.244984 1.236313 -0.049431
v -0.500469 1.236410 0.148896
v -0.384319 1.236368 0.347223
v -0.497394 1.212298 -0.046356
v -0.497392 1.188185 -0.046357
v -0.497394 1.212298 0.344148
v -0.497392 1.188185 0.344149
v 0.000000 1.212049 0.347223
v 0.000000 1.187881 0.347223
v -0.500469 1.188185 0.148896
v -0.244984 1.188033 -0.049431
v 0.000000 1.187881 -0.049431
v -0.384319 1.188119 0.347223
v -0.493963 1.838352 -0.048642
v -0.497394 1.746181 -0.046355
v -0.244984 1.744774 -0.049431
v -0.384319 1.745573 0.347223
v -0.244984 1.573183 -0.049431
v -0.384319 1.573183 0.347223
v -0.384319 2.122288 0.344148
v -0.244984 2.122288 0.344148
v -0.244984 1.320573 -0.049431
v -0.384319 1.320573 0.347223
v -0.384319 1.236368 -0.049431
v -0.244984 1.236313 0.347223
v -0.384319 1.188119 -0.049431
v -0.244984 1.188033 0.347223
v -0.494273 1.792531 0.121276
v -0.384319 1.212244 0.347223
v -0.244984 1.212173 0.347223
v -0.244984 1.212173 -0.049431
v -0.384319 1.212244 -0.049431
v -0.384319 1.278471 0.347223
v -0.244984 1.278443 0.347223
v -0.500469 1.212298 0.148896
v -0.244984 1.278443 -0.049431
v -0.384319 1.278471 -0.049431
v -0.384319 2.125363 0.148896
v -0.244984 2.125363 0.148896
v -0.244984 2.122288 -0.046356
v -0.384319 1.930218 -0.049431
v 0.000000 1.929116 -0.049431
v -0.244984 1.929818 -0.049431
v -0.244984 1.837296 -0.049431
v -0.384319 1.930218 0.347223
v -0.244984 1.929818 0.347223
v -0.244984 1.840380 0.347223
v -0.244984 1.446878 0.347223
v -0.384319 1.446878 0.347223
v -0.384319 1.446878 -0.049431
v -0.244984 1.446878 -0.049431
v -0.500469 1.446878 0.148896
v -0.244984 1.658978 0.347223
v -0.384319 1.659378 0.347223
v -0.384319 1.659378 -0.049431
v -0.244984 1.658978 -0.049431
v -0.500469 1.659681 0.148896
v -0.500469 1.278492 0.148896
v -0.384319 1.745573 -0.049431
v -0.384319 2.122288 -0.046356
v -0.384319 1.840973 0.347223
v -0.384319 1.837896 -0.049431
v 0.122492 2.114863 0.336723
v 0.000000 2.114863 0.054983
v 0.122492 2.114863 -0.038930
v 0.000000 2.114863 0.242809
v 0.122492 2.114863 0.148896
v 0.244984 2.114863 0.242809
v 0.244984 2.114863 0.054983
v -0.122492 2.114863 0.336723
v -0.122492 2.114863 -0.038930
v -0.122492 2.114863 0.148896
v -0.244984 2.114863 0.242809
v -0.244984 2.114863 0.054983
v -0.122492 2.114863 0.242809
v -0.122492 2.114863 0.054983
v 0.122492 2.114863 0.242809
v 0.122492 2.114863 0.054983
vn -0.0000 -0.0000 1.0000
vn -0.0000 -0.0000 -1.0000
vn -0.0000 1.0000 -0.0000
vn 0.0014 -1.0000 -0.0000
vn 1.0000 -0.0000 -0.0000
vn -0.0006 1.0000 0.0001
vn 0.0009 -1.0000 0.0002
vn 1.0000 -0.0001 -0.0000
vn 0.0122 0.0001 -0.9999
vn 0.0122 0.0001 0.9999
vn 0.0009 -1.0000 -0.0008
vn -0.0000 -1.0000 -0.0000
vn -0.0006 1.0000 -0.0005
vn 1.0000 -0.0002 -0.0001
vn 1.0000 0.0006 0.0009
vn -0.0006 1.0000 -0.0001
vn 0.0009 -1.0000 -0.0002
vn 0.0122 -0.0000 0.9999
vn 0.0122 -0.0000 -0.9999
vn 0.0009 -1.0000 0.0005
vn -0.0006 1.0000 0.0003
vn -0.0042 1.0000 -0.0007
vn 0.0006 -1.0000 -0.0002
vn 0.0006 -1.0000 -0.0000
vn -1.0000 -0.0000 -0.0000
vn 0.2953 0.9206 0.2554
vn -0.0043 1.0000 -0.0000
vn -0.0006 1.0000 0.0005
vn 0.0009 -1.0000 0.0008
vn 0.0009 -1.0000 -0.0005
vn -0.0006 1.0000 -0.0003
vn 0.0006 -1.0000 0.0002
vn -0.0029 1.0000 -0.0000
vn -0.0055 1.0000 0.0023
vn 0.9999 -0.0000 0.0157
vn 0.9998 0.0164 0.0074
vn 0.0272 -0.0000 -0.9996
vn 0.0272 -0.0000 0.9996
vn 0.9988 0.0486 0.0052
vn 0.9999 -0.0000 0.0158
vn 0.9999 -0.0000 -0.0158
vn 0.9999 -0.0000 -0.0157
vn -0.0000 0.9999 0.0158
vn -0.0000 0.9999 -0.0158
vn -0.0000 0.0160 0.9999
vn 0.9998 0.0176 -0.0080
vn 0.0281 0.0012 0.9996
vn -0.0000 0.0160 -0.9999
vn 0.0174 -0.0121 -0.9998
vn 1.0000 0.0013 -0.0000
vn -0.1253 0.9704 0.2063
vn 0.9977 0.0674 -0.0009
vn -0.0014 -1.0000 -0.0000
vn 0.0006 1.0000 0.0001
vn -0.0009 -1.0000 0.0002
vn -1.0000 -0.0001 -0.0000
vn -0.0122 0.0001 -0.9999
vn -0.0122 0.0001 0.9999
vn -0.0009 -1.0000 -0.0008
vn 0.0006 1.0000 -0.0005
vn -1.0000 -0.0002 -0.0001
vn -1.0000 0.0006 0.0009
vn 0.0006 1.0000 -0.0001
vn -0.0009 -1.0000 -0.0002
vn -0.0122 -0.0000 0.9999
vn -0.0122 -0.0000 -0.9999
vn -0.0009 -1.0000 0.0005
vn 0.0006 1.0000 0.0003
vn 0.0042 1.0000 -0.0007
vn -0.0006 -1.0000 -0.0002
vn -0.0006 -1.0000 -0.0000
vn -0.2953 0.9206 0.2554
vn 0.0043 1.0000 -0.0000
vn 0.0006 1.0000 0.0005
vn -0.0009 -1.0000 0.0008
vn -0.0009 -1.0000 -0.0005
vn 0.0006 1.0000 -0.0003
vn -0.0006 -1.0000 0.0002
vn 0.0029 1.0000 -0.0000
vn 0.0055 1.0000 0.0023
vn -0.9999 -0.0000 0.0157
vn -0.9998 0.0164 0.0074
vn -0.0272 -0.0000 -0.9996
vn -0.0272 -0.0000 0.9996
vn -0.9988 0.0486 0.0052
vn -0.9999 -0.0000 0.0158
vn -0.9999 -0.0000 -0.0158
vn -0.9999 -0.0000 -0.0157
vn -0.9998 0.0176 -0.0080
vn -0.0281 0.0012 0.9996
vn -0.0174 -0.0121 -0.9998
vn -1.0000 0.0013 -0.0000
vn 0.1253 0.9704 0.2063
vn -0.9977 0.0674 -0.0009
vt 0.568110 0.517269
vt 0.593750 1.000000
vt 0.375000 0.250000
vt 0.375000 0.750000
vt 0.375000 1.000000
vt 0.375000 0.500000
vt 0.410542 1.000000
vt 0.410542 0.500000
vt 0.410542 0.750000
vt 0.410542 0.250000
vt 0.396364 0.500000
vt 0.396364 1.000000
vt 0.396364 0.750000
vt 0.396364 0.250000
vt 0.410542 1.000000
vt 0.410542 0.500000
vt 0.410542 0.750000
vt 0.410542 0.250000
vt 0.396364 0.500000
vt 0.396364 1.000000
vt 0.396364 0.250000
vt 0.396364 0.750000
vt 0.562500 0.250000
vt 0.625000 1.000000
vt 0.625000 0.500000
vt 0.625000 0.250000
vt 0.625000 0.750000
vt 0.593750 0.250000
vt 0.375000 0.750000
vt 0.375000 0.937500
vt 0.625000 0.312500
vt 0.625000 0.562500
vt 0.625000 0.937500
vt 0.625000 0.687500
vt 0.385682 0.500000
vt 0.385682 1.000000
vt 0.375000 0.625000
vt 0.625000 0.625000
vt 0.385682 0.750000
vt 0.385682 0.250000
vt 0.375000 0.500000
vt 0.375000 0.250000
vt 0.410542 0.625000
vt 0.410542 0.937500
vt 0.410542 0.285542
vt 0.396364 0.500000
vt 0.396364 1.000000
vt 0.396364 0.625000
vt 0.396364 0.937500
vt 0.396364 0.271364
vt 0.410542 0.625000
vt 0.410542 0.937500
vt 0.410542 0.285542
vt 0.403453 1.000000
vt 0.403453 0.500000
vt 0.403453 0.250000
vt 0.403453 0.750000
vt 0.396364 0.625000
vt 0.396364 0.937500
vt 0.396364 0.271364
vt 0.410542 0.750000
vt 0.410542 0.250000
vt 0.410542 1.000000
vt 0.410542 0.500000
vt 0.396364 0.750000
vt 0.396364 0.250000
vt 0.568110 0.625000
vt 0.000000 0.000000
vt 0.565305 0.508634
vt 0.565305 0.625000
vt 0.410542 0.937500
vt 0.396364 0.625000
vt 0.396364 0.271364
vt 0.403453 0.278453
vt 0.403453 0.937500
vt 0.403453 0.625000
vt 0.396364 0.937500
vt 0.410542 0.285542
vt 0.385682 0.625000
vt 0.410542 0.625000
vt 0.375000 0.625000
vt 0.385682 0.937500
vt 0.625000 0.625000
vt 0.593750 0.937500
vt 0.593750 0.312500
vt 0.385682 0.260682
vt 0.625000 0.973047
vt 0.625000 0.580859
vt 0.375000 0.642187
vt 0.375000 0.250000
vt 0.410542 0.265327
vt 0.396364 0.259213
vt 0.410542 0.265327
vt 0.396364 0.259213
vt 0.562500 0.276953
vt 0.375000 0.607813
vt 0.375000 0.973047
vt 0.625000 0.276953
vt 0.625000 0.669141
vt 0.410542 0.973047
vt 0.396364 0.973047
vt 0.410542 0.973047
vt 0.396364 0.973047
vt 0.410542 0.973047
vt 0.396364 0.259213
vt 0.403453 0.262270
vt 0.403453 0.973047
vt 0.396364 0.973047
vt 0.410542 0.265327
vt 0.375000 0.625000
vt 0.385682 0.973047
vt 0.625000 0.625000
vt 0.593750 0.973047
vt 0.593750 0.276953
vt 0.385682 0.254607
vt 0.578646 0.250000
vt 0.578646 0.312500
vt 0.578646 0.276953
vt 0.000000 0.000000
vt 0.468750 1.000000
vt 0.468750 0.500000
vt 0.437500 1.000000
vt 0.437500 0.500000
vt 0.468750 0.750000
vt 0.468750 0.250000
vt 0.437500 0.750000
vt 0.437500 0.250000
vt 0.562500 0.625000
vt 0.562500 0.250000
vt 0.562500 0.750000
vt 0.562500 0.312500
vt 0.500000 0.625000
vt 0.500000 0.750000
vt 0.500000 0.250000
vt 0.500000 0.973047
vt 0.500000 1.000000
vt 0.500000 0.500000
vt 0.500000 0.312500
vt 0.531250 1.000000
vt 0.531250 0.500000
vt 0.531250 0.750000
vt 0.531250 0.250000
vt 0.437500 0.625000
vt 0.437500 0.973047
vt 0.437500 0.312500
vt 0.428931 1.000000
vt 0.428931 0.500000
vt 0.420362 1.000000
vt 0.420362 0.500000
vt 0.428931 0.250000
vt 0.428931 0.750000
vt 0.420362 0.250000
vt 0.420362 0.750000
vt 0.420362 0.937500
vt 0.420362 0.625000
vt 0.420362 0.269562
vt 0.415452 1.000000
vt 0.415452 0.500000
vt 0.410542 1.000000
vt 0.410542 0.500000
vt 0.415452 0.250000
vt 0.415452 0.750000
vt 0.410542 0.250000
vt 0.410542 0.750000
vt 0.410542 0.625000
vt 0.410542 0.937500
vt 0.410542 0.265327
vt 0.565305 0.508634
vt 0.562500 1.000000
vt 0.562500 0.500000
vt 0.562500 0.937500
vt 0.562500 0.276953
vt 0.500000 0.937500
vt 0.500000 0.276953
vt 0.625000 0.669141
vt 0.625000 0.276953
vt 0.625000 0.562500
vt 0.625000 0.312500
vt 0.437500 0.937500
vt 0.437500 0.276953
vt 0.420362 0.973047
vt 0.420362 0.295362
vt 0.410542 0.973047
vt 0.410542 0.285542
vt 0.565305 0.625000
vt 0.415452 0.267445
vt 0.415452 0.290452
vt 0.415452 0.937500
vt 0.415452 0.973047
vt 0.428931 0.273258
vt 0.428931 0.303931
vt 0.415452 0.625000
vt 0.428931 0.937500
vt 0.428931 0.973047
vt 0.625000 0.625000
vt 0.625000 0.625000
vt 0.625000 0.687500
vt 0.625000 0.937500
vt 0.593750 0.973047
vt 0.593750 0.937500
vt 0.578125 0.937500
vt 0.593750 0.276953
vt 0.593750 0.312500
vt 0.578646 0.312500
vt 0.468750 0.312500
vt 0.468750 0.276953
vt 0.468750 0.973047
vt 0.468750 0.937500
vt 0.468750 0.625000
vt 0.531250 0.312500
vt 0.531250 0.276953
vt 0.531250 0.973047
vt 0.531250 0.937500
vt 0.531250 0.625000
vt 0.428931 0.625000
vt 0.562500 0.973047
vt 0.625000 0.580859
vt 0.625000 0.973047
vt 0.578646 0.276953
vt 0.000000 0.000000
vt 0.578125 0.973047
vt 0.568110 0.517269
vt 0.593750 1.000000
vt 0.625000 0.875000
vt 0.625000 0.375000
vt 0.375000 0.250000
vt 0.375000 0.750000
vt 0.375000 1.000000
vt 0.375000 0.500000
vt 0.375000 0.250000
vt 0.375000 1.000000
vt 0.375000 0.875000
vt 0.410542 1.000000
vt 0.410542 0.500000
vt 0.410542 0.750000
vt 0.410542 0.250000
vt 0.410542 0.321084
vt 0.410542 0.875000
vt 0.396364 0.500000
vt 0.396364 1.000000
vt 0.396364 0.750000
vt 0.396364 0.250000
vt 0.396364 0.292728
vt 0.396364 0.875000
vt 0.396364 0.875000
vt 0.410542 0.875000
vt 0.410542 1.000000
vt 0.410542 0.500000
vt 0.410542 0.750000
vt 0.410542 0.250000
vt 0.410542 0.321084
vt 0.396364 0.500000
vt 0.396364 1.000000
vt 0.396364 0.250000
vt 0.396364 0.750000
vt 0.396364 0.292728
vt 0.562500 0.250000
vt 0.625000 1.000000
vt 0.625000 0.500000
vt 0.625000 0.250000
vt 0.625000 0.750000
vt 0.593750 0.375000
vt 0.593750 0.875000
vt 0.593750 0.250000
vt 0.375000 0.750000
vt 0.375000 0.937500
vt 0.625000 0.312500
vt 0.625000 0.562500
vt 0.625000 0.937500
vt 0.625000 0.687500
vt 0.385682 0.500000
vt 0.385682 1.000000
vt 0.375000 0.625000
vt 0.625000 0.625000
vt 0.385682 0.750000
vt 0.385682 0.250000
vt 0.385682 0.271364
vt 0.375000 0.500000
vt 0.375000 0.250000
vt 0.375000 0.625000
vt 0.410542 0.625000
vt 0.410542 0.937500
vt 0.410542 0.285542
vt 0.396364 0.500000
vt 0.396364 1.000000
vt 0.396364 0.875000
vt 0.410542 0.875000
vt 0.385682 0.875000
vt 0.396364 0.625000
vt 0.396364 0.937500
vt 0.396364 0.271364
vt 0.403453 0.875000
vt 0.410542 0.625000
vt 0.410542 0.937500
vt 0.410542 0.285542
vt 0.403453 1.000000
vt 0.403453 0.500000
vt 0.403453 0.250000
vt 0.403453 0.750000
vt 0.403453 0.306906
vt 0.396364 0.625000
vt 0.396364 0.937500
vt 0.396364 0.271364
vt 0.410542 0.321084
vt 0.410542 0.750000
vt 0.410542 0.250000
vt 0.410542 1.000000
vt 0.410542 0.500000
vt 0.396364 0.750000
vt 0.396364 0.250000
vt 0.396364 0.292728
vt 0.568110 0.625000
vt 0.000000 0.000000
vt 0.565305 0.508634
vt 0.565305 0.625000
vt 0.410542 0.937500
vt 0.396364 0.625000
vt 0.396364 0.271364
vt 0.403453 0.278453
vt 0.403453 0.937500
vt 0.403453 0.625000
vt 0.396364 0.937500
vt 0.410542 0.285542
vt 0.385682 0.625000
vt 0.410542 0.625000
vt 0.375000 0.625000
vt 0.385682 0.937500
vt 0.625000 0.625000
vt 0.593750 0.937500
vt 0.593750 0.312500
vt 0.385682 0.260682
vt 0.625000 0.973047
vt 0.625000 0.580859
vt 0.375000 0.642187
vt 0.375000 0.250000
vt 0.410542 0.265327
vt 0.396364 0.259213
vt 0.410542 0.265327
vt 0.396364 0.259213
vt 0.562500 0.276953
vt 0.375000 0.607813
vt 0.375000 0.973047
vt 0.625000 0.276953
vt 0.625000 0.669141
vt 0.410542 0.973047
vt 0.396364 0.973047
vt 0.410542 0.973047
vt 0.396364 0.973047
vt 0.410542 0.973047
vt 0.396364 0.259213
vt 0.403453 0.262270
vt 0.403453 0.973047
vt 0.396364 0.973047
vt 0.410542 0.265327
vt 0.375000 0.625000
vt 0.385682 0.973047
vt 0.625000 0.625000
vt 0.593750 0.973047
vt 0.593750 0.276953
vt 0.385682 0.254607
vt 0.578646 0.375000
vt 0.578646 0.250000
vt 0.578646 0.312500
vt 0.578646 0.276953
vt 0.000000 0.000000
vt 0.468750 0.375000
vt 0.437500 0.375000
vt 0.468750 0.875000
vt 0.437500 0.875000
vt 0.468750 1.000000
vt 0.468750 0.500000
vt 0.437500 1.000000
vt 0.437500 0.500000
vt 0.468750 0.750000
vt 0.468750 0.250000
vt 0.437500 0.750000
vt 0.437500 0.250000
vt 0.562500 0.625000
vt 0.562500 0.250000
vt 0.562500 0.750000
vt 0.562500 0.312500
vt 0.562500 0.375000
vt 0.578646 0.375000
vt 0.578125 0.875000
vt 0.562500 0.875000
vt 0.500000 0.625000
vt 0.500000 0.750000
vt 0.500000 0.250000
vt 0.500000 0.973047
vt 0.500000 1.000000
vt 0.500000 0.500000
vt 0.500000 0.312500
vt 0.500000 0.375000
vt 0.531250 0.375000
vt 0.531250 0.875000
vt 0.500000 0.875000
vt 0.531250 1.000000
vt 0.531250 0.500000
vt 0.531250 0.750000
vt 0.531250 0.250000
vt 0.437500 0.625000
vt 0.437500 0.973047
vt 0.437500 0.312500
vt 0.428931 0.875000
vt 0.428931 1.000000
vt 0.428931 0.500000
vt 0.420362 1.000000
vt 0.420362 0.500000
vt 0.428931 0.250000
vt 0.428931 0.750000
vt 0.420362 0.250000
vt 0.420362 0.750000
vt 0.428931 0.357862
vt 0.420362 0.340724
vt 0.415452 0.875000
vt 0.420362 0.875000
vt 0.420362 0.937500
vt 0.420362 0.625000
vt 0.420362 0.269562
vt 0.415452 1.000000
vt 0.415452 0.500000
vt 0.410542 1.000000
vt 0.410542 0.500000
vt 0.415452 0.250000
vt 0.415452 0.750000
vt 0.410542 0.250000
vt 0.410542 0.750000
vt 0.415452 0.330904
vt 0.410542 0.321084
vt 0.410542 0.625000
vt 0.410542 0.937500
vt 0.410542 0.875000
vt 0.410542 0.265327
vt 0.565305 0.508634
vt 0.562500 1.000000
vt 0.562500 0.500000
vt 0.562500 0.937500
vt 0.562500 0.276953
vt 0.500000 0.937500
vt 0.500000 0.276953
vt 0.625000 0.669141
vt 0.625000 0.276953
vt 0.625000 0.562500
vt 0.625000 0.312500
vt 0.437500 0.937500
vt 0.437500 0.276953
vt 0.420362 0.973047
vt 0.420362 0.295362
vt 0.410542 0.973047
vt 0.410542 0.285542
vt 0.565305 0.625000
vt 0.415452 0.267445
vt 0.415452 0.290452
vt 0.415452 0.937500
vt 0.415452 0.973047
vt 0.428931 0.273258
vt 0.428931 0.303931
vt 0.415452 0.625000
vt 0.428931 0.937500
vt 0.428931 0.973047
vt 0.625000 0.625000
vt 0.625000 0.625000
vt 0.625000 0.687500
vt 0.625000 0.937500
vt 0.593750 0.973047
vt 0.593750 0.875000
vt 0.593750 0.937500
vt 0.578125 0.937500
vt 0.593750 0.276953
vt 0.593750 0.312500
vt 0.578646 0.312500
vt 0.468750 0.312500
vt 0.468750 0.276953
vt 0.468750 0.973047
vt 0.468750 0.937500
vt 0.468750 0.625000
vt 0.531250 0.312500
vt 0.531250 0.276953
vt 0.531250 0.973047
vt 0.531250 0.937500
vt 0.531250 0.625000
vt 0.428931 0.625000
vt 0.562500 0.973047
vt 0.625000 0.580859
vt 0.625000 0.973047
vt 0.578646 0.276953
vt 0.000000 0.000000
vt 0.578125 0.973047
vt 0.625000 0.343750
vt 0.625000 0.468750
vt 0.625000 0.750000
vt 0.625000 0.906250
vt 0.625000 0.781250
vt 0.625000 0.500000
vt 0.625000 0.625000
vt 0.625000 0.593750
vt 0.625000 0.656250
vt 0.625000 0.343750
vt 0.625000 0.468750
vt 0.625000 0.906250
vt 0.625000 0.781250
vt 0.625000 0.625000
vt 0.625000 0.593750
vt 0.625000 0.656250
vt 0.625000 0.546875
vt 0.625000 0.703125
vt 0.625000 0.546875
vt 0.625000 0.703125
s 0
usemtl Material
f 435/673/174 281/479/174 301/506/174 469/722/174
f 326/535/171 260/442/171 296/498/171 330/539/171
f 319/526/181 261/445/181 373/598/181 376/602/181
f 326/535/182 281/479/182 375/601/182 389/618/182
f 517/780/218 521/784/218 486/742/218 432/668/218
f 466/718/212 499/758/212 484/739/212 434/672/212
f 464/716/161 501/760/161 485/740/161 433/670/161
f 510/771/228 588/868/228 582/861/228 433/671/228
f 465/717/229 586/866/229 587/867/229 435/673/229
f 466/718/229 602/885/229 588/868/229 510/771/229
f 517/780/229 601/884/229 586/866/229 465/717/229
f 464/716/170 585/865/170 580/858/170 432/669/170
f 448/692/238 547/814/238 592/873/238 514/775/238
f 579/856/246 610/893/246 577/853/246 569/843/246
usemtl Кожа.001
f 315/520/159 273/466/159 638/924/159 427/660/159 451/697/159
f 339/548/160 317/522/160 269/459/160 257/437/160
f 653/943/161 640/928/161 426/659/161 639/926/161
f 257/436/172 269/460/172 277/473/172 270/462/172 268/458/172 298/502/172
f 271/463/159 270/461/159 325/533/159 340/549/159
f 342/551/159 271/463/159 340/549/159 344/553/159
f 277/473/161 269/460/161 317/523/161 338/547/161
f 270/462/161 277/473/161 338/547/161 325/534/161
f 506/765/159 451/697/159 427/660/159 645/933/159 455/702/159
f 530/793/160 425/658/160 449/693/160 508/767/160
f 651/941/161 639/926/161 426/659/161 646/936/161
f 425/657/219 489/747/219 448/692/219 450/696/219 459/709/219 449/694/219
f 452/698/160 505/764/160 456/704/160 646/935/160 426/659/160
f 535/798/159 533/796/159 451/697/159 506/765/159
f 534/797/159 536/799/159 531/794/159 453/699/159
f 459/709/161 529/792/161 508/768/161 449/694/161
f 448/692/159 514/775/159 536/799/159 534/797/159
f 648/938/161 650/940/161 647/937/161 504/763/161
f 455/703/161 645/934/161 650/940/161 648/938/161
f 645/934/161 427/660/161 641/929/161 650/940/161
f 649/939/161 651/941/161 646/936/161 456/705/161
f 504/763/161 647/937/161 651/941/161 649/939/161
f 638/925/161 652/942/161 641/929/161 427/660/161
f 273/467/161 643/931/161 652/942/161 638/925/161
f 643/931/161 313/518/161 642/930/161 652/942/161
f 313/518/161 644/932/161 653/943/161 642/930/161
f 644/932/161 274/469/161 640/928/161 653/943/161
usemtl Темные_пятна
f 257/436/173 298/502/173 300/505/173 299/504/173
f 452/698/160 426/659/160 640/927/160 274/468/160 314/519/160
f 343/552/159 315/520/159 451/697/159 533/796/159
f 268/458/159 342/551/159 344/553/159 323/530/159
f 345/554/160 339/548/160 257/437/160 299/504/160
f 300/505/208 298/503/208 268/458/208
f 425/657/220 490/749/220 491/750/220 489/747/220
f 453/699/159 531/794/159 516/778/159 450/695/159
f 450/696/161 516/779/161 529/792/161 459/709/161
f 537/800/160 490/749/160 425/658/160 530/793/160
f 491/750/250 448/692/250 489/748/250
usemtl майка
f 338/547/163 317/523/163 422/652/163 401/630/163
f 377/603/180 424/655/180 345/554/180 299/504/180
f 317/522/163 339/548/163 404/634/163 422/653/163
f 323/530/163 344/553/163 423/654/163 380/607/163
f 273/466/183 315/520/183 408/638/183 384/613/183
f 340/549/163 325/533/163 383/611/163 407/637/163
f 299/504/184 300/505/184 391/620/184 377/603/184
f 343/552/185 533/796/185 550/818/185 409/639/185
f 344/553/163 340/549/163 407/637/163 423/654/163
f 314/519/183 274/468/183 403/633/183 405/635/183
f 315/520/183 343/552/183 409/639/183 408/638/183
f 452/698/191 314/519/191 405/635/191 617/901/191
f 404/634/163 339/548/163 345/554/163 424/656/163
f 274/469/183 644/932/183 313/518/183 402/631/183 403/632/183
f 313/518/183 643/931/183 273/467/183 384/612/183 402/631/183
f 268/458/192 323/530/192 380/607/192 351/564/192
f 325/534/163 338/547/163 401/630/163 383/610/163
f 420/650/193 360/578/193 349/561/193 365/586/193
f 419/649/194 350/563/194 351/565/194 359/576/194
f 417/647/195 421/651/195 378/604/195 358/574/195
f 415/645/159 352/566/159 549/817/159 559/829/159
f 414/644/193 353/567/193 354/568/193 348/559/193
f 412/642/195 355/570/195 356/571/195 346/555/195
f 410/640/159 357/573/159 558/828/159 538/801/159
f 400/629/195 363/581/195 364/583/195 387/616/195
f 398/627/193 368/590/193 366/588/193 372/597/193
f 396/625/196 369/591/196 366/587/196 365/585/196
f 395/624/195 370/592/195 371/594/195 389/618/195
f 392/621/196 376/602/196 373/598/196 372/596/196
f 377/603/197 391/620/197 350/563/197 378/605/197
f 369/591/196 392/621/196 372/596/196 366/587/196
f 573/849/159 583/863/159 393/622/159 388/617/159
f 583/863/159 584/864/159 390/619/159 393/622/159
f 574/850/160 394/623/160 375/601/160 587/867/160
f 575/851/160 367/589/160 394/623/160 574/850/160
f 387/616/195 364/583/195 370/592/195 395/624/195
f 386/615/196 396/625/196 365/585/196 349/562/196
f 539/802/159 572/848/159 397/626/159 362/580/159
f 572/848/159 573/849/159 388/617/159 397/626/159
f 374/600/198 398/627/198 372/597/198 373/599/198
f 371/595/199 370/593/199 398/627/199 374/600/199
f 370/593/200 364/584/200 368/590/200 398/627/200
f 567/839/160 399/628/160 367/589/160 575/851/160
f 541/804/160 385/614/160 399/628/160 567/839/160
f 361/579/195 347/557/195 363/581/195 400/629/195
f 383/610/201 401/630/201 402/631/201 384/612/201
f 401/630/202 422/652/202 403/632/202 402/631/202
f 551/819/160 617/901/160 405/635/160 406/636/160
f 423/654/159 407/637/159 408/638/159 409/639/159
f 407/637/203 383/611/203 384/613/203 408/638/203
f 362/580/159 410/640/159 538/801/159 539/802/159
f 386/615/159 411/641/159 410/640/159 362/580/159
f 411/641/159 382/609/159 357/573/159 410/640/159
f 361/579/195 412/642/195 346/555/195 347/557/195
f 541/804/160 540/803/160 413/643/160 385/614/160
f 540/803/160 561/831/160 381/608/160 413/643/160
f 360/578/193 414/644/193 348/559/193 349/561/193
f 347/558/200 346/556/200 414/644/200 360/578/200
f 346/556/200 356/572/200 353/567/200 414/644/200
f 357/573/159 415/645/159 559/829/159 558/828/159
f 382/609/159 416/646/159 415/645/159 357/573/159
f 416/646/159 380/607/159 352/566/159 415/645/159
f 355/570/195 417/647/195 358/574/195 356/571/195
f 561/831/160 560/830/160 418/648/160 381/608/160
f 560/830/160 552/820/160 379/606/160 418/648/160
f 353/567/193 419/649/193 359/576/193 354/568/193
f 356/572/200 358/575/200 419/649/200 353/567/200
f 358/575/204 378/605/204 350/563/204 419/649/204
f 368/590/193 420/650/193 365/586/193 366/588/193
f 364/584/200 363/582/200 420/650/200 368/590/200
f 363/582/200 347/558/200 360/578/200 420/650/200
f 381/608/160 418/648/160 417/647/160 355/570/160
f 359/577/205 351/564/205 380/607/205 416/646/205
f 354/569/196 359/577/196 416/646/196 382/609/196
f 385/614/160 413/643/160 412/642/160 361/579/160
f 348/560/196 354/569/196 382/609/196 411/641/196
f 349/562/196 348/560/196 411/641/196 386/615/196
f 406/636/160 405/635/160 404/634/160 424/656/160
f 385/614/160 361/579/160 400/629/160 399/628/160
f 362/580/159 397/626/159 396/625/159 386/615/159
f 367/589/160 387/616/160 395/624/160 394/623/160
f 388/617/159 393/622/159 392/621/159 369/591/159
f 393/622/159 390/619/159 376/602/159 392/621/159
f 394/623/160 395/624/160 389/618/160 375/601/160
f 397/626/159 388/617/159 369/591/159 396/625/159
f 399/628/160 400/629/160 387/616/160 367/589/160
f 405/635/206 403/633/206 422/653/206 404/634/206
f 413/643/160 381/608/160 355/570/160 412/642/160
f 418/648/160 379/606/160 421/651/160 417/647/160
f 380/607/159 423/654/159 409/639/159 352/566/159
f 352/566/159 409/639/159 550/818/159 549/817/159
f 379/606/160 406/636/160 424/656/160 421/651/160
f 552/820/160 551/819/160 406/636/160 379/606/160
f 377/603/207 378/605/207 421/651/207 424/656/207
f 391/620/209 300/505/209 268/458/209 351/564/209
f 351/565/210 350/563/210 391/620/210
f 529/792/183 613/896/183 635/919/183 508/768/183
f 589/869/227 490/749/227 537/800/227 637/922/227
f 508/767/183 635/920/183 616/900/183 530/793/183
f 514/775/183 592/873/183 636/921/183 536/799/183
f 455/702/163 596/879/163 621/905/163 506/765/163
f 531/794/183 620/904/183 595/877/183 516/778/183
f 490/749/230 589/869/230 603/886/230 491/750/230
f 535/798/231 622/906/231 550/818/231 533/796/231
f 536/799/183 636/921/183 620/904/183 531/794/183
f 505/764/163 618/902/163 615/899/163 456/704/163
f 506/765/163 621/905/163 622/906/163 535/798/163
f 452/698/237 617/901/237 618/902/237 505/764/237
f 616/900/183 637/923/183 537/800/183 530/793/183
f 456/705/163 615/898/163 614/897/163 504/763/163 649/939/163
f 504/763/163 614/897/163 596/878/163 455/703/163 648/938/163
f 516/779/183 595/876/183 613/896/183 529/792/183
f 633/917/239 570/845/239 545/811/239 564/836/239
f 632/916/240 563/834/240 547/815/240 546/813/240
f 630/914/241 562/832/241 590/870/241 634/918/241
f 628/912/159 559/829/159 549/817/159 548/816/159
f 627/911/239 544/809/239 554/822/239 553/821/239
f 625/909/241 542/805/241 556/825/241 555/824/241
f 623/907/159 538/801/159 558/828/159 557/827/159
f 612/895/241 599/882/241 569/842/241 568/840/241
f 610/893/239 581/860/239 571/847/239 577/853/239
f 608/891/242 570/844/242 571/846/242 578/854/242
f 607/890/241 601/884/241 580/857/241 579/855/241
f 604/887/242 581/859/242 582/861/242 588/868/242
f 589/869/243 590/871/243 546/813/243 603/886/243
f 578/854/242 571/846/242 581/859/242 604/887/242
f 573/849/159 600/883/159 605/888/159 583/863/159
f 583/863/159 605/888/159 602/885/159 584/864/159
f 574/850/160 587/867/160 586/866/160 606/889/160
f 575/851/160 574/850/160 606/889/160 576/852/160
f 599/882/241 607/890/241 579/855/241 569/842/241
f 598/881/242 545/812/242 570/844/242 608/891/242
f 539/802/159 566/838/159 609/892/159 572/848/159
f 572/848/159 609/892/159 600/883/159 573/849/159
f 585/865/244 582/862/244 581/860/244 610/893/244
f 580/858/245 585/865/245 610/893/245 579/856/245
f 567/839/160 575/851/160 576/852/160 611/894/160
f 541/804/160 567/839/160 611/894/160 597/880/160
f 565/837/241 612/895/241 568/840/241 543/807/241
f 595/876/201 596/878/201 614/897/201 613/896/201
f 613/896/202 614/897/202 615/898/202 635/919/202
f 551/819/160 619/903/160 618/902/160 617/901/160
f 636/921/159 622/906/159 621/905/159 620/904/159
f 620/904/203 621/905/203 596/879/203 595/877/203
f 566/838/159 539/802/159 538/801/159 623/907/159
f 598/881/159 566/838/159 623/907/159 624/908/159
f 624/908/159 623/907/159 557/827/159 594/875/159
f 565/837/241 543/807/241 542/805/241 625/909/241
f 541/804/160 597/880/160 626/910/160 540/803/160
f 540/803/160 626/910/160 593/874/160 561/831/160
f 564/836/239 545/811/239 544/809/239 627/911/239
f 543/808/246 564/836/246 627/911/246 542/806/246
f 542/806/246 627/911/246 553/821/246 556/826/246
f 557/827/159 558/828/159 559/829/159 628/912/159
f 594/875/159 557/827/159 628/912/159 629/913/159
f 629/913/159 628/912/159 548/816/159 592/873/159
f 555/824/241 556/825/241 562/832/241 630/914/241
f 561/831/160 593/874/160 631/915/160 560/830/160
f 560/830/160 631/915/160 591/872/160 552/820/160
f 553/821/239 554/822/239 563/834/239 632/916/239
f 556/826/246 553/821/246 632/916/246 562/833/246
f 562/833/247 632/916/247 546/813/247 590/871/247
f 577/853/239 571/847/239 570/845/239 633/917/239
f 569/843/246 577/853/246 633/917/246 568/841/246
f 568/841/246 633/917/246 564/836/246 543/808/246
f 593/874/160 555/824/160 630/914/160 631/915/160
f 563/835/248 629/913/248 592/873/248 547/814/248
f 554/823/242 594/875/242 629/913/242 563/835/242
f 597/880/160 565/837/160 625/909/160 626/910/160
f 544/810/242 624/908/242 594/875/242 554/823/242
f 545/812/242 598/881/242 624/908/242 544/810/242
f 619/903/160 637/923/160 616/900/160 618/902/160
f 597/880/160 611/894/160 612/895/160 565/837/160
f 566/838/159 598/881/159 608/891/159 609/892/159
f 576/852/160 606/889/160 607/890/160 599/882/160
f 600/883/159 578/854/159 604/887/159 605/888/159
f 605/888/159 604/887/159 588/868/159 602/885/159
f 606/889/160 586/866/160 601/884/160 607/890/160
f 609/892/159 608/891/159 578/854/159 600/883/159
f 611/894/160 576/852/160 599/882/160 612/895/160
f 618/902/206 616/900/206 635/920/206 615/899/206
f 626/910/160 625/909/160 555/824/160 593/874/160
f 631/915/160 630/914/160 634/918/160 591/872/160
f 592/873/159 548/816/159 622/906/159 636/921/159
f 548/816/159 549/817/159 550/818/159 622/906/159
f 591/872/160 634/918/160 637/923/160 619/903/160
f 552/820/160 591/872/160 619/903/160 551/819/160
f 589/869/249 637/923/249 634/918/249 590/871/249
f 603/886/251 547/814/251 448/692/251 491/750/251
f 547/815/252 603/886/252 546/813/252
usemtl ремень
f 310/515/161 295/496/161 265/452/161 287/486/161
f 308/513/164 484/739/164 444/686/164 289/488/164
f 307/512/165 468/721/165 440/680/165 293/494/165
f 306/511/166 287/486/166 265/452/166 291/492/166
f 333/542/167 290/489/167 266/455/167 329/538/167
f 332/541/168 322/529/168 267/456/168 291/491/168
f 331/540/169 297/501/169 267/456/169 322/529/169
f 302/507/170 283/481/170 266/454/170 292/493/170
f 330/539/171 296/498/171 264/450/171 328/537/171
f 469/722/174 301/506/174 288/487/174 441/681/174
f 297/500/170 302/507/170 292/493/170 267/457/170
f 263/448/170 284/483/170 302/507/170 297/500/170
f 284/483/170 262/446/170 283/481/170 302/507/170
f 488/746/175 303/508/175 294/495/175 447/691/175
f 438/678/175 286/485/175 303/508/175 488/746/175
f 320/527/169 263/449/169 297/501/169 331/540/169
f 321/528/168 332/541/168 291/491/168 265/453/168
f 444/686/176 480/735/176 304/509/176 289/488/176
f 480/735/176 447/691/176 294/495/176 304/509/176
f 474/727/177 305/510/177 293/494/177 440/680/177
f 441/681/177 288/487/177 305/510/177 474/727/177
f 328/537/167 264/450/167 290/489/167 333/542/167
f 292/493/166 306/511/166 291/492/166 267/457/166
f 266/454/166 290/490/166 306/511/166 292/493/166
f 290/490/166 264/451/166 287/486/166 306/511/166
f 334/543/178 307/512/178 293/494/178 329/538/178
f 327/536/178 285/484/178 307/512/178 334/543/178
f 285/484/165 439/679/165 468/721/165 307/512/165
f 335/544/179 308/513/179 289/488/179 321/528/179
f 319/526/179 282/480/179 308/513/179 335/544/179
f 282/480/164 434/672/164 484/739/164 308/513/164
f 296/499/161 310/515/161 287/486/161 264/451/161
f 260/443/161 280/478/161 310/515/161 296/499/161
f 280/478/161 261/444/161 295/496/161 310/515/161
f 281/479/182 435/673/182 587/867/182 375/601/182
f 261/444/170 280/478/170 374/600/170 373/599/170
f 282/480/182 319/526/182 376/602/182 390/619/182
f 434/672/182 282/480/182 390/619/182 584/864/182
f 261/445/186 319/526/186 335/544/186 295/497/186
f 295/497/186 335/544/186 321/528/186 265/453/186
f 262/447/187 327/536/187 334/543/187 283/482/187
f 283/482/187 334/543/187 329/538/187 266/455/187
f 288/487/167 328/537/167 333/542/167 305/510/167
f 289/488/168 304/509/168 332/541/168 321/528/168
f 286/485/188 320/527/188 331/540/188 303/508/188
f 281/479/189 326/535/189 330/539/189 301/506/189
f 301/506/189 330/539/189 328/537/189 288/487/189
f 303/508/188 331/540/188 322/529/188 294/495/188
f 304/509/168 294/495/168 322/529/168 332/541/168
f 305/510/167 333/542/167 329/538/167 293/494/167
f 260/442/190 326/535/190 389/618/190 371/594/190
f 280/478/170 260/443/170 371/595/170 374/600/170
f 501/760/161 475/728/161 443/684/161 485/740/161
f 499/758/212 477/730/212 444/686/212 484/739/212
f 498/757/213 482/737/213 440/680/213 468/721/213
f 497/756/214 479/734/214 443/684/214 475/728/214
f 524/787/215 520/783/215 445/688/215 478/731/215
f 523/786/216 479/733/216 446/689/216 513/774/216
f 522/785/217 513/774/217 446/689/217 487/745/217
f 493/752/170 481/736/170 445/687/170 467/719/170
f 521/784/218 519/782/218 442/682/218 486/742/218
f 469/722/221 441/681/221 476/729/221 492/751/221
f 435/673/221 469/722/221 492/751/221 465/717/221
f 487/744/170 446/690/170 481/736/170 493/752/170
f 437/676/170 487/744/170 493/752/170 471/724/170
f 471/724/170 493/752/170 467/719/170 436/674/170
f 488/746/222 447/691/222 483/738/222 494/753/222
f 438/678/222 488/746/222 494/753/222 473/726/222
f 511/772/217 522/785/217 487/745/217 437/677/217
f 512/773/216 443/685/216 479/733/216 523/786/216
f 444/686/223 477/730/223 495/754/223 480/735/223
f 480/735/223 495/754/223 483/738/223 447/691/223
f 474/727/224 440/680/224 482/737/224 496/755/224
f 441/681/224 474/727/224 496/755/224 476/729/224
f 519/782/215 524/787/215 478/731/215 442/682/215
f 481/736/214 446/690/214 479/734/214 497/756/214
f 445/687/214 481/736/214 497/756/214 478/732/214
f 478/732/214 497/756/214 475/728/214 442/683/214
f 525/788/225 520/783/225 482/737/225 498/757/225
f 518/781/225 525/788/225 498/757/225 472/725/225
f 472/725/213 498/757/213 468/721/213 439/679/213
f 526/789/226 512/773/226 477/730/226 499/758/226
f 510/771/226 526/789/226 499/758/226 466/718/226
f 486/743/161 442/683/161 475/728/161 501/760/161
f 432/669/161 486/743/161 501/760/161 464/716/161
f 433/670/170 582/862/170 585/865/170 464/716/170
f 434/672/229 584/864/229 602/885/229 466/718/229
f 433/671/232 485/741/232 526/789/232 510/771/232
f 485/741/232 443/685/232 512/773/232 526/789/232
f 436/675/233 467/720/233 525/788/233 518/781/233
f 467/720/233 445/688/233 520/783/233 525/788/233
f 476/729/215 496/755/215 524/787/215 519/782/215
f 477/730/216 512/773/216 523/786/216 495/754/216
f 473/726/234 494/753/234 522/785/234 511/772/234
f 465/717/235 492/751/235 521/784/235 517/780/235
f 492/751/235 476/729/235 519/782/235 521/784/235
f 494/753/234 483/738/234 513/774/234 522/785/234
f 495/754/216 523/786/216 513/774/216 483/738/216
f 496/755/215 482/737/215 520/783/215 524/787/215
f 432/668/236 580/857/236 601/884/236 517/780/236
usemtl джинсы
f 341/550/159 318/525/159 258/438/159 278/475/159
f 337/546/160 275/471/160 259/440/160 324/532/160
f 311/516/162 279/476/162 430/665/162 463/715/162
f 309/514/163 284/483/163 263/448/163 278/474/163
f 276/472/163 309/514/163 278/474/163 258/439/163
f 259/441/163 275/470/163 309/514/163 276/472/163
f 275/470/163 262/446/163 284/483/163 309/514/163
f 272/464/162 311/516/162 463/715/162 431/666/162
f 324/531/162 336/545/162 311/516/162 272/464/162
f 336/545/162 318/524/162 279/476/162 311/516/162
f 470/723/160 312/517/160 272/465/160 431/667/160
f 439/679/160 285/484/160 312/517/160 470/723/160
f 327/536/160 262/447/160 275/471/160 337/546/160
f 320/527/159 341/550/159 278/475/159 263/449/159
f 438/678/159 461/712/159 316/521/159 286/485/159
f 461/712/159 430/665/159 279/477/159 316/521/159
f 286/485/159 316/521/159 341/550/159 320/527/159
f 285/484/160 327/536/160 337/546/160 312/517/160
f 276/472/162 258/439/162 318/524/162 336/545/162
f 259/441/162 276/472/162 336/545/162 324/531/162
f 312/517/160 337/546/160 324/532/160 272/465/160
f 316/521/159 279/477/159 318/525/159 341/550/159
f 532/795/159 460/711/159 428/661/159 509/770/159
f 528/791/160 515/777/160 429/663/160 457/707/160
f 502/761/211 463/715/211 430/665/211 462/713/211
f 500/759/183 460/710/183 437/676/183 471/724/183
f 458/708/183 428/662/183 460/710/183 500/759/183
f 429/664/183 458/708/183 500/759/183 457/706/183
f 457/706/183 500/759/183 471/724/183 436/674/183
f 454/700/211 431/666/211 463/715/211 502/761/211
f 515/776/211 454/700/211 502/761/211 527/790/211
f 527/790/211 502/761/211 462/713/211 509/769/211
f 470/723/160 431/667/160 454/701/160 503/762/160
f 439/679/160 470/723/160 503/762/160 472/725/160
f 518/781/160 528/791/160 457/707/160 436/675/160
f 511/772/159 437/677/159 460/711/159 532/795/159
f 438/678/159 473/726/159 507/766/159 461/712/159
f 461/712/159 507/766/159 462/714/159 430/665/159
f 473/726/159 511/772/159 532/795/159 507/766/159
f 472/725/160 503/762/160 528/791/160 518/781/160
f 458/708/211 527/790/211 509/769/211 428/662/211
f 429/664/211 515/776/211 527/790/211 458/708/211
f 503/762/160 454/701/160 515/777/160 528/791/160
f 507/766/159 532/795/159 509/770/159 462/714/159
o Plaque
v -0.069348 1.120839 0.365180
v -0.069348 1.182301 0.365180
v -0.069348 1.120839 0.330284
v -0.069348 1.182301 0.330284
v 0.069844 1.120839 0.365180
v 0.069844 1.182301 0.365180
v 0.069844 1.120839 0.330284
v 0.069844 1.182301 0.330284
v -0.087742 1.102446 0.365180
v -0.087742 1.200695 0.365180
v -0.087742 1.200695 0.330284
v -0.087742 1.102446 0.330284
v 0.088237 1.102446 0.330284
v 0.088237 1.200695 0.330284
v 0.088237 1.200695 0.365180
v 0.088237 1.102446 0.365180
vn -1.0000 -0.0000 -0.0000
vn 1.0000 -0.0000 -0.0000
vn -0.0000 -1.0000 -0.0000
vn -0.0000 1.0000 -0.0000
vn -0.0000 -0.0000 1.0000
vn -0.0000 -0.0000 -1.0000
vt 0.421803 0.973870
vt 0.578197 0.973870
vt 0.421803 0.276130
vt 0.578197 0.276130
vt 0.421803 0.776130
vt 0.578197 0.776130
vt 0.421803 0.473870
vt 0.578197 0.473870
vt 0.375000 0.000000
vt 0.125000 0.750000
vt 0.375000 1.000000
vt 0.625000 0.000000
vt 0.875000 0.750000
vt 0.625000 1.000000
vt 0.875000 0.500000
vt 0.625000 0.250000
vt 0.125000 0.500000
vt 0.375000 0.250000
vt 0.375000 0.500000
vt 0.625000 0.500000
vt 0.625000 0.750000
vt 0.375000 0.750000
s 0
usemtl Material.006
f 662/952/253 663/955/253 664/959/253 665/961/253
f 666/962/254 667/963/254 668/964/254 669/965/254
f 665/960/255 666/962/255 669/965/255 662/953/255
f 667/963/256 664/958/256 663/956/256 668/964/256
f 654/944/257 655/945/257 663/957/257 662/954/257
f 657/947/258 656/946/258 665/961/258 664/959/258
f 656/946/258 660/950/258 666/962/258 665/961/258
f 661/951/258 657/947/258 664/959/258 667/963/258
f 660/950/258 661/951/258 667/963/258 666/962/258
f 659/949/257 658/948/257 669/965/257 668/964/257
f 658/948/257 654/944/257 662/954/257 669/965/257
f 655/945/257 659/949/257 668/964/257 663/957/257
f 660/950/256 656/946/256 654/944/256 658/948/256
f 660/950/253 658/948/253 659/949/253 661/951/253
f 657/947/255 661/951/255 659/949/255 655/945/255
f 654/944/254 656/946/254 657/947/254 655/945/254
o Hands
v 0.490307 1.921914 -0.032699
v 0.490307 1.755806 0.220000
v 0.490307 1.951286 0.283590
v 0.490307 2.101596 0.065830
v 0.748528 1.921914 -0.032699
v 0.748528 1.755806 0.220000
v 0.748528 1.951286 0.283590
v 0.490307 1.735276 0.570028
v 0.490307 1.572642 0.487028
v 0.737498 1.735276 0.570028
v 0.737498 1.572642 0.487028
v -0.490307 1.848033 -0.002779
v -0.490307 1.804284 0.296445
v -0.490307 2.008323 0.271463
v -0.490307 2.052521 0.010582
v -0.748528 1.848033 -0.002779
v -0.748528 1.804284 0.296445
v -0.748528 2.052521 0.010582
v -0.748226 2.007515 0.282189
v -0.490307 1.933606 0.622354
v -0.490307 1.751131 0.615862
v -0.737498 1.933606 0.622354
v -0.737498 1.751131 0.615862
v -0.527281 1.879562 1.107708
v -0.527281 1.728328 1.100753
v -0.673173 1.879562 1.107708
v -0.673173 1.728328 1.100753
v -0.512871 1.903932 0.887199
v -0.512871 1.713881 0.880069
v -0.721001 1.903932 0.887199
v -0.721001 1.713881 0.880069
v -0.619417 2.052521 0.010582
v -0.619417 1.848033 -0.002779
v -0.619417 1.804284 0.296445
v -0.637251 2.004552 0.289176
v -0.613902 1.751131 0.615862
v -0.632293 1.937377 0.604641
v -0.616936 1.713881 0.880069
v -0.616936 1.903932 0.887199
v -0.600227 1.728328 1.100753
v -0.600227 1.879562 1.107708
v -0.490307 1.950277 0.003902
v -0.490307 1.906303 0.283954
v -0.748528 1.950277 0.003902
v -0.747973 1.921618 0.300315
v -0.490307 1.842369 0.619108
v -0.738027 1.864112 0.601768
v -0.512871 1.808907 0.883634
v -0.721001 1.808907 0.883634
v -0.527281 1.803945 1.104231
v -0.673173 1.803945 1.104231
v -0.600227 1.803945 1.104231
v -0.619417 1.950277 0.003902
v -0.748528 2.008323 0.271463
v -0.619417 2.008323 0.271463
v -0.737794 1.935831 0.604312
v -0.613902 1.933606 0.622354
v -0.748528 1.906303 0.283954
v -0.737498 1.842369 0.619108
v -0.736687 1.993220 0.297944
v -0.724071 1.923517 0.596923
v -0.637376 1.986282 0.291869
v -0.632418 1.919108 0.597243
v -0.729276 1.924049 0.302673
v -0.719330 1.866543 0.594541
v -0.501589 1.918769 0.754777
v -0.729250 1.918769 0.754777
v -0.729250 1.732506 0.747966
v -0.501589 1.732506 0.747966
v -0.615419 1.732506 0.747966
v -0.615419 1.918769 0.754777
v -0.501589 1.825638 0.751371
v -0.729250 1.825638 0.751371
v -0.511791 1.905352 0.874525
v -0.721791 1.905352 0.874525
v -0.721791 1.715664 0.867425
v -0.511791 1.715664 0.867425
v -0.616791 1.715664 0.867425
v -0.616791 1.905352 0.874525
v -0.511791 1.810508 0.870975
v -0.721791 1.810508 0.870975
v -0.722057 1.905990 0.865983
v -0.729250 1.918769 0.754777
v -0.722321 1.743470 0.859243
v -0.728719 1.757915 0.756785
v -0.616791 1.906305 0.866019
v -0.615419 1.918769 0.754777
v -0.511067 1.820169 0.862802
v -0.502313 1.833151 0.760180
v -0.721791 1.810508 0.870975
v -0.729250 1.825638 0.751371
v -0.501952 1.918135 0.763319
v -0.511791 1.905352 0.874525
v -0.721791 1.715664 0.867425
v -0.729250 1.732506 0.747966
v -0.511791 1.810508 0.870975
v -0.501589 1.825638 0.751371
v -0.728719 1.825325 0.759908
v -0.501589 1.918769 0.754777
v -0.728984 1.918135 0.763319
v -0.615419 1.917816 0.763283
v -0.722322 1.810827 0.862438
v -0.511428 1.905990 0.865983
v -0.721791 1.905352 0.874525
v -0.616791 1.905352 0.874525
v -0.689756 1.872765 0.860375
v -0.696957 1.884637 0.757697
v -0.616791 1.875288 0.860928
v -0.615419 1.886799 0.758193
v -0.691732 1.810931 0.859628
v -0.698130 1.825430 0.757091
v -0.539373 1.884950 0.756974
v -0.548630 1.872587 0.859633
v -0.691729 1.749970 0.856485
v -0.698126 1.764416 0.754028
v -0.541063 1.820314 0.858884
v -0.532309 1.833296 0.756263
v -0.726763 1.726892 0.787785
v -0.504989 1.726892 0.787785
v -0.615876 1.726892 0.787785
v -0.504989 1.820594 0.791239
v -0.726763 1.726892 0.787785
v -0.504989 1.820594 0.791239
v -0.726587 1.753100 0.790938
v -0.505231 1.828824 0.794387
v -0.694557 1.880679 0.791923
v -0.615876 1.882962 0.792438
v -0.695997 1.820597 0.791270
v -0.542459 1.880829 0.791193
v -0.695994 1.759600 0.788180
v -0.535227 1.828969 0.790470
v -0.546624 1.875266 0.837390
v -0.723407 1.719313 0.841542
v -0.509580 1.719313 0.841542
v -0.616494 1.719313 0.841542
v -0.509580 1.813786 0.845061
v -0.723407 1.719313 0.841542
v -0.509580 1.813786 0.845061
v -0.723708 1.746600 0.837044
v -0.509170 1.822982 0.840567
v -0.691317 1.875337 0.838128
v -0.616494 1.877783 0.838669
v -0.693118 1.814073 0.837412
v -0.693115 1.753100 0.834286
v -0.539166 1.823127 0.836649
v -0.657350 1.841439 0.833758
v -0.661017 1.846355 0.791187
v -0.616531 1.841124 0.834640
v -0.615940 1.846304 0.792061
v -0.658336 1.813705 0.835132
v -0.661217 1.820158 0.788972
v -0.658323 1.766949 0.832128
v -0.661202 1.773449 0.786022
v -0.573505 1.822714 0.833044
v -0.569565 1.828556 0.786864
v -0.570548 1.845521 0.789848
v -0.574562 1.839822 0.832389
v 0.490307 2.011755 0.016566
v 0.490307 1.853546 0.251795
v 0.748528 2.011755 0.016566
v 0.748528 1.853546 0.251795
v 0.490307 1.653959 0.528528
v 0.737498 1.653959 0.528528
v 0.619417 2.101596 0.065830
v 0.619417 1.921914 -0.032699
v 0.619417 1.755806 0.220000
v 0.619417 1.951286 0.283590
v 0.613902 1.572642 0.487028
v 0.613902 1.735276 0.570028
v 0.619417 2.011755 0.016566
v 0.558512 1.514044 0.749825
v 0.556755 1.470555 0.729498
v 0.676327 1.515886 0.746234
v 0.676166 1.470760 0.726541
v 0.616936 1.471452 0.719809
v 0.616936 1.560055 0.768324
v 0.559338 1.558411 0.774090
v 0.543450 1.654341 0.625857
v 0.673725 1.560988 0.771780
v 0.543622 1.611288 0.599145
v 0.686686 1.610622 0.602685
v 0.614941 1.555713 0.577054
v 0.614941 1.652931 0.627484
v 0.686663 1.653534 0.625870
v 0.683905 1.564011 0.575036
v 0.546273 1.564262 0.573869
v 0.561269 1.420829 0.844854
v 0.561754 1.515113 0.893117
v 0.651432 1.516228 0.890897
v 0.652027 1.421899 0.842900
v 0.652745 1.473198 0.866957
v 0.562510 1.471631 0.870030
v 0.605687 1.517277 0.891205
v 0.605687 1.420756 0.841519
v 0.551165 1.440831 0.946438
v 0.550219 1.379460 0.911099
v 0.651052 1.441991 0.944477
v 0.652739 1.380155 0.910546
v 0.601398 1.379362 0.912631
v 0.601332 1.497351 0.974865
v 0.549823 1.497676 0.970177
v 0.544428 1.403839 0.844424
v 0.670053 1.525275 0.903645
v 0.652962 1.498105 0.969104
v 0.600525 1.435837 0.947403
v 0.543312 1.526929 0.902463
v 0.669052 1.404535 0.846515
v 0.670828 1.468257 0.876991
v 0.544584 1.468946 0.875511
v 0.605554 1.528206 0.903955
v 0.605711 1.403147 0.837496
v 0.508878 1.654677 0.527123
v 0.504258 1.583600 0.492744
v 0.718895 1.654485 0.527499
v 0.723632 1.583527 0.493082
v 0.613902 1.579784 0.497186
v 0.613902 1.719366 0.560319
v 0.503435 1.724602 0.562212
v 0.721133 1.683250 0.633341
v 0.724436 1.724369 0.562425
v 0.721309 1.537884 0.560381
v 0.508265 1.538004 0.559977
v 0.718499 1.611403 0.594277
v 0.510650 1.611739 0.593649
v 0.614976 1.538226 0.560764
v 0.508417 1.683532 0.633019
v 0.614949 1.681211 0.630457
v -0.516811 1.717831 0.940407
v -0.516811 1.897269 0.947490
v -0.707924 1.897269 0.947490
v -0.707924 1.717831 0.940407
v -0.612368 1.897269 0.947490
v -0.612368 1.717831 0.940407
v -0.707924 1.807550 0.943949
v -0.516811 1.807550 0.943949
v -0.520227 1.721256 0.992729
v -0.696585 1.891491 0.999769
v -0.608406 1.891491 0.999769
v -0.608406 1.721256 0.992729
v -0.696585 1.806374 0.996249
v -0.520227 1.806374 0.996249
v -0.520227 1.891491 0.999769
v -0.696585 1.721256 0.992729
v -0.515356 1.896319 1.000622
v -0.511954 1.902112 0.948343
v -0.701157 1.716244 0.994046
v -0.712829 1.713157 0.941775
v -0.512016 1.712894 0.941043
v -0.509914 1.807532 0.944399
v -0.712897 1.901800 0.949071
v -0.714679 1.807491 0.945412
v -0.612368 1.710935 0.940859
v -0.612368 1.904138 0.948249
v -0.515307 1.716445 0.993365
v -0.701121 1.896473 1.001306
v -0.608406 1.898360 1.000529
v -0.608406 1.714360 0.993180
v -0.703339 1.806314 0.997712
v -0.513331 1.806355 0.996699
v -0.513655 1.899215 0.974482
v -0.562161 1.903125 0.948296
v -0.662633 1.902969 0.948660
v -0.707009 1.899137 0.975188
v -0.654764 1.897417 1.000917
v -0.561881 1.897340 1.000575
v -0.658698 1.900193 0.974788
v -0.562021 1.900232 0.974436
v -0.555899 1.904634 0.932302
v -0.612401 1.904701 0.932533
v -0.565855 1.910909 1.006846
v -0.555604 1.896662 1.015819
v -0.608375 1.896779 1.016126
v -0.669376 1.904421 0.933190
v -0.553212 1.900238 0.974389
v -0.565080 1.913927 0.976020
v -0.660521 1.896686 1.016645
v -0.566096 1.916873 0.944090
v -0.667410 1.900050 0.976085
v -0.612336 1.917185 0.943770
v -0.608374 1.909982 1.015934
v -0.658099 1.916653 0.944699
v -0.651319 1.910674 1.007095
v -0.664924 1.913819 0.977291
v -0.557037 1.917830 0.934859
v -0.612401 1.918126 0.934468
v -0.556739 1.910087 1.016204
v -0.608404 1.910859 1.006626
v -0.668189 1.917557 0.935608
v -0.659445 1.909795 1.016495
v -0.655626 1.913907 0.976287
v -0.555728 1.913962 0.975992
v -0.610383 1.909959 0.975922
v -0.608400 1.907301 1.006277
v -0.612333 1.913627 0.943422
v -0.655622 1.910349 0.975938
v -0.565076 1.910369 0.975671
v -0.566092 1.913315 0.943741
v -0.565851 1.907351 1.006497
v -0.658096 1.913095 0.944350
v -0.651315 1.907115 1.006746
v 0.740729 1.798552 0.486122
v 0.740729 1.626296 0.408808
v 0.490307 1.798552 0.486122
v 0.490307 1.626296 0.408808
v 0.490307 1.712424 0.447465
v 0.740729 1.712424 0.447465
v 0.615518 1.626296 0.408808
v 0.615518 1.798552 0.486122
v 0.490307 2.077968 0.052874
v 0.490307 1.925581 0.275228
v 0.748527 1.937286 0.277299
v 0.490307 1.713890 0.559114
v 0.737498 1.713890 0.559114
v 0.619417 2.077968 0.052874
v 0.559120 1.546742 0.767709
v 0.674410 1.549126 0.765061
v 0.543495 1.643018 0.618832
v 0.686669 1.642249 0.619772
v 0.651777 1.504911 0.884601
v 0.561953 1.503677 0.887045
v 0.550176 1.482726 0.963934
v 0.652460 1.483347 0.962627
v 0.601120 1.481173 0.967642
v 0.670257 1.510280 0.896635
v 0.543647 1.511679 0.895375
v 0.504867 1.706212 0.552984
v 0.722979 1.705990 0.553239
v 0.509004 1.664651 0.622665
v 0.720440 1.664354 0.623067
v 0.490307 1.775901 0.475955
v 0.740729 1.775901 0.475955
v 0.730987 1.853747 0.251271
v 0.730197 1.768545 0.227999
v 0.729726 1.934535 0.273875
v 0.619417 2.077811 0.080453
v 0.619417 1.775361 0.233414
v 0.725142 1.641320 0.418484
v 0.731298 2.003922 0.030851
v 0.619417 2.000353 0.037358
v 0.619417 1.931771 0.270120
v 0.723195 1.712709 0.446720
v 0.615518 1.645851 0.422221
v 0.717029 1.776180 0.475228
v 0.490307 1.881705 0.028471
v 0.490307 2.065211 0.118543
v 0.748528 1.881705 0.028471
v 0.490307 1.973458 0.073507
v 0.748528 1.973458 0.073507
v 0.619417 2.065211 0.118543
v 0.619417 1.881705 0.028471
v 0.490307 2.041080 0.106699
v 0.733328 2.043120 0.120857
v 0.731222 1.967569 0.084208
v 0.619417 2.042459 0.126365
v 0.683973 1.755806 0.220000
v 0.675700 1.572642 0.487028
v 0.683973 2.011755 0.016566
v 0.683973 1.921914 -0.032699
v 0.683973 1.951286 0.283590
v 0.675700 1.735276 0.570028
v 0.646551 1.471106 0.723175
v 0.645331 1.560522 0.770052
v 0.650802 1.653233 0.626677
v 0.649423 1.559862 0.576045
v 0.628857 1.421327 0.842210
v 0.628559 1.516752 0.891051
v 0.627068 1.379759 0.911588
v 0.625788 1.438914 0.945940
v 0.627147 1.497728 0.971984
v 0.637381 1.403841 0.842006
v 0.637803 1.526740 0.903800
v 0.668767 1.581656 0.495134
v 0.669169 1.721868 0.561372
v 0.668041 1.682230 0.631899
v 0.668143 1.538055 0.560573
v 0.678123 1.798552 0.486122
v 0.678123 1.626296 0.408808
v 0.626790 1.482260 0.965135
v 0.676923 2.077805 0.076220
v 0.674807 1.771953 0.230706
v 0.675357 2.002138 0.034105
v 0.674648 1.933153 0.271997
v 0.670330 1.643585 0.420353
v 0.676372 2.042789 0.123611
v 0.683973 1.881705 0.028471
v 0.490307 2.040491 0.032324
v 0.490307 1.884809 0.261965
v 0.490307 1.679969 0.541802
v 0.737498 1.679969 0.541802
v 0.619417 2.040491 0.032324
v 0.558776 1.528235 0.757587
v 0.675495 1.530312 0.754405
v 0.686679 1.624348 0.610101
v 0.562268 1.485539 0.877415
v 0.550735 1.459014 0.954031
v 0.651663 1.459939 0.952354
v 0.544177 1.487492 0.884132
v 0.507137 1.677043 0.538346
v 0.720668 1.676838 0.538670
v 0.719342 1.634384 0.606772
v 0.740729 1.739973 0.459830
v 0.543567 1.625059 0.607689
v 0.652325 1.486962 0.874614
v 0.600783 1.455513 0.956187
v 0.670580 1.486495 0.885517
v 0.509936 1.634703 0.606242
v 0.490307 1.739973 0.459830
v 0.720519 1.740255 0.459093
v 0.732657 2.035985 0.048704
v 0.619417 2.033970 0.056061
v 0.730506 1.888809 0.261081
v 0.732136 2.000358 0.100114
v 0.490307 2.002806 0.087912
v 0.676037 2.034977 0.052383
v 0.626223 1.457726 0.954270
v 0.677220 2.064244 0.078768
v 0.726454 2.066898 0.078381
v 0.722979 2.035806 0.115387
v 0.718341 2.000798 0.100198
v 0.675910 2.035887 0.115516
v 0.676929 2.028257 0.058501
v 0.722919 2.031493 0.057393
v 0.742961 1.842262 0.428161
v 0.490307 1.842262 0.428161
v 0.490307 1.663360 0.354774
v 0.490307 1.752811 0.391467
v 0.616634 1.663360 0.354774
v 0.616634 1.842262 0.428161
v 0.742961 1.822087 0.419103
v 0.490307 1.818737 0.418510
v 0.726588 1.677730 0.363970
v 0.725425 1.753072 0.390786
v 0.616634 1.682915 0.368187
v 0.720706 1.821498 0.417603
v 0.671611 1.680322 0.366079
v 0.679797 1.842262 0.428161
v 0.723377 1.782769 0.402425
v 0.490307 1.781423 0.403204
v 0.728992 1.742412 0.269297
v 0.746670 1.914888 0.331856
v 0.490307 1.914888 0.331856
v 0.490307 1.724942 0.264995
v 0.490307 1.819915 0.298426
v 0.618488 1.724942 0.264995
v 0.618488 1.914888 0.331856
v 0.746668 1.898826 0.324641
v 0.490307 1.889910 0.323064
v 0.729130 1.820136 0.297849
v 0.618488 1.744497 0.278409
v 0.726816 1.896797 0.321859
v 0.673740 1.741362 0.275901
v 0.682579 1.914888 0.331856
v 0.728126 1.853407 0.308270
v 0.490307 1.850293 0.309119
v 0.690779 1.813278 0.296667
v 0.687074 1.753207 0.385404
v 0.676286 1.754741 0.286335
v 0.674157 1.703499 0.367993
v 0.703134 1.703292 0.372671
v 0.699855 1.759387 0.281780
v 0.490307 1.783045 0.178561
v 0.490307 1.975935 0.247880
v 0.748528 1.783045 0.178561
v 0.748528 1.879490 0.213221
v 0.619417 1.783045 0.178561
v 0.725538 1.952020 0.246450
v 0.731038 1.878373 0.215125
v 0.490307 1.879490 0.213221
v 0.619417 1.975935 0.247880
v 0.490307 1.950570 0.238765
v 0.619417 1.955719 0.239017
v 0.683973 1.783045 0.178561
v 0.675021 1.952631 0.245049
v 0.490307 1.910339 0.224307
v 0.730859 1.912944 0.226254
v 0.490307 1.927863 0.141299
v 0.619417 2.021892 0.181300
v 0.490307 1.997163 0.170780
v 0.619417 2.000371 0.181026
v 0.675717 2.001101 0.180033
v 0.490307 1.957939 0.154094
v 0.731516 1.957943 0.161319
v 0.490307 1.833833 0.101298
v 0.490307 2.021892 0.181300
v 0.748528 1.833833 0.101298
v 0.748528 1.927863 0.141299
v 0.619417 1.833833 0.101298
v 0.732016 2.001832 0.179040
v 0.731133 1.924289 0.147731
v 0.683973 1.833833 0.101298
v 0.726089 1.947931 0.242141
v 0.728146 1.930489 0.270784
v 0.728148 1.893391 0.256921
v 0.730427 1.992824 0.179261
v 0.727737 1.913553 0.229100
v 0.680654 1.948833 0.240207
v 0.678543 1.991050 0.178935
v 0.725882 1.958601 0.165577
v -0.490307 2.030422 0.141023
v -0.554862 2.008323 0.271463
v -0.554862 2.052521 0.010582
v -0.619417 2.030422 0.141023
v -0.554862 2.030422 0.141023
v -0.748528 1.826159 0.146833
v -0.748528 1.899155 0.000561
v -0.748528 1.855294 0.290199
v -0.748528 2.030422 0.141023
v -0.748528 2.001399 0.007242
v -0.748528 1.957313 0.277708
v -0.748528 1.928290 0.143928
v -0.748528 1.877224 0.145380
v -0.748528 1.979356 0.142475
v -0.507285 1.723103 0.814664
v -0.507285 1.817190 0.818150
v -0.504989 1.773743 0.789512
v -0.509580 1.766550 0.843301
v -0.507285 1.770146 0.816407
v -0.563754 1.879562 1.107708
v -0.604316 1.885526 1.053739
v -0.523754 1.885526 1.053739
v -0.564317 1.891491 0.999769
v -0.564035 1.885526 1.053739
v -0.527281 1.766137 1.102492
v -0.523754 1.724792 1.046741
v -0.523754 1.805159 1.050240
v -0.520227 1.763815 0.994489
v -0.523754 1.764976 1.048491
v -0.673173 1.766137 1.102492
v -0.636700 1.728328 1.100753
v -0.600227 1.766137 1.102492
v -0.636700 1.803945 1.104231
v -0.636700 1.766137 1.102492
v 0.552104 1.735276 0.570028
v 0.490307 1.766914 0.528075
v 0.614710 1.766914 0.528075
v 0.552912 1.798552 0.486122
v 0.552508 1.766914 0.528075
v 0.554862 2.101596 0.065830
v 0.619417 2.083403 0.092187
v 0.490307 2.083403 0.092187
v 0.619417 2.043551 0.149922
v 0.554862 2.065211 0.118543
v 0.490307 2.043551 0.149922
v 0.554862 2.021892 0.181300
v 0.554862 2.043551 0.149922
v 0.554862 2.083403 0.092187
v 0.748528 1.966835 -0.008066
v 0.748528 1.901809 -0.002114
v 0.748528 1.992606 0.045037
v 0.748528 1.927581 0.050989
v 0.748528 1.857769 0.064885
v 0.748528 1.950660 0.107403
v 0.748528 1.880848 0.121298
v 0.748528 1.904215 0.086144
v 0.748528 1.947208 0.021461
v 0.490307 1.966835 -0.008066
v 0.554862 1.921914 -0.032699
v 0.490307 2.026123 0.024445
v 0.651695 1.921914 -0.032699
v 0.554862 2.011755 0.016566
v 0.619417 1.966835 -0.008066
v 0.619417 2.026123 0.024445
v 0.554862 2.077968 0.052874
v 0.651695 2.011755 0.016566
v 0.683973 1.966835 -0.008066
v 0.490307 2.059230 0.042599
v 0.619417 2.059230 0.042599
v 0.554862 2.040491 0.032324
v 0.554862 2.026123 0.024445
v 0.651695 1.966835 -0.008066
v 0.554862 2.059230 0.042599
v 0.554862 1.966835 -0.008066
v 0.587140 2.011755 0.016566
v 0.619417 1.989295 0.004250
v 0.587140 1.966835 -0.008066
v 0.554862 1.989295 0.004250
v 0.587140 1.989295 0.004250
v 1.493094 2.371614 0.832680
vn -0.0000 0.8768 0.4808
vn 0.0419 0.4109 -0.9107
vn 0.9995 -0.0136 0.0284
vn -0.0000 -0.8356 -0.5493
vn 0.0763 0.8257 0.5589
vn -0.0000 0.7984 0.6021
vn -1.0000 -0.0000 -0.0000
vn -0.0000 -0.8246 -0.5657
vn -0.0000 0.0652 -0.9979
vn -0.9998 0.0047 0.0170
vn -0.0000 -0.9895 -0.1447
vn -0.0000 0.9860 0.1670
vn -0.0000 0.9938 0.1113
vn -0.0000 0.9781 0.2083
vn 1.0000 -0.0000 -0.0000
vn -0.0000 -0.9864 -0.1641
vn -0.0000 -0.0459 0.9989
vn -0.9981 -0.0023 0.0619
vn -0.0000 -0.9902 -0.1396
vn 0.9964 -0.0032 0.0846
vn 0.9979 -0.0025 0.0650
vn -0.9772 -0.0082 0.2120
vn -0.0000 -0.9979 0.0653
vn -0.0000 0.9939 0.1099
vn -0.4056 0.0208 -0.9138
vn -0.9774 -0.0081 0.2114
vn 0.9979 -0.0025 0.0652
vn -0.9981 -0.0023 0.0620
vn -0.9994 0.0016 0.0340
vn 0.0074 0.9865 0.1634
vn -0.0069 0.9856 0.1689
vn -0.9996 0.0035 0.0297
vn -0.9997 0.0006 0.0237
vn -0.9994 0.0016 0.0332
vn -0.9953 -0.0956 0.0174
vn 0.0644 0.9737 0.2186
vn 0.0197 0.4980 0.8669
vn -0.1018 0.9760 0.1926
vn -0.4806 0.1046 0.8707
vn 0.0093 0.4386 -0.8986
vn -0.9981 -0.0022 0.0620
vn 0.9964 -0.0031 0.0846
vn -0.9981 -0.0022 0.0619
vn -0.0000 1.0000 -0.0000
vn -0.0958 0.0491 -0.9942
vn -0.1927 0.9699 0.1488
vn -0.1177 0.0288 -0.9926
vn -0.1339 -0.0345 0.9904
vn 0.0047 -0.1780 0.9840
vn -0.9981 -0.0007 0.0622
vn -0.9979 -0.0026 0.0648
vn 0.9979 -0.0044 0.0643
vn 0.0014 0.9957 0.0927
vn -0.9989 -0.0031 0.0464
vn -0.0014 0.9957 0.0927
vn -0.9982 -0.0025 0.0592
vn 0.9979 -0.0004 0.0647
vn -0.0015 0.9957 0.0929
vn -0.9989 -0.0003 0.0466
vn 0.0015 0.9957 0.0930
vn -0.9981 -0.0032 0.0618
vn 0.9847 0.1402 0.1037
vn -0.0342 0.9929 0.1140
vn -0.9971 0.0298 0.0699
vn 0.0397 0.9923 0.1174
vn -0.0008 -0.1642 0.9864
vn -0.0045 0.1774 -0.9841
vn -0.0115 0.9922 0.1245
vn 0.1336 0.0359 -0.9904
vn 0.1194 -0.0269 0.9925
vn 0.0958 -0.0479 0.9943
vn 0.0006 0.1646 -0.9864
vn -0.0115 0.9921 0.1245
vn 0.0284 0.9927 0.1169
vn -0.9974 0.0211 0.0688
vn -0.0283 0.9931 0.1138
vn 0.9855 0.1347 0.1031
vn -0.9981 -0.0032 0.0619
vn -0.9990 -0.0312 -0.0312
vn 0.0282 -0.0349 0.9990
vn -0.0745 0.0566 -0.9956
vn -0.0453 -0.0591 0.9972
vn -0.0267 0.1344 -0.9906
vn 0.1273 0.0169 -0.9917
vn 0.0302 0.9913 0.1283
vn -0.9969 0.0207 0.0762
vn 0.0018 0.9931 0.1177
vn 0.9940 0.0530 0.0960
vn -0.9981 -0.0042 0.0617
vn -0.0984 -0.0043 -0.9951
vn -0.3573 0.9215 0.1522
vn 0.0745 -0.0558 0.9957
vn 0.0272 -0.0337 0.9991
vn 0.0099 0.1229 -0.9924
vn -0.0249 0.9920 0.1234
vn -0.0108 -0.0208 0.9997
vn 0.0037 -0.5314 0.8471
vn 0.9994 -0.0145 0.0303
vn -0.0000 0.4808 -0.8768
vn -0.0251 -0.6481 0.7611
vn -0.0056 -0.5523 0.8336
vn 0.0236 -0.5631 0.8260
vn -0.0000 0.8230 0.5681
vn -0.0185 -0.4466 0.8946
vn -0.1309 -0.4434 0.8867
vn 0.0418 -0.4463 0.8939
vn 0.0943 -0.4471 0.8895
vn 0.0160 0.8376 0.5461
vn 0.9969 -0.0133 0.0778
vn 0.0696 -0.8529 -0.5174
vn -0.9975 -0.0392 0.0582
vn -0.9998 -0.0093 0.0187
vn 0.9827 -0.0840 0.1654
vn -0.0414 -0.9196 -0.3907
vn -0.0095 0.9387 0.3445
vn 0.9837 -0.0529 0.1720
vn -0.9991 0.0121 0.0408
vn -0.9964 -0.0369 0.0760
vn 0.9984 -0.0479 0.0307
vn -0.0100 0.9422 0.3349
vn 0.0333 -0.9238 -0.3815
vn -0.0766 -0.8577 -0.5084
vn -0.0178 0.8373 0.5465
vn 0.3838 0.4231 -0.8208
vn -0.0940 0.1719 -0.9806
vn -0.2991 0.4172 -0.8582
vn 0.0950 -0.0278 -0.9951
vn -0.3549 0.4117 -0.8394
vn 0.0242 0.7687 -0.6392
vn 0.5260 0.3550 -0.7728
vn -0.0251 0.6860 -0.7272
vn 0.0761 -0.4886 0.8692
vn 0.1027 -0.4037 0.9091
vn -0.0626 -0.3965 0.9159
vn -0.0472 -0.5107 0.8585
vn 0.0368 -0.9499 -0.3105
vn -0.0293 0.9169 0.3981
vn -0.9965 -0.0320 0.0774
vn 0.9657 -0.1152 0.2329
vn 0.0378 0.9184 0.3939
vn -0.0221 -0.9467 -0.3213
vn 0.9684 -0.1144 0.2217
vn -0.9959 -0.0545 0.0720
vn 0.1285 -0.4522 0.8826
vn -0.0856 -0.4372 0.8953
vn 0.2212 -0.4689 0.8551
vn -0.0447 -0.5407 0.8400
vn -0.1639 -0.4946 0.8535
vn 0.0346 -0.5024 0.8639
vn 0.0016 -0.1728 0.9850
vn -0.0050 -0.1402 0.9901
vn -0.0395 0.8744 0.4836
vn -0.0004 -0.8322 -0.5545
vn 0.9986 0.0324 0.0417
vn -0.9985 -0.0539 -0.0003
vn -0.9981 0.0214 0.0573
vn 0.0015 -0.8299 -0.5579
vn 0.9981 -0.0606 0.0058
vn 0.0404 0.8718 0.4883
vn -0.0020 -0.1357 0.9908
vn 0.0018 -0.0908 -0.9959
vn 0.0062 -0.1879 0.9822
vn -0.0065 0.1984 -0.9801
vn -0.0021 0.0916 0.9958
vn 0.0019 0.1356 -0.9908
vn 0.2536 -0.0365 0.9666
vn -0.0063 -0.1526 -0.9883
vn 0.9979 -0.0028 0.0650
vn -0.9772 -0.0092 0.2120
vn -0.0000 0.9939 0.1098
vn -0.9774 -0.0092 0.2113
vn 0.9979 -0.0028 0.0652
vn 0.9976 -0.0244 0.0645
vn -0.9762 0.0126 0.2166
vn -0.0206 -0.9977 0.0652
vn -0.0215 0.9940 0.1075
vn 0.0207 -0.9976 0.0664
vn -0.9761 -0.0299 0.2153
vn 0.9976 0.0191 0.0663
vn -0.2493 0.0352 -0.9678
vn 0.0062 0.1446 0.9895
vn 0.0933 0.0414 -0.9948
vn 0.2392 -0.0424 0.9700
vn 0.1075 0.0359 -0.9936
vn -0.1067 -0.0377 0.9936
vn -0.2366 0.0403 -0.9708
vn -0.0924 -0.0434 0.9948
vn -0.0201 0.9940 0.1073
vn 0.0212 0.9936 0.1107
vn 0.0204 0.9937 0.1106
vn -0.0116 -0.9974 -0.0707
vn 0.0111 -0.9945 -0.1039
vn -0.0126 -0.9943 -0.1057
vn 0.0098 -0.9974 -0.0718
vn -0.0401 -0.9956 -0.0852
vn 0.0128 -0.9977 -0.0672
vn 0.0499 -0.9944 -0.0935
vn -0.0102 -0.9977 -0.0672
vn -0.9789 0.1233 0.1632
vn -0.0169 0.1624 -0.9866
vn 0.9902 0.1293 0.0531
vn 0.0019 0.1665 -0.9860
vn 0.0050 0.0975 -0.9952
vn -0.0113 0.0974 -0.9952
vn 0.9970 0.0086 -0.0773
vn -0.9995 -0.0041 0.0314
vn 0.0104 0.0126 0.9999
vn 0.9896 0.1395 -0.0337
vn -0.9894 0.1252 0.0732
vn 0.0003 -0.0073 1.0000
vn 0.0052 0.9945 0.1044
vn -0.0021 0.9958 0.0917
vn -0.0086 0.9945 0.1046
vn -0.0029 0.9957 0.0922
vn 0.0059 0.9947 0.1023
vn 0.0053 0.9961 0.0877
vn -0.0063 0.9953 0.0964
vn -0.0069 0.9956 0.0931
vn -0.0011 0.9948 0.1022
vn 0.0028 0.9954 0.0956
vn -0.0005 0.9950 0.0996
vn -0.0052 0.9957 0.0925
vn -0.9997 0.0014 -0.0250
vn 0.9905 0.0144 -0.1369
vn 0.0213 -0.0974 0.9950
vn -0.0075 -0.0975 0.9952
vn 0.0950 -0.2873 0.9531
vn 0.9995 -0.0129 0.0287
vn 0.9985 -0.0548 -0.0054
vn -0.9974 -0.0673 0.0252
vn -0.2246 -0.4895 0.8426
vn 0.2270 -0.4683 0.8539
vn -0.9960 -0.0543 0.0716
vn 0.9710 -0.1067 0.2138
vn -0.0822 -0.3960 0.9146
vn 0.1066 -0.4037 0.9087
vn -0.1917 0.4310 -0.8817
vn 0.4424 0.4121 -0.7966
vn -0.9960 -0.0393 0.0802
vn 0.9847 -0.0499 0.1668
vn -0.9997 -0.0113 0.0224
vn 0.9972 -0.0110 0.0736
vn 0.1522 -0.4422 0.8839
vn -0.0986 -0.4460 0.8896
vn 0.9995 -0.0138 0.0289
vn 0.9999 -0.0096 0.0140
vn 0.0075 0.5169 -0.8560
vn -0.0657 0.4857 -0.8716
vn -0.0235 0.8260 0.5632
vn 0.9993 0.0069 0.0381
vn -0.0568 -0.8279 -0.5581
vn 0.9949 0.0440 0.0907
vn 0.9995 -0.0280 -0.0135
vn -0.0678 0.3893 -0.9186
vn 0.0354 -0.7815 -0.6229
vn 0.0036 -0.5411 0.8409
vn 0.1056 0.4076 -0.9070
vn -0.0024 0.5605 -0.8282
vn 0.9998 -0.0169 -0.0059
vn 0.9969 0.0267 -0.0743
vn 0.0509 0.8271 0.5598
vn 0.0345 0.7978 0.6019
vn -0.0028 0.5476 -0.8368
vn 0.0028 -0.5593 0.8290
vn -0.0569 -0.8245 -0.5630
vn -0.0304 0.8005 0.5986
vn -0.0657 0.4869 -0.8710
vn 0.0067 0.5530 -0.8332
vn 0.1065 -0.4056 0.9078
vn 0.0017 -0.8346 -0.5509
vn -0.0396 0.8683 0.4945
vn -0.0039 -0.2080 0.9781
vn 0.0388 -0.6169 0.7861
vn 0.0380 0.9164 0.3985
vn 0.0381 -0.9418 -0.3340
vn 0.1029 -0.4057 0.9082
vn 0.0769 -0.5105 0.8564
vn 0.0250 0.7878 -0.6155
vn 0.0902 0.1407 -0.9859
vn -0.0178 0.8425 0.5384
vn 0.0332 -0.9239 -0.3812
vn -0.0092 0.9427 0.3335
vn 0.0696 -0.8567 -0.5111
vn 0.0237 -0.7443 0.6674
vn 0.0045 -0.5583 0.8296
vn 0.1048 -0.4056 0.9080
vn 0.9998 -0.0117 0.0133
vn 0.9998 -0.0204 0.0019
vn 0.0848 0.4127 -0.9069
vn 0.9956 0.0484 0.0806
vn -0.0647 0.4857 -0.8717
vn 0.9995 -0.0141 0.0294
vn -0.0717 -0.4478 0.8912
vn 0.9976 -0.0085 0.0691
vn -0.9996 -0.0134 0.0264
vn 0.5017 0.3987 -0.7677
vn -0.9960 -0.0541 0.0712
vn 0.2336 -0.4677 0.8524
vn 0.9987 -0.0483 -0.0179
vn -0.9981 -0.0610 0.0131
vn -0.1962 -0.4921 0.8481
vn 0.9685 -0.1108 0.2231
vn -0.0730 -0.3962 0.9152
vn 0.1047 -0.4037 0.9089
vn -0.2441 0.4250 -0.8717
vn -0.9962 -0.0381 0.0782
vn 0.9842 -0.0513 0.1693
vn 0.1207 -0.4450 0.8874
vn 0.0356 0.4108 -0.9110
vn -0.0175 0.7790 0.6268
vn -0.0446 0.5016 -0.8639
vn 0.9928 -0.1193 0.0078
vn -0.0215 0.6987 -0.7151
vn 0.0750 0.8135 0.5767
vn -0.0050 0.7987 0.6018
vn 0.9976 0.0259 0.0641
vn -0.0664 -0.8239 -0.5629
vn 0.1112 -0.7791 -0.6170
vn 0.9970 0.0223 0.0742
vn 0.0374 0.2279 -0.9730
vn 0.1127 -0.3045 0.9458
vn 0.9995 -0.0130 0.0287
vn 0.9996 -0.0138 0.0254
vn -0.0639 -0.8337 -0.5485
vn 0.9982 0.0057 0.0599
vn 0.1928 -0.7711 -0.6068
vn -0.0752 -0.8233 -0.5626
vn 0.9987 0.0069 0.0502
vn 0.0728 -0.8466 -0.5272
vn 0.9709 0.2001 0.1317
vn 0.1199 -0.8157 -0.5659
vn 0.1567 -0.5040 0.8494
vn 0.9913 -0.1199 -0.0538
vn 0.0780 0.3099 -0.9476
vn 0.5028 0.7100 0.4930
vn -0.0104 0.7973 0.6035
vn 0.0004 0.8282 0.5605
vn 0.9999 0.0064 0.0101
vn 0.0072 -0.0455 0.9989
vn 0.0118 0.8098 0.5865
vn 0.0124 0.7983 0.6021
vn 0.0343 0.7684 -0.6391
vn 0.0226 0.8279 0.5604
vn 1.0000 -0.0040 0.0029
vn 0.9992 0.0316 -0.0226
vn -0.0207 0.8186 0.5740
vn 0.9992 -0.0390 -0.0081
vn 0.5363 0.6894 0.4869
vn 0.8677 0.4084 0.2835
vn 0.7267 -0.2961 0.6198
vn 0.9926 -0.0159 -0.1205
vn 0.8727 0.1570 -0.4623
vn 0.9979 -0.0029 0.0652
vn 0.9979 -0.0029 0.0653
vn 0.9979 -0.0028 0.0653
vt 0.568110 0.517269
vt 0.568110 0.732731
vt 0.619390 0.732731
vt 0.619390 0.517269
vt 0.568110 0.517269
vt 0.568110 0.732731
vt 0.619390 0.732731
vt 0.619390 0.732731
vt 0.568110 0.732731
vt 0.619390 0.732731
vt 0.568110 0.732731
vt 0.568110 0.517269
vt 0.568110 0.732731
vt 0.619390 0.732731
vt 0.619390 0.517269
vt 0.568110 0.517269
vt 0.568110 0.732731
vt 0.619390 0.517269
vt 0.620195 0.732731
vt 0.619390 0.732731
vt 0.568110 0.732731
vt 0.619390 0.732731
vt 0.568110 0.732731
vt 0.614945 0.732731
vt 0.572555 0.732731
vt 0.614945 0.732731
vt 0.572555 0.732731
vt 0.619390 0.732731
vt 0.568110 0.732731
vt 0.619390 0.732731
vt 0.568110 0.732731
vt 0.619390 0.517269
vt 0.568110 0.517269
vt 0.568110 0.732731
vt 0.619390 0.732731
vt 0.568110 0.732731
vt 0.619390 0.732731
vt 0.568110 0.732731
vt 0.619390 0.732731
vt 0.572555 0.732731
vt 0.614945 0.732731
vt 0.593750 0.517269
vt 0.593750 0.732731
vt 0.593750 0.517269
vt 0.598541 0.732731
vt 0.593750 0.732731
vt 0.598866 0.732731
vt 0.593750 0.732731
vt 0.593750 0.732731
vt 0.593750 0.732731
vt 0.593750 0.732731
vt 0.593750 0.732731
vt 0.593750 0.517269
vt 0.619390 0.732731
vt 0.619390 0.732731
vt 0.618945 0.732731
vt 0.619390 0.732731
vt 0.593750 0.732731
vt 0.593750 0.732731
vt 0.620195 0.732731
vt 0.618945 0.732731
vt 0.619390 0.732731
vt 0.619390 0.732731
vt 0.598541 0.732731
vt 0.598866 0.732731
vt 0.619390 0.732731
vt 0.619390 0.732731
vt 0.568110 0.732731
vt 0.568110 0.732731
vt 0.568110 0.732731
vt 0.619390 0.732731
vt 0.593750 0.732731
vt 0.593750 0.732731
vt 0.619390 0.732731
vt 0.619390 0.732731
vt 0.568110 0.732731
vt 0.568110 0.732731
vt 0.568110 0.732731
vt 0.619390 0.732731
vt 0.593750 0.732731
vt 0.593750 0.732731
vt 0.619304 0.732731
vt 0.619390 0.732731
vt 0.570441 0.732731
vt 0.570469 0.732731
vt 0.619390 0.732731
vt 0.619390 0.732731
vt 0.596078 0.732731
vt 0.596106 0.732731
vt 0.593750 0.732731
vt 0.593750 0.732731
vt 0.619390 0.732731
vt 0.619390 0.732731
vt 0.568110 0.732731
vt 0.568110 0.732731
vt 0.593750 0.732731
vt 0.593750 0.732731
vt 0.593959 0.732731
vt 0.619390 0.732731
vt 0.619478 0.732731
vt 0.619390 0.732731
vt 0.593544 0.732731
vt 0.619390 0.732731
vt 0.619390 0.732731
vt 0.619390 0.732731
vt 0.619304 0.732731
vt 0.619478 0.732731
vt 0.619390 0.732731
vt 0.619390 0.732731
vt 0.593544 0.732731
vt 0.593959 0.732731
vt 0.619390 0.732731
vt 0.619390 0.732731
vt 0.570441 0.732731
vt 0.570469 0.732731
vt 0.596078 0.732731
vt 0.596106 0.732731
vt 0.568110 0.732731
vt 0.568110 0.732731
vt 0.568110 0.732731
vt 0.593750 0.732731
vt 0.568110 0.732731
vt 0.593750 0.732731
vt 0.570460 0.732731
vt 0.596095 0.732731
vt 0.619420 0.732731
vt 0.619390 0.732731
vt 0.593821 0.732731
vt 0.619390 0.732731
vt 0.570460 0.732731
vt 0.596096 0.732731
vt 0.619390 0.732731
vt 0.568110 0.732731
vt 0.568110 0.732731
vt 0.568110 0.732731
vt 0.593750 0.732731
vt 0.568110 0.732731
vt 0.593749 0.732731
vt 0.570447 0.732731
vt 0.596085 0.732731
vt 0.619341 0.732731
vt 0.619390 0.732731
vt 0.593634 0.732731
vt 0.570447 0.732731
vt 0.596084 0.732731
vt 0.619341 0.732731
vt 0.619420 0.732731
vt 0.619390 0.732731
vt 0.619390 0.732731
vt 0.593634 0.732731
vt 0.593821 0.732731
vt 0.570447 0.732731
vt 0.570460 0.732731
vt 0.596084 0.732731
vt 0.596096 0.732731
vt 0.619390 0.732731
vt 0.619390 0.732731
vt 0.593750 0.517269
vt 0.593750 0.732731
vt 0.593750 0.517269
vt 0.593750 0.732731
vt 0.593750 0.732731
vt 0.593750 0.732731
vt 0.619390 0.517269
vt 0.568110 0.517269
vt 0.568110 0.732731
vt 0.619390 0.732731
vt 0.568110 0.732731
vt 0.619390 0.732731
vt 0.593750 0.517269
vt 0.593750 0.732731
vt 0.568110 0.732731
vt 0.593750 0.732731
vt 0.568110 0.732731
vt 0.568110 0.732731
vt 0.619390 0.732731
vt 0.619390 0.732731
vt 0.619390 0.732731
vt 0.619390 0.732731
vt 0.593750 0.732731
vt 0.593750 0.732731
vt 0.568110 0.732731
vt 0.619390 0.732731
vt 0.619390 0.732731
vt 0.568110 0.732731
vt 0.568110 0.732731
vt 0.571102 0.732731
vt 0.616398 0.732731
vt 0.616398 0.732731
vt 0.571102 0.732731
vt 0.593750 0.732731
vt 0.593750 0.732731
vt 0.616398 0.732731
vt 0.571102 0.732731
vt 0.593750 0.732731
vt 0.572555 0.732731
vt 0.593750 0.732731
vt 0.572555 0.732731
vt 0.572555 0.732731
vt 0.614945 0.732731
vt 0.614945 0.732731
vt 0.571102 0.732731
vt 0.616398 0.732731
vt 0.614945 0.732731
vt 0.593750 0.732731
vt 0.616398 0.732731
vt 0.571102 0.732731
vt 0.593750 0.732731
vt 0.593750 0.732731
vt 0.616398 0.732731
vt 0.571102 0.732731
vt 0.593750 0.732731
vt 0.568110 0.732731
vt 0.593750 0.732731
vt 0.568110 0.732731
vt 0.568110 0.732731
vt 0.619390 0.732731
vt 0.619390 0.732731
vt 0.619390 0.732731
vt 0.619390 0.732731
vt 0.568110 0.732731
vt 0.568110 0.732731
vt 0.593750 0.732731
vt 0.593750 0.732731
vt 0.568110 0.732731
vt 0.619390 0.732731
vt 0.619390 0.732731
vt 0.569325 0.732731
vt 0.618175 0.732731
vt 0.618175 0.732731
vt 0.569325 0.732731
vt 0.618175 0.732731
vt 0.569325 0.732731
vt 0.593750 0.732731
vt 0.593750 0.732731
vt 0.570379 0.732731
vt 0.617121 0.732731
vt 0.617121 0.732731
vt 0.570379 0.732731
vt 0.593750 0.732731
vt 0.593750 0.732731
vt 0.617121 0.732731
vt 0.570379 0.732731
vt 0.617121 0.732731
vt 0.618175 0.732731
vt 0.570379 0.732731
vt 0.569325 0.732731
vt 0.569325 0.732731
vt 0.593750 0.732731
vt 0.618175 0.732731
vt 0.593750 0.732731
vt 0.569325 0.732731
vt 0.618175 0.732731
vt 0.570379 0.732731
vt 0.617121 0.732731
vt 0.617121 0.732731
vt 0.570379 0.732731
vt 0.593750 0.732731
vt 0.593750 0.732731
vt 0.617648 0.732731
vt 0.618175 0.732731
vt 0.618175 0.732731
vt 0.617648 0.732731
vt 0.617121 0.732731
vt 0.617121 0.732731
vt 0.617648 0.732731
vt 0.617648 0.732731
vt 0.618175 0.732731
vt 0.618175 0.732731
vt 0.617243 0.732731
vt 0.617121 0.732731
vt 0.617121 0.732731
vt 0.618175 0.732731
vt 0.617648 0.732731
vt 0.617648 0.732731
vt 0.617121 0.732731
vt 0.618056 0.732731
vt 0.617648 0.732731
vt 0.618057 0.732731
vt 0.617121 0.732731
vt 0.618057 0.732731
vt 0.617245 0.732731
vt 0.617648 0.732731
vt 0.618175 0.732731
vt 0.618175 0.732731
vt 0.617121 0.732731
vt 0.617244 0.732731
vt 0.618175 0.732731
vt 0.617121 0.732731
vt 0.617658 0.732731
vt 0.617648 0.732731
vt 0.617648 0.732731
vt 0.617244 0.732731
vt 0.618057 0.732731
vt 0.617658 0.732731
vt 0.617648 0.732731
vt 0.618056 0.732731
vt 0.617243 0.732731
vt 0.618057 0.732731
vt 0.617245 0.732731
vt 0.619390 0.732731
vt 0.568110 0.732731
vt 0.619390 0.732731
vt 0.568110 0.732731
vt 0.593750 0.732731
vt 0.593750 0.732731
vt 0.568110 0.732731
vt 0.619390 0.732731
vt 0.612647 0.517269
vt 0.612647 0.732731
vt 0.612647 0.732731
vt 0.612647 0.732731
vt 0.612647 0.732731
vt 0.612646 0.517269
vt 0.612647 0.732731
vt 0.612647 0.732731
vt 0.612647 0.732731
vt 0.612646 0.732731
vt 0.610441 0.732731
vt 0.610441 0.732731
vt 0.609371 0.732731
vt 0.609371 0.732731
vt 0.609371 0.732731
vt 0.610441 0.732731
vt 0.610441 0.732731
vt 0.612647 0.732731
vt 0.612647 0.732731
vt 0.612647 0.732731
vt 0.612647 0.732731
vt 0.612647 0.732731
vt 0.612646 0.732731
vt 0.593750 0.732731
vt 0.568110 0.732731
vt 0.619390 0.732731
vt 0.612647 0.732731
vt 0.619390 0.517269
vt 0.568110 0.732731
vt 0.568110 0.732731
vt 0.593750 0.517269
vt 0.593750 0.517269
vt 0.619390 0.732731
vt 0.593750 0.732731
vt 0.568110 0.732731
vt 0.612646 0.732731
vt 0.568110 0.569425
vt 0.619390 0.569425
vt 0.568110 0.569425
vt 0.593750 0.569425
vt 0.593750 0.569425
vt 0.619390 0.569425
vt 0.568110 0.569425
vt 0.612647 0.569425
vt 0.619390 0.569425
vt 0.593750 0.569425
vt 0.619390 0.569425
vt 0.568110 0.732731
vt 0.568110 0.732731
vt 0.593750 0.517269
vt 0.568110 0.517269
vt 0.619390 0.732731
vt 0.619390 0.732731
vt 0.568110 0.732731
vt 0.619390 0.732731
vt 0.619390 0.732731
vt 0.568110 0.732731
vt 0.571102 0.732731
vt 0.616398 0.732731
vt 0.572555 0.732731
vt 0.593750 0.732731
vt 0.614945 0.732731
vt 0.571102 0.732731
vt 0.616398 0.732731
vt 0.568110 0.732731
vt 0.619390 0.732731
vt 0.619390 0.732731
vt 0.568110 0.732731
vt 0.619390 0.732731
vt 0.568110 0.732731
vt 0.609371 0.732731
vt 0.619390 0.517269
vt 0.568110 0.732731
vt 0.593750 0.517269
vt 0.619390 0.732731
vt 0.568110 0.732731
vt 0.619390 0.569425
vt 0.568110 0.569425
vt 0.601951 0.517269
vt 0.601951 0.732731
vt 0.601951 0.732731
vt 0.601951 0.732731
vt 0.601951 0.517269
vt 0.601951 0.732731
vt 0.601951 0.732731
vt 0.601951 0.732731
vt 0.601038 0.732731
vt 0.600529 0.732731
vt 0.600530 0.732731
vt 0.600913 0.732731
vt 0.601990 0.732731
vt 0.601991 0.732731
vt 0.601951 0.732731
vt 0.601951 0.732731
vt 0.601951 0.732731
vt 0.601037 0.732731
vt 0.600529 0.732731
vt 0.600994 0.732731
vt 0.601951 0.732731
vt 0.601951 0.732731
vt 0.601951 0.732731
vt 0.604878 0.517269
vt 0.604878 0.517269
vt 0.604878 0.732731
vt 0.601951 0.732731
vt 0.604878 0.569425
vt 0.601951 0.569425
vt 0.604878 0.517269
vt 0.600530 0.732731
vt 0.619390 0.517269
vt 0.619390 0.517269
vt 0.619390 0.569425
vt 0.604878 0.569425
vt 0.619390 0.569425
vt 0.604878 0.517269
vt 0.604878 0.517269
vt 0.619390 0.732731
vt 0.619390 0.732731
vt 0.568110 0.732731
vt 0.593750 0.732731
vt 0.568110 0.732731
vt 0.619390 0.732731
vt 0.612646 0.732731
vt 0.612647 0.732731
vt 0.568110 0.732731
vt 0.593750 0.732731
vt 0.568110 0.732731
vt 0.612646 0.732731
vt 0.568110 0.732731
vt 0.619390 0.732731
vt 0.601951 0.732731
vt 0.601951 0.732731
vt 0.568110 0.732731
vt 0.619390 0.732731
vt 0.619390 0.732731
vt 0.568110 0.732731
vt 0.593750 0.732731
vt 0.568110 0.732731
vt 0.619390 0.732731
vt 0.612647 0.732731
vt 0.612647 0.732731
vt 0.593750 0.732731
vt 0.568110 0.732731
vt 0.612646 0.732731
vt 0.568110 0.732731
vt 0.619390 0.732731
vt 0.601951 0.732731
vt 0.601951 0.732731
vt 0.593750 0.732731
vt 0.593750 0.732731
vt 0.568110 0.732731
vt 0.568110 0.732731
vt 0.568110 0.732731
vt 0.568110 0.732731
vt 0.568110 0.697398
vt 0.619390 0.697398
vt 0.568110 0.697398
vt 0.593750 0.697398
vt 0.568110 0.697398
vt 0.619390 0.697398
vt 0.593750 0.697398
vt 0.593750 0.697398
vt 0.619390 0.697398
vt 0.612647 0.697398
vt 0.619390 0.697398
vt 0.568110 0.697398
vt 0.619390 0.697398
vt 0.601951 0.697398
vt 0.604878 0.697398
vt 0.593750 0.631520
vt 0.619390 0.631520
vt 0.612647 0.631520
vt 0.619390 0.631520
vt 0.619390 0.631520
vt 0.601951 0.631520
vt 0.604878 0.631520
vt 0.568110 0.631520
vt 0.619390 0.631520
vt 0.568110 0.631520
vt 0.593750 0.631520
vt 0.568110 0.631520
vt 0.619390 0.631520
vt 0.593750 0.631520
vt 0.568110 0.631520
vt 0.619390 0.697398
vt 0.619390 0.732731
vt 0.612647 0.732731
vt 0.604878 0.732731
vt 0.601951 0.732731
vt 0.619390 0.631520
vt 0.604878 0.697398
vt 0.619390 0.697398
vt 0.619390 0.631520
vt 0.604878 0.631520
vt 0.619390 0.625000
vt 0.619390 0.732731
vt 0.619390 0.517269
vt 0.619390 0.625000
vt 0.619390 0.625000
vt 0.568110 0.625000
vt 0.580930 0.517269
vt 0.580930 0.732731
vt 0.619390 0.625000
vt 0.606570 0.517269
vt 0.606570 0.732731
vt 0.593750 0.625000
vt 0.580930 0.625000
vt 0.606570 0.625000
vt 0.568110 0.732731
vt 0.593750 0.732731
vt 0.580930 0.732731
vt 0.580930 0.732731
vt 0.580930 0.732731
vt 0.614945 0.732731
vt 0.616033 0.732731
vt 0.616033 0.732731
vt 0.617121 0.732731
vt 0.616033 0.732731
vt 0.583152 0.732731
vt 0.571467 0.732731
vt 0.593750 0.732731
vt 0.582065 0.732731
vt 0.582608 0.732731
vt 0.583152 0.732731
vt 0.572555 0.732731
vt 0.583152 0.732731
vt 0.593750 0.732731
vt 0.583152 0.732731
vt 0.619390 0.732731
vt 0.619390 0.732731
vt 0.619390 0.732731
vt 0.619390 0.732731
vt 0.619390 0.732731
vt 0.619390 0.517269
vt 0.619390 0.543347
vt 0.619390 0.543347
vt 0.619390 0.600473
vt 0.619390 0.569425
vt 0.619390 0.600473
vt 0.619390 0.631520
vt 0.619390 0.600473
vt 0.619390 0.543347
vt 0.580930 0.517269
vt 0.568110 0.543347
vt 0.593750 0.543347
vt 0.580930 0.569425
vt 0.568110 0.600473
vt 0.593750 0.600473
vt 0.580930 0.631520
vt 0.580930 0.600473
vt 0.580930 0.543347
vt 0.580930 0.517269
vt 0.568110 0.517269
vt 0.597851 0.517269
vt 0.568110 0.517269
vt 0.593750 0.517269
vt 0.580930 0.517269
vt 0.597851 0.517269
vt 0.612647 0.517269
vt 0.593750 0.517269
vt 0.580930 0.517269
vt 0.607299 0.517269
vt 0.607299 0.517269
vt 0.601951 0.517269
vt 0.597851 0.517269
vt 0.580930 0.517269
vt 0.607299 0.517269
vt 0.580930 0.517269
vt 0.593750 0.517269
vt 0.587340 0.517269
vt 0.580930 0.517269
vt 0.587340 0.517269
vt 0.587340 0.517269
s 0
usemtl Material
f 740/1036/302 736/1032/302 752/1048/302 756/1052/302
f 750/1046/302 744/1040/302 773/1069/302 759/1055/302
f 741/1037/302 735/1031/302 768/1064/302 766/1062/302
f 745/1041/302 750/1046/302 759/1055/302 763/1059/302
f 748/1044/302 743/1039/302 762/1058/302 774/1070/302
f 743/1039/302 749/1045/302 765/1061/302 762/1058/302
f 735/1031/302 740/1036/302 756/1052/302 768/1064/302
f 802/1098/302 745/1041/302 763/1059/302 806/1102/302
f 737/1033/302 787/1083/302 791/1087/302 764/1060/302
f 805/1101/337 1183/1483/337 790/1086/337 792/1088/337 807/1103/337
f 749/1045/302 805/1101/302 807/1103/302 765/1061/302
f 787/1083/302 802/1098/302 806/1102/302 791/1087/302
usemtl кость.001
f 733/1029/293 734/1030/293 730/1026/293 729/1025/293
f 729/1025/294 730/1026/294 732/1028/294 731/1027/294
f 818/1114/343 817/1113/343 826/1122/343 825/1121/343
f 820/1116/344 819/1115/344 815/1111/344 816/1112/344
f 816/1112/345 815/1111/345 817/1113/345 818/1114/345
f 825/1121/346 826/1122/346 823/1119/346 824/1120/346
f 822/1118/347 821/1117/347 819/1115/347 820/1116/347
f 852/1148/366 847/1143/366 846/1142/366 845/1141/366
f 987/1283/367 853/1149/367 848/1144/367 985/1281/367
f 1033/1330/368 854/1150/368 843/1139/368 1030/1327/368
f 849/1145/369 855/1151/369 841/1137/369 840/1136/369
f 989/1285/370 857/1153/370 846/1142/370 984/1280/370
f 860/1156/371 859/1155/371 843/1139/371 842/1138/371
f 863/1159/372 856/1152/372 841/1137/372 844/1140/372
f 1035/1332/373 858/1154/373 848/1144/373 1031/1328/373
f 1072/1369/374 860/1156/374 842/1138/374 1061/1358/374
f 856/1152/375 861/1157/375 840/1136/375 841/1137/375
f 1071/1368/376 849/1145/376 840/1136/376 1060/1357/376
f 854/1150/377 850/1146/377 842/1138/377 843/1139/377
f 857/1153/378 862/1158/378 845/1141/378 846/1142/378
f 1034/1331/379 863/1159/379 844/1140/379 1030/1327/379
f 855/1151/380 851/1147/380 844/1140/380 841/1137/380
f 1032/1329/381 852/1148/381 845/1141/381 1031/1328/381
f 988/1284/382 858/1154/382 872/1168/382 993/1289/382
f 856/1152/383 863/1159/383 880/1176/383 871/1167/383
f 1063/1360/384 861/1157/384 878/1174/384 1066/1363/384
f 1034/1331/385 859/1155/385 876/1172/385 1039/1336/385
f 861/1157/386 856/1152/386 871/1167/386 878/1174/386
f 1035/1332/387 862/1158/387 879/1175/387 1040/1337/387
f 859/1155/388 860/1156/388 877/1173/388 876/1172/388
f 862/1158/389 857/1153/389 875/1171/389 879/1175/389
f 1037/1334/390 1036/1333/390 867/1163/390 866/1162/390
f 1084/1382/391 1037/1334/391 866/1162/391 1065/1362/391
f 1064/1361/392 864/1160/392 874/1170/392 1073/1370/392
f 864/1160/393 865/1161/393 868/1164/393 874/1170/393
f 1036/1333/394 868/1164/394 880/1176/394 1039/1336/394
f 870/1166/395 869/1165/395 879/1175/395 875/1171/395
f 865/1161/396 864/1160/396 878/1174/396 871/1167/396
f 1065/1362/397 866/1162/397 877/1173/397 1074/1371/397
f 1038/1335/398 873/1169/398 872/1168/398 1040/1337/398
f 868/1164/399 865/1161/399 871/1167/399 880/1176/399
f 866/1162/400 867/1163/400 876/1172/400 877/1173/400
f 990/1286/401 870/1166/401 875/1171/401 994/1290/401
f 1064/1361/491 990/1286/491 994/1290/491 1066/1363/491
f 873/1169/492 991/1287/492 993/1289/492 872/1168/492
f 870/1166/493 990/1286/493 992/1288/493 869/1165/493
f 1038/1335/494 1047/1344/494 991/1287/494 873/1169/494
f 857/1153/495 989/1285/495 994/1290/495 875/1171/495
f 1072/1369/496 988/1284/496 993/1289/496 1074/1371/496
f 847/1143/497 986/1282/497 984/1280/497 846/1142/497
f 858/1154/498 988/1284/498 985/1281/498 848/1144/498
f 1063/1360/499 989/1285/499 984/1280/499 1060/1357/499
f 1062/1359/500 987/1283/500 985/1281/500 1061/1358/500
f 869/1165/527 992/1288/527 1047/1344/527 1038/1335/527
f 869/1165/532 1038/1335/532 1040/1337/532 879/1175/532
f 867/1163/533 1036/1333/533 1039/1336/533 876/1172/533
f 1073/1370/534 874/1170/534 1037/1334/534 1084/1382/534
f 874/1170/535 868/1164/535 1036/1333/535 1037/1334/535
f 858/1154/536 1035/1332/536 1040/1337/536 872/1168/536
f 863/1159/537 1034/1331/537 1039/1336/537 880/1176/537
f 853/1149/538 1032/1329/538 1031/1328/538 848/1144/538
f 859/1155/539 1034/1331/539 1030/1327/539 843/1139/539
f 862/1158/540 1035/1332/540 1031/1328/540 845/1141/540
f 851/1147/541 1033/1330/541 1030/1327/541 844/1140/541
f 992/1288/544 1073/1370/544 1084/1382/544 1047/1344/544
f 850/1146/552 1062/1359/552 1061/1358/552 842/1138/552
f 861/1157/553 1063/1360/553 1060/1357/553 840/1136/553
f 860/1156/554 1072/1369/554 1074/1371/554 877/1173/554
f 864/1160/555 1064/1361/555 1066/1363/555 878/1174/555
f 991/1287/560 1065/1362/560 1074/1371/560 993/1289/560
f 990/1286/561 1064/1361/561 1073/1370/561 992/1288/561
f 1047/1344/562 1084/1382/562 1065/1362/562 991/1287/562
f 989/1285/563 1063/1360/563 1066/1363/563 994/1290/563
f 986/1282/564 1071/1368/564 1060/1357/564 984/1280/564
f 988/1284/565 1072/1369/565 1061/1358/565 985/1281/565
f 1085/1383/568 1089/1387/568 1087/1385/568 1086/1384/568
f 1086/1384/569 1091/1389/569 1090/1388/569 1085/1383/569
f 1087/1385/570 1088/1386/570 1091/1389/570 1086/1384/570
f 1126/1424/587 1129/1427/587 1128/1426/587 1127/1425/587
f 1129/1427/588 1124/1422/588 1125/1423/588 1128/1426/588
f 1161/1459/603 1162/1461/603 1164/1464/603 1160/1458/603
f 1166/1466/604 1165/1465/604 1160/1458/604 1163/1463/604
f 1160/1458/605 1164/1464/605 1167/1467/605 1163/1463/605
usemtl Мясо.002
f 1026/1323/259 1233/1533/259 839/1135/259 1008/1305/259 1050/1347/259
f 1070/1367/260 975/1271/260 1010/1307/260 1077/1374/260
f 1017/1314/263 1218/1518/263 829/1125/263 1007/1304/263 1022/1319/263
f 706/1002/268 704/1000/268 731/1027/268 732/1028/268
f 716/1012/283 725/1021/283 730/1026/283 734/1030/283
f 704/1000/295 688/984/295 729/1025/295 731/1027/295
f 714/1010/296 716/1012/296 734/1030/296 733/1029/296
f 688/984/297 714/1010/297 733/1029/297 729/1025/297
f 725/1021/298 706/1002/298 732/1028/298 730/1026/298
f 753/1049/303 771/1067/303 779/1075/303 783/1079/303
f 808/1104/304 753/1049/304 783/1079/304 813/1109/304
f 771/1067/305 751/1047/305 775/1071/305 779/1075/305
f 758/1054/306 761/1057/306 781/1077/306 786/1082/306
f 761/1057/307 770/1066/307 778/1074/307 781/1077/307
f 770/1066/324 769/1065/324 776/1072/324 778/1074/324
f 755/1051/325 772/1068/325 782/1078/325 777/1073/325
f 794/1090/326 758/1054/326 786/1082/326 800/1096/326
f 772/1068/327 757/1053/327 785/1081/327 782/1078/327
f 769/1065/328 767/1063/328 780/1076/328 776/1072/328
f 767/1063/329 754/1050/329 784/1080/329 780/1076/329
f 751/1047/330 755/1051/330 777/1073/330 775/1071/330
f 809/1105/331 794/1090/331 800/1096/331 814/1110/331
f 754/1050/304 793/1089/304 799/1095/304 784/1080/304
f 757/1053/326 809/1105/326 814/1110/326 785/1081/326
f 793/1089/304 808/1104/304 813/1109/304 799/1095/304
f 1029/1326/355 838/1134/355 886/1182/355 1042/1339/355
f 678/974/358 837/1133/358 885/1181/358 882/1178/358
f 838/1134/359 1202/1502/359 677/973/359 887/1183/359 886/1182/359
f 1025/1322/360 680/976/360 884/1180/360 1041/1338/360
f 680/976/362 832/1128/362 883/1179/362 884/1180/362
f 982/1278/363 679/975/363 889/1185/363 996/1292/363
f 831/1127/364 678/974/364 882/1178/364 881/1177/364
f 1057/1354/365 831/1127/365 881/1177/365 1067/1364/365
f 675/971/485 830/1126/485 1001/1297/485 1002/1298/485
f 677/973/501 981/1277/501 995/1291/501 887/1183/501
f 1058/1355/502 982/1278/502 996/1292/502 1068/1365/502
f 1113/1411/504 835/1131/504 1005/1302/504 1118/1416/504
f 1028/1325/505 676/972/505 1003/1299/505 1051/1348/505
f 975/1271/512 971/1267/512 1006/1303/512 1010/1307/512
f 1098/1396/513 1000/1296/513 1012/1309/513 1103/1401/513
f 1024/1321/514 675/971/514 1002/1298/514 1049/1346/514
f 676/972/515 980/1276/515 1003/1299/515
f 1138/1436/273 836/1132/273 1009/1306/273 1140/1438/273
f 1046/1343/516 976/1272/516 1011/1308/516 1052/1349/516
f 1079/1376/273 1059/1356/273 1236/1536/273 983/1279/273 1004/1301/273
f 1004/1301/273 983/1279/273 833/1129/273
f 833/1129/273 1208/1508/273 1018/1315/273 1023/1320/273 1004/1301/273
f 1155/1453/519 1221/1521/519 1017/1314/519 1022/1319/519 1158/1456/519
f 971/1267/521 1046/1343/521 1052/1349/521 1006/1303/521
f 835/1131/522 1024/1321/522 1049/1346/522 1005/1302/522
f 836/1132/526 1028/1325/526 1051/1348/526 1009/1306/526
f 837/1133/542 1025/1322/542 1041/1338/542 885/1181/542
f 679/975/543 1029/1326/543 1042/1339/543 889/1185/543
f 829/1125/259 1026/1323/259 1050/1347/259 1007/1304/259
f 1008/1305/273 839/1135/273 1231/1531/273 1059/1356/273 1079/1376/273
f 832/1128/551 1058/1355/551 1068/1365/551 883/1179/551
f 981/1277/566 1057/1354/566 1067/1364/566 995/1291/566
f 1000/1296/567 1070/1367/567 1077/1374/567 1012/1309/567
f 1115/1413/576 1098/1396/576 1103/1401/576 1119/1417/576
f 976/1272/504 1096/1394/504 1102/1400/504 1011/1308/504
f 980/1276/584 1115/1413/584 1119/1417/584 1003/1300/584
f 1096/1394/504 1113/1411/504 1118/1416/504 1102/1400/504
f 830/1126/595 1133/1431/595 1136/1434/595 1001/1297/595
f 1146/1444/273 1138/1436/273 1140/1438/273 1148/1446/273
f 1018/1315/273 1210/1510/273 1146/1444/273 1148/1446/273 1023/1320/273
f 1133/1431/601 1155/1453/601 1158/1456/601 1136/1434/601
usemtl Темное_мясо
f 813/1109/319 783/1079/319 779/1075/319 812/1108/319
f 801/1097/320 782/1078/320 785/1081/320 814/1110/320
f 810/1106/321 775/1071/321 777/1073/321 811/1107/321
f 812/1108/322 779/1075/322 775/1071/322 810/1106/322
f 811/1107/323 777/1073/323 782/1078/323 801/1097/323
f 778/1074/332 796/1092/332 798/1094/332 781/1077/332
f 780/1076/333 797/1093/333 795/1091/333 776/1072/333
f 776/1072/334 795/1091/334 796/1092/334 778/1074/334
f 781/1077/335 798/1094/335 800/1096/335 786/1082/335
f 784/1080/336 799/1095/336 797/1093/336 780/1076/336
f 798/1094/338 796/1092/338 818/1114/338 825/1121/338
f 813/1109/339 812/1108/339 819/1115/339 821/1117/339
f 800/1096/340 798/1094/340 825/1121/340 824/1120/340
f 811/1107/341 801/1097/341 826/1122/341 817/1113/341
f 801/1097/342 814/1110/342 823/1119/342 826/1122/342
f 812/1108/348 810/1106/348 815/1111/348 819/1115/348
f 799/1095/349 813/1109/349 821/1117/349 822/1118/349
f 797/1093/350 799/1095/350 822/1118/350 820/1116/350
f 795/1091/351 797/1093/351 820/1116/351 816/1112/351
f 810/1106/352 811/1107/352 817/1113/352 815/1111/352
f 814/1110/353 800/1096/353 824/1120/353 823/1119/353
f 796/1092/354 795/1091/354 816/1112/354 818/1114/354
f 890/1186/402 892/1188/402 850/1146/402 854/1150/402
f 893/1189/403 891/1187/403 855/1151/403 849/1145/403
f 998/1294/404 888/1184/404 853/1149/404 987/1283/404
f 891/1187/405 894/1190/405 851/1147/405 855/1151/405
f 1075/1372/406 893/1189/406 849/1145/406 1071/1368/406
f 1044/1341/407 890/1186/407 854/1150/407 1033/1330/407
f 896/1192/408 895/1191/408 847/1143/408 852/1148/408
f 1043/1340/409 896/1192/409 852/1148/409 1032/1329/409
f 1042/1339/410 886/1182/410 896/1192/410 1043/1340/410
f 882/1178/411 885/1181/411 894/1190/411 891/1187/411
f 884/1180/412 883/1179/412 892/1188/412 890/1186/412
f 1067/1364/413 881/1177/413 893/1189/413 1075/1372/413
f 881/1177/414 882/1178/414 891/1187/414 893/1189/414
f 1041/1338/415 884/1180/415 890/1186/415 1044/1341/415
f 996/1292/416 889/1185/416 888/1184/416 998/1294/416
f 886/1182/417 887/1183/417 895/1191/417 896/1192/417
f 1068/1365/487 996/1292/487 998/1294/487 1069/1366/487
f 887/1183/488 995/1291/488 997/1293/488 895/1191/488
f 895/1191/489 997/1293/489 986/1282/489 847/1143/489
f 1069/1366/490 998/1294/490 987/1283/490 1062/1359/490
f 1083/1381/506 1050/1347/506 1008/1305/506 1079/1376/506
f 1142/1440/507 1051/1348/507 1003/1299/507 1135/1433/507
f 1100/1398/508 1101/1399/508 1010/1307/508 1006/1303/508
f 1104/1402/509 1100/1398/509 1006/1303/509 1052/1349/509
f 1106/1404/510 1103/1401/510 1012/1309/510 1077/1374/510
f 1081/1379/511 1022/1319/511 1007/1304/511 1078/1375/511
f 1151/1449/517 1158/1456/517 1022/1319/517 1081/1379/517
f 1083/1381/518 1048/1345/518 1085/1383/518 1090/1388/518
f 1004/1301/520 1023/1320/520 1053/1350/520 1048/1345/520
f 1102/1400/523 1104/1402/523 1052/1349/523 1011/1308/523
f 1140/1438/524 1009/1306/524 1051/1348/524 1142/1440/524
f 1078/1375/525 1007/1304/525 1050/1347/525 1083/1381/525
f 885/1181/528 1041/1338/528 1044/1341/528 894/1190/528
f 889/1185/529 1042/1339/529 1043/1340/529 888/1184/529
f 888/1184/530 1043/1340/530 1032/1329/530 853/1149/530
f 894/1190/531 1044/1341/531 1033/1330/531 851/1147/531
f 1048/1345/545 1053/1350/545 1089/1387/545 1085/1383/545
f 1157/1455/546 1151/1449/546 1081/1379/546 1021/1318/546
f 1021/1318/547 1081/1379/547 1088/1386/547 1087/1385/547
f 1101/1399/548 1106/1404/548 1077/1374/548 1010/1307/548
f 1048/1345/549 1083/1381/549 1079/1376/549 1004/1301/549
f 892/1188/556 1069/1366/556 1062/1359/556 850/1146/556
f 883/1179/557 1068/1365/557 1069/1366/557 892/1188/557
f 995/1291/558 1067/1364/558 1075/1372/558 997/1293/558
f 997/1293/559 1075/1372/559 1071/1368/559 986/1282/559
f 1053/1350/571 1021/1318/571 1087/1385/571 1089/1387/571
f 1081/1379/572 1078/1375/572 1091/1389/572 1088/1386/572
f 1078/1375/573 1083/1381/573 1090/1388/573 1091/1389/573
f 1117/1415/574 1122/1420/574 1106/1404/574 1101/1399/574
f 1118/1416/575 1120/1418/575 1104/1402/575 1102/1400/575
f 1122/1420/577 1119/1417/577 1103/1401/577 1106/1404/577
f 1100/1398/578 1104/1402/578 1127/1425/578 1128/1426/578
f 1108/1406/579 1117/1415/579 1124/1422/579 1129/1427/579
f 1002/1298/581 1001/1297/581 1117/1415/581 1108/1406/581
f 1049/1346/582 1002/1298/582 1108/1406/582 1120/1418/582
f 1080/1378/583 1003/1300/583 1119/1417/583 1122/1420/583
f 1005/1302/585 1049/1346/585 1120/1418/585 1118/1416/585
f 1001/1297/586 1080/1378/586 1122/1420/586 1117/1415/586
f 1117/1415/589 1101/1399/589 1125/1423/589 1124/1422/589
f 1120/1418/590 1108/1406/590 1129/1427/590 1126/1424/590
f 1104/1402/591 1120/1418/591 1126/1424/591 1127/1425/591
f 1101/1399/592 1100/1398/592 1128/1426/592 1125/1423/592
f 1144/1442/593 1151/1449/593 1167/1467/593 1164/1464/593
f 1148/1446/594 1140/1438/594 1142/1440/594 1149/1447/594
f 1080/1377/596 1001/1297/596 1136/1434/596 1144/1442/596
f 1157/1455/597 1149/1447/597 1166/1466/597 1163/1463/597
f 1053/1350/598 1149/1447/598 1157/1455/598 1021/1318/598
f 1023/1320/599 1148/1446/599 1149/1447/599 1053/1350/599
f 1142/1440/600 1135/1433/600 1160/1458/600 1165/1465/600
f 1144/1442/602 1136/1434/602 1158/1456/602 1151/1449/602
f 1080/1377/606 1144/1442/606 1164/1464/606 1162/1461/606
f 1149/1447/607 1142/1440/607 1165/1465/607 1166/1466/607
f 1151/1449/608 1157/1455/608 1163/1463/608 1167/1467/608
f 1135/1433/609 1003/1299/609 1161/1459/609 1160/1458/609
f 1003/1300/610 1080/1378/610 1162/1462/610 1161/1460/610
usemtl Кожа.003
f 1054/1351/262 1027/1324/262 674/970/262 1217/1517/262 1015/1312/262
f 1206/1506/264 1203/1503/264 677/973/264 1202/1502/264
f 974/1270/265 973/1269/265 678/974/265 831/1127/265
f 1046/1343/266 971/1267/266 680/976/266 1025/1322/266
f 1020/1317/265 1014/1311/265 1209/1509/265 673/969/265 978/1274/265
f 722/1018/267 713/1009/267 1177/1477/267 687/983/267 701/997/267
f 1181/1481/265 1178/1478/265 723/1019/265 1176/1476/265
f 703/999/269 686/982/269 1173/1473/269 685/981/269 702/998/269
f 701/997/270 687/983/270 1176/1476/270 723/1019/270 724/1020/270 1171/1471/270
f 748/1044/271 708/1004/271 697/993/271 743/1039/271
f 724/1020/272 726/1022/272 689/985/272 683/979/272 1169/1469/272
f 712/1008/273 715/1011/273 690/986/273 682/978/273
f 703/999/274 705/1001/274 692/988/274 686/982/274
f 750/1046/276 718/1014/276 699/995/276 744/1040/276
f 747/1043/277 707/1003/277 700/996/277 745/1041/277
f 749/1045/278 717/1013/278 698/994/278 746/1042/278
f 904/1200/279 717/1013/279 697/993/279 898/1194/279
f 903/1199/280 718/1014/280 700/996/280 900/1196/280
f 901/1197/282 708/1004/282 699/995/282 899/1195/282
f 712/1008/273 711/1007/273 684/980/273 1168/1468/273 683/979/273
f 898/1194/282 697/993/282 708/1004/282 901/1197/282
f 900/1196/281 700/996/281 707/1003/281 902/1198/281
f 719/1015/275 721/1017/275 1199/1499/275 709/1005/275 694/990/275 1192/1492/275
f 682/978/274 690/986/274 705/1001/274 703/999/274
f 744/1040/271 699/995/271 708/1004/271 748/1044/271
f 711/1007/267 722/1018/267 701/997/267 1170/1470/267 684/980/267
f 693/989/275 1187/1487/275 710/1006/275 721/1017/275 719/1015/275
f 682/978/273 681/977/273 711/1007/273 712/1008/273
f 899/1195/284 699/995/284 718/1014/284 903/1199/284
f 897/1193/285 698/994/285 717/1013/285 904/1200/285
f 743/1039/278 697/993/278 717/1013/278 749/1045/278
f 745/1041/286 700/996/286 718/1014/286 750/1046/286
f 710/1006/275 695/991/275 720/1016/275 1200/1500/275 721/1017/275
f 683/979/273 689/985/273 715/1011/273 712/1008/273
f 686/982/287 692/988/287 728/1024/287 727/1023/287 1175/1475/287
f 702/998/267 685/981/267 1174/1474/267 713/1009/267 722/1018/267
f 688/984/288 704/1000/288 724/1020/288 723/1019/288
f 706/1002/289 725/1021/289 691/987/289 726/1022/289
f 704/1000/272 706/1002/272 726/1022/272 724/1020/272
f 714/1010/290 688/984/290 723/1019/290 1178/1478/290 727/1023/290
f 725/1021/291 716/1012/291 728/1024/291 691/987/291
f 716/1012/292 714/1010/292 727/1023/292 728/1024/292
f 689/985/300 735/1031/300 741/1037/300 715/1011/300
f 691/987/271 736/1032/271 740/1036/271 726/1022/271
f 690/986/277 738/1034/277 739/1035/277 705/1001/277
f 715/1011/300 741/1037/300 738/1034/300 690/986/300
f 705/1001/277 739/1035/277 737/1033/277 692/988/277
f 728/1024/301 742/1038/301 736/1032/301 691/987/301
f 726/1022/271 740/1036/271 735/1031/271 689/985/271
f 803/1099/277 746/1042/277 747/1043/277 804/1100/277
f 805/1101/278 749/1045/278 746/1042/278 803/1099/278 1185/1485/278
f 804/1100/277 747/1043/277 745/1041/277 802/1098/277
f 744/1040/302 748/1044/302 774/1070/302 773/1069/302
f 736/1032/302 742/1038/302 760/1056/302 752/1048/302
f 742/1038/302 737/1033/302 764/1060/302 760/1056/302
f 809/1105/300 757/1053/300 765/1061/300 807/1103/300
f 754/1050/309 767/1063/309 760/1056/309 764/1060/309
f 761/1057/310 758/1054/310 766/1062/310 768/1064/310
f 769/1065/311 770/1066/311 756/1052/311 752/1048/311
f 767/1063/312 769/1065/312 752/1048/312 760/1056/312
f 770/1066/313 761/1057/313 768/1064/313 756/1052/313
f 771/1067/314 753/1049/314 763/1059/314 759/1055/314
f 757/1053/315 772/1068/315 762/1058/315 765/1061/315
f 755/1051/316 751/1047/316 773/1069/316 774/1070/316
f 751/1047/317 771/1067/317 759/1055/317 773/1069/317
f 772/1068/318 755/1051/318 774/1070/318 762/1058/318
f 739/1035/277 789/1085/277 787/1083/277 737/1033/277
f 753/1049/308 808/1104/308 806/1102/308 763/1059/308
f 794/1090/300 809/1105/300 807/1103/300 792/1088/300
f 1013/1310/265 1016/1313/265 827/1123/265 1225/1525/265 670/966/265
f 1076/1373/265 974/1270/265 831/1127/265 1057/1354/265
f 971/1267/356 975/1271/356 832/1128/356 680/976/356
f 1132/1430/273 1133/1431/273 830/1126/273 675/971/273
f 1027/1324/357 1234/1534/357 1026/1323/357 829/1125/357 1216/1516/357 674/970/357
f 1246/1546/357 1242/1542/357 839/1135/357 1243/1543/357
f 973/1269/266 976/1272/266 837/1133/266 678/974/266
f 1045/1342/264 977/1273/264 1204/1504/264 838/1134/264 1029/1326/264
f 1131/1429/361 672/968/361 836/1132/361 1138/1436/361
f 1013/1310/262 670/966/262 1226/1526/262 834/1130/262 1019/1316/262
f 978/1274/357 673/969/357 1207/1507/357 833/1129/357 983/1279/357 1232/1532/357
f 719/1015/426 1194/1494/426 910/1206/426 911/1207/426 1189/1489/426 693/989/426
f 720/1016/427 909/1205/427 912/1208/427 696/992/427 1197/1497/427
f 709/1005/281 908/1204/281 905/1201/281 1193/1493/281 694/990/281
f 710/1006/428 1188/1488/428 907/1203/428 906/1202/428 695/991/428
f 696/992/281 912/1208/281 908/1204/281 709/1005/281 1198/1498/281
f 695/991/429 906/1202/429 909/1205/429 720/1016/429
f 1196/1496/430 1195/1495/430 910/1206/430 1194/1494/430
f 1105/1403/264 1097/1395/264 977/1273/264 1045/1342/264
f 1094/1392/266 1096/1394/266 976/1272/266 973/1269/266
f 1107/1405/265 1095/1393/265 974/1270/265 1076/1373/265
f 1095/1393/265 1094/1392/265 973/1269/265 974/1270/265
f 1240/1540/357 1232/1532/357 983/1279/357 1236/1536/357
f 1082/1380/265 1020/1317/265 978/1274/265 1235/1535/265 1055/1352/265
f 1150/1448/265 1147/1445/265 1020/1317/265 1082/1380/265
f 1152/1450/262 1013/1310/262 1019/1316/262 1156/1454/262
f 1224/1524/273 1218/1518/273 1017/1314/273 1219/1519/273
f 1152/1450/265 1145/1443/265 1016/1313/265 1013/1310/265
f 1147/1445/265 1153/1451/265 1212/1512/265 1014/1311/265 1020/1317/265
f 1156/1454/262 1019/1316/262 1054/1351/262 1159/1457/262
f 1239/1539/357 1233/1533/357 1026/1323/357 1234/1534/357
f 976/1272/266 1046/1343/266 1025/1322/266 837/1133/266
f 1019/1316/262 834/1130/262 1228/1528/262 1027/1324/262 1054/1351/262
f 1145/1443/265 1150/1448/265 1082/1380/265 1016/1313/265
f 975/1271/550 1070/1367/550 1058/1355/550 832/1128/550
f 1238/1538/357 1237/1537/357 1059/1356/357 1231/1531/357
f 1099/1397/265 1107/1405/265 1076/1373/265 999/1295/265
f 1116/1414/265 1123/1421/265 1107/1405/265 1099/1397/265
f 1109/1407/264 1121/1419/264 1105/1403/264 1092/1390/264
f 1110/1408/265 1116/1414/265 1099/1397/265 1093/1391/265
f 1115/1413/486 1109/1407/486 1092/1390/486 1098/1396/486
f 1114/1412/264 1110/1408/264 1093/1391/264 1097/1395/264
f 1112/1410/265 1111/1409/265 1094/1392/265 1095/1393/265
f 1123/1421/265 1112/1410/265 1095/1393/265 1107/1405/265
f 1111/1409/266 1113/1411/266 1096/1394/266 1094/1392/266
f 1121/1419/264 1114/1412/264 1097/1395/264 1105/1403/264
f 1028/1325/264 836/1132/264 1114/1412/264 1121/1419/264
f 671/967/266 835/1131/266 1113/1411/266 1111/1409/266
f 1056/1353/265 828/1124/265 1112/1410/265 1123/1421/265
f 828/1124/265 671/967/265 1111/1409/265 1112/1410/265
f 836/1132/264 672/968/264 1110/1408/264 1114/1412/264
f 980/1276/580 676/972/580 1109/1407/580 1115/1413/580
f 672/968/265 979/1275/265 1116/1414/265 1110/1408/265
f 676/972/264 1028/1325/264 1121/1419/264 1109/1407/264
f 979/1275/265 1056/1353/265 1123/1421/265 1116/1414/265
f 828/1124/265 1056/1353/265 1143/1441/265 1137/1435/265
f 835/1131/262 1134/1432/262 1141/1439/262 1024/1321/262
f 1024/1321/262 1141/1439/262 1132/1430/262 675/971/262
f 979/1275/265 672/968/265 1131/1429/265 1139/1437/265
f 671/967/265 828/1124/265 1137/1435/265 1130/1428/265
f 671/967/262 1130/1428/262 1134/1432/262 835/1131/262
f 1056/1353/265 979/1275/265 1139/1437/265 1143/1441/265
f 1153/1451/361 1131/1429/361 1138/1436/361 1146/1444/361 1213/1513/361
f 1154/1452/273 1222/1522/273 1155/1453/273 1133/1431/273 1132/1430/273
f 1223/1523/273 1221/1521/273 1155/1453/273 1222/1522/273
f 1214/1514/361 1213/1513/361 1146/1444/361 1210/1510/361
f 1137/1435/265 1143/1441/265 1150/1448/265 1145/1443/265
f 1134/1432/262 1156/1454/262 1159/1457/262 1141/1439/262
f 1141/1439/262 1159/1457/262 1154/1452/262 1132/1430/262
f 1139/1437/265 1131/1429/265 1153/1451/265 1147/1445/265
f 1130/1428/265 1137/1435/265 1145/1443/265 1152/1450/265
f 1143/1441/265 1139/1437/265 1147/1445/265 1150/1448/265
f 1170/1470/270 701/997/270 1171/1471/270 1172/1472/270
f 685/981/265 1173/1473/265 1180/1480/265 1174/1474/265
f 1179/1479/265 727/1023/265 1178/1478/265 1181/1481/265
f 790/1086/300 1183/1483/300 1186/1486/300 1184/1484/300
f 1183/1483/300 805/1101/300 1185/1485/300 1186/1486/300
f 1187/1487/428 1191/1491/428 1188/1488/428 710/1006/428
f 1193/1493/613 905/1201/613 1195/1495/613 1196/1496/613
f 721/1017/275 1200/1500/275 1201/1501/275 1199/1499/275
f 1200/1500/275 720/1016/275 1197/1497/275 1201/1501/275
f 1204/1504/264 1206/1506/264 1202/1502/264 838/1134/264
f 977/1273/264 1205/1505/264 1206/1506/264 1204/1504/264
f 1211/1511/361 1214/1514/361 1210/1510/361 1018/1315/361
f 1212/1512/361 1153/1451/361 1213/1513/361 1214/1514/361
f 1220/1520/273 1223/1523/273 1222/1522/273 1154/1452/273
f 1219/1519/273 1017/1314/273 1221/1521/273 1223/1523/273
f 1229/1529/357 1238/1538/357 1231/1531/357 839/1135/357 1242/1542/357
f 1228/1528/357 1239/1539/357 1234/1534/357 1027/1324/357
f 1230/1530/357 1243/1543/357 839/1135/357 1233/1533/357 1239/1539/357
f 1237/1537/357 1240/1540/357 1236/1536/357 1059/1356/357
f 1235/1535/357 978/1274/357 1232/1532/357 1240/1540/357
usemtl Тёмная_кожа
f 1000/1296/261 970/1266/261 679/975/261 982/1278/261
f 1201/1501/275 1197/1497/275 696/992/275 1198/1498/275
f 902/1198/281 707/1003/281 698/994/281 897/1193/281
f 746/1042/277 698/994/277 707/1003/277 747/1043/277
f 1172/1472/270 1171/1471/270 724/1020/270 1169/1469/270
f 682/978/269 703/999/269 702/998/269 681/977/269
f 681/977/267 702/998/267 722/1018/267 711/1007/267
f 1180/1480/265 1175/1475/265 727/1023/265 1179/1479/265
f 692/988/299 737/1033/299 742/1038/299 728/1024/299
f 790/1086/302 741/1037/302 766/1062/302 792/1088/302
f 793/1089/308 754/1050/308 764/1060/308 791/1087/308
f 758/1054/300 794/1090/300 792/1088/300 766/1062/300
f 808/1104/308 793/1089/308 791/1087/308 806/1102/308
f 741/1037/300 790/1086/300 1184/1484/300 788/1084/300 738/1034/300
f 738/1034/277 788/1084/277 789/1085/277 739/1035/277
f 789/1085/277 804/1100/277 802/1098/277 787/1083/277
f 1186/1486/300 1185/1485/300 803/1099/300 1182/1482/300
f 788/1084/277 1182/1482/277 803/1099/277 804/1100/277 789/1085/277
f 1191/1491/428 1190/1490/428 907/1203/428 1188/1488/428
f 1097/1395/264 1093/1391/264 972/1268/264 1205/1505/264 977/1273/264
f 1098/1396/486 1092/1390/486 970/1266/486 1000/1296/486
f 1093/1391/265 1099/1397/265 999/1295/265 972/1268/265
f 972/1268/265 999/1295/265 981/1277/265 677/973/265 1203/1503/265
f 1070/1367/503 1000/1296/503 982/1278/503 1058/1355/503
f 1215/1515/361 1211/1511/361 1018/1315/361 1208/1508/361
f 1159/1457/262 1054/1351/262 1015/1312/262 1220/1520/262 1154/1452/262
f 1092/1390/264 1105/1403/264 1045/1342/264 970/1266/264
f 970/1266/264 1045/1342/264 1029/1326/264 679/975/264
f 1016/1313/265 1082/1380/265 1055/1352/265 1227/1527/265 827/1123/265
f 999/1295/265 1076/1373/265 1057/1354/265 981/1277/265
f 1130/1428/262 1152/1450/262 1156/1454/262 1134/1432/262
f 1168/1468/270 1172/1472/270 1169/1469/270 683/979/270
f 684/980/270 1170/1470/270 1172/1472/270 1168/1468/270
f 1174/1474/265 1180/1480/265 1179/1479/265 713/1009/265
f 1173/1473/265 686/982/265 1175/1475/265 1180/1480/265
f 1177/1477/265 1181/1481/265 1176/1476/265 687/983/265
f 713/1009/265 1179/1479/265 1181/1481/265 1177/1477/265
f 1184/1484/300 1186/1486/300 1182/1482/300 788/1084/300
f 693/989/428 1189/1489/428 1191/1491/428 1187/1487/428
f 1189/1489/428 911/1207/428 1190/1490/428 1191/1491/428
f 1192/1492/611 1196/1496/611 1194/1494/611 719/1015/611
f 694/990/612 1193/1493/612 1196/1496/612 1192/1492/612
f 1199/1499/275 1201/1501/275 1198/1498/275 709/1005/275
f 1205/1505/264 972/1268/264 1203/1503/264 1206/1506/264
f 1014/1311/361 1212/1512/361 1214/1514/361 1211/1511/361
f 1207/1507/361 1215/1515/361 1208/1508/361 833/1129/361
f 673/969/361 1209/1509/361 1215/1515/361 1207/1507/361
f 1209/1509/361 1014/1311/361 1211/1511/361 1215/1515/361
f 1015/1312/273 1219/1519/273 1223/1523/273 1220/1520/273
f 1217/1517/273 1224/1524/273 1219/1519/273 1015/1312/273
f 674/970/273 1216/1516/273 1224/1524/273 1217/1517/273
f 1216/1516/273 829/1125/273 1218/1518/273 1224/1524/273
f 827/1123/357 1227/1527/357 1238/1538/357 1229/1529/357
f 1227/1527/357 1055/1352/357 1237/1537/357 1238/1538/357
f 834/1130/357 1230/1530/357 1239/1539/357 1228/1528/357
f 1055/1352/357 1235/1535/357 1240/1540/357 1237/1537/357
f 1226/1526/357 1241/1541/357 1244/1544/357 1230/1530/357 834/1130/357
f 670/966/357 1225/1525/357 1241/1541/357 1226/1526/357
f 1225/1525/357 827/1123/357 1229/1529/357 1245/1545/357 1241/1541/357
f 1244/1544/357 1246/1546/357 1243/1543/357 1230/1530/357
f 1241/1541/357 1245/1545/357 1246/1546/357 1244/1544/357
f 1245/1545/357 1229/1529/357 1242/1542/357 1246/1546/357
usemtl Material.004
f 907/1203/418 1190/1490/418 911/1207/418 913/1209/418 934/1230/418 925/1221/418
f 902/1198/419 897/1193/419 917/1213/419 921/1217/419
f 906/1202/420 907/1203/420 925/1221/420 933/1229/420 924/1220/420
f 901/1197/421 899/1195/421 919/1215/421 931/1227/421 922/1218/421
f 905/1201/422 908/1204/422 926/1222/422 923/1219/422
f 898/1194/423 901/1197/423 922/1218/423 930/1226/423 914/1210/423
f 912/1208/424 909/1205/424 927/1223/424 915/1211/424
f 900/1196/425 902/1198/425 921/1217/425 916/1212/425
f 923/1219/431 917/1213/431 918/1214/431 928/1224/431
f 924/1220/432 932/1228/432 919/1215/432 920/1216/432 927/1223/432
f 915/1211/433 916/1212/433 921/1217/433 926/1222/433
f 935/1231/434 931/1227/434 919/1215/434 932/1228/434
f 926/1222/435 921/1217/435 917/1213/435 923/1219/435
f 927/1223/436 920/1216/436 916/1212/436 915/1211/436
f 928/1224/437 918/1214/437 914/1210/437 929/1225/437 913/1209/437
f 903/1199/438 900/1196/438 916/1212/438 920/1216/438
f 908/1204/439 912/1208/439 915/1211/439 926/1222/439
f 904/1200/440 898/1194/440 914/1210/440 918/1214/440
f 909/1205/441 906/1202/441 924/1220/441 927/1223/441
f 897/1193/442 904/1200/442 918/1214/442 917/1213/442
f 910/1206/443 1195/1495/443 905/1201/443 923/1219/443 928/1224/443
f 899/1195/444 903/1199/444 920/1216/444 919/1215/444
f 911/1207/445 910/1206/445 928/1224/445 913/1209/445
f 933/1229/446 935/1231/446 932/1228/446 924/1220/446
f 913/1209/447 929/1225/447 936/1232/447 934/1230/447
f 929/1225/448 914/1210/448 930/1226/448 936/1232/448
f 925/1221/449 934/1230/449 940/1236/449 941/1237/449
f 931/1227/450 935/1231/450 947/1243/450 942/1238/450
f 936/1232/451 930/1226/451 937/1233/451 943/1239/451
f 933/1229/452 925/1221/452 941/1237/452 945/1241/452
f 935/1231/453 933/1229/453 945/1241/453 947/1243/453
f 922/1218/454 931/1227/454 942/1238/454 938/1234/454
f 934/1230/455 936/1232/455 943/1239/455 940/1236/455
f 930/1226/456 922/1218/456 938/1234/456 937/1233/456
f 947/1243/457 945/1241/457 958/1254/457 952/1248/457
f 938/1234/458 942/1238/458 957/1253/458 954/1250/458
f 940/1236/459 943/1239/459 960/1256/459 955/1251/459
f 937/1233/460 938/1234/460 954/1250/460 953/1249/460
f 956/1252/461 939/1235/461 967/1263/461 962/1258/461
f 951/1247/462 956/1252/462 962/1258/462 969/1265/462
f 950/1246/463 959/1255/463 964/1260/463 968/1264/463
f 944/1240/464 946/1242/464 966/1262/464 965/1261/464
f 945/1241/465 941/1237/465 949/1245/465 958/1254/465
f 943/1239/466 937/1233/466 953/1249/466 960/1256/466
f 942/1238/467 947/1243/467 952/1248/467 957/1253/467
f 941/1237/468 940/1236/468 955/1251/468 949/1245/468
f 948/1244/469 946/1242/469 953/1249/469 954/1250/469
f 939/1235/470 956/1252/470 949/1245/470 955/1251/470
f 950/1246/471 948/1244/471 954/1250/471 957/1253/471
f 956/1252/472 951/1247/472 958/1254/472 949/1245/472
f 951/1247/473 959/1255/473 952/1248/473 958/1254/473
f 959/1255/474 950/1246/474 957/1253/474 952/1248/474
f 944/1240/475 939/1235/475 955/1251/475 960/1256/475
f 946/1242/476 944/1240/476 960/1256/476 953/1249/476
f 939/1235/481 944/1240/481 965/1261/481 967/1263/481
f 959/1255/482 951/1247/482 969/1265/482 964/1260/482
f 948/1244/483 950/1246/483 968/1264/483 963/1259/483
f 946/1242/484 948/1244/484 963/1259/484 966/1262/484
usemtl Material.008
f 965/1261/477 966/1262/477 963/1259/477 961/1257/477
f 962/1258/478 961/1257/478 964/1260/478 969/1265/478
f 961/1257/479 963/1259/479 968/1264/479 964/1260/479
f 967/1263/480 965/1261/480 961/1257/480 962/1258/480
o Head
v 0.000000 2.223820 0.443736
v 0.000000 2.114863 0.054983
v 0.000000 2.114863 0.242809
v 0.122492 2.114863 0.148896
v -0.122492 2.114863 0.148896
v -0.122492 2.114863 0.242809
v -0.122492 2.114863 0.054983
v 0.122492 2.114863 0.242809
v 0.122492 2.114863 0.054983
v 0.000000 2.196269 0.242809
v 0.122492 2.196269 0.148896
v -0.122492 2.196269 0.148896
v 0.000000 2.196269 0.054983
v -0.122492 2.196269 0.242809
v -0.122492 2.196269 0.054983
v 0.122492 2.196269 0.242809
v 0.122492 2.196269 0.054983
v 0.359389 2.201127 0.148896
v -0.358064 2.201127 0.148896
v 0.000000 2.201127 -0.145944
v -0.358064 2.201127 0.443736
v -0.358064 2.201127 -0.145944
v 0.359389 2.201127 0.443736
v 0.359389 2.201127 -0.145944
v -0.122492 2.114863 0.115220
v 0.122492 2.114863 0.115220
v -0.122492 2.196269 0.115220
v 0.122492 2.196269 0.115220
v -0.358064 2.201127 0.043171
v 0.359389 2.201127 0.043171
v -0.122492 2.114863 0.186367
v 0.122492 2.114863 0.186367
v -0.122492 2.196269 0.186367
v 0.122492 2.196269 0.186367
v -0.358064 2.201127 0.266534
v 0.359389 2.201127 0.266534
v -0.358064 2.730321 0.443736
v 0.000000 2.730321 0.443736
v 0.359389 2.730321 0.443736
v -0.358064 2.730321 0.266534
v 0.359389 2.730321 0.266534
v -0.358064 2.581186 0.443736
v 0.359389 2.553439 0.121149
v 0.000000 2.581186 0.443736
v 0.359389 2.581186 0.443736
v -0.358064 2.553439 0.121149
v -0.358064 2.553439 0.070918
v 0.359389 2.553439 0.070918
v -0.358064 2.581186 0.266534
v 0.359389 2.581186 0.266534
v -0.358064 2.520333 0.443736
v 0.359389 2.520333 0.121149
v 0.000000 2.520333 0.443736
v 0.359389 2.520333 0.443736
v -0.358064 2.520333 0.121149
v -0.358064 2.520333 0.070918
v 0.359389 2.520333 0.070918
v -0.358064 2.520333 0.266534
v 0.359389 2.520333 0.266534
v -0.358064 2.384938 0.443736
v 0.359389 2.412684 0.121149
v 0.000000 2.372177 0.443736
v 0.359389 2.384938 0.443736
v -0.358064 2.412684 0.121149
v -0.358064 2.412684 0.070918
v 0.359389 2.412684 0.070918
v -0.358064 2.384938 0.266534
v 0.359389 2.384938 0.266534
v -0.358064 2.290827 0.443736
v 0.000000 2.290827 -0.145944
v 0.358283 2.294246 -0.144962
v 0.359389 2.290827 0.148896
v -0.358064 2.290827 -0.145944
v 0.359389 2.290827 0.443736
v -0.358064 2.290827 0.148896
v -0.358064 2.290827 0.043171
v 0.362521 2.293065 0.043068
v -0.358064 2.290827 0.266534
v 0.359389 2.290827 0.266534
v -0.000009 2.797853 0.466246
v 0.377041 2.797853 0.461317
v -0.380642 2.797853 0.149850
v -0.375712 2.797853 0.461317
v -0.000009 2.731448 0.466246
v -0.000009 2.797853 -0.166546
v 0.377041 2.731448 0.461317
v -0.380642 2.731448 0.149850
v 0.381971 2.797853 0.149850
v 0.381971 2.797853 0.269374
v 0.381971 2.797853 0.042431
v -0.380642 2.797853 0.269374
v -0.380642 2.797853 0.042431
v -0.380642 2.731448 0.042431
v 0.381971 2.731448 0.042431
v -0.380642 2.731448 0.269374
v 0.381971 2.731448 0.269374
v -0.375712 2.731448 0.461317
v -0.000009 2.731448 -0.166546
v 0.381971 2.731448 0.149850
v -0.380642 2.579923 0.149850
v -0.380642 2.579923 0.042431
v 0.381971 2.579923 0.042431
v -0.380642 2.579923 0.269374
v 0.381971 2.579923 0.269374
v -0.000009 2.579923 -0.166546
v 0.381971 2.579923 0.149850
v -0.380642 2.518095 0.149850
v -0.380642 2.518095 0.042431
v 0.381971 2.518095 0.042431
v -0.380642 2.518095 0.269374
v 0.381971 2.518095 0.269374
v 0.013241 2.540178 -0.166546
v 0.381971 2.518095 0.149850
v -0.380642 2.380529 0.042431
v 0.381971 2.380529 0.042431
v -0.000009 2.380529 -0.166546
v -0.023714 2.842948 0.437479
v -0.000009 2.818911 0.463920
v 0.023697 2.842949 0.437480
v -0.350076 2.840690 -0.135864
v 0.023696 2.847098 0.245668
v -0.023713 2.847097 0.245668
v -0.023713 2.846489 0.293072
v 0.023696 2.846490 0.293072
v -0.023713 2.847097 0.173557
v 0.023696 2.847098 0.173557
v 0.023696 2.847098 0.126144
v -0.023713 2.847097 0.126144
v 0.353337 2.842788 0.173557
v 0.379644 2.818917 0.149850
v 0.353337 2.842788 0.126144
v -0.352008 2.842790 0.126144
v -0.378315 2.818917 0.149850
v -0.352008 2.842790 0.173557
v -0.023713 2.846525 0.018731
v -0.023713 2.847097 0.066137
v 0.023696 2.847098 0.066137
v 0.023837 2.846526 -0.001961
v 0.014392 2.842913 -0.137778
v -0.000009 2.818912 -0.164219
v -0.023714 2.842912 -0.137778
v -0.352008 2.842790 0.245668
v -0.378315 2.818917 0.269374
v -0.351734 2.842517 0.293079
v -0.350092 2.840706 0.435565
v -0.374747 2.816608 0.460352
v -0.351750 2.842533 0.018726
v -0.378315 2.818917 0.042431
v -0.352008 2.842790 0.066137
v 0.376076 2.816608 0.460352
v 0.351421 2.840706 0.435564
v 0.353063 2.842516 0.293079
v 0.379644 2.818917 0.269374
v 0.353337 2.842788 0.245668
v 0.353337 2.842788 0.066137
v 0.379644 2.818917 0.042431
v -0.376175 2.797853 -0.142480
v -0.356572 2.797853 -0.161867
v -0.356573 2.731448 -0.161867
v -0.376174 2.731448 -0.142481
v -0.356574 2.579923 -0.161867
v -0.376174 2.579923 -0.142482
v 0.374532 2.579923 -0.129119
v -0.356575 2.518095 -0.161867
v -0.376174 2.518095 -0.142482
v 0.377504 2.518095 -0.142482
v 0.357904 2.518095 -0.161866
v -0.356575 2.380529 -0.161867
v -0.376174 2.380529 -0.142483
v 0.377504 2.380529 -0.142483
v 0.357904 2.380529 -0.161866
v -0.356575 2.307147 -0.161867
v -0.376174 2.307147 -0.142483
v -0.380642 2.307147 0.042431
v 0.381971 2.307147 0.042431
v -0.000009 2.307147 -0.166546
v 0.377503 2.307147 -0.142483
v 0.357904 2.307147 -0.161866
v -0.355599 2.816726 -0.160833
v -0.375084 2.816826 -0.141500
v -0.363629 2.827461 -0.149480
v -0.358064 2.520333 0.148896
v -0.358064 2.581186 0.148896
v -0.358064 2.520333 0.043171
v -0.358064 2.581186 0.043171
v 0.359389 2.520333 0.043171
v 0.359389 2.581186 0.043171
v 0.359389 2.581186 0.148896
v 0.359389 2.520333 0.148896
v -0.358064 2.384938 0.148896
v -0.358064 2.384938 0.043171
v 0.359389 2.384938 0.043171
v 0.359389 2.384938 0.148896
v 0.382489 2.527944 0.063225
v 0.382489 2.527944 0.128841
v -0.381164 2.527403 0.128295
v -0.381164 2.527403 0.063772
v -0.381164 2.569928 0.128295
v -0.381164 2.569928 0.063772
v 0.382489 2.571189 0.063225
v 0.382489 2.571189 0.128841
v -0.381164 2.389125 0.128295
v -0.381164 2.389125 0.063772
v 0.382489 2.387324 0.063225
v 0.382489 2.387324 0.128841
v 0.400515 2.569919 0.127582
v 0.382489 2.581404 0.139057
v 0.382489 2.527944 0.140047
v 0.399056 2.527938 0.127651
v 0.382489 2.527944 0.048778
v 0.382489 2.581404 0.053010
v 0.382489 2.377109 0.053010
v 0.382489 2.377109 0.139057
v 0.399056 2.527944 0.053010
v 0.400515 2.569919 0.065650
v 0.400734 2.388599 0.064380
v 0.400734 2.388599 0.127572
v 0.399044 2.527661 0.062630
v 0.400849 2.579530 0.056695
v 0.400849 2.579530 0.137182
v 0.399056 2.527944 0.137268
v 0.400849 2.378983 0.054884
v 0.400849 2.378983 0.137182
v 0.389419 2.527862 0.062632
v 0.389432 2.528139 0.127653
v 0.390325 2.553832 0.080826
v 0.390324 2.553832 0.111312
v 0.390914 2.405096 0.080476
v 0.390910 2.405096 0.111284
v 0.389399 2.527383 0.078937
v 0.390891 2.570119 0.065651
v 0.390891 2.570119 0.127583
v 0.389430 2.528130 0.111355
v 0.391109 2.388799 0.064382
v 0.391109 2.388799 0.127573
v 0.382213 2.527465 0.078939
v 0.382244 2.528211 0.111357
v 0.383139 2.553913 0.080829
v 0.383138 2.553913 0.111315
v 0.383728 2.405177 0.080478
v 0.383724 2.405177 0.111287
v -0.381164 2.527403 0.144095
v -0.381164 2.584725 0.143092
v -0.381164 2.527403 0.044768
v -0.381164 2.584725 0.048975
v -0.381164 2.374329 0.143092
v -0.381164 2.374329 0.048975
v -0.398387 2.527403 0.137966
v -0.398387 2.527403 0.050897
v -0.399729 2.570482 0.128323
v -0.399729 2.570482 0.063058
v -0.399957 2.388577 0.128657
v -0.399957 2.388577 0.063163
v -0.398396 2.527565 0.126428
v -0.400088 2.582010 0.140377
v -0.398384 2.527350 0.062431
v -0.400088 2.582010 0.051690
v -0.400088 2.377044 0.140377
v -0.400088 2.377044 0.051690
v -0.385941 2.527689 0.126429
v -0.385929 2.527473 0.062432
v -0.386820 2.553316 0.112424
v -0.386821 2.553316 0.078092
v -0.387308 2.407537 0.113138
v -0.387311 2.407537 0.078318
v -0.385987 2.526337 0.111233
v -0.387274 2.570605 0.128324
v -0.385964 2.525877 0.077693
v -0.387274 2.570605 0.063059
v -0.387503 2.388700 0.128657
v -0.387503 2.388700 0.063164
v -0.378751 2.526409 0.111235
v -0.378727 2.525949 0.077695
v -0.379584 2.553388 0.112426
v -0.379585 2.553388 0.078094
v -0.380072 2.407608 0.113139
v -0.380075 2.407608 0.078319
v 0.045759 2.114863 0.242809
v 0.045759 2.196269 0.242809
v 0.081562 2.242435 0.425916
v 0.134256 2.730321 0.443736
v 0.134256 2.581186 0.443736
v 0.134256 2.520333 0.443736
v 0.076052 2.332231 0.425916
v 0.134256 2.290827 0.443736
v 0.140845 2.797853 0.464405
v 0.140845 2.731448 0.464405
v 0.146839 2.845488 0.126144
v 0.146839 2.845488 0.173557
v 0.146125 2.842111 0.436764
v 0.140485 2.818051 0.462587
v 0.135497 2.845034 0.032531
v 0.169099 2.845488 0.089456
v 0.146839 2.845488 0.245668
v 0.146737 2.845005 0.293075
v 0.040040 2.114863 0.054983
v 0.040040 2.196269 0.054983
v 0.146537 2.201127 -0.145944
v 0.146040 2.292364 -0.145502
v 0.145865 2.307147 -0.164442
v 0.142184 2.516623 -0.164442
v 0.167948 2.371696 -0.164442
v 0.361244 2.731441 0.011967
v 0.361184 2.796844 0.011939
v 0.030670 2.796813 -0.145892
v 0.030653 2.731444 -0.145806
v 0.361173 2.621614 0.002767
v 0.030653 2.579923 -0.145806
v 0.052735 2.564387 -0.145806
v 0.030210 2.817924 -0.136938
v 0.030755 2.804878 -0.142354
v 0.337172 2.832808 0.035331
v 0.351321 2.818137 0.011927
v 0.052568 2.825582 -0.011828
v 0.177449 2.824184 -0.011962
v 0.177506 2.824928 0.035335
v 0.352462 2.602911 -0.127169
v 0.360109 2.579923 -0.135770
v 0.351389 2.581015 -0.145948
v 0.325553 2.411486 -0.141986
v 0.176555 2.549052 -0.143819
v 0.181723 2.424000 -0.143891
v 0.361682 2.731448 0.042921
v 0.361700 2.796985 0.042892
v -0.000284 2.796852 -0.146277
v -0.000301 2.731448 -0.146252
v -0.000301 2.579923 -0.146252
v 0.012948 2.540178 -0.146252
v 0.014179 2.824635 -0.128959
v -0.000261 2.811548 -0.145309
v 0.347603 2.823321 0.066301
v 0.362041 2.808822 0.042783
v 0.023643 2.826236 -0.001534
v 0.135283 2.824742 0.032829
v 0.168843 2.825195 0.089609
v 0.363232 2.518494 -0.139836
v 0.352644 2.518095 -0.148416
v 0.357658 2.380529 -0.141572
v 0.141922 2.516623 -0.144148
v 0.167701 2.371696 -0.144148
v 0.328740 2.802827 0.040030
v 0.326563 2.800585 0.012089
v 0.144625 2.799300 -0.115707
v 0.332140 2.804811 -0.125531
v 0.330969 2.794698 -0.122768
v 0.329138 2.732361 -0.128425
v 0.330384 2.604053 -0.125729
v 0.326753 2.547248 -0.112724
v 0.145299 2.731457 -0.113802
v 0.030211 2.731456 -0.115461
v 0.145074 2.776165 -0.113912
v 0.331157 2.792439 0.012061
v 0.330951 2.732581 0.013387
v 0.145263 2.598682 -0.113802
v 0.030222 2.597366 -0.115461
v 0.042247 2.802478 -0.113810
v 0.177591 2.793888 -0.010182
v 0.037380 2.780587 -0.115930
v 0.176263 2.549316 -0.113473
v 0.331002 2.623897 0.005122
v 0.052311 2.564336 -0.115461
v 0.053068 2.795254 -0.010840
v 0.177736 2.794945 0.040023
v 0.325208 2.411517 -0.111639
v 0.181378 2.424030 -0.113544
v 0.346658 2.600782 -0.139474
v 0.325553 2.519531 -0.141986
v 0.325553 2.579030 -0.148745
v 0.322602 2.604053 -0.144034
v 0.039813 2.791533 -0.114870
v 0.330053 2.763529 -0.125597
v 0.328568 2.575650 -0.119226
v 0.331555 2.799754 -0.124150
v 0.087755 2.731457 -0.114631
v 0.331063 2.793568 -0.055353
v 0.329352 2.802698 -0.056721
v 0.330044 2.732471 -0.057519
v 0.087742 2.598024 -0.114631
v 0.093436 2.800889 -0.114759
v 0.161108 2.796594 -0.062945
v 0.091227 2.778377 -0.114921
v 0.237823 2.601367 -0.119765
v 0.251508 2.548282 -0.113099
v 0.160763 2.573999 -0.113638
v 0.145187 2.753811 -0.113857
v 0.145281 2.665070 -0.113802
v 0.331054 2.762510 0.012724
v 0.033795 2.756022 -0.115695
v 0.330977 2.672872 0.013855
v 0.030216 2.664411 -0.115461
v 0.030225 2.573184 -0.115461
v 0.327652 2.801706 0.026060
v 0.047657 2.798866 -0.062325
v 0.115329 2.794571 -0.010511
v 0.253238 2.798886 0.040026
v 0.144850 2.787733 -0.114809
v 0.328860 2.796512 0.012075
v 0.325980 2.479383 -0.112182
v 0.103246 2.549159 -0.114467
v 0.177664 2.794416 0.014920
v 0.250717 2.411517 -0.112592
v 0.176244 2.480416 -0.113509
v 0.329761 2.668207 -0.127077
v 0.237218 2.731909 -0.121113
v 0.238383 2.802056 -0.120619
v 0.252077 2.797237 0.000954
v 0.238021 2.785431 -0.118340
v 0.330693 2.608608 -0.055703
v 0.330369 2.670539 -0.056611
v 0.237620 2.758670 -0.119727
v 0.238202 2.793744 -0.119480
v 0.245230 2.799646 -0.059833
v 0.252658 2.798061 0.020490
v 0.237521 2.666638 -0.120439
v 0.244666 2.574825 -0.116432
v 0.251112 2.479899 -0.112845
v 0.095494 2.573591 -0.114549
v 0.089491 2.754917 -0.114776
v 0.092331 2.789633 -0.114840
v 0.330207 2.798133 -0.056037
v 0.087748 2.664740 -0.114631
v 0.104383 2.797730 -0.062635
v 0.330554 2.763020 -0.056436
v 0.145187 2.758657 -0.119978
v 0.145074 2.781012 -0.120033
v 0.144850 2.792579 -0.120931
v 0.144625 2.804146 -0.121828
v 0.238383 2.806902 -0.126740
v 0.238021 2.790277 -0.124461
v 0.161108 2.801440 -0.069066
v 0.237620 2.763516 -0.125848
v 0.238202 2.798590 -0.125601
v 0.245230 2.804492 -0.065954
v 0.177109 2.806376 0.014566
v 0.177182 2.806904 0.039669
v 0.251522 2.809196 0.000599
v 0.177036 2.805848 -0.010537
v 0.252684 2.810845 0.039672
v 0.252103 2.810021 0.020136
v 0.333516 2.810590 -0.056476
v 0.330727 2.808477 0.012334
v 0.335218 2.770402 0.012969
v 0.335321 2.800331 0.012306
v 0.333024 2.804404 0.012320
v 0.335227 2.801460 -0.055109
v 0.256241 2.805129 0.001198
v 0.249394 2.807538 -0.059588
v 0.334371 2.806025 -0.055792
v 0.334718 2.770911 -0.056191
v 0.039874 2.792437 -0.132660
v 0.037588 2.781468 -0.133720
v 0.347861 2.763129 -0.125777
v 0.346945 2.731961 -0.128605
v 0.088012 2.731457 -0.132442
v 0.030467 2.731456 -0.133272
v 0.347855 2.732292 -0.057705
v 0.161380 2.814381 -0.062021
v 0.177862 2.811676 -0.011030
v 0.251452 2.547663 -0.130901
v 0.176233 2.548706 -0.131276
v 0.143936 2.664976 -0.131564
v 0.143955 2.731363 -0.131564
v 0.348789 2.672921 0.013663
v 0.348763 2.732630 0.013196
v 0.048119 2.816640 -0.061237
v 0.042449 2.814712 -0.126756
v 0.176367 2.480388 -0.131321
v 0.235874 2.731815 -0.138876
v 0.093706 2.815072 -0.125533
v 0.091435 2.779258 -0.132711
v 0.329178 2.603766 -0.143499
v 0.236618 2.601081 -0.137535
v 0.160841 2.573585 -0.131446
v 0.030473 2.664411 -0.133272
v 0.115601 2.812358 -0.009588
v 0.325400 2.411411 -0.129451
v 0.326173 2.479277 -0.129994
v 0.103491 2.549185 -0.132278
v 0.250909 2.411411 -0.130404
v 0.328555 2.667921 -0.144847
v 0.348181 2.670588 -0.056803
v 0.236246 2.666448 -0.138206
v 0.244394 2.573493 -0.134193
v 0.251270 2.479832 -0.130658
v 0.095739 2.573618 -0.132361
v 0.092366 2.790541 -0.132630
v 0.088005 2.664740 -0.132442
v 0.104749 2.815511 -0.061629
v 0.348361 2.762620 -0.056616
v -0.046088 2.114863 0.242809
v -0.046088 2.196269 0.242809
v -0.080825 2.272053 0.425916
v -0.134721 2.730321 0.443736
v -0.134721 2.581186 0.443736
v -0.134721 2.520333 0.443736
v -0.061392 2.327211 0.425916
v -0.116995 2.295793 0.443736
v -0.141367 2.797853 0.464392
v -0.141367 2.731448 0.464392
v -0.147234 2.845477 0.173557
v -0.147234 2.845477 0.126144
v -0.146514 2.842105 0.436759
v -0.141004 2.818044 0.462578
v -0.146508 2.842076 -0.137057
v -0.147137 2.845023 0.018729
v -0.147234 2.845477 0.066137
v -0.147234 2.845477 0.245668
v -0.147130 2.844994 0.293075
v 0.134256 2.201127 0.443736
v 0.000000 2.201127 0.443736
v 0.134256 2.384938 0.443736
v 0.000000 2.384938 0.443736
v 0.116530 2.295793 0.443736
v -0.134721 2.201127 0.443736
v -0.134721 2.384938 0.443736
v -0.134721 2.290827 0.443736
v 0.105488 2.215723 0.443736
v 0.000000 2.238295 0.425916
v 0.098863 2.356719 0.443736
v 0.000000 2.357702 0.425916
v 0.102054 2.295793 0.425916
v -0.103745 2.248111 0.443736
v -0.082398 2.351567 0.443736
v -0.102519 2.295793 0.425916
v 0.105488 2.215723 0.455006
v 0.000000 2.223820 0.455006
v 0.098863 2.356719 0.455006
v 0.000000 2.372177 0.455006
v 0.116530 2.295793 0.455006
v -0.103745 2.248111 0.455006
v -0.082398 2.351567 0.455006
v -0.116995 2.295793 0.455006
v 0.091013 2.230198 0.455006
v 0.000000 2.238295 0.455006
v 0.084388 2.342244 0.455006
v 0.000000 2.357702 0.455006
v 0.102054 2.295793 0.455006
v -0.089270 2.262586 0.455006
v -0.067923 2.337091 0.455006
v -0.102519 2.295793 0.455006
v 0.091013 2.230198 0.425916
v 0.002009 2.249513 0.425916
v 0.084388 2.342244 0.425916
v 0.000662 2.346040 0.425916
v 0.090349 2.294639 0.425916
v -0.089270 2.262586 0.425916
v -0.067923 2.337091 0.425916
v -0.089463 2.293702 0.425916
v 0.000000 2.277050 0.373254
v 0.000662 2.332264 0.373254
v 0.002009 2.235736 0.373254
v 0.090349 2.280862 0.373254
v -0.089463 2.279925 0.373254
v 0.081562 2.228659 0.373254
v 0.076052 2.318455 0.373254
v -0.080825 2.258276 0.373254
v -0.061392 2.313434 0.373254
v 0.000000 2.655753 0.443736
v -0.067361 2.730321 0.443736
v -0.067361 2.581186 0.443736
v -0.134721 2.655753 0.443736
v -0.067361 2.655753 0.443736
v -0.358064 2.245977 0.443736
v -0.246393 2.201127 0.443736
v -0.246393 2.290827 0.443736
v -0.134721 2.245977 0.443736
v -0.246393 2.245977 0.443736
v 0.359389 2.337882 0.443736
v 0.359389 2.337882 0.266534
v 0.359389 2.384938 0.355135
v 0.359389 2.245977 0.443736
v 0.359389 2.290827 0.355135
v 0.246823 2.201127 0.443736
v 0.246823 2.290827 0.443736
v 0.134256 2.245977 0.443736
v 0.246823 2.245977 0.443736
v 0.359389 2.337882 0.355135
v 0.359389 2.245977 0.148896
v 0.359389 2.201127 0.207715
v 0.359389 2.245977 0.266534
v 0.359389 2.290827 0.207715
v 0.359389 2.245977 0.207715
v -0.358064 2.201127 0.096033
v -0.358064 2.245977 0.148896
v -0.358064 2.245977 0.043171
v -0.358064 2.290827 0.096033
v -0.358064 2.245977 0.096033
v 0.359389 2.655753 0.443736
v 0.359389 2.655753 0.266534
v 0.359389 2.730321 0.355135
v 0.359389 2.581186 0.355135
v 0.359389 2.655753 0.355135
v -0.358064 2.655753 0.266534
v -0.358064 2.730321 0.355135
v -0.358064 2.655753 0.443736
v -0.358064 2.581186 0.355135
v -0.358064 2.655753 0.355135
vn -1.0000 -0.0000 -0.0000
vn -0.0000 -0.0000 -1.0000
vn 1.0000 -0.0000 -0.0000
vn -0.0206 -0.9998 -0.0000
vn -0.0000 -0.9997 0.0242
vn -0.0000 -0.9997 -0.0242
vn -0.0000 -0.0000 1.0000
vn 0.0205 -0.9998 -0.0000
vn 0.0555 -0.9985 0.0007
vn 0.1248 -0.0000 0.9922
vn -0.0986 -0.9951 -0.0000
vn -0.0328 -0.0000 0.9995
vn -0.1248 -0.0000 0.9922
vn 0.0328 -0.0000 0.9995
vn -0.0004 -0.9986 0.0521
vn 0.0559 -0.9984 -0.0000
vn -0.0100 0.7293 -0.6841
vn -0.3159 -0.0000 -0.9488
vn 0.0987 -0.9951 -0.0000
vn -0.0422 -0.0000 -0.9991
vn 0.0004 -0.9983 0.0586
vn 0.2955 -0.0000 -0.9553
vn -0.0558 -0.9984 -0.0000
vn -0.7393 -0.6734 -0.0000
vn -0.6093 0.7930 -0.0000
vn 0.0422 -0.0000 -0.9991
vn -0.0556 -0.9985 0.0007
vn -0.1745 -0.9526 0.2492
vn 0.9997 0.0168 0.0150
vn 0.9997 -0.0172 0.0146
vn 0.0015 0.0024 -1.0000
vn -0.9307 -0.3540 0.0926
vn 0.9999 -0.0109 -0.0113
vn -0.0131 -0.0000 -0.9999
vn -0.9963 0.0829 0.0226
vn 0.0095 0.9997 0.0223
vn -0.0131 0.9999 -0.0000
vn 0.0118 0.9999 0.0027
vn 0.0131 0.9999 -0.0000
vn 0.9963 0.0829 0.0226
vn -0.9940 0.1098 -0.0000
vn -0.9997 -0.0000 0.0257
vn -0.0115 0.0841 -0.9964
vn -0.0131 -0.0000 0.9999
vn 0.0046 0.9998 -0.0192
vn 0.0131 -0.0000 0.9999
vn -0.9961 0.0856 -0.0213
vn 0.9940 0.1098 -0.0000
vn -0.0096 0.9997 -0.0210
vn 0.9997 -0.0000 0.0257
vn -0.0202 -0.0045 -0.9998
vn 0.0115 0.0716 0.9974
vn -0.0096 0.9997 0.0223
vn -0.9867 -0.0220 -0.1610
vn 0.1387 0.1454 -0.9796
vn -0.9997 -0.0000 -0.0242
vn -0.0464 0.9989 -0.0006
vn 0.9991 0.0276 -0.0334
vn -0.0129 0.0006 -0.9999
vn -0.0128 -0.0017 -0.9999
vn 0.0142 0.0006 -0.9999
vn 0.9997 -0.0000 -0.0242
vn 0.0133 -0.0021 -0.9999
vn -0.0000 0.7399 0.6727
vn -0.0000 0.9999 0.0128
vn -0.0000 1.0000 -0.0000
vn 0.6720 0.7406 -0.0000
vn -0.6720 0.7405 -0.0000
vn -0.0022 0.9999 -0.0099
vn -0.0000 0.7404 -0.6721
vn -0.6679 0.7442 0.0081
vn -0.6682 0.7440 -0.0077
vn 0.6679 0.7442 0.0081
vn 0.0348 0.9994 -0.0043
vn -0.0059 0.9997 -0.0245
vn -0.0101 0.7263 0.6873
vn -0.0287 -0.0006 -0.9996
vn -0.6809 0.7321 -0.0184
vn 0.0100 0.7330 0.6802
vn 0.6810 0.7320 0.0197
vn 0.9999 -0.0019 0.0131
vn 0.0148 0.9998 -0.0122
vn -0.0126 0.9999 -0.0075
vn -0.0000 0.9997 0.0245
vn -0.6810 0.7320 0.0197
vn -0.0126 0.9999 0.0080
vn 0.0126 0.9999 0.0115
vn -0.0116 0.1000 0.9949
vn -0.5951 -0.5328 -0.6017
vn 0.5198 -0.6734 -0.5256
vn -0.6866 0.2195 -0.6931
vn 0.9486 0.3162 0.0137
vn -0.7032 -0.0000 -0.7110
vn 0.8894 -0.3429 -0.3022
vn -0.1273 0.0113 -0.9918
vn -0.0235 -0.0002 -0.9997
vn 0.7032 -0.0000 -0.7110
vn -0.6260 -0.7798 -0.0075
vn 0.0080 -0.7913 -0.6113
vn -0.0044 -0.7456 -0.6664
vn 0.5727 -0.8196 -0.0160
vn -0.7016 0.0760 -0.7085
vn 0.9971 -0.0275 -0.0711
vn -0.3159 -0.0000 0.9488
vn 0.2955 -0.0000 0.9553
vn 0.5810 0.8139 -0.0000
vn 0.7140 -0.7001 -0.0000
vn 0.1322 -0.0028 0.9912
vn 0.2241 0.0694 -0.9721
vn 0.1325 0.0079 0.9912
vn 0.0208 0.9998 -0.0000
vn -0.0013 -0.0712 0.9975
vn 0.1016 0.9948 -0.0000
vn 0.1016 -0.9948 -0.0000
vn 0.1732 -0.0190 -0.9847
vn 0.9994 -0.0348 0.0001
vn 0.9994 -0.0347 -0.0000
vn 0.9999 0.0121 0.0008
vn 0.9999 0.0120 -0.0000
vn 0.0005 0.0126 0.9999
vn 0.0113 0.9999 -0.0000
vn 0.0004 0.0126 0.9999
vn -0.0208 -0.9998 -0.0000
vn -0.0001 0.0006 -1.0000
vn -0.0002 -0.0016 -1.0000
vn 0.9994 -0.0349 0.0001
vn 0.9994 -0.0348 -0.0000
vn 0.9994 -0.0348 -0.0001
vn 0.9999 0.0123 0.0007
vn 0.9999 0.0120 -0.0001
vn 0.9999 0.0121 -0.0000
vn 0.9994 -0.0349 -0.0001
vn 0.9999 0.0122 -0.0006
vn -0.0114 -0.9999 -0.0000
vn -0.0003 0.0006 -1.0000
vn -0.0003 -0.0016 -1.0000
vn -0.0005 -0.0712 0.9975
vn -0.2373 0.0058 0.9714
vn 0.0099 -1.0000 -0.0000
vn -0.0001 0.0053 1.0000
vn -0.1420 0.9899 -0.0000
vn -0.1420 -0.9899 -0.0000
vn -0.2365 -0.0158 0.9715
vn -0.2387 -0.0147 -0.9710
vn -0.2403 0.0397 -0.9699
vn -0.9995 -0.0311 0.0001
vn -0.9995 -0.0312 0.0001
vn -0.9995 -0.0311 -0.0000
vn -0.9999 0.0113 0.0004
vn -0.9999 0.0113 0.0001
vn -0.9999 0.0113 -0.0000
vn 0.0004 -0.0160 -0.9999
vn -0.0099 1.0000 -0.0000
vn -0.0004 0.0441 -0.9990
vn 0.0002 -0.0160 -0.9999
vn 0.0001 -0.0145 0.9999
vn -0.9995 -0.0312 0.0056
vn -0.9995 -0.0311 -0.0056
vn -0.9997 -0.0262 -0.0000
vn -0.9999 0.0112 0.0016
vn -0.9999 0.0114 -0.0013
vn -0.9999 0.0102 -0.0000
vn -0.9995 -0.0310 -0.0001
vn -0.9999 0.0112 -0.0004
vn -0.0001 -0.0145 0.9999
vn -0.0003 0.0053 1.0000
vn -0.0002 0.0441 -0.9990
vn 0.0126 0.9999 0.0080
vn 0.1796 0.9837 0.0025
vn 0.0100 0.7263 0.6873
vn 0.0115 0.1000 0.9949
vn 0.9845 0.1751 0.0123
vn 0.0140 0.9999 0.0032
vn 0.0095 0.9998 0.0165
vn 0.2817 -0.9283 0.2428
vn 0.7560 -0.6333 0.1657
vn 0.0003 -0.9986 0.0521
vn 0.0095 -0.7859 -0.6183
vn 0.0129 -0.0021 -0.9999
vn 0.2944 -0.0200 -0.9555
vn 0.8610 -0.0156 -0.5084
vn -0.5142 0.3926 -0.7626
vn 0.9999 -0.0000 0.0144
vn 0.9999 -0.0001 0.0140
vn 0.0012 0.0077 -1.0000
vn 0.9416 -0.0946 -0.3231
vn 1.0000 0.0059 -0.0022
vn -0.1385 0.0789 -0.9872
vn 0.0079 -0.1557 -0.9878
vn 0.1181 0.9826 0.1434
vn 0.9908 -0.0628 -0.1198
vn 0.0016 -0.0456 -0.9990
vn -0.0250 -0.0108 -0.9996
vn 0.9712 0.1914 -0.1417
vn -0.7841 0.5116 -0.3513
vn 0.9169 0.1851 -0.3536
vn 0.9975 0.0409 0.0568
vn 0.7371 0.6704 0.0854
vn -0.0045 -0.0017 -1.0000
vn 0.0848 0.9908 0.1057
vn 0.9999 0.0003 -0.0154
vn 0.0134 -0.0008 -0.9999
vn 0.9999 -0.0096 0.0135
vn 0.0144 -0.0000 -0.9999
vn 0.0104 0.0066 -0.9999
vn 0.0891 0.6091 -0.7881
vn 0.6973 0.7165 -0.0206
vn 0.1401 0.9887 -0.0539
vn 0.0130 0.9999 -0.0052
vn -0.0102 0.9941 0.1077
vn 0.0737 0.1933 -0.9784
vn 0.9527 0.2733 -0.1326
vn 0.9966 0.0767 -0.0307
vn 0.6966 0.0621 -0.7147
vn -0.0607 0.9872 -0.1473
vn 0.0152 -0.0063 -0.9999
vn -0.0038 0.9999 -0.0103
vn 0.0134 0.0010 -0.9999
vn 0.0097 0.0014 -1.0000
vn 0.9997 -0.0228 -0.0046
vn -0.0001 -1.0000 0.0059
vn 0.0107 0.0078 0.9999
vn 0.9989 0.0347 0.0311
vn 0.0225 0.9997 0.0072
vn 0.0173 -0.0098 -0.9998
vn -1.0000 -0.0008 -0.0026
vn -0.0476 -0.0887 -0.9949
vn -0.0753 -0.0161 -0.9970
vn -0.9989 -0.0462 0.0039
vn 0.9998 -0.0144 -0.0114
vn -0.0513 0.7830 0.6199
vn -0.0721 0.0275 -0.9970
vn 1.0000 0.0037 -0.0075
vn -0.1173 -0.0301 -0.9926
vn 0.1023 0.9882 -0.1141
vn 0.7612 0.4003 -0.5102
vn 0.1474 0.2634 -0.9534
vn -0.0681 -0.0356 -0.9970
vn -0.9103 0.1468 0.3870
vn -0.9926 -0.1057 -0.0602
vn -0.9993 0.0042 0.0370
vn -0.9999 0.0064 0.0114
vn 0.9999 0.0074 -0.0069
vn 0.9999 0.0073 -0.0108
vn -0.0072 -1.0000 0.0026
vn -0.8806 0.3716 0.2942
vn -0.0609 0.0738 -0.9954
vn -0.0732 0.0740 -0.9946
vn 0.9822 -0.1471 -0.1165
vn -0.0417 -0.1828 -0.9823
vn -0.0329 -0.1834 -0.9825
vn -0.0451 0.9975 0.0542
vn 0.2439 -0.0988 -0.9648
vn -0.0322 0.9988 0.0359
vn -0.0482 0.9973 -0.0555
vn -0.0404 0.9976 -0.0559
vn -0.0679 -0.0053 -0.9977
vn -0.0024 -0.9999 0.0164
vn -0.0452 -0.1800 -0.9826
vn -0.0152 -0.1775 -0.9840
vn 0.0097 -0.0358 0.9993
vn 0.0069 -0.0059 -1.0000
vn 0.0072 1.0000 -0.0048
vn 0.0111 -0.0013 -0.9999
vn 0.0142 0.0017 -0.9999
vn 0.0031 -0.9994 0.0331
vn 0.0181 0.0138 -0.9997
vn 0.0174 -0.0050 -0.9998
vn 0.0154 -0.0049 -0.9999
vn 0.0153 -0.0096 -0.9998
vn -0.0100 -0.0354 -0.9993
vn 0.0084 -0.0361 -0.9993
vn -0.9971 0.0003 0.0755
vn 0.0365 0.0117 -0.9993
vn -0.0087 0.0356 -0.9993
vn 0.9995 0.0302 0.0099
vn 0.0152 0.9979 0.0628
vn 0.9999 -0.0113 0.0109
vn 0.0258 0.9985 0.0491
vn -0.0252 -0.0177 0.9995
vn 0.9999 -0.0101 -0.0101
vn -0.9999 0.0055 -0.0098
vn -0.0321 0.9982 0.0516
vn -0.0402 -0.1019 -0.9940
vn -0.0575 0.0274 -0.9980
vn -0.0461 -0.1019 -0.9937
vn -1.0000 -0.0050 -0.0040
vn 0.9995 -0.0244 -0.0193
vn -0.9997 -0.0207 -0.0164
vn 0.0018 -0.7840 -0.6207
vn -0.0434 0.9986 -0.0296
vn -0.0492 0.9984 -0.0295
vn 0.9985 0.0454 -0.0316
vn 0.1488 -0.0224 -0.9886
vn -0.0016 0.0295 0.9996
vn -0.0435 0.9984 0.0362
vn 0.9378 0.3452 0.0377
vn 0.9389 0.3439 0.0157
vn 0.9999 -0.0101 -0.0045
vn 0.8845 -0.4664 -0.0098
vn -0.1498 0.0484 0.9875
vn -0.8798 0.4606 0.1174
vn -0.1009 0.0224 0.9946
vn 0.0073 0.9998 -0.0192
vn 0.0156 0.2664 -0.9637
vn 0.0069 -0.0015 -1.0000
vn 0.9999 0.0028 -0.0108
vn -0.0677 -0.0161 -0.9976
vn -0.0755 -0.0053 -0.9971
vn -0.0154 -0.0749 -0.9971
vn 0.0108 -0.0059 -0.9999
vn 0.0139 0.0014 -0.9999
vn 0.0117 0.0495 -0.9987
vn 0.0160 0.9985 0.0525
vn 0.9997 -0.0225 -0.0101
vn -0.9531 -0.3024 -0.0136
vn -0.0173 0.9998 -0.0122
vn -0.0162 -0.9999 0.0033
vn -0.0053 1.0000 -0.0049
vn -0.0027 0.9999 -0.0109
vn 0.9977 0.0083 -0.0678
vn 0.0170 -0.9998 0.0067
vn 0.9999 -0.0001 0.0144
vn -0.9999 -0.0001 -0.0144
vn 0.0036 1.0000 -0.0032
vn -0.9976 -0.0044 0.0697
vn -0.9937 0.0595 0.0950
vn 0.9973 0.0044 -0.0736
vn 0.9527 -0.0139 -0.3034
vn 0.0057 -1.0000 0.0001
vn 0.9670 0.2538 -0.0228
vn 0.0050 -0.0589 0.9982
vn 0.0089 -0.0023 1.0000
vn -0.0400 -0.9980 -0.0499
vn -0.0051 0.0543 -0.9985
vn 0.9977 -0.0636 -0.0229
vn 0.0299 -0.9995 0.0141
vn -0.9776 0.2102 0.0032
vn -0.0060 0.9988 -0.0490
vn -0.9787 0.0064 0.2052
vn 0.9959 -0.0899 0.0023
vn -0.0080 0.0906 -0.9959
vn -0.0106 -0.0147 -0.9998
vn 1.0000 -0.0042 0.0029
vn -0.9891 0.1385 0.0508
vn 0.9793 -0.0768 -0.1874
vn -0.0115 0.0716 0.9974
vn -0.0126 0.9999 0.0115
vn -0.0126 0.9999 -0.0108
vn -0.0101 0.7329 0.6802
vn -0.0095 0.9998 0.0165
vn -0.0095 0.9998 -0.0155
vn -0.0004 -0.9983 0.0586
vn 0.2626 0.9649 -0.0000
vn -0.2427 0.9701 -0.0000
vn -0.9347 -0.3555 -0.0000
vn -0.2280 -0.9737 -0.0000
vn -0.9861 0.1660 -0.0000
vn 0.9604 0.2785 -0.0000
vn -0.1802 -0.9836 -0.0000
vn 0.9906 -0.1366 -0.0000
vn -0.9635 -0.2677 -0.0000
vn 0.2904 -0.9569 -0.0000
vn -0.8498 0.5271 -0.0000
vn 0.9288 0.3706 -0.0000
vn -0.0765 -0.9971 -0.0000
vn 0.7666 -0.6422 -0.0000
vn 0.1545 0.9880 -0.0000
vn 0.0886 0.9961 -0.0000
vn 0.9245 0.3689 -0.0965
vn 0.2546 0.9356 -0.2447
vn -0.9852 0.1658 -0.0434
vn 0.0858 0.9639 -0.2522
vt 0.625000 0.500000
vt 0.625000 0.750000
vt 0.625000 0.500000
vt 0.625000 0.625000
vt 0.625000 0.625000
vt 0.625000 0.546875
vt 0.625000 0.703125
vt 0.625000 0.546875
vt 0.625000 0.703125
vt 0.625000 0.500000
vt 0.625000 0.625000
vt 0.625000 0.625000
vt 0.625000 0.750000
vt 0.625000 0.546875
vt 0.625000 0.703125
vt 0.625000 0.546875
vt 0.625000 0.703125
vt 0.625000 0.625000
vt 0.625000 0.625000
vt 0.625000 0.750000
vt 0.625000 0.546875
vt 0.625000 0.703125
vt 0.625000 0.546875
vt 0.625000 0.703125
vt 0.625000 0.653015
vt 0.625000 0.653015
vt 0.625000 0.653015
vt 0.625000 0.653015
vt 0.625000 0.653015
vt 0.625000 0.653015
vt 0.625000 0.593829
vt 0.625000 0.593829
vt 0.625000 0.593829
vt 0.625000 0.593829
vt 0.625000 0.593829
vt 0.625000 0.593829
vt 0.625000 0.546875
vt 0.625000 0.500000
vt 0.625000 0.546875
vt 0.625000 0.593829
vt 0.625000 0.593829
vt 0.625000 0.546875
vt 0.625000 0.632352
vt 0.625000 0.500000
vt 0.625000 0.546875
vt 0.625000 0.632352
vt 0.625000 0.645662
vt 0.625000 0.645662
vt 0.625000 0.593829
vt 0.625000 0.593829
vt 0.625000 0.546875
vt 0.625000 0.632352
vt 0.625000 0.500000
vt 0.625000 0.546875
vt 0.625000 0.632352
vt 0.625000 0.645662
vt 0.625000 0.645662
vt 0.625000 0.593829
vt 0.625000 0.593829
vt 0.625000 0.546875
vt 0.625000 0.632352
vt 0.625000 0.500000
vt 0.625000 0.546875
vt 0.625000 0.632352
vt 0.625000 0.645662
vt 0.625000 0.645662
vt 0.625000 0.593829
vt 0.625000 0.593829
vt 0.625000 0.546875
vt 0.625000 0.750000
vt 0.625000 0.703125
vt 0.625000 0.625000
vt 0.625000 0.703137
vt 0.625000 0.546875
vt 0.625000 0.625000
vt 0.625000 0.653015
vt 0.625000 0.653015
vt 0.625000 0.593829
vt 0.625000 0.593829
vt 0.625000 0.500000
vt 0.625000 0.546875
vt 0.625000 0.625000
vt 0.625000 0.546875
vt 0.625000 0.500000
vt 0.625000 0.750000
vt 0.625000 0.546875
vt 0.625000 0.625000
vt 0.625000 0.625000
vt 0.625000 0.593829
vt 0.625000 0.653015
vt 0.625000 0.593829
vt 0.625000 0.653015
vt 0.625000 0.653015
vt 0.625000 0.653015
vt 0.625000 0.593829
vt 0.625000 0.593829
vt 0.625000 0.546875
vt 0.625000 0.750000
vt 0.625000 0.625000
vt 0.625000 0.625000
vt 0.625000 0.653015
vt 0.625000 0.653015
vt 0.625000 0.593829
vt 0.625000 0.593829
vt 0.625000 0.750000
vt 0.625000 0.625000
vt 0.625000 0.625000
vt 0.625000 0.653015
vt 0.625000 0.653015
vt 0.625000 0.593829
vt 0.625000 0.593829
vt 0.625000 0.750000
vt 0.625000 0.625000
vt 0.625000 0.653015
vt 0.625000 0.653015
vt 0.625000 0.750000
vt 0.625000 0.511787
vt 0.625000 0.500000
vt 0.625000 0.511778
vt 0.625000 0.699714
vt 0.625000 0.585819
vt 0.625000 0.585822
vt 0.625000 0.567497
vt 0.625000 0.567491
vt 0.625000 0.615484
vt 0.625000 0.615483
vt 0.625000 0.634542
vt 0.625000 0.634541
vt 0.625000 0.618443
vt 0.625000 0.625000
vt 0.625000 0.631532
vt 0.625000 0.631534
vt 0.625000 0.625000
vt 0.625000 0.618442
vt 0.625000 0.677589
vt 0.625000 0.659222
vt 0.625000 0.659225
vt 0.625000 0.677594
vt 0.625000 0.738206
vt 0.625000 0.750000
vt 0.625000 0.738196
vt 0.625000 0.599207
vt 0.625000 0.593829
vt 0.625000 0.586319
vt 0.625000 0.550247
vt 0.625000 0.546875
vt 0.625000 0.660443
vt 0.625000 0.653015
vt 0.625000 0.647541
vt 0.625000 0.546875
vt 0.625000 0.550257
vt 0.625000 0.586325
vt 0.625000 0.593829
vt 0.625000 0.599210
vt 0.625000 0.647539
vt 0.625000 0.653015
vt 0.625000 0.698426
vt 0.625000 0.705513
vt 0.625000 0.705513
vt 0.625000 0.698426
vt 0.625000 0.705513
vt 0.625000 0.698426
vt 0.625000 0.698426
vt 0.625000 0.705513
vt 0.625000 0.698426
vt 0.625000 0.698426
vt 0.625000 0.705504
vt 0.625000 0.705513
vt 0.625000 0.698426
vt 0.625000 0.698426
vt 0.625000 0.705504
vt 0.625000 0.705513
vt 0.625000 0.698426
vt 0.625000 0.653015
vt 0.625000 0.653015
vt 0.625000 0.750000
vt 0.625000 0.698426
vt 0.625000 0.705504
vt 0.625000 0.705520
vt 0.625000 0.703045
vt 0.625000 0.698400
vt 0.625000 0.701588
vt 0.625000 0.625000
vt 0.625000 0.625000
vt 0.625000 0.653015
vt 0.625000 0.653015
vt 0.625000 0.653015
vt 0.625000 0.653015
vt 0.625000 0.625000
vt 0.625000 0.625000
vt 0.625000 0.625000
vt 0.625000 0.653015
vt 0.625000 0.653015
vt 0.625000 0.625000
vt 0.625000 0.645662
vt 0.625000 0.632352
vt 0.625000 0.632352
vt 0.625000 0.645662
vt 0.625000 0.632352
vt 0.625000 0.645662
vt 0.625000 0.645662
vt 0.625000 0.632352
vt 0.625000 0.632352
vt 0.625000 0.645662
vt 0.625000 0.645662
vt 0.625000 0.632352
vt 0.625000 0.633922
vt 0.625000 0.632352
vt 0.625000 0.632352
vt 0.625000 0.633871
vt 0.625000 0.645662
vt 0.625000 0.645662
vt 0.625000 0.645662
vt 0.625000 0.632352
vt 0.625000 0.645662
vt 0.625000 0.644090
vt 0.625000 0.644112
vt 0.625000 0.633902
vt 0.625000 0.644143
vt 0.625000 0.645662
vt 0.625000 0.632352
vt 0.625000 0.632352
vt 0.625000 0.645662
vt 0.625000 0.632352
vt 0.625000 0.644143
vt 0.625000 0.633871
vt 0.625000 0.641472
vt 0.625000 0.636537
vt 0.625000 0.641492
vt 0.625000 0.636523
vt 0.625000 0.641568
vt 0.625000 0.644090
vt 0.625000 0.633922
vt 0.625000 0.636446
vt 0.625000 0.644112
vt 0.625000 0.633902
vt 0.625000 0.641568
vt 0.625000 0.636446
vt 0.625000 0.641472
vt 0.625000 0.636537
vt 0.625000 0.641492
vt 0.625000 0.636523
vt 0.625000 0.632352
vt 0.625000 0.632352
vt 0.625000 0.645662
vt 0.625000 0.645662
vt 0.625000 0.632352
vt 0.625000 0.645662
vt 0.625000 0.632352
vt 0.625000 0.645662
vt 0.625000 0.634094
vt 0.625000 0.643921
vt 0.625000 0.634088
vt 0.625000 0.643926
vt 0.625000 0.634116
vt 0.625000 0.632352
vt 0.625000 0.643899
vt 0.625000 0.645662
vt 0.625000 0.632352
vt 0.625000 0.645662
vt 0.625000 0.634116
vt 0.625000 0.643899
vt 0.625000 0.636280
vt 0.625000 0.641737
vt 0.625000 0.636257
vt 0.625000 0.641758
vt 0.625000 0.636314
vt 0.625000 0.634094
vt 0.625000 0.641701
vt 0.625000 0.643921
vt 0.625000 0.634088
vt 0.625000 0.643926
vt 0.625000 0.636314
vt 0.625000 0.641701
vt 0.625000 0.636280
vt 0.625000 0.641737
vt 0.625000 0.636257
vt 0.625000 0.641758
vt 0.625000 0.517511
vt 0.625000 0.517511
vt 0.625000 0.511700
vt 0.625000 0.517511
vt 0.625000 0.517511
vt 0.625000 0.517511
vt 0.625000 0.511505
vt 0.625000 0.517511
vt 0.625000 0.517511
vt 0.625000 0.517511
vt 0.625000 0.633418
vt 0.625000 0.616588
vt 0.625000 0.526152
vt 0.625000 0.517511
vt 0.625000 0.671185
vt 0.625000 0.654859
vt 0.625000 0.590822
vt 0.625000 0.574527
vt 0.625000 0.728927
vt 0.625000 0.728927
vt 0.625000 0.728927
vt 0.625000 0.728930
vt 0.625000 0.729997
vt 0.625000 0.729997
vt 0.625000 0.729997
vt 0.625000 0.660940
vt 0.625000 0.660943
vt 0.625000 0.745756
vt 0.625000 0.745756
vt 0.625000 0.661020
vt 0.625000 0.745756
vt 0.625000 0.745756
vt 0.625000 0.737912
vt 0.625000 0.745749
vt 0.625000 0.656408
vt 0.625000 0.660886
vt 0.625000 0.688145
vt 0.625000 0.679535
vt 0.625000 0.664080
vt 0.000000 0.000000
vt 0.625000 0.698426
vt 0.000000 0.000000
vt 0.625000 0.709107
vt 0.625000 0.726281
vt 0.625000 0.726395
vt 0.625000 0.653015
vt 0.625000 0.653015
vt 0.625000 0.750000
vt 0.625000 0.750000
vt 0.625000 0.750000
vt 0.625000 0.750000
vt 0.625000 0.738206
vt 0.625000 0.750000
vt 0.625000 0.647539
vt 0.625000 0.653015
vt 0.625000 0.677594
vt 0.625000 0.671185
vt 0.625000 0.654859
vt 0.625000 0.698426
vt 0.625000 0.705504
vt 0.625000 0.705504
vt 0.625000 0.729997
vt 0.625000 0.729997
vt 0.625000 0.656408
vt 0.625000 0.660886
vt 0.625000 0.723823
vt 0.625000 0.730000
vt 0.625000 0.698400
vt 0.625000 0.698426
vt 0.000000 0.000000
vt 0.000000 0.000000
vt 0.625000 0.705504
vt 0.625000 0.709224
vt 0.625000 0.729997
vt 0.625000 0.745756
vt 0.625000 0.729997
vt 0.625000 0.660943
vt 0.625000 0.660940
vt 0.625000 0.729997
vt 0.625000 0.745756
vt 0.625000 0.737912
vt 0.625000 0.745749
vt 0.625000 0.679535
vt 0.625000 0.745756
vt 0.625000 0.726281
vt 0.625000 0.661020
vt 0.625000 0.745756
vt 0.625000 0.688145
vt 0.625000 0.664080
vt 0.625000 0.709107
vt 0.625000 0.726395
vt 0.000000 0.000000
vt 0.000000 0.000000
vt 0.000000 0.000000
vt 0.000000 0.000000
vt 0.625000 0.745753
vt 0.625000 0.698426
vt 0.312500 0.349213
vt 0.312500 0.354612
vt 0.625000 0.707364
vt 0.625000 0.698413
vt 0.625000 0.737877
vt 0.625000 0.679684
vt 0.625000 0.679643
vt 0.625000 0.679683
vt 0.312500 0.330470
vt 0.625000 0.737876
vt 0.625000 0.737875
vt 0.625000 0.730867
vt 0.625000 0.701679
vt 0.625000 0.737877
vt 0.625000 0.717751
vt 0.625000 0.717752
vt 0.625000 0.728139
vt 0.625000 0.729997
vt 0.625000 0.729997
vt 0.625000 0.660942
vt 0.625000 0.745756
vt 0.625000 0.660980
vt 0.625000 0.745756
vt 0.625000 0.745756
vt 0.625000 0.658647
vt 0.625000 0.713029
vt 0.625000 0.683840
vt 0.625000 0.660244
vt 0.625000 0.729999
vt 0.625000 0.660915
vt 0.625000 0.709165
vt 0.625000 0.736019
vt 0.625000 0.671808
vt 0.625000 0.717751
vt 0.625000 0.726338
vt 0.312500 0.352752
vt 0.312500 0.364999
vt 0.625000 0.711111
vt 0.625000 0.670210
vt 0.625000 0.714211
vt 0.312500 0.330510
vt 0.625000 0.683262
vt 0.468750 0.506866
vt 0.468750 0.539605
vt 0.625000 0.712661
vt 0.625000 0.690661
vt 0.625000 0.665227
vt 0.468750 0.541375
vt 0.625000 0.717751
vt 0.625000 0.717752
vt 0.625000 0.736948
vt 0.625000 0.737877
vt 0.625000 0.737876
vt 0.625000 0.679664
vt 0.625000 0.737877
vt 0.625000 0.707354
vt 0.625000 0.679684
vt 0.625000 0.729997
vt 0.625000 0.729997
vt 0.625000 0.726910
vt 0.625000 0.729999
vt 0.625000 0.723823
vt 0.625000 0.730000
vt 0.625000 0.711111
vt 0.625000 0.714211
vt 0.625000 0.701679
vt 0.468750 0.539605
vt 0.625000 0.712661
vt 0.625000 0.690661
vt 0.625000 0.671808
vt 0.625000 0.664080
vt 0.625000 0.670210
vt 0.625000 0.679535
vt 0.625000 0.660244
vt 0.625000 0.665227
vt 0.625000 0.679643
vt 0.625000 0.660886
vt 0.625000 0.660942
vt 0.625000 0.660943
vt 0.625000 0.660915
vt 0.625000 0.679684
vt 0.625000 0.670210
vt 0.625000 0.690661
vt 0.625000 0.679664
vt 0.625000 0.679684
vt 0.625000 0.745753
vt 0.625000 0.745756
vt 0.625000 0.698426
vt 0.312500 0.349213
vt 0.625000 0.698426
vt 0.000000 0.000000
vt 0.625000 0.737877
vt 0.625000 0.745756
vt 0.625000 0.679683
vt 0.312500 0.330470
vt 0.625000 0.701679
vt 0.625000 0.679535
vt 0.625000 0.717752
vt 0.625000 0.726281
vt 0.625000 0.729997
vt 0.625000 0.729997
vt 0.625000 0.660980
vt 0.625000 0.660940
vt 0.625000 0.713029
vt 0.625000 0.737912
vt 0.625000 0.745749
vt 0.625000 0.726338
vt 0.312500 0.364999
vt 0.625000 0.737875
vt 0.625000 0.730867
vt 0.625000 0.737877
vt 0.625000 0.705504
vt 0.625000 0.717751
vt 0.625000 0.728139
vt 0.625000 0.745756
vt 0.625000 0.683840
vt 0.625000 0.709107
vt 0.625000 0.709165
vt 0.625000 0.736019
vt 0.625000 0.717751
vt 0.312500 0.352752
vt 0.468750 0.506866
vt 0.468750 0.541375
vt 0.625000 0.717751
vt 0.625000 0.717752
vt 0.625000 0.736948
vt 0.625000 0.737876
vt 0.625000 0.737877
vt 0.625000 0.707354
vt 0.625000 0.679684
vt 0.625000 0.517637
vt 0.625000 0.517637
vt 0.625000 0.511622
vt 0.625000 0.517637
vt 0.625000 0.517637
vt 0.625000 0.517637
vt 0.625000 0.510960
vt 0.625000 0.515316
vt 0.625000 0.517637
vt 0.625000 0.517637
vt 0.625000 0.616597
vt 0.625000 0.633409
vt 0.625000 0.526258
vt 0.625000 0.517637
vt 0.625000 0.723717
vt 0.625000 0.671138
vt 0.625000 0.654827
vt 0.625000 0.590858
vt 0.625000 0.574579
vt 0.625000 0.517511
vt 0.625000 0.500000
vt 0.625000 0.517511
vt 0.625000 0.500000
vt 0.625000 0.515199
vt 0.625000 0.517637
vt 0.625000 0.517637
vt 0.625000 0.517637
vt 0.625000 0.515199
vt 0.625000 0.500000
vt 0.625000 0.515199
vt 0.625000 0.500000
vt 0.625000 0.513311
vt 0.625000 0.515316
vt 0.625000 0.515316
vt 0.625000 0.513421
vt 0.625000 0.515199
vt 0.625000 0.500000
vt 0.625000 0.515199
vt 0.625000 0.500000
vt 0.625000 0.515199
vt 0.625000 0.515316
vt 0.625000 0.515316
vt 0.625000 0.515316
vt 0.625000 0.513311
vt 0.625000 0.500000
vt 0.625000 0.513311
vt 0.625000 0.500000
vt 0.625000 0.513311
vt 0.625000 0.513421
vt 0.625000 0.513421
vt 0.625000 0.513421
vt 0.625000 0.513311
vt 0.625000 0.499713
vt 0.625000 0.513311
vt 0.625000 0.499885
vt 0.625000 0.511763
vt 0.625000 0.513421
vt 0.625000 0.513421
vt 0.625000 0.511589
vt 0.625000 0.500000
vt 0.625000 0.499885
vt 0.625000 0.499713
vt 0.625000 0.511763
vt 0.625000 0.511589
vt 0.625000 0.511700
vt 0.625000 0.511505
vt 0.625000 0.511622
vt 0.625000 0.510960
vt 0.625000 0.500000
vt 0.625000 0.508818
vt 0.625000 0.508818
vt 0.625000 0.517637
vt 0.625000 0.508818
vt 0.625000 0.546875
vt 0.625000 0.532256
vt 0.625000 0.532256
vt 0.625000 0.517637
vt 0.625000 0.532256
vt 0.625000 0.546875
vt 0.625000 0.593829
vt 0.625000 0.570352
vt 0.625000 0.546875
vt 0.625000 0.570352
vt 0.625000 0.532193
vt 0.625000 0.532193
vt 0.625000 0.517511
vt 0.625000 0.532193
vt 0.625000 0.570352
vt 0.625000 0.625000
vt 0.625000 0.609414
vt 0.625000 0.593829
vt 0.625000 0.609414
vt 0.625000 0.609414
vt 0.625000 0.639007
vt 0.625000 0.625000
vt 0.625000 0.653015
vt 0.625000 0.639007
vt 0.625000 0.639007
vt 0.625000 0.546875
vt 0.625000 0.593829
vt 0.625000 0.570352
vt 0.625000 0.570352
vt 0.625000 0.570352
vt 0.625000 0.593829
vt 0.625000 0.570352
vt 0.625000 0.546875
vt 0.625000 0.570352
vt 0.625000 0.570352
s 0
usemtl Material
f 1792/2107/645 1531/1831/645 1802/2117/645 1799/2114/645
f 1610/1913/908 1642/1949/908 1685/1995/908 1682/1992/908
usemtl Кожа
f 1249/1548/615 1254/1553/615 1262/1561/615 1260/1559/615
f 1279/1578/616 1251/1550/616 1258/1557/616 1281/1580/616
f 1280/1579/617 1261/1560/617 1268/1567/617 1282/1581/617
f 1273/1572/616 1256/1555/616 1264/1563/616 1275/1574/616
f 1737/2052/620 1250/1549/620 1257/1556/620 1738/2053/620
f 1275/1574/621 1264/1563/621 1271/1570/621 1277/1576/621
f 1260/1559/619 1262/1561/619 1269/1568/619 1267/1566/619
f 1738/2053/618 1257/1556/618 1757/2072/618 1761/2076/618
f 1258/1557/621 1275/1574/621 1277/1576/621 1265/1564/621
f 1251/1550/616 1273/1572/616 1275/1574/616 1258/1557/616
f 1262/1561/617 1274/1573/617 1276/1575/617 1269/1568/617
f 1254/1553/614 1272/1571/614 1274/1573/614 1262/1561/614
f 1263/1562/621 1281/1580/621 1283/1582/621 1270/1569/621
f 1259/1558/617 1280/1579/617 1282/1581/617 1266/1565/617
f 1252/1551/614 1278/1577/614 1280/1579/614 1259/1558/614
f 1529/1829/620 1292/1591/620 1835/2150/620 1286/1585/620 1528/1828/620
f 1305/1604/614 1298/1597/614 1289/1588/614 1843/2158/614 1296/1595/614
f 1742/2057/620 1300/1599/620 1291/1590/620 1807/2122/620 1741/2056/620
f 1530/1830/620 1301/1600/620 1292/1591/620 1529/1829/620
f 1301/1600/616 1306/1605/616 1297/1596/616 1838/2153/616 1292/1591/616
f 1310/1609/616 1817/2132/616 1315/1614/616 1306/1605/616 1301/1600/616
f 1437/1737/614 1314/1613/614 1305/1604/614 1429/1729/614
f 1758/2073/620 1310/1609/620 1301/1600/620 1530/1830/620
f 1762/2077/620 1759/2074/620 1300/1599/620 1742/2057/620
f 1314/1613/614 1307/1606/614 1298/1597/614 1305/1604/614
f 1315/1614/616 1440/1740/616 1436/1736/616 1306/1605/616
f 1326/1625/616 1828/2143/616 1319/1618/616 1440/1740/616 1315/1614/616 1816/2131/616
f 1325/1624/614 1316/1615/614 1307/1606/614 1314/1613/614
f 1323/1622/614 1833/2148/614 1322/1621/614 1437/1737/614 1438/1738/614
f 1824/2139/616 1816/2131/616 1315/1614/616 1817/2132/616
f 1266/1565/614 1282/1581/614 1325/1624/614 1322/1621/614 1831/2146/614
f 1265/1564/643 1277/1576/643 1324/1623/643 1319/1618/643 1825/2140/643
f 1267/1566/615 1269/1568/615 1320/1619/615 1317/1616/615
f 1834/2149/614 1831/2146/614 1322/1621/614 1833/2148/614
f 1282/1581/614 1268/1567/614 1810/2125/614 1316/1615/614 1325/1624/614
f 1277/1576/646 1271/1570/646 1318/1617/646 1324/1623/646
f 1829/2144/616 1825/2140/616 1319/1618/616 1828/2143/616
f 1293/1592/614 1302/1601/614 1429/1729/614 1430/1730/614
f 1303/1602/614 1294/1593/614 1432/1732/614 1431/1731/614
f 1295/1594/616 1304/1603/616 1433/1733/616 1434/1734/616
f 1294/1593/614 1293/1592/614 1430/1730/614 1432/1732/614
f 1290/1589/616 1295/1594/616 1434/1734/616 1435/1735/616
f 1299/1598/616 1290/1589/616 1435/1735/616 1436/1736/616
f 1302/1601/614 1311/1610/614 1437/1737/614 1429/1729/614
f 1312/1611/614 1303/1602/614 1431/1731/614 1438/1738/614
f 1304/1603/616 1313/1612/616 1439/1739/616 1433/1733/616
f 1308/1607/616 1299/1598/616 1436/1736/616 1440/1740/616
f 1311/1610/614 1312/1611/614 1438/1738/614 1437/1737/614
f 1313/1612/616 1308/1607/616 1440/1740/616 1439/1739/616
f 1448/1748/614 1442/1742/614 1455/1755/614 1454/1754/614
f 1442/1742/614 1452/1752/614 1460/1760/614 1455/1755/614
f 1452/1752/614 1451/1751/614 1459/1759/614 1460/1760/614
f 1443/1743/616 1445/1745/616 1490/1790/616 1489/1789/616
f 1449/1749/616 1443/1743/616 1489/1789/616 1493/1793/616
f 1450/1750/616 1449/1749/616 1493/1793/616 1494/1794/616
f 1446/1746/616 1444/1744/616 1491/1791/616 1492/1792/616
f 1445/1745/616 1446/1746/616 1492/1792/616 1490/1790/616
f 1441/1741/614 1447/1747/614 1458/1758/614 1457/1757/614
f 1447/1747/614 1448/1748/614 1454/1754/614 1458/1758/614
f 1444/1744/616 1450/1750/616 1494/1794/616 1491/1791/616
f 1451/1751/614 1441/1741/614 1457/1757/614 1459/1759/614
f 1455/1755/721 1460/1760/721 1470/1770/721 1468/1768/721
f 1457/1757/722 1458/1758/722 1466/1766/722 1461/1761/722
f 1454/1754/723 1455/1755/723 1468/1768/723 1467/1767/723
f 1458/1758/726 1454/1754/726 1467/1767/726 1466/1766/726
f 1460/1760/727 1459/1759/727 1469/1769/727 1470/1770/727
f 1459/1759/728 1457/1757/728 1461/1761/728 1469/1769/728
f 1462/1762/729 1465/1765/729 1461/1761/729 1466/1766/729
f 1453/1753/730 1462/1762/730 1466/1766/730 1467/1767/730
f 1456/1756/730 1453/1753/730 1467/1767/730 1468/1768/730
f 1465/1765/731 1463/1763/731 1469/1769/731 1461/1761/731
f 1464/1764/732 1456/1756/732 1468/1768/732 1470/1770/732
f 1463/1763/732 1464/1764/732 1470/1770/732 1469/1769/732
f 1473/1773/739 1477/1777/739 1471/1771/739 1478/1778/739
f 1474/1774/740 1473/1773/740 1478/1778/740 1479/1779/740
f 1480/1780/741 1474/1774/741 1479/1779/741 1472/1772/741
f 1477/1777/742 1475/1775/742 1481/1781/742 1471/1771/742
f 1476/1776/743 1480/1780/743 1472/1772/743 1482/1782/743
f 1475/1775/744 1476/1776/744 1482/1782/744 1481/1781/744
f 1493/1793/751 1489/1789/751 1495/1795/751 1505/1805/751
f 1490/1790/754 1492/1792/754 1504/1804/754 1502/1802/754
f 1494/1794/755 1493/1793/755 1505/1805/755 1506/1806/755
f 1489/1789/756 1490/1790/756 1502/1802/756 1495/1795/756
f 1491/1791/757 1494/1794/757 1506/1806/757 1496/1796/757
f 1492/1792/758 1491/1791/758 1496/1796/758 1504/1804/758
f 1497/1797/759 1501/1801/759 1495/1795/759 1502/1802/759
f 1503/1803/760 1498/1798/760 1504/1804/760 1496/1796/760
f 1498/1798/761 1497/1797/761 1502/1802/761 1504/1804/761
f 1501/1801/762 1499/1799/762 1505/1805/762 1495/1795/762
f 1500/1800/763 1503/1803/763 1496/1796/763 1506/1806/763
f 1499/1799/764 1500/1800/764 1506/1806/764 1505/1805/764
f 1509/1809/770 1513/1813/770 1507/1807/770 1514/1814/770
f 1515/1815/771 1510/1810/771 1516/1816/771 1508/1808/771
f 1510/1810/772 1509/1809/772 1514/1814/772 1516/1816/772
f 1513/1813/773 1511/1811/773 1517/1817/773 1507/1807/773
f 1512/1812/774 1515/1815/774 1508/1808/774 1518/1818/774
f 1511/1811/775 1512/1812/775 1518/1818/775 1517/1817/775
f 1759/2074/620 1758/2073/620 1530/1830/620 1300/1599/620
f 1300/1599/620 1530/1830/620 1529/1829/620 1291/1590/620
f 1291/1590/620 1529/1829/620 1528/1828/620 1285/1584/620 1805/2120/620
f 1257/1556/618 1526/1826/618 1756/2071/618 1757/2072/618
f 1271/1570/798 1545/1845/798 1546/1846/798 1318/1617/798
f 1256/1555/615 1543/1843/615 1544/1844/615 1264/1563/615
f 1264/1563/619 1544/1844/619 1545/1845/619 1271/1570/619
f 1550/1850/814 1551/1851/814 1571/1871/814 1570/1870/814
f 1552/1852/815 1553/1853/815 1573/1873/815 1572/1872/815
f 1554/1854/816 1550/1850/816 1570/1870/816 1434/1734/816
f 1553/1853/817 1555/1855/817 1574/1874/817 1573/1873/817
f 1555/1855/818 1556/1856/818 1575/1875/818 1574/1874/818
f 1557/1857/819 1558/1858/819 1577/1877/819 1576/1876/819
f 1560/1860/820 1559/1859/820 1578/1878/820 1579/1879/820
f 1561/1861/821 1557/1857/821 1576/1876/821 1580/1880/821
f 1562/1862/822 1561/1861/822 1580/1880/822 1581/1881/822
f 1559/1859/823 1563/1863/823 1582/1882/823 1578/1878/823
f 1558/1858/824 1552/1852/824 1572/1872/824 1577/1877/824
f 1551/1851/825 1560/1860/825 1579/1879/825 1571/1871/825
f 1554/1854/826 1434/1734/826 1565/1865/826 1564/1864/826
f 1566/1866/827 1565/1865/827 1583/1883/827 1584/1884/827
f 1556/1856/829 1568/1868/829 1586/1886/829 1575/1875/829
f 1563/1863/830 1562/1862/830 1581/1881/830 1582/1882/830
f 1569/1869/831 1567/1867/831 1585/1885/831 1587/1887/831
f 1568/1868/832 1569/1869/832 1587/1887/832 1586/1886/832
f 1584/1884/847 1585/1885/847 1567/1867/847 1614/1917/847
f 1566/1866/849 1613/1916/849 1564/1864/849 1565/1865/849
f 1613/1916/850 1566/1866/850 1615/1918/850 1616/1919/850
f 1566/1866/851 1584/1884/851 1614/1917/851 1615/1918/851
f 1814/2129/620 1813/2128/620 1763/2078/620 1812/2127/620
f 1316/1615/620 1812/2127/620 1763/2078/620 1762/2077/620 1307/1606/620
f 1307/1606/620 1762/2077/620 1742/2057/620 1298/1597/620
f 1298/1597/620 1742/2057/620 1741/2056/620 1289/1588/620
f 1289/1588/620 1741/2056/620 1808/2123/620 1740/2055/620 1284/1583/620 1842/2157/620
f 1261/1560/618 1738/2053/618 1761/2076/618 1811/2126/618 1268/1567/618
f 1764/2079/620 1248/1547/620 1757/2072/620 1756/2071/620
f 1309/1608/620 1766/2081/620 1758/2073/620 1759/2074/620
f 1760/2075/620 1764/2079/620 1756/2071/620 1822/2137/620 1532/1832/620
f 1766/2081/620 1760/2075/620 1532/1832/620 1758/2073/620
f 1248/1547/620 1769/2084/620 1761/2076/620 1757/2072/620
f 1770/2085/620 1309/1608/620 1759/2074/620 1762/2077/620
f 1769/2084/620 1744/2059/620 1763/2078/620 1813/2128/620 1761/2076/620
f 1744/2059/620 1770/2085/620 1762/2077/620 1763/2078/620
f 1741/2056/620 1807/2122/620 1809/2124/620 1808/2123/620
f 1822/2137/620 1823/2138/620 1821/2136/620 1532/1832/620
f 1270/1569/616 1283/1582/616 1827/2142/616 1326/1625/616 1819/2134/616 1818/2133/616
f 1532/1832/620 1821/2136/620 1815/2130/620 1310/1609/620 1758/2073/620
f 1827/2142/616 1829/2144/616 1828/2143/616 1326/1625/616
f 1835/2150/616 1839/2154/616 1837/2152/616 1286/1585/616
f 1292/1591/616 1838/2153/616 1839/2154/616 1835/2150/616
f 1838/2153/616 1297/1596/616 1836/2151/616 1839/2154/616
f 1840/2155/614 1844/2159/614 1841/2156/614 1287/1586/614
usemtl темная_кожа
f 1272/1571/614 1252/1551/614 1259/1558/614 1274/1573/614
f 1278/1577/614 1253/1552/614 1261/1560/614 1280/1579/614
f 1274/1573/617 1259/1558/617 1266/1565/617 1830/2145/617 1276/1575/617
f 1526/1826/618 1263/1562/618 1270/1569/618 1820/2135/618 1756/2071/618
f 1544/1844/619 1260/1559/619 1267/1566/619 1545/1845/619
f 1543/1843/615 1249/1548/615 1260/1559/615 1544/1844/615
f 1525/1825/620 1255/1554/620 1263/1562/620 1526/1826/620
f 1281/1580/621 1258/1557/621 1265/1564/621 1826/2141/621 1283/1582/621
f 1255/1554/616 1279/1578/616 1281/1580/616 1263/1562/616
f 1839/2154/616 1836/2151/616 1288/1587/616 1837/2152/616
f 1809/2124/620 1805/2120/620 1285/1584/620 1806/2121/620
f 1844/2159/614 1842/2157/614 1284/1583/614 1841/2156/614
f 1313/1612/631 1304/1603/631 1441/1741/631 1451/1751/631
f 1294/1593/635 1303/1602/635 1444/1744/635 1446/1746/635
f 1308/1607/637 1313/1612/637 1451/1751/637 1452/1752/637
f 1295/1594/638 1290/1589/638 1448/1748/638 1447/1747/638
f 1821/2136/620 1321/1620/620 1815/2130/620
f 1319/1618/642 1324/1623/642 1439/1739/642 1440/1740/642
f 1322/1621/614 1325/1624/614 1314/1613/614 1437/1737/614
f 1818/2133/616 1819/2134/616 1321/1620/616
f 1269/1568/614 1276/1575/614 1832/2147/614 1323/1622/614 1320/1619/614
f 1823/2138/620 1818/2133/620 1321/1620/620 1821/2136/620
f 1545/1845/644 1267/1566/644 1317/1616/644 1546/1846/644
f 1290/1589/717 1299/1598/717 1442/1742/717 1448/1748/717
f 1304/1603/631 1295/1594/631 1447/1747/631 1441/1741/631
f 1299/1598/717 1308/1607/717 1452/1752/717 1442/1742/717
f 1311/1610/718 1302/1601/718 1443/1743/718 1449/1749/718
f 1293/1592/719 1294/1593/719 1446/1746/719 1445/1745/719
f 1312/1611/720 1311/1610/720 1449/1749/720 1450/1750/720
f 1302/1601/718 1293/1592/718 1445/1745/718 1443/1743/718
f 1303/1602/635 1312/1611/635 1450/1750/635 1444/1744/635
f 1464/1764/724 1463/1763/724 1481/1781/724 1482/1782/724
f 1465/1765/725 1462/1762/725 1478/1778/725 1471/1771/725
f 1475/1775/733 1477/1777/733 1483/1783/733 1487/1787/733
f 1476/1776/734 1475/1775/734 1487/1787/734 1488/1788/734
f 1463/1763/735 1465/1765/735 1471/1771/735 1481/1781/735
f 1462/1762/736 1453/1753/736 1479/1779/736 1478/1778/736
f 1456/1756/737 1464/1764/737 1482/1782/737 1472/1772/737
f 1453/1753/738 1456/1756/738 1472/1772/738 1479/1779/738
f 1484/1784/745 1483/1783/745 1485/1785/745 1486/1786/745
f 1488/1788/746 1487/1787/746 1483/1783/746 1484/1784/746
f 1473/1773/747 1474/1774/747 1486/1786/747 1485/1785/747
f 1480/1780/748 1476/1776/748 1488/1788/748 1484/1784/748
f 1474/1774/749 1480/1780/749 1484/1784/749 1486/1786/749
f 1477/1777/750 1473/1773/750 1485/1785/750 1483/1783/750
f 1497/1797/752 1498/1798/752 1516/1816/752 1514/1814/752
f 1503/1803/753 1500/1800/753 1518/1818/753 1508/1808/753
f 1511/1811/765 1513/1813/765 1519/1819/765 1523/1823/765
f 1512/1812/766 1511/1811/766 1523/1823/766 1524/1824/766
f 1501/1801/767 1497/1797/767 1514/1814/767 1507/1807/767
f 1500/1800/766 1499/1799/766 1517/1817/766 1518/1818/766
f 1499/1799/768 1501/1801/768 1507/1807/768 1517/1817/768
f 1498/1798/769 1503/1803/769 1508/1808/769 1516/1816/769
f 1520/1820/776 1519/1819/776 1521/1821/776 1522/1822/776
f 1524/1824/777 1523/1823/777 1519/1819/777 1520/1820/777
f 1510/1810/778 1515/1815/778 1520/1820/778 1522/1822/778
f 1515/1815/779 1512/1812/779 1524/1824/779 1520/1820/779
f 1509/1809/752 1510/1810/752 1522/1822/752 1521/1821/752
f 1513/1813/780 1509/1809/780 1521/1821/780 1519/1819/780
f 1250/1549/620 1525/1825/620 1526/1826/620 1257/1556/620
f 1253/1552/620 1737/2052/620 1738/2053/620 1261/1560/620
f 1765/2080/967 1793/2108/967 1785/2100/967 1781/2096/967
f 1309/1608/968 1770/2085/968 1778/2093/968 1775/2090/968
f 1790/2105/969 1768/2083/969 1784/2099/969 1782/2097/969
f 1769/2084/970 1248/1547/970 1773/2088/970 1777/2092/970
f 1768/2083/971 1788/2103/971 1780/2095/971 1784/2099/971
f 1760/2075/972 1766/2081/972 1774/2089/972 1776/2091/972
f 1767/2082/973 1790/2105/973 1782/2097/973 1783/2098/973
f 1764/2079/974 1760/2075/974 1776/2091/974 1772/2087/974
f 1780/2095/620 1781/2096/620 1773/2088/620 1772/2087/620
f 1783/2098/620 1782/2097/620 1774/2089/620 1775/2090/620
f 1784/2099/620 1780/2095/620 1772/2087/620 1776/2091/620
f 1782/2097/620 1784/2099/620 1776/2091/620 1774/2089/620
f 1781/2096/620 1785/2100/620 1777/2092/620 1773/2088/620
f 1786/2101/620 1783/2098/620 1775/2090/620 1778/2093/620
f 1785/2100/620 1787/2102/620 1779/2094/620 1777/2092/620
f 1787/2102/620 1786/2101/620 1778/2093/620 1779/2094/620
f 1744/2059/975 1769/2084/975 1777/2092/975 1779/2094/975
f 1794/2109/976 1767/2082/976 1783/2098/976 1786/2101/976
f 1770/2085/977 1744/2059/977 1779/2094/977 1778/2093/977
f 1793/2108/978 1771/2086/978 1787/2102/978 1785/2100/978
f 1248/1547/979 1764/2079/979 1772/2087/979 1773/2088/979
f 1771/2086/980 1794/2109/980 1786/2101/980 1787/2102/980
f 1766/2081/981 1309/1608/981 1775/2090/981 1774/2089/981
f 1788/2103/982 1765/2080/982 1781/2096/982 1780/2095/982
f 1808/2123/620 1809/2124/620 1806/2121/620 1740/2055/620
f 1807/2122/620 1291/1590/620 1805/2120/620 1809/2124/620
f 1810/2125/620 1814/2129/620 1812/2127/620 1316/1615/620
f 1268/1567/620 1811/2126/620 1814/2129/620 1810/2125/620
f 1811/2126/620 1761/2076/620 1813/2128/620 1814/2129/620
f 1756/2071/620 1820/2135/620 1823/2138/620 1822/2137/620
f 1820/2135/620 1270/1569/620 1818/2133/620 1823/2138/620
f 1815/2130/616 1824/2139/616 1817/2132/616 1310/1609/616
f 1321/1620/616 1819/2134/616 1824/2139/616 1815/2130/616
f 1819/2134/616 1326/1625/616 1816/2131/616 1824/2139/616
f 1283/1582/616 1826/2141/616 1829/2144/616 1827/2142/616
f 1826/2141/616 1265/1564/616 1825/2140/616 1829/2144/616
f 1832/2147/614 1834/2149/614 1833/2148/614 1323/1622/614
f 1276/1575/614 1830/2145/614 1834/2149/614 1832/2147/614
f 1830/2145/614 1266/1565/614 1831/2146/614 1834/2149/614
f 1296/1595/614 1843/2158/614 1844/2159/614 1840/2155/614
f 1843/2158/614 1289/1588/614 1842/2157/614 1844/2159/614
usemtl Волосы
f 1286/1585/622 1837/2152/622 1288/1587/622 1343/1642/622 1333/1632/622
f 1305/1604/623 1296/1595/623 1350/1649/623 1357/1656/623
f 1306/1605/624 1436/1736/624 1360/1659/624 1358/1657/624
f 1438/1738/625 1431/1731/625 1355/1654/625 1361/1660/625
f 1323/1622/625 1438/1738/625 1361/1660/625 1421/1720/625
f 1288/1587/626 1836/2151/626 1297/1596/626 1351/1650/626 1343/1642/626
f 1434/1734/627 1433/1733/627 1356/1655/627 1349/1648/627
f 1740/2055/628 1806/2121/628 1285/1584/628 1331/1630/628 1746/2061/628
f 1296/1595/623 1840/2155/623 1287/1586/623 1342/1641/623 1350/1649/623
f 1431/1731/625 1432/1732/625 1348/1647/625 1355/1654/625
f 1432/1732/629 1430/1730/629 1347/1646/629 1348/1647/629
f 1387/1686/630 1426/1725/630 1428/1728/630 1367/1666/630 1751/2066/630 1388/1687/630
f 1429/1729/632 1305/1604/632 1357/1656/632 1354/1653/632
f 1430/1730/633 1429/1729/633 1354/1653/633 1347/1646/633
f 1528/1828/634 1286/1585/634 1333/1632/634 1534/1834/634
f 1435/1735/636 1434/1734/636 1349/1648/636 1353/1652/636
f 1439/1739/627 1324/1623/627 1422/1721/627 1362/1661/627
f 1436/1736/639 1435/1735/639 1353/1652/639 1360/1659/639
f 1287/1586/640 1841/2156/640 1284/1583/640 1344/1643/640 1342/1641/640
f 1297/1596/626 1306/1605/626 1358/1657/626 1351/1650/626
f 1433/1733/627 1439/1739/627 1362/1661/627 1356/1655/627
f 1345/1644/647 1406/1705/647 1405/1704/647 1332/1631/647
f 1338/1637/648 1330/1629/648 1393/1692/648 1390/1689/648
f 1537/1837/649 1542/1842/649 1371/1670/649 1366/1665/649
f 1754/2069/650 1369/1668/650 1372/1671/650 1747/2062/650
f 1535/1835/651 1540/1840/651 1384/1683/651 1374/1673/651
f 1541/1841/652 1536/1836/652 1373/1672/652 1368/1667/652
f 1352/1651/647 1408/1707/647 1406/1705/647 1345/1644/647
f 1328/1627/653 1336/1635/653 1400/1699/653 1397/1696/653
f 1329/1628/654 1338/1637/654 1390/1689/654 1380/1679/654
f 1343/1642/616 1346/1645/616 1335/1634/616 1336/1635/616
f 1342/1641/655 1344/1643/655 1330/1629/655 1338/1637/655
f 1340/1639/614 1334/1633/614 1329/1628/614 1339/1638/614
f 1332/1631/656 1405/1704/656 1426/1725/656 1387/1686/656
f 1746/2061/657 1331/1630/657 1327/1626/657 1745/2060/657
f 1413/1712/658 1414/1713/658 1584/1884/658 1583/1883/658
f 1534/1834/659 1333/1632/659 1328/1627/659 1533/1833/659
f 1404/1703/660 1339/1638/660 1395/1694/660 1427/1727/660
f 1346/1645/616 1341/1640/616 1337/1636/616 1335/1634/616
f 1336/1635/661 1335/1634/661 1377/1676/661 1400/1699/661
f 1752/2067/662 1382/1681/662 1388/1687/662 1751/2066/662
f 1748/2063/650 1375/1674/650 1383/1682/650 1753/2068/650
f 1335/1634/661 1337/1636/661 1403/1702/661 1377/1676/661
f 1334/1633/614 1342/1641/614 1338/1637/614 1329/1628/614
f 1333/1632/663 1343/1642/663 1336/1635/663 1328/1627/663
f 1403/1702/664 1337/1636/664 1571/1871/664 1579/1879/664
f 1339/1638/654 1329/1628/654 1380/1679/654 1395/1694/654
f 1533/1833/665 1328/1627/665 1397/1696/665 1538/1838/665
f 1749/2064/666 1364/1663/666 1370/1669/666 1755/2070/666
f 1347/1646/614 1350/1649/614 1342/1641/614 1334/1633/614
f 1353/1652/616 1349/1648/616 1341/1640/616 1346/1645/616
f 1414/1713/667 1418/1717/667 1585/1885/667 1584/1884/667
f 1410/1709/668 1413/1712/668 1583/1883/668 1565/1865/668
f 1409/1708/669 1348/1647/669 1340/1639/669 1407/1706/669
f 1348/1647/614 1347/1646/614 1334/1633/614 1340/1639/614
f 1412/1711/669 1355/1654/669 1348/1647/669 1409/1708/669
f 1351/1650/616 1353/1652/616 1346/1645/616 1343/1642/616
f 1358/1657/616 1360/1659/616 1353/1652/616 1351/1650/616
f 1418/1717/670 1549/1849/670 1587/1887/670 1585/1885/670
f 1356/1655/671 1413/1712/671 1410/1709/671 1349/1648/671
f 1363/1662/672 1415/1714/672 1411/1710/672 1359/1658/672
f 1359/1658/673 1411/1710/673 1408/1707/673 1352/1651/673
f 1354/1653/614 1357/1656/614 1350/1649/614 1347/1646/614
f 1549/1849/674 1363/1662/674 1359/1658/674 1548/1848/674
f 1362/1661/675 1417/1716/675 1413/1712/675 1356/1655/675
f 1416/1715/669 1361/1660/669 1355/1654/669 1412/1711/669
f 1420/1719/669 1421/1720/669 1361/1660/669 1416/1715/669
f 1547/1847/676 1423/1722/676 1363/1662/676 1549/1849/676
f 1422/1721/675 1424/1723/675 1417/1716/675 1362/1661/675
f 1423/1722/647 1419/1718/647 1415/1714/647 1363/1662/647
f 1364/1663/677 1365/1664/677 1366/1665/677
f 1368/1667/678 1369/1668/678 1370/1669/678 1371/1670/678
f 1372/1671/679 1373/1672/679 1374/1673/679 1375/1674/679
f 1376/1675/680 1377/1676/680 1378/1677/680
f 1379/1678/681 1380/1679/681 1381/1680/681
f 1382/1681/682 1383/1682/682 1384/1683/682 1385/1684/682
f 1386/1685/683 1387/1686/683 1388/1687/683
f 1389/1688/684 1390/1689/684 1391/1690/684
f 1394/1693/685 1395/1694/685 1396/1695/685
f 1399/1698/686 1400/1699/686 1401/1700/686
f 1349/1648/687 1410/1709/687 1565/1865/687 1434/1734/687
f 1368/1667/679 1373/1672/679 1372/1671/679 1369/1668/679
f 1535/1835/652 1374/1673/652 1373/1672/652 1536/1836/652
f 1747/2062/650 1372/1671/650 1375/1674/650 1748/2063/650
f 1385/1684/688 1386/1685/688 1388/1687/688 1382/1681/688
f 1389/1688/681 1381/1680/681 1380/1679/681 1390/1689/681
f 1749/2064/689 1392/1691/689 1393/1692/689 1750/2065/689
f 1341/1640/690 1349/1648/690 1434/1734/690 1570/1870/690
f 1394/1693/691 1367/1666/691 1428/1728/691 1427/1727/691 1395/1694/691
f 1537/1837/692 1366/1665/692 1365/1664/692 1538/1838/692
f 1399/1698/693 1398/1697/693 1397/1696/693 1400/1699/693
f 1402/1701/680 1378/1677/680 1377/1676/680 1403/1702/680
f 1374/1673/679 1384/1683/679 1383/1682/679 1375/1674/679
f 1379/1678/681 1396/1695/681 1395/1694/681 1380/1679/681
f 1332/1631/694 1387/1686/694 1577/1877/694 1572/1872/694
f 1539/1839/695 1385/1684/695 1384/1683/695 1540/1840/695
f 1752/2067/696 1394/1693/696 1396/1695/696 1753/2068/696
f 1366/1665/697 1371/1670/697 1370/1669/697 1364/1663/697
f 1392/1691/698 1391/1690/698 1390/1689/698 1393/1692/698
f 1376/1675/680 1401/1700/680 1400/1699/680 1377/1676/680
f 1754/2069/699 1389/1688/699 1391/1690/699 1755/2070/699
f 1541/1841/700 1368/1667/700 1371/1670/700 1542/1842/700
f 1745/2060/701 1327/1626/701 1365/1664/701 1750/2065/701
f 1419/1718/702 1320/1619/702 1420/1719/702
f 1424/1723/703 1318/1617/703 1425/1724/703
f 1426/1725/704 1427/1726/704 1428/1728/704
f 1359/1658/705 1352/1651/705 1574/1874/705 1575/1875/705
f 1407/1706/706 1404/1703/706 1405/1704/706 1406/1705/706
f 1387/1686/707 1386/1685/707 1576/1876/707 1577/1877/707
f 1409/1708/706 1407/1706/706 1406/1705/706 1408/1707/706
f 1540/1840/708 1402/1701/708 1578/1878/708 1582/1882/708
f 1412/1711/706 1409/1708/706 1408/1707/706 1411/1710/706
f 1337/1636/709 1341/1640/709 1570/1870/709 1571/1871/709
f 1416/1715/706 1412/1711/706 1411/1710/706 1415/1714/706
f 1413/1712/710 1417/1716/710 1418/1717/710 1414/1713/710
f 1420/1719/706 1416/1715/706 1415/1714/706 1419/1718/706
f 1417/1716/710 1424/1723/710 1425/1724/710 1418/1717/710
f 1421/1720/711 1420/1719/711 1320/1619/711 1323/1622/711
f 1547/1847/712 1425/1724/712 1318/1617/712 1546/1846/712
f 1419/1718/713 1423/1722/713 1317/1616/713 1320/1619/713
f 1424/1723/714 1422/1721/714 1324/1623/714 1318/1617/714
f 1426/1725/715 1405/1704/715 1404/1703/715 1427/1727/715
f 1386/1685/716 1385/1684/716 1580/1880/716 1576/1876/716
f 1407/1706/669 1340/1639/669 1339/1638/669 1404/1703/669
f 1401/1700/781 1541/1841/781 1542/1842/781 1399/1698/781
f 1548/1848/782 1359/1658/782 1575/1875/782 1586/1886/782
f 1398/1697/783 1537/1837/783 1538/1838/783 1397/1696/783
f 1378/1677/652 1535/1835/652 1536/1836/652 1376/1675/652
f 1327/1626/784 1533/1833/784 1538/1838/784 1365/1664/784
f 1331/1630/659 1534/1834/659 1533/1833/659 1327/1626/659
f 1549/1849/785 1548/1848/785 1586/1886/785 1587/1887/785
f 1401/1700/652 1376/1675/652 1536/1836/652 1541/1841/652
f 1378/1677/786 1402/1701/786 1540/1840/786 1535/1835/786
f 1398/1697/787 1399/1698/787 1542/1842/787 1537/1837/787
f 1285/1584/790 1528/1828/790 1534/1834/790 1331/1630/790
f 1423/1722/791 1547/1847/791 1546/1846/791 1317/1616/791
f 1425/1724/792 1547/1847/792 1549/1849/792 1418/1717/792
f 1385/1684/793 1539/1839/793 1581/1881/793 1580/1880/793
f 1539/1839/794 1540/1840/794 1582/1882/794 1581/1881/794
f 1402/1701/795 1403/1702/795 1579/1879/795 1578/1878/795
f 1352/1651/796 1345/1644/796 1573/1873/796 1574/1874/796
f 1345/1644/797 1332/1631/797 1572/1872/797 1573/1873/797
f 1330/1629/960 1745/2060/960 1750/2065/960 1393/1692/960
f 1369/1668/961 1754/2069/961 1755/2070/961 1370/1669/961
f 1382/1681/962 1752/2067/962 1753/2068/962 1383/1682/962
f 1364/1663/963 1749/2064/963 1750/2065/963 1365/1664/963
f 1381/1680/650 1747/2062/650 1748/2063/650 1379/1678/650
f 1392/1691/964 1749/2064/964 1755/2070/964 1391/1690/964
f 1379/1678/650 1748/2063/650 1753/2068/650 1396/1695/650
f 1394/1693/965 1752/2067/965 1751/2066/965 1367/1666/965
f 1344/1643/657 1746/2061/657 1745/2060/657 1330/1629/657
f 1389/1688/650 1754/2069/650 1747/2062/650 1381/1680/650
f 1284/1583/966 1740/2055/966 1746/2061/966 1344/1643/966
usemtl Мясо
f 1531/1831/641 1791/2106/641 1797/2112/641 1802/2117/641
f 1791/2106/788 1743/2058/788 1804/2119/788 1797/2112/788
f 1743/2058/789 1795/2110/789 1800/2115/789 1804/2119/789
f 1552/1852/799 1558/1858/799 1603/1906/799 1617/1920/799 1605/1908/799
f 1562/1862/800 1563/1863/800 1610/1913/800 1647/1954/800 1604/1907/800
f 1550/1850/801 1554/1854/801 1607/1910/801 1636/1943/801 1600/1902/801
f 1563/1863/802 1559/1859/802 1588/1888/802 1642/1949/802 1610/1913/802
f 1568/1868/803 1556/1856/803 1608/1911/803 1646/1953/803 1606/1909/803
f 1553/1853/804 1552/1852/804 1605/1908/804 1635/1942/804 1597/1899/804
f 1561/1861/805 1562/1862/805 1604/1907/805 1641/1948/805 1609/1912/805
f 1551/1851/806 1550/1850/806 1600/1902/806 1634/1941/806 1599/1901/806
f 1557/1857/807 1561/1861/807 1609/1912/807 1640/1947/807 1603/1905/807
f 1559/1859/808 1560/1860/808 1589/1889/808 1639/1946/808 1588/1888/808
f 1558/1858/809 1557/1857/809 1603/1906/809
f 1569/1869/810 1568/1868/810 1606/1909/810 1649/1956/810 1612/1915/810
f 1556/1856/811 1555/1855/811 1602/1904/811 1638/1945/811 1608/1911/811
f 1560/1860/812 1551/1851/812 1599/1901/812 1644/1951/812 1589/1889/812
f 1567/1867/813 1569/1869/813 1612/1915/813 1648/1955/813 1611/1914/813
f 1555/1855/796 1553/1853/796 1597/1899/796 1637/1944/796 1602/1904/796
f 1594/1895/828 1655/1962/828 1607/1910/828 1554/1854/828 1564/1864/828
f 1594/1895/848 1564/1864/848 1613/1916/848 1616/1919/848
f 1594/1895/852 1616/1919/852 1595/1897/852 1619/1923/852
f 1615/1918/853 1595/1897/853 1616/1919/853
f 1614/1917/854 1595/1897/854 1615/1918/854
f 1567/1867/855 1611/1914/855 1645/1952/855 1595/1897/855 1614/1917/855
f 1527/1827/620 1789/2104/620 1765/2080/620 1788/2103/620
f 1791/2106/620 1531/1831/620 1790/2105/620 1767/2082/620
f 1792/2107/620 1527/1827/620 1788/2103/620 1768/2083/620
f 1531/1831/620 1792/2107/620 1768/2083/620 1790/2105/620
f 1789/2104/620 1739/2054/620 1793/2108/620 1765/2080/620
f 1743/2058/620 1791/2106/620 1767/2082/620 1794/2109/620
f 1739/2054/620 1795/2110/620 1771/2086/620 1793/2108/620
f 1795/2110/620 1743/2058/620 1794/2109/620 1771/2086/620
f 1800/2115/620 1796/2111/620 1797/2112/620 1804/2119/620
f 1803/2118/620 1798/2113/620 1796/2111/620 1800/2115/620
f 1798/2113/620 1801/2116/620 1799/2114/620 1796/2111/620
f 1796/2111/620 1799/2114/620 1802/2117/620 1797/2112/620
f 1795/2110/983 1739/2054/983 1803/2118/983 1800/2115/983
f 1739/2054/984 1789/2104/984 1798/2113/984 1803/2118/984
f 1527/1827/985 1792/2107/985 1799/2114/985 1801/2116/985
f 1789/2104/986 1527/1827/986 1801/2116/986 1798/2113/986
usemtl Мозг
f 1670/1978/833 1618/1921/833 1592/1893/833 1622/1927/833
f 1667/1975/836 1620/1925/836 1591/1892/836 1623/1928/836
f 1665/1973/838 1635/1942/838 1605/1908/838 1628/1935/838
f 1664/1972/674 1638/1945/674 1602/1904/674 1625/1931/674
f 1662/1970/840 1631/1938/840 1601/1903/840 1629/1936/840
f 1661/1969/841 1651/1958/841 1593/1894/841 1650/1957/841
f 1657/1965/845 1651/1958/845 1596/1898/845 1632/1939/845
f 1656/1964/846 1636/1943/846 1607/1910/846 1655/1963/846
f 1650/1957/856 1656/1964/856 1655/1963/856 1594/1896/856
f 1593/1894/857 1624/1930/857 1656/1964/857 1650/1957/857
f 1592/1893/860 1618/1922/860 1657/1965/860 1654/1961/860
f 1618/1922/861 1593/1894/861 1651/1958/861 1657/1965/861
f 1591/1892/863 1620/1925/863 1658/1966/863 1652/1959/863
f 1620/1925/864 1592/1893/864 1654/1961/864 1658/1966/864
f 1653/1960/865 1659/1967/865 1627/1934/865 1604/1907/865
f 1623/1928/867 1591/1892/867 1652/1959/867 1659/1967/867
f 1588/1888/868 1639/1946/868 1660/1968/868 1642/1949/868
f 1639/1946/869 1589/1889/869 1653/1960/869 1660/1968/869
f 1601/1903/870 1633/1940/870 1661/1969/870 1629/1936/870
f 1619/1924/872 1662/1970/872 1629/1936/872 1594/1896/872
f 1595/1897/873 1630/1937/873 1662/1970/873 1619/1924/873
f 1645/1952/875 1663/1971/875 1630/1937/875 1595/1897/875
f 1648/1955/877 1612/1915/877 1649/1956/877 1663/1971/877
f 1631/1938/878 1664/1972/878 1625/1931/878 1601/1903/878
f 1646/1953/880 1608/1911/880 1638/1945/880 1664/1972/880
f 1632/1939/881 1665/1973/881 1628/1935/881 1598/1900/881
f 1596/1898/882 1621/1926/882 1665/1973/882 1632/1939/882
f 1621/1926/883 1597/1899/883 1635/1942/883 1665/1973/883
f 1643/1950/884 1666/1974/884 1626/1932/884 1590/1891/884
f 1598/1900/885 1628/1935/885 1666/1974/885 1643/1950/885
f 1622/1927/889 1592/1893/889 1620/1925/889 1667/1975/889
f 1633/1940/817 1668/1976/817 1621/1926/817 1596/1898/817
f 1601/1903/817 1625/1931/817 1668/1976/817 1633/1940/817
f 1625/1931/817 1602/1904/817 1637/1944/817 1668/1976/817
f 1641/1948/890 1669/1977/890 1640/1947/890 1609/1912/890
f 1627/1934/892 1590/1890/892 1626/1933/892 1669/1977/892
f 1600/1902/894 1624/1929/894 1670/1978/894 1634/1941/894
usemtl Material.003
f 1611/1914/834 1648/1955/834 1726/2041/834 1723/2038/834
f 1600/1902/835 1636/1943/835 1710/2023/835 1711/2024/835
f 1618/1921/837 1670/1978/837 1736/2051/837 1699/2009/837
f 1649/1956/839 1606/1909/839 1707/2020/839 1714/2028/839
f 1604/1907/842 1647/1954/842 1681/1991/842 1684/1994/842
f 1654/1961/843 1657/1965/843 1678/1988/843 1676/1986/843
f 1627/1934/844 1659/1967/844 1680/1990/844 1677/1987/844
f 1663/1971/858 1649/1956/858 1714/2028/858 1731/2046/858
f 1590/1890/859 1627/1934/859 1677/1987/859 1674/1983/859
f 1659/1967/862 1652/1959/862 1675/1985/862 1680/1990/862
f 1667/1975/866 1623/1928/866 1687/1997/866 1695/2005/866
f 1647/1954/842 1610/1913/842 1682/1992/842 1681/1991/842
f 1597/1899/679 1621/1926/679 1701/2013/679 1702/2014/679
f 1606/1909/871 1646/1953/871 1725/2040/871 1707/2020/871
f 1670/1978/874 1624/1929/874 1703/2015/874 1736/2051/874
f 1663/1971/876 1645/1952/876 1724/2039/876 1731/2046/876
f 1636/1943/879 1656/1964/879 1728/2043/879 1710/2023/879
f 1633/1940/886 1596/1898/886 1709/2022/886 1708/2021/886
f 1623/1928/887 1659/1967/887 1694/2004/887 1687/1997/887
f 1670/1978/888 1622/1927/888 1692/2002/888 1696/2006/888
f 1645/1952/891 1611/1914/891 1723/2038/891 1724/2039/891
f 1644/1951/893 1599/1901/893 1690/2000/893 1691/2001/893
f 1648/1955/895 1663/1971/895 1731/2046/895 1726/2041/895
f 1680/1990/896 1675/1985/896 1674/1983/896 1677/1987/896
f 1679/1989/897 1676/1986/897 1672/1980/897 1673/1981/897
f 1676/1986/898 1678/1988/898 1671/1979/898 1672/1980/898
f 1675/1985/899 1679/1989/899 1673/1981/899 1674/1983/899
f 1632/1939/900 1598/1900/900 1672/1980/900 1671/1979/900
f 1652/1959/901 1658/1966/901 1679/1989/901 1675/1985/901
f 1643/1950/902 1590/1891/902 1674/1984/902 1673/1982/902
f 1657/1965/903 1632/1939/903 1671/1979/903 1678/1988/903
f 1598/1900/902 1643/1950/902 1673/1982/902 1672/1980/902
f 1658/1966/901 1654/1961/901 1676/1986/901 1679/1989/901
f 1686/1996/904 1683/1993/904 1684/1994/904 1681/1991/904
f 1685/1995/905 1686/1996/905 1681/1991/905 1682/1992/905
f 1642/1949/906 1660/1968/906 1686/1996/906 1685/1995/906
f 1660/1968/906 1653/1960/906 1683/1993/906 1686/1996/906
f 1653/1960/907 1604/1907/907 1684/1994/907 1683/1993/907
f 1688/1998/909 1687/1997/909 1694/2004/909 1693/2003/909
f 1691/2001/910 1695/2005/910 1687/1997/910 1688/1998/910
f 1690/2000/911 1692/2002/911 1695/2005/911 1691/2001/911
f 1689/1999/912 1696/2006/912 1692/2002/912 1690/2000/912
f 1634/1941/913 1670/1978/913 1696/2006/913 1689/1999/913
f 1653/1960/914 1589/1889/914 1688/1998/914 1693/2003/914
f 1659/1967/915 1653/1960/915 1693/2003/915 1694/2004/915
f 1622/1927/866 1667/1975/866 1695/2005/866 1692/2002/866
f 1589/1889/893 1644/1951/893 1691/2001/893 1688/1998/893
f 1599/1901/916 1634/1941/916 1689/1999/916 1690/2000/916
f 1735/2050/917 1716/2031/917 1713/2026/917 1712/2025/917
f 1734/2049/817 1721/2036/817 1702/2014/817 1701/2013/817
f 1733/2048/918 1697/2007/918 1713/2027/918 1716/2030/918
f 1731/2046/919 1714/2028/919 1707/2020/919 1706/2019/919
f 1703/2016/920 1711/2024/920 1710/2023/920 1728/2043/920
f 1719/2034/921 1729/2044/921 1727/2042/921 1718/2033/921
f 1708/2021/922 1709/2022/922 1715/2029/922 1729/2044/922
f 1706/2019/923 1707/2020/923 1720/2035/923 1730/2045/923
f 1723/2038/924 1726/2041/924 1731/2046/924 1724/2039/924
f 1707/2020/925 1725/2040/925 1732/2047/925 1720/2035/925
f 1717/2032/926 1698/2008/926 1697/2007/926 1733/2048/926
f 1705/2018/927 1704/2017/927 1735/2050/927 1722/2037/927
f 1703/2015/928 1700/2011/928 1699/2009/928 1736/2051/928
f 1646/1953/929 1664/1972/929 1732/2047/929 1725/2040/929
f 1661/1969/930 1650/1957/930 1727/2042/930 1729/2044/930
f 1624/1930/931 1593/1894/931 1700/2012/931 1703/2016/931
f 1596/1898/932 1651/1958/932 1715/2029/932 1709/2022/932
f 1664/1972/933 1631/1938/933 1720/2035/933 1732/2047/933
f 1650/1957/934 1594/1896/934 1718/2033/934 1727/2042/934
f 1661/1969/935 1633/1940/935 1708/2021/935 1729/2044/935
f 1621/1926/936 1668/1976/936 1734/2049/936 1701/2013/936
f 1637/1944/937 1597/1899/937 1702/2014/937 1721/2036/937
f 1624/1929/938 1600/1902/938 1711/2024/938 1703/2015/938
f 1629/1936/939 1661/1969/939 1729/2044/939 1719/2034/939
f 1603/1905/940 1640/1947/940 1712/2025/940 1713/2026/940
f 1651/1958/941 1661/1969/941 1729/2044/941 1715/2029/941
f 1604/1907/942 1627/1934/942 1704/2017/942 1705/2018/942
f 1668/1976/943 1637/1944/943 1721/2036/943 1734/2049/943
f 1662/1970/944 1630/1937/944 1706/2019/944 1730/2045/944
f 1640/1947/945 1669/1977/945 1735/2050/945 1712/2025/945
f 1641/1948/946 1604/1907/946 1705/2018/946 1722/2037/946
f 1628/1935/947 1605/1908/947 1698/2008/947 1717/2032/947
f 1627/1934/948 1669/1977/948 1735/2050/948 1704/2017/948
f 1626/1932/949 1666/1974/949 1733/2048/949 1716/2030/949
f 1594/1896/950 1629/1936/950 1719/2034/950 1718/2033/950
f 1605/1908/951 1617/1920/951 1697/2007/951 1698/2008/951
f 1631/1938/952 1662/1970/952 1730/2045/952 1720/2035/952
f 1669/1977/953 1641/1948/953 1722/2037/953 1735/2050/953
f 1666/1974/954 1628/1935/954 1717/2032/954 1733/2048/954
f 1593/1894/955 1618/1922/955 1699/2010/955 1700/2012/955
f 1656/1964/956 1624/1930/956 1703/2016/956 1728/2043/956
f 1630/1937/957 1663/1971/957 1731/2046/957 1706/2019/957
f 1617/1920/958 1603/1906/958 1713/2027/958 1697/2007/958
f 1669/1977/959 1626/1933/959 1716/2031/959 1735/2050/959
o Eyes
v 0.224738 2.530588 0.459290
v 0.224738 2.551370 0.459290
v 0.245745 2.530588 0.459290
v 0.245745 2.551370 0.459290
v 0.130781 2.421778 0.458709
v 0.130781 2.583908 0.458709
v 0.275244 2.583908 0.459160
v 0.275244 2.421778 0.458709
v -0.158381 2.454521 0.459290
v -0.158381 2.475814 0.459290
v -0.179388 2.454521 0.459290
v -0.179388 2.475814 0.459290
v -0.130781 2.421778 0.458709
v -0.130781 2.583908 0.458709
v -0.275244 2.583908 0.458709
v -0.275244 2.421778 0.458709
v 0.292650 2.593860 0.387962
v 0.292650 2.408682 0.387962
v 0.292650 2.593860 0.448376
v 0.292650 2.408682 0.448376
v 0.112625 2.593860 0.387962
v 0.112625 2.408682 0.387962
v 0.112625 2.593860 0.448376
v 0.112625 2.408682 0.448376
v -0.130781 2.421778 0.414882
v -0.130781 2.583908 0.414882
v -0.275244 2.421778 0.414882
v -0.275244 2.583908 0.414882
v 0.130781 2.421778 0.414882
v 0.130781 2.583908 0.414882
v 0.275244 2.421778 0.414882
v 0.275244 2.583908 0.414882
v -0.295595 2.591652 0.387962
v -0.295595 2.406474 0.387962
v -0.295595 2.591652 0.448376
v -0.295595 2.406474 0.448376
v -0.115569 2.591652 0.387962
v -0.115569 2.406474 0.387962
v -0.115569 2.591652 0.448376
v -0.115569 2.406474 0.448376
v 0.198962 2.490232 0.459290
v 0.198962 2.571207 0.459290
v 0.262271 2.571207 0.459290
v 0.262271 2.490232 0.459290
v -0.141804 2.432290 0.459290
v -0.141804 2.513265 0.459290
v -0.205113 2.513265 0.459290
v -0.205113 2.432290 0.459290
vn -0.0000 -0.0000 1.0000
vn -0.0085 -0.0000 1.0000
vn 0.0234 -0.0019 0.9997
vn -0.0000 -0.0085 1.0000
vn -0.0022 0.0233 0.9997
vn -0.0000 -1.0000 -0.0000
vn -1.0000 -0.0000 -0.0000
vn 0.0527 -0.0000 0.9986
vn -0.0083 -0.0000 1.0000
vn -0.0000 -0.0552 0.9985
vn -0.0000 0.0082 1.0000
vn -0.0000 -0.0000 -1.0000
vn 1.0000 -0.0000 -0.0000
vn -0.0000 1.0000 -0.0000
vt 0.470183 0.893177
vt 0.529817 0.893177
vt 0.470184 0.856823
vt 0.529817 0.856823
vt 0.375000 1.000000
vt 0.625000 1.000000
vt 0.625000 0.750000
vt 0.375000 0.750000
vt 0.470184 0.893177
vt 0.529817 0.893177
vt 0.470183 0.856823
vt 0.529817 0.856823
vt 0.375000 1.000000
vt 0.625000 1.000000
vt 0.625000 0.750000
vt 0.375000 0.750000
vt 0.375000 0.000000
vt 0.375000 1.000000
vt 0.125000 0.750000
vt 0.625000 0.000000
vt 0.625000 1.000000
vt 0.875000 0.750000
vt 0.375000 0.250000
vt 0.125000 0.500000
vt 0.625000 0.250000
vt 0.875000 0.500000
vt 0.375000 0.750000
vt 0.625000 0.750000
vt 0.375000 0.500000
vt 0.625000 0.500000
vt 0.375000 0.250000
vt 0.625000 0.250000
vt 0.375000 0.500000
vt 0.625000 0.500000
vt 0.375000 0.250000
vt 0.625000 0.250000
vt 0.375000 0.500000
vt 0.625000 0.500000
vt 0.375000 0.000000
vt 0.375000 1.000000
vt 0.125000 0.750000
vt 0.625000 0.000000
vt 0.625000 1.000000
vt 0.875000 0.750000
vt 0.375000 0.250000
vt 0.125000 0.500000
vt 0.625000 0.250000
vt 0.875000 0.500000
vt 0.375000 0.750000
vt 0.625000 0.750000
vt 0.375000 0.500000
vt 0.625000 0.500000
vt 0.437569 0.929779
vt 0.562431 0.929779
vt 0.562431 0.820221
vt 0.437569 0.820221
vt 0.437569 0.929779
vt 0.562431 0.929779
vt 0.562431 0.820221
vt 0.437569 0.820221
s 0
usemtl Веки
f 1861/2176/993 1862/2179/993 1864/2184/993 1863/2182/993
f 1863/2182/998 1864/2184/998 1868/2189/998 1867/2188/998
f 1867/2188/999 1868/2189/999 1866/2187/999 1865/2186/999
f 1865/2186/987 1866/2187/987 1862/2180/987 1861/2177/987
f 1863/2183/992 1867/2188/992 1865/2186/992 1861/2178/992
f 1868/2189/1000 1864/2185/1000 1862/2181/1000 1866/2187/1000
f 1869/2190/998 1871/2192/998 1872/2193/998 1870/2191/998
f 1873/2194/998 1874/2195/998 1876/2197/998 1875/2196/998
f 1877/2198/999 1879/2204/999 1880/2206/999 1878/2201/999
f 1879/2204/998 1883/2210/998 1884/2211/998 1880/2206/998
f 1883/2210/993 1881/2208/993 1882/2209/993 1884/2211/993
f 1881/2208/987 1877/2199/987 1878/2202/987 1882/2209/987
f 1879/2205/992 1877/2200/992 1881/2208/992 1883/2210/992
f 1884/2211/1000 1882/2209/1000 1878/2203/1000 1880/2207/1000
usemtl глазное_яблоко
f 1885/2212/988 1886/2213/988 1850/2165/988 1849/2164/988
f 1887/2214/989 1888/2215/989 1852/2167/989 1851/2166/989
f 1888/2215/990 1885/2212/990 1849/2164/990 1852/2167/990
f 1886/2213/991 1887/2214/991 1851/2166/991 1850/2165/991
f 1871/2192/992 1869/2190/992 1857/2172/992 1860/2175/992
f 1871/2192/993 1860/2175/993 1859/2174/993 1872/2193/993
f 1889/2216/994 1857/2172/994 1858/2173/994 1890/2217/994
f 1891/2218/995 1859/2174/995 1860/2175/995 1892/2219/995
f 1892/2219/996 1860/2175/996 1857/2172/996 1889/2216/996
f 1890/2217/997 1858/2173/997 1859/2174/997 1891/2218/997
f 1870/2191/1000 1872/2193/1000 1859/2174/1000 1858/2173/1000
f 1851/2166/1000 1876/2197/1000 1874/2195/1000 1850/2165/1000
f 1852/2167/999 1875/2196/999 1876/2197/999 1851/2166/999
f 1849/2164/992 1873/2194/992 1875/2196/992 1852/2167/992
f 1849/2164/993 1850/2165/993 1874/2195/993 1873/2194/993
f 1857/2172/999 1869/2190/999 1870/2191/999 1858/2173/999
usemtl радужка
f 1845/2160/987 1846/2161/987 1886/2213/987 1885/2212/987
f 1848/2163/987 1847/2162/987 1888/2215/987 1887/2214/987
f 1847/2162/987 1845/2160/987 1885/2212/987 1888/2215/987
f 1846/2161/987 1848/2163/987 1887/2214/987 1886/2213/987
f 1854/2169/987 1853/2168/987 1889/2216/987 1890/2217/987
f 1855/2170/987 1856/2171/987 1891/2218/987 1892/2219/987
f 1853/2168/987 1855/2170/987 1892/2219/987 1889/2216/987
f 1856/2171/987 1854/2169/987 1890/2217/987 1891/2218/987
usemtl зрачок
f 1847/2162/987 1848/2163/987 1846/2161/987 1845/2160/987
f 1855/2170/987 1853/2168/987 1854/2169/987 1856/2171/987
o Eyebrows
v 0.097059 2.605452 0.462049
v 0.093129 2.646116 0.462049
v 0.097059 2.605452 0.420964
v 0.093129 2.646116 0.420964
v 0.309658 2.627659 0.462049
v 0.305728 2.668324 0.462049
v 0.309658 2.627659 0.420964
v 0.305728 2.668324 0.420964
v 0.097059 2.605452 0.437089
v 0.095094 2.625784 0.462049
v 0.093129 2.646116 0.437089
v 0.095094 2.625784 0.420964
v 0.221521 2.644314 0.420964
v 0.217591 2.684978 0.420964
v 0.307693 2.647991 0.420964
v 0.309658 2.627659 0.437089
v 0.305728 2.668324 0.437089
v 0.307693 2.647991 0.462049
v 0.221521 2.644314 0.462049
v 0.217591 2.684978 0.462049
v 0.217591 2.684978 0.437089
v 0.221521 2.644314 0.437089
v 0.219556 2.664646 0.462049
v 0.307693 2.647991 0.437089
v 0.219556 2.664646 0.420964
v 0.095094 2.625784 0.437089
v -0.094007 2.599942 0.462049
v -0.094007 2.640796 0.462049
v -0.094007 2.599942 0.420964
v -0.094007 2.640796 0.420964
v -0.306124 2.609143 0.462049
v -0.306124 2.649997 0.462049
v -0.306124 2.609143 0.420964
v -0.306124 2.649997 0.420964
v -0.094007 2.599942 0.437089
v -0.094007 2.620369 0.462049
v -0.094007 2.640796 0.437089
v -0.094007 2.620369 0.420964
v -0.229755 2.628895 0.420964
v -0.229754 2.669749 0.420964
v -0.306124 2.629570 0.420964
v -0.306124 2.609143 0.437089
v -0.306124 2.649997 0.437089
v -0.306124 2.629570 0.462049
v -0.229754 2.628895 0.462049
v -0.229755 2.669749 0.462049
v -0.229754 2.669749 0.437089
v -0.229754 2.628895 0.437089
v -0.229755 2.649322 0.462049
v -0.306124 2.629570 0.437089
v -0.229754 2.649322 0.420964
v -0.094007 2.620369 0.437089
vn -0.9954 -0.0962 -0.0000
vn -0.0000 -0.0000 -1.0000
vn 0.9954 0.0962 -0.0000
vn -0.0000 -0.0000 1.0000
vn -0.1857 -0.9826 -0.0000
vn -0.2981 0.9545 -0.0000
vn 0.1857 0.9826 -0.0000
vn 0.2981 -0.9545 -0.0000
vn 1.0000 -0.0000 -0.0000
vn -1.0000 -0.0000 -0.0000
vn 0.2504 -0.9681 -0.0000
vn 0.2086 0.9780 -0.0000
vn -0.2504 0.9681 -0.0000
vn -0.2086 -0.9780 -0.0000
vt 0.125000 0.750000
vt 0.375000 1.000000
vt 0.375000 0.000000
vt 0.625000 1.000000
vt 0.875000 0.750000
vt 0.625000 0.000000
vt 0.125000 0.500000
vt 0.375000 0.250000
vt 0.875000 0.500000
vt 0.625000 0.250000
vt 0.375000 0.750000
vt 0.625000 0.750000
vt 0.375000 0.500000
vt 0.625000 0.500000
vt 0.125000 0.625000
vt 0.375000 0.125000
vt 0.500000 1.000000
vt 0.500000 0.000000
vt 0.875000 0.625000
vt 0.625000 0.125000
vt 0.500000 0.250000
vt 0.250000 0.500000
vt 0.375000 0.375000
vt 0.750000 0.500000
vt 0.625000 0.375000
vt 0.500000 0.500000
vt 0.375000 0.625000
vt 0.625000 0.625000
vt 0.500000 0.750000
vt 0.250000 0.750000
vt 0.375000 0.875000
vt 0.750000 0.750000
vt 0.625000 0.875000
vt 0.750000 0.625000
vt 0.250000 0.625000
vt 0.500000 0.875000
vt 0.500000 0.625000
vt 0.500000 0.375000
vt 0.500000 0.125000
vt 0.125000 0.750000
vt 0.375000 1.000000
vt 0.375000 0.000000
vt 0.625000 1.000000
vt 0.875000 0.750000
vt 0.625000 0.000000
vt 0.125000 0.500000
vt 0.375000 0.250000
vt 0.875000 0.500000
vt 0.625000 0.250000
vt 0.375000 0.750000
vt 0.625000 0.750000
vt 0.375000 0.500000
vt 0.625000 0.500000
vt 0.125000 0.625000
vt 0.375000 0.125000
vt 0.500000 1.000000
vt 0.500000 0.000000
vt 0.875000 0.625000
vt 0.625000 0.125000
vt 0.500000 0.250000
vt 0.250000 0.500000
vt 0.375000 0.375000
vt 0.750000 0.500000
vt 0.625000 0.375000
vt 0.500000 0.500000
vt 0.375000 0.625000
vt 0.625000 0.625000
vt 0.500000 0.750000
vt 0.250000 0.750000
vt 0.375000 0.875000
vt 0.750000 0.750000
vt 0.625000 0.875000
vt 0.750000 0.625000
vt 0.250000 0.625000
vt 0.500000 0.875000
vt 0.500000 0.625000
vt 0.500000 0.375000
vt 0.500000 0.125000
s 0
usemtl Material.002
f 1918/2258/1001 1903/2239/1001 1896/2229/1001 1904/2240/1001
f 1917/2257/1002 1906/2244/1002 1900/2233/1002 1907/2245/1002
f 1916/2256/1003 1909/2247/1003 1898/2231/1003 1910/2248/1003
f 1915/2255/1004 1912/2252/1004 1894/2223/1004 1902/2236/1004
f 1914/2254/1005 1908/2246/1005 1897/2230/1005 1911/2249/1005
f 1913/2253/1006 1903/2238/1006 1894/2224/1006 1912/2251/1006
f 1909/2247/1007 1913/2253/1007 1912/2251/1007 1898/2231/1007
f 1900/2233/1007 1906/2243/1007 1913/2253/1007 1909/2247/1007
f 1906/2243/1006 1896/2228/1006 1903/2238/1006 1913/2253/1006
f 1901/2234/1008 1914/2254/1008 1911/2249/1008 1893/2220/1008
f 1895/2226/1008 1905/2241/1008 1914/2254/1008 1901/2234/1008
f 1905/2241/1005 1899/2232/1005 1908/2246/1005 1914/2254/1005
f 1911/2250/1004 1915/2255/1004 1902/2236/1004 1893/2221/1004
f 1897/2230/1004 1910/2248/1004 1915/2255/1004 1911/2250/1004
f 1910/2248/1004 1898/2231/1004 1912/2252/1004 1915/2255/1004
f 1908/2246/1003 1916/2256/1003 1910/2248/1003 1897/2230/1003
f 1899/2232/1003 1907/2245/1003 1916/2256/1003 1908/2246/1003
f 1907/2245/1003 1900/2233/1003 1909/2247/1003 1916/2256/1003
f 1905/2242/1002 1917/2257/1002 1907/2245/1002 1899/2232/1002
f 1895/2227/1002 1904/2240/1002 1917/2257/1002 1905/2242/1002
f 1904/2240/1002 1896/2229/1002 1906/2244/1002 1917/2257/1002
f 1901/2235/1001 1918/2258/1001 1904/2240/1001 1895/2227/1001
f 1893/2222/1001 1902/2237/1001 1918/2258/1001 1901/2235/1001
f 1902/2237/1001 1894/2225/1001 1903/2239/1001 1918/2258/1001
f 1944/2297/1009 1930/2279/1009 1922/2268/1009 1929/2278/1009
f 1943/2296/1002 1933/2284/1002 1926/2272/1002 1932/2283/1002
f 1942/2295/1010 1936/2287/1010 1924/2270/1010 1935/2286/1010
f 1941/2294/1004 1928/2275/1004 1920/2262/1004 1938/2291/1004
f 1940/2293/1011 1937/2288/1011 1923/2269/1011 1934/2285/1011
f 1939/2292/1012 1938/2290/1012 1920/2263/1012 1929/2277/1012
f 1935/2286/1013 1924/2270/1013 1938/2290/1013 1939/2292/1013
f 1926/2272/1013 1935/2286/1013 1939/2292/1013 1932/2282/1013
f 1932/2282/1012 1939/2292/1012 1929/2277/1012 1922/2267/1012
f 1927/2273/1014 1919/2259/1014 1937/2288/1014 1940/2293/1014
f 1921/2265/1014 1927/2273/1014 1940/2293/1014 1931/2280/1014
f 1931/2280/1011 1940/2293/1011 1934/2285/1011 1925/2271/1011
f 1937/2289/1004 1919/2260/1004 1928/2275/1004 1941/2294/1004
f 1923/2269/1004 1937/2289/1004 1941/2294/1004 1936/2287/1004
f 1936/2287/1004 1941/2294/1004 1938/2291/1004 1924/2270/1004
f 1934/2285/1010 1923/2269/1010 1936/2287/1010 1942/2295/1010
f 1925/2271/1010 1934/2285/1010 1942/2295/1010 1933/2284/1010
f 1933/2284/1010 1942/2295/1010 1935/2286/1010 1926/2272/1010
f 1931/2281/1002 1925/2271/1002 1933/2284/1002 1943/2296/1002
f 1921/2266/1002 1931/2281/1002 1943/2296/1002 1930/2279/1002
f 1930/2279/1002 1943/2296/1002 1932/2283/1002 1922/2268/1002
f 1927/2274/1009 1921/2266/1009 1930/2279/1009 1944/2297/1009
f 1919/2261/1009 1927/2274/1009 1944/2297/1009 1928/2276/1009
f 1928/2276/1009 1944/2297/1009 1929/2278/1009 1920/2264/1009
o Zubi_Down
v -0.080721 2.241735 0.437610
v -0.077541 2.291186 0.448817
v -0.080721 2.244736 0.424866
v -0.080692 2.298568 0.436523
v -0.061461 2.241735 0.437610
v -0.063719 2.292490 0.448817
v -0.061461 2.244736 0.424866
v -0.061490 2.296617 0.437051
v -0.061703 2.234514 0.437664
v -0.048692 2.283641 0.446898
v -0.060455 2.237059 0.424882
v -0.047444 2.287970 0.435935
v -0.043146 2.229420 0.438462
v -0.035460 2.274174 0.447696
v -0.041898 2.231965 0.425680
v -0.028887 2.281092 0.436733
v -0.025255 2.224775 0.436124
v -0.020418 2.271704 0.447316
v -0.024973 2.228395 0.423545
v -0.024312 2.278367 0.437942
v -0.006002 2.224425 0.436455
v -0.005341 2.274397 0.447648
v -0.005720 2.228045 0.423876
v -0.005059 2.281041 0.438273
v -0.002242 2.220548 0.436008
v 0.007177 2.270050 0.450552
v -0.001478 2.224139 0.423441
v 0.005071 2.273237 0.437985
v 0.016832 2.217906 0.436412
v 0.018965 2.267408 0.450956
v 0.017595 2.221497 0.423845
v 0.024145 2.274449 0.438389
v 0.030957 2.221633 0.436211
v 0.032198 2.265703 0.450505
v 0.030847 2.225235 0.423624
v 0.029341 2.278728 0.437918
v 0.050155 2.223155 0.436478
v 0.042147 2.270679 0.450772
v 0.050044 2.226757 0.423891
v 0.045895 2.276590 0.438185
v 0.054751 2.226757 0.435951
v 0.064015 2.271738 0.447883
v 0.055737 2.230315 0.423390
v 0.060078 2.281815 0.438010
v 0.073647 2.223058 0.436387
v 0.074351 2.272102 0.448319
v 0.074633 2.226616 0.423826
v 0.081017 2.278737 0.438446
vn -0.9920 0.0029 0.1261
vn 0.0245 0.2199 -0.9752
vn 0.9959 0.0015 0.0910
vn 0.0086 -0.2184 0.9758
vn -0.0000 -0.9734 -0.2292
vn 0.0108 0.9022 0.4312
vn -0.9661 0.2568 -0.0272
vn 0.1030 0.1890 -0.9766
vn 0.9443 -0.2535 0.2100
vn -0.1247 -0.1650 0.9784
vn -0.2502 -0.9446 -0.2125
vn 0.3682 0.7674 0.5250
vn -0.9858 0.0117 0.1677
vn 0.0003 0.2693 -0.9631
vn 0.9997 -0.0172 0.0177
vn -0.0035 -0.2249 0.9744
vn -0.0127 -0.9608 -0.2768
vn -0.1357 0.7954 0.5907
vn -0.9870 0.1337 0.0888
vn 0.0305 0.2704 -0.9623
vn 0.9757 -0.1323 0.1747
vn -0.0719 -0.2734 0.9592
vn -0.1259 -0.9518 -0.2796
vn 0.0329 0.9243 0.3802
vn -0.9948 -0.0311 0.0968
vn 0.0190 0.2676 -0.9633
vn 0.9828 0.0729 0.1695
vn 0.0481 -0.2944 0.9545
vn 0.0798 -0.9582 -0.2748
vn -0.0973 0.7970 0.5961
vn -0.9793 0.0879 0.1823
vn 0.0661 0.2646 -0.9621
vn 0.9549 -0.1361 0.2638
vn -0.0563 -0.2400 0.9691
vn -0.1781 -0.9430 -0.2811
vn 0.0478 0.7592 0.6491
vt 0.375000 0.000000
vt 0.375000 1.000000
vt 0.125000 0.750000
vt 0.625000 0.000000
vt 0.625000 1.000000
vt 0.875000 0.750000
vt 0.375000 0.250000
vt 0.125000 0.500000
vt 0.625000 0.250000
vt 0.875000 0.500000
vt 0.375000 0.750000
vt 0.625000 0.750000
vt 0.375000 0.500000
vt 0.625000 0.500000
vt 0.375000 0.000000
vt 0.375000 1.000000
vt 0.125000 0.750000
vt 0.625000 0.000000
vt 0.625000 1.000000
vt 0.875000 0.750000
vt 0.375000 0.250000
vt 0.125000 0.500000
vt 0.625000 0.250000
vt 0.875000 0.500000
vt 0.375000 0.750000
vt 0.625000 0.750000
vt 0.375000 0.500000
vt 0.625000 0.500000
vt 0.375000 0.000000
vt 0.375000 1.000000
vt 0.125000 0.750000
vt 0.625000 0.000000
vt 0.625000 1.000000
vt 0.875000 0.750000
vt 0.375000 0.250000
vt 0.125000 0.500000
vt 0.625000 0.250000
vt 0.875000 0.500000
vt 0.375000 0.750000
vt 0.625000 0.750000
vt 0.375000 0.500000
vt 0.625000 0.500000
vt 0.375000 0.000000
vt 0.375000 1.000000
vt 0.125000 0.750000
vt 0.625000 0.000000
vt 0.625000 1.000000
vt 0.875000 0.750000
vt 0.375000 0.250000
vt 0.125000 0.500000
vt 0.625000 0.250000
vt 0.875000 0.500000
vt 0.375000 0.750000
vt 0.625000 0.750000
vt 0.375000 0.500000
vt 0.625000 0.500000
vt 0.375000 0.000000
vt 0.375000 1.000000
vt 0.125000 0.750000
vt 0.625000 0.000000
vt 0.625000 1.000000
vt 0.875000 0.750000
vt 0.375000 0.250000
vt 0.125000 0.500000
vt 0.625000 0.250000
vt 0.875000 0.500000
vt 0.375000 0.750000
vt 0.625000 0.750000
vt 0.375000 0.500000
vt 0.625000 0.500000
vt 0.375000 0.000000
vt 0.375000 1.000000
vt 0.125000 0.750000
vt 0.625000 0.000000
vt 0.625000 1.000000
vt 0.875000 0.750000
vt 0.375000 0.250000
vt 0.125000 0.500000
vt 0.625000 0.250000
vt 0.875000 0.500000
vt 0.375000 0.750000
vt 0.625000 0.750000
vt 0.375000 0.500000
vt 0.625000 0.500000
s 0
usemtl Зубы
f 1945/2298/1015 1946/2301/1015 1948/2306/1015 1947/2304/1015
f 1947/2304/1016 1948/2306/1016 1952/2311/1016 1951/2310/1016
f 1951/2310/1017 1952/2311/1017 1950/2309/1017 1949/2308/1017
f 1949/2308/1018 1950/2309/1018 1946/2302/1018 1945/2299/1018
f 1947/2305/1019 1951/2310/1019 1949/2308/1019 1945/2300/1019
f 1952/2311/1020 1948/2307/1020 1946/2303/1020 1950/2309/1020
f 1953/2312/1021 1954/2315/1021 1956/2320/1021 1955/2318/1021
f 1955/2318/1022 1956/2320/1022 1960/2325/1022 1959/2324/1022
f 1959/2324/1023 1960/2325/1023 1958/2323/1023 1957/2322/1023
f 1957/2322/1024 1958/2323/1024 1954/2316/1024 1953/2313/1024
f 1955/2319/1025 1959/2324/1025 1957/2322/1025 1953/2314/1025
f 1960/2325/1026 1956/2321/1026 1954/2317/1026 1958/2323/1026
f 1961/2326/1027 1962/2329/1027 1964/2334/1027 1963/2332/1027
f 1963/2332/1028 1964/2334/1028 1968/2339/1028 1967/2338/1028
f 1967/2338/1029 1968/2339/1029 1966/2337/1029 1965/2336/1029
f 1965/2336/1030 1966/2337/1030 1962/2330/1030 1961/2327/1030
f 1963/2333/1031 1967/2338/1031 1965/2336/1031 1961/2328/1031
f 1968/2339/1032 1964/2335/1032 1962/2331/1032 1966/2337/1032
f 1969/2340/1033 1970/2343/1033 1972/2348/1033 1971/2346/1033
f 1971/2346/1034 1972/2348/1034 1976/2353/1034 1975/2352/1034
f 1975/2352/1035 1976/2353/1035 1974/2351/1035 1973/2350/1035
f 1973/2350/1036 1974/2351/1036 1970/2344/1036 1969/2341/1036
f 1971/2347/1037 1975/2352/1037 1973/2350/1037 1969/2342/1037
f 1976/2353/1038 1972/2349/1038 1970/2345/1038 1974/2351/1038
f 1977/2354/1039 1978/2357/1039 1980/2362/1039 1979/2360/1039
f 1979/2360/1040 1980/2362/1040 1984/2367/1040 1983/2366/1040
f 1983/2366/1041 1984/2367/1041 1982/2365/1041 1981/2364/1041
f 1981/2364/1042 1982/2365/1042 1978/2358/1042 1977/2355/1042
f 1979/2361/1043 1983/2366/1043 1981/2364/1043 1977/2356/1043
f 1984/2367/1044 1980/2363/1044 1978/2359/1044 1982/2365/1044
f 1985/2368/1045 1986/2371/1045 1988/2376/1045 1987/2374/1045
f 1987/2374/1046 1988/2376/1046 1992/2381/1046 1991/2380/1046
f 1991/2380/1047 1992/2381/1047 1990/2379/1047 1989/2378/1047
f 1989/2378/1048 1990/2379/1048 1986/2372/1048 1985/2369/1048
f 1987/2375/1049 1991/2380/1049 1989/2378/1049 1985/2370/1049
f 1992/2381/1050 1988/2377/1050 1986/2373/1050 1990/2379/1050
o Zubi_Top
v 0.081074 2.347111 0.437610
v 0.076621 2.294202 0.448817
v 0.081109 2.344111 0.424866
v 0.079289 2.285860 0.436523
v 0.061815 2.346885 0.437610
v 0.067238 2.300582 0.448817
v 0.061851 2.343884 0.424866
v 0.062490 2.292007 0.437051
v 0.057035 2.351408 0.437664
v 0.048364 2.300973 0.446898
v 0.056142 2.348718 0.424882
v 0.050138 2.296515 0.435935
v 0.037959 2.353945 0.438462
v 0.036398 2.307992 0.447696
v 0.037067 2.351255 0.425680
v 0.030822 2.293687 0.436733
v 0.020641 2.360282 0.436124
v 0.022302 2.313133 0.447316
v 0.020859 2.356658 0.423545
v 0.027075 2.307069 0.437942
v 0.001522 2.357982 0.436455
v 0.007738 2.308393 0.447648
v 0.001740 2.354357 0.423876
v 0.008372 2.297351 0.438273
v -0.001766 2.363174 0.436008
v -0.005964 2.308679 0.450552
v -0.002150 2.359523 0.423441
v -0.003536 2.299025 0.437985
v -0.021010 2.363810 0.436412
v -0.017963 2.314356 0.450956
v -0.021395 2.360159 0.423845
v -0.022379 2.308239 0.438389
v -0.027823 2.349364 0.436211
v -0.035733 2.305992 0.450505
v -0.028260 2.345788 0.423624
v -0.030747 2.293113 0.437918
v -0.047030 2.350771 0.436478
v -0.046321 2.304010 0.450772
v -0.047467 2.347195 0.423892
v -0.050922 2.297308 0.438185
v -0.052328 2.356571 0.435951
v -0.064000 2.313004 0.447883
v -0.053728 2.353155 0.423390
v -0.060429 2.302531 0.438010
v -0.070653 2.362482 0.436387
v -0.074450 2.313866 0.448319
v -0.072053 2.359066 0.423826
v -0.079857 2.308067 0.438446
vn 0.9921 -0.0311 0.1212
vn -0.0489 -0.2108 -0.9763
vn -0.9807 -0.0140 0.1952
vn 0.0474 0.2206 0.9742
vn -0.0115 0.9733 -0.2292
vn -0.3486 -0.7522 0.5591
vn 0.9891 -0.1266 0.0749
vn -0.0393 -0.1931 -0.9804
vn -0.9761 0.1103 0.1870
vn 0.1046 0.1764 0.9787
vn 0.1201 0.9697 -0.2125
vn -0.0673 -0.7522 0.6554
vn 0.9780 0.1240 0.1677
vn 0.0635 -0.2531 -0.9654
vn -0.9932 -0.1111 0.0357
vn -0.0275 0.2232 0.9744
vn -0.1195 0.9535 -0.2768
vn 0.3005 -0.6599 0.6887
vn 0.9953 -0.0246 0.0939
vn -0.0846 -0.2479 -0.9651
vn -0.9839 0.0305 0.1761
vn 0.0789 0.2678 0.9602
vn 0.0258 0.9598 -0.2796
vn -0.3614 -0.7766 0.5159
vn 0.9776 -0.0446 0.2058
vn -0.0508 -0.2654 -0.9628
vn -0.9832 0.0769 0.1654
vn 0.0113 0.3015 0.9534
vn 0.0664 0.9592 -0.2748
vn -0.0461 -0.7888 0.6129
vn 0.9737 -0.1391 0.1804
vn -0.1015 -0.2617 -0.9598
vn -0.9602 0.1708 0.2212
vn 0.0849 0.2363 0.9680
vn 0.2886 0.9153 -0.2811
vn -0.1436 -0.7571 0.6373
vt 0.375000 0.000000
vt 0.375000 1.000000
vt 0.125000 0.750000
vt 0.625000 0.000000
vt 0.625000 1.000000
vt 0.875000 0.750000
vt 0.375000 0.250000
vt 0.125000 0.500000
vt 0.625000 0.250000
vt 0.875000 0.500000
vt 0.375000 0.750000
vt 0.625000 0.750000
vt 0.375000 0.500000
vt 0.625000 0.500000
vt 0.375000 0.000000
vt 0.375000 1.000000
vt 0.125000 0.750000
vt 0.625000 0.000000
vt 0.625000 1.000000
vt 0.875000 0.750000
vt 0.375000 0.250000
vt 0.125000 0.500000
vt 0.625000 0.250000
vt 0.875000 0.500000
vt 0.375000 0.750000
vt 0.625000 0.750000
vt 0.375000 0.500000
vt 0.625000 0.500000
vt 0.375000 0.000000
vt 0.375000 1.000000
vt 0.125000 0.750000
vt 0.625000 0.000000
vt 0.625000 1.000000
vt 0.875000 0.750000
vt 0.375000 0.250000
vt 0.125000 0.500000
vt 0.625000 0.250000
vt 0.875000 0.500000
vt 0.375000 0.750000
vt 0.625000 0.750000
vt 0.375000 0.500000
vt 0.625000 0.500000
vt 0.375000 0.000000
vt 0.375000 1.000000
vt 0.125000 0.750000
vt 0.625000 0.000000
vt 0.625000 1.000000
vt 0.875000 0.750000
vt 0.375000 0.250000
vt 0.125000 0.500000
vt 0.625000 0.250000
vt 0.875000 0.500000
vt 0.375000 0.750000
vt 0.625000 0.750000
vt 0.375000 0.500000
vt 0.625000 0.500000
vt 0.375000 0.000000
vt 0.375000 1.000000
vt 0.125000 0.750000
vt 0.625000 0.000000
vt 0.625000 1.000000
vt 0.875000 0.750000
vt 0.375000 0.250000
vt 0.125000 0.500000
vt 0.625000 0.250000
vt 0.875000 0.500000
vt 0.375000 0.750000
vt 0.625000 0.750000
vt 0.375000 0.500000
vt 0.625000 0.500000
vt 0.375000 0.000000
vt 0.375000 1.000000
vt 0.125000 0.750000
vt 0.625000 0.000000
vt 0.625000 1.000000
vt 0.875000 0.750000
vt 0.375000 0.250000
vt 0.125000 0.500000
vt 0.625000 0.250000
vt 0.875000 0.500000
vt 0.375000 0.750000
vt 0.625000 0.750000
vt 0.375000 0.500000
vt 0.625000 0.500000
s 0
usemtl зубы
f 1993/2382/1051 1994/2385/1051 1996/2390/1051 1995/2388/1051
f 1995/2388/1052 1996/2390/1052 2000/2395/1052 1999/2394/1052
f 1999/2394/1053 2000/2395/1053 1998/2393/1053 1997/2392/1053
f 1997/2392/1054 1998/2393/1054 1994/2386/1054 1993/2383/1054
f 1995/2389/1055 1999/2394/1055 1997/2392/1055 1993/2384/1055
f 2000/2395/1056 1996/2391/1056 1994/2387/1056 1998/2393/1056
f 2001/2396/1057 2002/2399/1057 2004/2404/1057 2003/2402/1057
f 2003/2402/1058 2004/2404/1058 2008/2409/1058 2007/2408/1058
f 2007/2408/1059 2008/2409/1059 2006/2407/1059 2005/2406/1059
f 2005/2406/1060 2006/2407/1060 2002/2400/1060 2001/2397/1060
f 2003/2403/1061 2007/2408/1061 2005/2406/1061 2001/2398/1061
f 2008/2409/1062 2004/2405/1062 2002/2401/1062 2006/2407/1062
f 2009/2410/1063 2010/2413/1063 2012/2418/1063 2011/2416/1063
f 2011/2416/1064 2012/2418/1064 2016/2423/1064 2015/2422/1064
f 2015/2422/1065 2016/2423/1065 2014/2421/1065 2013/2420/1065
f 2013/2420/1066 2014/2421/1066 2010/2414/1066 2009/2411/1066
f 2011/2417/1067 2015/2422/1067 2013/2420/1067 2009/2412/1067
f 2016/2423/1068 2012/2419/1068 2010/2415/1068 2014/2421/1068
f 2017/2424/1069 2018/2427/1069 2020/2432/1069 2019/2430/1069
f 2019/2430/1070 2020/2432/1070 2024/2437/1070 2023/2436/1070
f 2023/2436/1071 2024/2437/1071 2022/2435/1071 2021/2434/1071
f 2021/2434/1072 2022/2435/1072 2018/2428/1072 2017/2425/1072
f 2019/2431/1073 2023/2436/1073 2021/2434/1073 2017/2426/1073
f 2024/2437/1074 2020/2433/1074 2018/2429/1074 2022/2435/1074
f 2025/2438/1075 2026/2441/1075 2028/2446/1075 2027/2444/1075
f 2027/2444/1076 2028/2446/1076 2032/2451/1076 2031/2450/1076
f 2031/2450/1077 2032/2451/1077 2030/2449/1077 2029/2448/1077
f 2029/2448/1078 2030/2449/1078 2026/2442/1078 2025/2439/1078
f 2027/2445/1079 2031/2450/1079 2029/2448/1079 2025/2440/1079
f 2032/2451/1080 2028/2447/1080 2026/2443/1080 2030/2449/1080
f 2033/2452/1081 2034/2455/1081 2036/2460/1081 2035/2458/1081
f 2035/2458/1082 2036/2460/1082 2040/2465/1082 2039/2464/1082
f 2039/2464/1083 2040/2465/1083 2038/2463/1083 2037/2462/1083
f 2037/2462/1084 2038/2463/1084 2034/2456/1084 2033/2453/1084
f 2035/2459/1085 2039/2464/1085 2037/2462/1085 2033/2454/1085
f 2040/2465/1086 2036/2461/1086 2034/2457/1086 2038/2463/1086
