# Blender 4.0.2
# www.blender.org
mtllib closed_gates.mtl
o Gates_closed001
v -0.103790 -0.074016 14.797142
v -0.104473 4.070727 14.843281
v -0.012676 4.070741 14.843436
v -0.011993 -0.074003 14.797297
v -0.012825 4.071662 14.931350
v -0.012142 -0.074981 14.885190
v -0.104622 4.071649 14.931194
v -0.103938 -0.074995 14.885035
v -0.104479 4.138857 14.841033
v -0.012683 4.138870 14.841188
v -0.012832 4.143593 14.928946
v -0.104628 4.143579 14.928790
v -0.104481 4.206117 14.835982
v -0.012684 4.206130 14.836138
v -0.012833 4.216258 14.923560
v -0.104630 4.216245 14.923405
v -0.104473 4.271734 14.825612
v -0.012676 4.271748 14.825768
v -0.012824 4.290590 14.911783
v -0.104621 4.290577 14.911628
v -0.104451 4.335944 14.807427
v -0.012654 4.335957 14.807583
v -0.012799 4.366134 14.890421
v -0.104596 4.366121 14.890265
v -0.104412 4.399667 14.778731
v -0.012615 4.399681 14.778887
v -0.012752 4.442219 14.856170
v -0.104549 4.442205 14.856014
v -0.104350 4.463640 14.736548
v -0.012553 4.463653 14.736704
v -0.012679 4.517783 14.806304
v -0.104476 4.517770 14.806149
v -0.090700 4.429957 14.833798
v -0.090630 4.502090 14.786098
v -0.090577 4.479220 14.756644
v -0.090642 4.411919 14.800995
v -0.104260 4.528094 14.677860
v -0.012463 4.528108 14.678016
v -0.012574 4.592643 14.738140
v -0.104371 4.592630 14.737985
v -0.090530 4.574026 14.720595
v -0.090483 4.546704 14.695189
v -0.104166 4.575165 14.618077
v -0.012369 4.575178 14.618233
v -0.012461 4.649046 14.666559
v -0.104258 4.649033 14.666404
v -0.090422 4.627789 14.652487
v -0.090383 4.596512 14.632042
v -0.104060 4.610093 14.552766
v -0.012264 4.610106 14.552921
v -0.012336 4.690815 14.588520
v -0.104132 4.690802 14.588365
v -0.090302 4.667517 14.578126
v -0.090272 4.633385 14.563044
v -0.103944 4.635185 14.481736
v -0.012147 4.635198 14.481892
v -0.012201 4.719935 14.506236
v -0.103997 4.719922 14.506081
v -0.090173 4.695498 14.499133
v -0.090150 4.659612 14.488739
v -0.103817 4.652335 14.405422
v -0.012020 4.652349 14.405578
v -0.012059 4.738980 14.421145
v -0.103856 4.738967 14.420990
v -0.090036 4.714015 14.416533
v -0.090019 4.677290 14.409928
v -0.103682 4.663334 14.324844
v -0.011886 4.663348 14.325000
v -0.011914 4.750749 14.334472
v -0.103711 4.750736 14.334316
v -0.089894 4.725567 14.331557
v -0.089881 4.688508 14.327544
v -0.103541 4.670066 14.241014
v -0.011745 4.670079 14.241169
v -0.011767 4.757819 14.247045
v -0.103564 4.757805 14.246889
v -0.089748 4.732526 14.245135
v -0.089739 4.695350 14.242715
v -0.103398 4.674615 14.155862
v -0.011601 4.674629 14.156017
v -0.011619 4.762600 14.158790
v -0.103416 4.762587 14.158634
v -0.089601 4.737198 14.157879
v -0.089594 4.700008 14.156664
v -0.097914 4.710728 10.911866
v -0.005988 4.711593 10.835519
v -0.006002 4.799585 10.836498
v -0.097928 4.798720 10.912846
v -0.084101 4.773419 10.904179
v -0.084094 4.736220 10.903765
v -0.103832 -0.074298 14.822439
v -0.104516 4.070945 14.868584
v -0.104579 4.071430 14.905891
v -0.103896 -0.074713 14.859737
v -0.104585 4.142159 14.903475
v -0.104587 4.213326 14.898170
v -0.104578 4.285152 14.886868
v -0.104554 4.357486 14.866372
v -0.104509 4.429955 14.833775
v -0.104439 4.502089 14.786075
v -0.104339 4.574024 14.720572
v -0.104232 4.627787 14.652464
v -0.104112 4.667515 14.578103
v -0.103982 4.695496 14.499109
v -0.103845 4.714014 14.416510
v -0.103703 4.725565 14.331533
v -0.103557 4.732524 14.245111
v -0.103411 4.737196 14.157856
v -0.097924 4.773324 10.912563
v -0.103403 4.700006 14.156640
v -0.097918 4.736125 10.912148
v -0.103548 4.695348 14.242691
v -0.103691 4.688506 14.327520
v -0.103828 4.677289 14.409904
v -0.103959 4.659610 14.488715
v -0.104081 4.633383 14.563021
v -0.104192 4.596510 14.632018
v -0.104292 4.546702 14.695166
v -0.104386 4.479218 14.756620
v -0.104451 4.411917 14.800972
v -0.104493 4.344677 14.831330
v -0.104515 4.277159 14.850378
v -0.104523 4.209033 14.861118
v -0.104522 4.140173 14.866356
v -0.090023 -0.074296 14.822463
v -0.090707 4.070947 14.868607
v -0.090770 4.071432 14.905915
v -0.090086 -0.074711 14.859761
v -0.090776 4.142161 14.903498
v -0.090778 4.213327 14.898193
v -0.090769 4.285154 14.886892
v -0.090745 4.357488 14.866395
v -0.090684 4.344679 14.831353
v -0.090706 4.277161 14.850402
v -0.090714 4.209035 14.861141
v -0.090713 4.140175 14.866379
v -3.646683 4.711061 10.829357
v -3.646698 4.799053 10.830338
v -3.646827 4.798202 10.906840
v -3.646809 4.772899 10.898149
v -3.646802 4.735700 10.897736
v -3.646823 4.772805 10.906557
v -3.646812 4.710210 10.905860
v -3.646817 4.735607 10.906143
v -7.201679 -0.075053 14.785131
v -7.293377 -0.075066 14.784975
v -7.294061 4.069677 14.831114
v -7.202363 4.069691 14.831269
v -7.293526 -0.076045 14.872868
v -7.294209 4.070599 14.919028
v -7.201828 -0.076031 14.873023
v -7.202512 4.070612 14.919183
v -7.294067 4.137807 14.828866
v -7.202369 4.137820 14.829021
v -7.294216 4.142529 14.916624
v -7.202518 4.142543 14.916780
v -7.294068 4.205067 14.823816
v -7.202370 4.205080 14.823971
v -7.294218 4.215195 14.911238
v -7.202520 4.215208 14.911393
v -7.294060 4.270684 14.813445
v -7.202363 4.270698 14.813601
v -7.294209 4.289527 14.899461
v -7.202511 4.289540 14.899616
v -7.294039 4.334894 14.795260
v -7.202341 4.334907 14.795416
v -7.294183 4.365071 14.878098
v -7.202486 4.365084 14.878254
v -7.294000 4.398617 14.766564
v -7.202302 4.398631 14.766720
v -7.294137 4.441155 14.843848
v -7.202439 4.441169 14.844003
v -7.293938 4.462590 14.724381
v -7.202240 4.462603 14.724537
v -7.294063 4.516720 14.793982
v -7.202365 4.516733 14.794137
v -7.216094 4.428917 14.821740
v -7.216036 4.410879 14.788937
v -7.215971 4.478179 14.744586
v -7.216024 4.501050 14.774040
v -7.293848 4.527044 14.665693
v -7.202150 4.527058 14.665849
v -7.293959 4.591580 14.725818
v -7.202261 4.591593 14.725973
v -7.215877 4.545663 14.683131
v -7.215924 4.572985 14.708537
v -7.293753 4.574115 14.605911
v -7.202055 4.574128 14.606066
v -7.293846 4.647983 14.654237
v -7.202148 4.647996 14.654392
v -7.215777 4.595472 14.619984
v -7.215816 4.626748 14.640429
v -7.293648 4.609043 14.540600
v -7.201950 4.609056 14.540754
v -7.293720 4.689752 14.576198
v -7.202022 4.689765 14.576353
v -7.215666 4.632345 14.550985
v -7.215696 4.666477 14.566069
v -7.293531 4.634135 14.469569
v -7.201833 4.634148 14.469725
v -7.293585 4.718872 14.493915
v -7.201887 4.718885 14.494069
v -7.215544 4.658571 14.476681
v -7.215567 4.694458 14.487075
v -7.293405 4.651285 14.393256
v -7.201707 4.651299 14.393411
v -7.293444 4.737917 14.408824
v -7.201746 4.737930 14.408978
v -7.215413 4.676250 14.397870
v -7.215429 4.712975 14.404474
v -7.293270 4.662284 14.312678
v -7.201572 4.662298 14.312833
v -7.293299 4.749686 14.322150
v -7.201601 4.749699 14.322306
v -7.215275 4.687468 14.315486
v -7.215287 4.724527 14.319499
v -7.293129 4.669016 14.228847
v -7.201431 4.669029 14.229002
v -7.293152 4.756755 14.234722
v -7.201454 4.756769 14.234878
v -7.215133 4.694310 14.230657
v -7.215142 4.731486 14.233077
v -7.292986 4.673565 14.143695
v -7.201288 4.673579 14.143850
v -7.293003 4.761537 14.146467
v -7.201305 4.761550 14.146623
v -7.214987 4.698968 14.144606
v -7.214995 4.736158 14.145821
v -7.287372 4.710530 10.823196
v -7.195804 4.709692 10.899855
v -7.287386 4.798522 10.824176
v -7.195818 4.797683 10.900834
v -7.209488 4.735180 10.891706
v -7.209494 4.772378 10.892120
v -7.202406 4.069909 14.856572
v -7.201722 -0.075334 14.810428
v -7.201785 -0.075750 14.847726
v -7.202469 4.070394 14.893881
v -7.202475 4.141123 14.891463
v -7.202477 4.212289 14.886159
v -7.202468 4.284116 14.874857
v -7.202444 4.356450 14.854361
v -7.202400 4.428919 14.821764
v -7.202329 4.501052 14.774063
v -7.202229 4.572987 14.708560
v -7.202121 4.626750 14.640452
v -7.202002 4.666479 14.566092
v -7.201872 4.694459 14.487098
v -7.201735 4.712977 14.404498
v -7.201592 4.724529 14.319522
v -7.201447 4.731488 14.233100
v -7.201300 4.736160 14.145844
v -7.195814 4.772287 10.900552
v -7.195807 4.735088 10.900137
v -7.201293 4.698970 14.144629
v -7.201438 4.694312 14.230680
v -7.201581 4.687469 14.315509
v -7.201718 4.676252 14.397893
v -7.201849 4.658573 14.476704
v -7.201971 4.632347 14.551009
v -7.202083 4.595474 14.620007
v -7.202182 4.545665 14.683154
v -7.202276 4.478181 14.744609
v -7.202341 4.410881 14.788960
v -7.202383 4.343640 14.819319
v -7.202405 4.276122 14.838367
v -7.202413 4.207997 14.849107
v -7.202412 4.139136 14.854344
v -7.216101 4.069907 14.856549
v -7.215417 -0.075336 14.810405
v -7.215480 -0.075752 14.847703
v -7.216164 4.070392 14.893857
v -7.216170 4.141121 14.891439
v -7.216171 4.212287 14.886135
v -7.216163 4.284114 14.874834
v -7.216139 4.356448 14.854338
v -7.216077 4.343638 14.819296
v -7.216100 4.276120 14.838344
v -7.216108 4.207995 14.849083
v -7.216107 4.139134 14.854321
v -0.005240 4.803516 14.939510
v -0.005232 4.753917 14.938958
v 0.001704 4.799586 10.836512
v 0.001695 4.849185 10.837064
v -0.047174 4.848702 10.879779
v -0.054038 4.803509 14.939427
v -0.054030 4.753910 14.938875
v -0.047166 4.799102 10.879227
v -7.246458 4.798051 10.867043
v -7.295084 4.798520 10.824163
v -7.302028 4.802451 14.927162
v -7.295093 4.848120 10.824716
v -7.302020 4.752851 14.926610
v -7.253330 4.802458 14.927244
v -7.246466 4.847651 10.867596
v -7.253322 4.752858 14.926692
v -0.090714 4.209034 14.861240
vn -0.7103 -0.0079 -0.7038
vn 0.7083 0.0080 -0.7059
vn -0.7059 0.0078 -0.7082
vn 0.7133 -0.0076 -0.7008
vn 0.7059 -0.0078 0.7083
vn 0.7009 0.0080 0.7132
vn -0.7083 -0.0077 0.7059
vn -0.7107 -0.0380 -0.7024
vn 0.7014 0.0383 0.7118
vn -0.7033 0.0077 0.7108
vn -0.7156 -0.0804 -0.6939
vn 0.7131 -0.0378 -0.7001
vn 0.7175 -0.0801 -0.6919
vn 0.6967 0.0827 0.7126
vn -0.7036 0.0382 0.7095
vn -0.7201 -0.1488 -0.6778
vn 0.7219 -0.1487 -0.6758
vn 0.6928 0.1547 0.7043
vn -0.6991 0.0826 0.7102
vn -0.7234 -0.2361 -0.6488
vn 0.7252 -0.2361 -0.6468
vn 0.6897 0.2475 0.6805
vn -0.6950 0.1544 0.7022
vn -0.7250 -0.3316 -0.6037
vn 0.7266 -0.3317 -0.6017
vn 0.6884 0.3490 0.6359
vn -0.6922 0.2474 0.6780
vn -0.7243 -0.4227 -0.5447
vn 0.6890 0.4444 0.5725
vn -0.6909 0.3489 0.6331
vn -0.6890 -0.4444 -0.5725
vn -0.4677 0.4262 0.7744
vn -0.4285 -0.4352 -0.7918
vn -0.7250 -0.5035 -0.4700
vn 0.7260 -0.4226 -0.5425
vn 0.7270 -0.5031 -0.4672
vn 0.6881 0.5305 0.4950
vn -0.6915 0.4440 0.5698
vn -0.7268 0.5032 0.4674
vn -0.7260 0.4227 0.5424
vn -0.7271 -0.5739 -0.3768
vn 0.7282 -0.5739 -0.3746
vn 0.6871 0.6075 0.3986
vn -0.6903 0.5301 0.4924
vn -0.6883 -0.5303 -0.4950
vn -0.7282 0.5739 0.3745
vn -0.7242 -0.6305 -0.2793
vn 0.6899 0.6618 0.2933
vn -0.6888 0.6070 0.3964
vn -0.6898 -0.6620 -0.2931
vn -0.6870 -0.6075 -0.3986
vn -0.7205 -0.6661 -0.1928
vn 0.7251 -0.6305 -0.2769
vn 0.6934 0.6921 0.2003
vn -0.6912 0.6615 0.2908
vn -0.6935 -0.6920 -0.2004
vn -0.7253 0.6303 0.2769
vn -0.7167 -0.6862 -0.1245
vn 0.7211 -0.6661 -0.1906
vn 0.6973 0.7053 0.1281
vn -0.6945 0.6917 0.1980
vn -0.6973 -0.7052 -0.1281
vn -0.7212 0.6660 0.1906
vn -0.7131 -0.6969 -0.0764
vn 0.7172 -0.6861 -0.1225
vn 0.7008 0.7091 0.0779
vn -0.6980 0.7049 0.1259
vn -0.7007 -0.7092 -0.0779
vn -0.7172 0.6861 0.1223
vn -0.7099 -0.7026 -0.0483
vn 0.7136 -0.6966 -0.0743
vn 0.7039 0.7086 0.0487
vn -0.7013 0.7089 0.0755
vn -0.7039 -0.7086 -0.0486
vn -0.7135 0.6967 0.0742
vn -0.7117 -0.7020 -0.0240
vn 0.7103 -0.7024 -0.0458
vn 0.7120 -0.7018 -0.0214
vn 0.7022 0.7116 0.0244
vn -0.7043 0.7084 0.0463
vn -0.7121 0.7018 0.0215
vn -0.7103 0.7024 0.0459
vn -0.3019 -0.9079 0.2909
vn 0.6007 0.5851 -0.5448
vn -0.3022 0.9011 0.3110
vn -0.7025 0.7114 0.0217
vn -0.5782 -0.5839 0.5699
vn -0.7022 -0.7115 -0.0242
vn -0.7110 -0.0107 -0.7031
vn -0.7072 0.7070 0.0067
vn -0.7034 0.0076 0.7108
vn -0.7083 -0.0051 0.7059
vn -0.7120 -0.7021 -0.0090
vn -0.7059 0.0080 -0.7082
vn -0.7036 0.3156 0.6366
vn -0.7110 0.1516 -0.6867
vn -0.7034 0.0077 0.7108
vn -0.7037 0.1960 0.6829
vn -0.7154 0.2067 -0.6674
vn -0.7106 -0.0379 -0.7026
vn -0.6992 0.2348 0.6753
vn -0.7197 0.1413 -0.6798
vn -0.7153 -0.0805 -0.6942
vn -0.6951 0.2978 0.6543
vn -0.7229 0.0532 -0.6889
vn -0.7197 -0.1487 -0.6782
vn -0.6920 0.3762 0.6161
vn -0.7243 -0.0474 -0.6878
vn -0.7229 -0.2363 -0.6493
vn -0.6908 0.6375 0.3412
vn -0.7242 -0.2127 -0.6559
vn -0.6908 0.3489 0.6334
vn -0.6909 0.5318 0.4898
vn -0.7249 -0.2494 -0.6421
vn -0.7241 -0.4229 -0.5448
vn -0.6896 0.6110 0.3887
vn -0.7267 -0.3577 -0.5864
vn -0.7255 -0.5029 -0.4699
vn -0.6906 0.7232 -0.0014
vn -0.7266 -0.4907 -0.4808
vn -0.6885 0.6073 0.3963
vn -0.6943 0.7129 -0.0988
vn -0.7234 -0.5652 -0.3966
vn -0.6914 0.6614 0.2908
vn -0.6970 0.6957 -0.1737
vn -0.7204 -0.6164 -0.3178
vn -0.6940 0.6922 0.1980
vn -0.7007 0.6775 -0.2237
vn -0.7164 -0.6501 -0.2534
vn -0.6979 0.7050 0.1258
vn -0.7038 0.6641 -0.2524
vn -0.7129 -0.6700 -0.2070
vn -0.7012 0.7090 0.0756
vn -0.7041 0.7049 -0.0865
vn -0.7113 -0.6274 -0.3168
vn -0.3031 -0.0181 0.9528
vn -0.7118 -0.7019 -0.0276
vn -0.7025 0.7113 0.0218
vn -0.7110 0.0132 -0.7030
vn -0.3017 0.8994 0.3163
vn -0.3023 -0.9077 0.2909
vn -0.7120 -0.6934 0.1109
vn -0.7048 0.6256 0.3346
vn -0.7136 -0.6649 0.2207
vn -0.7045 0.6861 0.1816
vn -0.7099 -0.7026 -0.0482
vn -0.7171 -0.6753 0.1727
vn -0.7014 0.6800 0.2137
vn -0.7131 -0.6969 -0.0765
vn -0.7209 -0.6857 0.1009
vn -0.6982 0.6645 0.2664
vn -0.7166 -0.6863 -0.1247
vn -0.7244 -0.6893 0.0075
vn -0.6947 0.6350 0.3379
vn -0.7204 -0.6662 -0.1931
vn -0.7273 -0.6783 -0.1047
vn -0.6912 0.5857 0.4233
vn -0.7239 -0.6308 -0.2794
vn -0.7271 -0.6405 -0.2473
vn -0.6903 0.2925 0.6618
vn -0.7253 -0.5820 -0.3677
vn -0.6912 0.1740 0.7014
vn -0.6901 0.5303 0.4926
vn -0.7247 -0.5536 -0.4103
vn -0.6913 0.3188 0.6484
vn -0.7240 -0.4230 -0.5448
vn -0.7247 -0.4608 -0.5124
vn -0.6922 -0.0352 0.7208
vn -0.6907 0.3490 0.6334
vn -0.7230 -0.3838 -0.5744
vn -0.6952 -0.1277 0.7074
vn -0.6922 0.2475 0.6780
vn -0.7197 -0.3068 -0.6228
vn -0.6991 -0.1989 0.6867
vn -0.6952 0.1544 0.7020
vn -0.7154 -0.2430 -0.6551
vn -0.7036 -0.2420 0.6682
vn -0.6993 0.0825 0.7101
vn -0.7111 -0.2870 -0.6419
vn -0.7037 -0.1277 0.6990
vn 0.0010 0.6992 0.7149
vn -0.0017 0.0110 0.9999
vn 0.0037 -0.7044 -0.7098
vn 0.0017 0.0111 -0.9999
vn -0.7059 0.0078 -0.7083
vn -0.6447 0.2752 -0.7132
vn -0.0027 -0.0114 -0.9999
vn -0.7109 -0.0079 -0.7032
vn -0.6570 0.2319 -0.7174
vn -0.0022 -0.0541 -0.9985
vn -0.6676 0.1610 -0.7269
vn -0.0058 -0.1161 -0.9932
vn -0.7153 -0.0806 -0.6941
vn -0.6748 0.0665 -0.7350
vn -0.0091 -0.2158 -0.9764
vn -0.7197 -0.1490 -0.6782
vn -0.6778 -0.0431 -0.7340
vn -0.0109 -0.3435 -0.9391
vn -0.7229 -0.2364 -0.6492
vn -0.6748 -0.1558 -0.7213
vn -0.4296 -0.4413 -0.7878
vn -0.7244 -0.3319 -0.6042
vn -0.6763 -0.2642 -0.6876
vn -0.6893 -0.4482 -0.5691
vn -0.7241 -0.4229 -0.5449
vn -0.6815 -0.3763 -0.6276
vn -0.6887 -0.5342 -0.4901
vn -0.7252 -0.5034 -0.4696
vn -0.6745 -0.4804 -0.5606
vn -0.6876 -0.6106 -0.3928
vn -0.7268 -0.5742 -0.3769
vn -0.6656 -0.5598 -0.4935
vn -0.6904 -0.6638 -0.2877
vn -0.6554 -0.6163 -0.4365
vn -0.6938 -0.6930 -0.1960
vn -0.7203 -0.6663 -0.1930
vn -0.6462 -0.6537 -0.3938
vn -0.6974 -0.7057 -0.1250
vn -0.7166 -0.6862 -0.1248
vn -0.6376 -0.6769 -0.3678
vn -0.7008 -0.7093 -0.0759
vn -0.7131 -0.6969 -0.0766
vn -0.6422 -0.6848 -0.3443
vn -0.7040 -0.7091 -0.0392
vn -0.7099 -0.7026 -0.0484
vn 0.0012 -0.9092 0.4163
vn -0.7118 -0.7020 -0.0239
vn -0.3011 0.9011 0.3121
vn 0.0011 0.7100 -0.7042
vn -0.5784 0.5709 0.5827
vn -0.6229 0.6911 0.3666
vn -0.7121 0.7018 0.0210
vn -0.7025 0.7113 0.0219
vn -0.6141 0.6832 0.3950
vn -0.7104 0.7016 0.0554
vn -0.7043 0.7084 0.0462
vn -0.6048 0.6619 0.4427
vn -0.7135 0.6968 0.0734
vn -0.7012 0.7089 0.0754
vn -0.5947 0.6219 0.5094
vn -0.7172 0.6863 0.1212
vn -0.6979 0.7051 0.1258
vn -0.5847 0.5560 0.5908
vn -0.7211 0.6665 0.1891
vn -0.5767 0.4575 0.6769
vn -0.7250 0.6314 0.2752
vn -0.6910 0.6618 0.2908
vn -0.5804 0.3325 0.7433
vn -0.7280 0.5752 0.3730
vn -0.6885 0.6072 0.3966
vn -0.5809 0.2060 0.7875
vn -0.7268 0.5046 0.4659
vn -0.6901 0.5304 0.4924
vn -0.5820 0.0828 0.8089
vn -0.7259 0.4243 0.5413
vn -0.6910 0.4443 0.5702
vn -0.5876 -0.0405 0.8082
vn -0.4673 0.4288 0.7731
vn -0.5987 -0.1472 0.7873
vn 0.0032 0.3425 0.9395
vn -0.6922 0.2475 0.6779
vn -0.6105 -0.2265 0.7590
vn 0.0023 0.2145 0.9767
vn -0.6223 -0.2737 0.7333
vn 0.0009 0.1154 0.9933
vn -0.6992 0.0827 0.7101
vn -0.6223 -0.3050 0.7209
vn -0.0003 0.0538 0.9986
vn -0.7037 0.0382 0.7095
vn 0.5714 -0.5777 -0.5829
vn -0.3475 0.6230 -0.7008
vn 0.5782 0.5839 -0.5699
vn -0.1223 0.8999 0.4186
vn 0.0115 0.7150 -0.6991
vn -0.0013 0.6992 0.7149
vn -0.5752 -0.5869 0.5698
vn -0.3024 -0.9079 0.2902
vn 0.7072 -0.7070 -0.0068
vn -0.5782 -0.5840 0.5698
vn 0.0115 -0.6992 -0.7148
vn -0.1220 -0.9090 0.3984
vn -0.0008 -0.7150 0.6992
vn -0.9539 0.0033 0.3000
vn 0.0023 0.6992 0.7150
vn -0.0010 -0.7149 0.6992
vn -0.4265 0.9044 0.0083
vn 0.7127 -0.0075 -0.7014
vn 0.7083 0.0082 -0.7059
vn -0.7083 -0.0080 0.7059
vn -0.7109 -0.0078 -0.7032
vn 0.7059 -0.0077 0.7083
vn -0.7033 0.0078 0.7108
vn 0.7131 -0.0377 -0.7000
vn -0.7038 0.0381 0.7094
vn -0.7107 -0.0380 -0.7025
vn 0.7009 0.0079 0.7132
vn 0.7180 -0.0805 -0.6914
vn -0.7150 -0.0805 -0.6945
vn 0.7012 0.0384 0.7119
vn -0.6991 0.0825 0.7103
vn 0.7224 -0.1484 -0.6754
vn -0.7196 -0.1489 -0.6782
vn 0.6967 0.0828 0.7126
vn -0.6952 0.1545 0.7020
vn 0.7257 -0.2359 -0.6463
vn 0.6926 0.1547 0.7045
vn -0.6921 0.2473 0.6781
vn 0.7271 -0.3314 -0.6013
vn -0.7245 -0.3319 -0.6042
vn 0.6898 0.2476 0.6803
vn -0.6906 0.3491 0.6333
vn 0.7262 -0.4225 -0.5423
vn -0.6911 0.4442 0.5702
vn -0.7242 -0.4225 -0.5450
vn 0.6887 0.3491 0.6355
vn 0.4649 0.4267 0.7758
vn 0.6910 -0.4442 -0.5702
vn 0.4313 -0.4350 -0.7904
vn 0.7267 -0.5033 -0.4675
vn -0.7251 -0.5037 -0.4696
vn 0.6895 0.4440 0.5723
vn -0.6900 0.5303 0.4927
vn 0.7252 0.5033 0.4699
vn 0.6900 -0.5302 -0.4927
vn 0.7285 -0.5738 -0.3743
vn -0.7267 -0.5744 -0.3767
vn 0.6885 0.5302 0.4949
vn -0.6886 0.6073 0.3962
vn 0.7269 0.5741 0.3769
vn 0.6886 -0.6073 -0.3963
vn 0.7253 -0.6303 -0.2768
vn -0.6911 0.6616 0.2910
vn -0.7240 -0.6307 -0.2793
vn 0.6872 0.6074 0.3985
vn 0.6912 -0.6617 -0.2907
vn 0.7213 -0.6660 -0.1904
vn -0.6943 0.6919 0.1979
vn 0.6901 0.6618 0.2930
vn 0.7240 0.6307 0.2794
vn 0.6945 -0.6917 -0.1980
vn 0.7173 -0.6860 -0.1223
vn -0.6979 0.7051 0.1259
vn -0.7165 -0.6863 -0.1249
vn 0.6937 0.6919 0.2003
vn 0.7202 0.6664 0.1931
vn 0.6980 -0.7050 -0.1258
vn 0.7135 -0.6967 -0.0741
vn -0.7013 0.7089 0.0756
vn -0.7134 -0.6966 -0.0764
vn 0.6974 0.7052 0.1280
vn 0.7165 0.6863 0.1246
vn 0.7012 -0.7089 -0.0755
vn 0.7103 -0.7024 -0.0459
vn 0.7008 0.7091 0.0778
vn 0.7130 0.6969 0.0766
vn 0.7044 -0.7083 -0.0463
vn 0.7120 -0.7018 -0.0213
vn -0.7024 0.7114 0.0220
vn 0.7118 0.7020 0.0239
vn 0.7025 -0.7113 -0.0218
vn 0.3011 -0.9078 0.2919
vn -0.5991 0.5849 -0.5468
vn -0.5763 -0.5709 -0.5847
vn 0.3008 0.9012 0.3121
vn 0.5764 -0.5837 0.5718
vn 0.7123 -0.7019 -0.0023
vn 0.7059 -0.0047 0.7083
vn 0.7070 0.7072 0.0048
vn 0.7134 -0.0105 -0.7007
vn 0.7010 0.0078 0.7131
vn 0.7133 0.1517 -0.6842
vn 0.7014 0.3158 0.6390
vn 0.7015 -0.2465 0.6687
vn 0.7177 -0.2350 -0.6555
vn 0.6968 0.0828 0.7125
vn 0.6969 -0.2052 0.6872
vn 0.7219 -0.2951 -0.6259
vn 0.6927 0.1547 0.7044
vn 0.6927 -0.1365 0.7081
vn 0.7251 -0.3693 -0.5812
vn 0.6897 0.2476 0.6804
vn 0.6897 -0.0432 0.7228
vn 0.7265 -0.4473 -0.5217
vn 0.6884 0.3493 0.6357
vn 0.7266 -0.2121 -0.6535
vn 0.6894 0.6377 0.3436
vn 0.6885 0.3492 0.6356
vn 0.6888 0.1669 0.7055
vn 0.7268 -0.5752 -0.3755
vn 0.6882 0.5304 0.4951
vn 0.6880 0.2852 0.6673
vn 0.7279 -0.6345 -0.2599
vn 0.6872 0.6073 0.3986
vn 0.7287 -0.4903 -0.4782
vn 0.6901 0.7237 0.0008
vn 0.6868 0.6077 0.3988
vn 0.7249 -0.5648 -0.3943
vn 0.6944 0.7131 -0.0965
vn 0.6902 0.6617 0.2929
vn 0.7213 -0.6166 -0.3154
vn 0.6978 0.6956 -0.1710
vn 0.6935 0.6920 0.2004
vn 0.7174 -0.6499 -0.2509
vn 0.7013 0.6776 -0.2214
vn 0.6973 0.7052 0.1281
vn 0.7136 -0.6701 -0.2045
vn 0.7046 0.6641 -0.2500
vn 0.7009 0.7090 0.0779
vn 0.7034 0.6256 0.3375
vn 0.7119 -0.6936 0.1101
vn 0.7022 0.7116 0.0242
vn 0.7117 -0.7020 -0.0252
vn 0.3004 -0.0106 0.9538
vn 0.7026 0.7112 0.0242
vn 0.3006 0.8994 0.3173
vn 0.7132 0.0079 -0.7009
vn 0.3014 -0.9077 0.2919
vn 0.7126 -0.6279 -0.3129
vn 0.7040 0.7048 -0.0874
vn 0.7104 -0.7023 -0.0459
vn 0.7038 0.6862 0.1840
vn 0.7129 -0.6648 0.2231
vn 0.7102 -0.7025 -0.0458
vn 0.7006 0.6801 0.2161
vn 0.7167 -0.6751 0.1750
vn 0.7135 -0.6968 -0.0741
vn 0.6970 0.6648 0.2688
vn 0.7206 -0.6856 0.1033
vn 0.7172 -0.6860 -0.1222
vn 0.6936 0.6350 0.3401
vn 0.7243 -0.6894 0.0100
vn 0.7208 -0.6664 -0.1907
vn 0.6896 0.5860 0.4255
vn 0.7279 -0.6780 -0.1023
vn 0.7252 -0.6304 -0.2769
vn 0.7286 -0.3641 -0.5802
vn 0.6885 0.6201 0.3761
vn 0.7269 -0.5031 -0.4674
vn 0.7271 -0.2540 -0.6378
vn 0.6892 0.5402 0.4830
vn 0.7260 -0.4227 -0.5424
vn 0.6887 0.3195 0.6509
vn 0.7264 -0.5528 -0.4083
vn 0.7262 -0.4223 -0.5425
vn 0.7267 -0.0555 -0.6847
vn 0.6898 0.3915 0.6090
vn 0.7251 -0.2361 -0.6469
vn 0.7252 0.0463 -0.6870
vn 0.6928 0.3137 0.6493
vn 0.7220 -0.1487 -0.6758
vn 0.7219 0.1356 -0.6786
vn 0.6968 0.2475 0.6732
vn 0.7177 -0.0803 -0.6917
vn 0.7176 0.2032 -0.6662
vn 0.7013 0.2036 0.6831
vn 0.7130 -0.0375 -0.7001
vn 0.7013 -0.1275 0.7013
vn 0.7133 -0.2868 -0.6395
vn 0.7130 -0.0377 -0.7002
vn 0.7010 0.0079 0.7131
vn 0.0013 -0.7045 -0.7097
vn 0.0061 -0.0114 -0.9999
vn 0.6470 0.2758 -0.7109
vn 0.7134 -0.0077 -0.7007
vn 0.0056 -0.0541 -0.9985
vn 0.6592 0.2325 -0.7151
vn 0.7131 -0.0377 -0.7001
vn 0.0092 -0.1161 -0.9932
vn 0.6699 0.1615 -0.7247
vn 0.7177 -0.0804 -0.6917
vn 0.0124 -0.2155 -0.9764
vn 0.6771 0.0672 -0.7328
vn 0.7220 -0.1486 -0.6758
vn 0.0140 -0.3435 -0.9390
vn 0.6801 -0.0425 -0.7319
vn 0.4324 -0.4413 -0.7864
vn 0.6772 -0.1556 -0.7191
vn 0.7266 -0.3316 -0.6017
vn 0.6914 -0.4480 -0.5668
vn 0.6786 -0.2638 -0.6855
vn 0.7261 -0.4227 -0.5424
vn 0.6905 -0.5338 -0.4882
vn 0.6836 -0.3755 -0.6259
vn 0.7268 -0.5031 -0.4676
vn 0.6891 -0.6104 -0.3905
vn 0.6764 -0.4801 -0.5586
vn 0.7282 -0.5740 -0.3745
vn 0.6915 -0.6635 -0.2855
vn 0.6673 -0.5595 -0.4917
vn 0.7251 -0.6305 -0.2770
vn 0.6947 -0.6928 -0.1937
vn 0.6569 -0.6161 -0.4346
vn 0.6981 -0.7055 -0.1227
vn 0.6476 -0.6535 -0.3919
vn 0.7172 -0.6860 -0.1224
vn 0.7012 -0.7091 -0.0735
vn 0.6389 -0.6767 -0.3660
vn 0.7043 -0.7085 -0.0454
vn 0.6435 -0.6846 -0.3423
vn 0.7103 -0.7024 -0.0460
vn -0.0006 -0.9092 0.4163
vn 0.7120 -0.7018 -0.0215
vn -0.0027 0.8997 0.4364
vn 0.7118 0.7020 0.0240
vn 0.7022 0.7115 0.0242
vn 0.7118 0.7020 0.0234
vn 0.6213 0.6913 0.3690
vn 0.7022 0.7115 0.0243
vn 0.7099 0.7026 0.0480
vn 0.6124 0.6834 0.3974
vn 0.7039 0.7086 0.0486
vn 0.7131 0.6970 0.0758
vn 0.6030 0.6621 0.4450
vn 0.7165 0.6865 0.1237
vn 0.5926 0.6221 0.5118
vn 0.6973 0.7052 0.1282
vn 0.7202 0.6668 0.1916
vn 0.5824 0.5560 0.5930
vn 0.7239 0.6315 0.2778
vn 0.5740 0.4574 0.6792
vn 0.6899 0.6619 0.2932
vn 0.7267 0.5754 0.3753
vn 0.5777 0.3326 0.7454
vn 0.6871 0.6074 0.3988
vn 0.7250 0.5047 0.4686
vn 0.5779 0.2058 0.7898
vn 0.6883 0.5304 0.4949
vn 0.7239 0.4243 0.5440
vn 0.5790 0.0825 0.8111
vn 0.6889 0.4443 0.5727
vn 0.4645 0.4290 0.7747
vn 0.5846 -0.0405 0.8103
vn 0.6884 0.3492 0.6357
vn -0.0064 0.3422 0.9396
vn 0.5958 -0.1474 0.7895
vn -0.0056 0.2145 0.9767
vn 0.6078 -0.2266 0.7611
vn 0.6927 0.1546 0.7044
vn -0.0043 0.1154 0.9933
vn 0.6197 -0.2740 0.7355
vn -0.0031 0.0537 0.9986
vn 0.6197 -0.3051 0.7231
vn 0.7013 0.0384 0.7118
vn 0.3494 0.6232 -0.6996
vn -0.5693 -0.5778 -0.5848
vn -0.5764 0.5837 -0.5718
vn 0.3060 0.9012 0.3069
vn 0.3500 0.7140 -0.6064
vn -0.5765 0.5837 -0.5718
vn -0.7082 -0.0006 0.7060
vn 0.5734 -0.5867 0.5718
vn 0.5763 0.5710 0.5847
vn -0.7071 -0.7071 -0.0073
vn 0.3017 -0.9077 0.2917
vn 0.5764 -0.5836 0.5720
vn 0.3500 -0.7001 -0.6223
vn 0.3063 -0.9077 0.2867
vn -0.5764 -0.5709 -0.5847
vn -0.0047 0.6992 0.7149
vn 0.9530 -0.0032 0.3031
vn -0.0013 -0.7149 0.6992
vn -0.0013 0.6993 0.7148
vn 0.4261 0.9046 0.0108
vn 0.7072 -0.7069 -0.0124
vn 0.5760 -0.0090 0.8174
vn 0.7070 0.7072 0.0088
vn 0.7070 0.7072 0.0034
vn -0.0009 0.8997 0.4364
vn -0.7072 0.7070 0.0064
vn -0.0072 -0.6992 -0.7149
vn -0.2989 -0.9079 0.2938
vn 0.5784 -0.5708 -0.5828
vn -0.7070 -0.7071 -0.0093
vn -0.3664 0.8517 0.3746
vn -0.3033 -0.9079 0.2895
vn 0.8166 -0.5772 -0.0050
vn -0.5787 -0.0190 0.8153
vn -0.7070 -0.7071 -0.0150
vn -0.7072 0.7069 0.0066
vn 0.0096 0.7150 -0.6991
vn 0.2979 0.9011 0.3149
vn 0.8164 0.5774 0.0126
vn -0.3036 0.9011 0.3097
vn 0.5782 0.5838 -0.5699
vn 0.2982 -0.9078 0.2948
vn 0.0013 -0.6992 -0.7149
vn -0.5763 -0.5710 -0.5847
vn 0.3412 0.8714 0.3524
vn 0.7072 -0.7069 -0.0067
vn 0.3416 -0.8789 0.3329
vn -0.5764 0.5837 -0.5719
vn 0.5783 0.5838 -0.5699
vn -0.0011 -0.7149 0.6992
vn -0.0017 0.0538 0.9986
vn -0.0017 0.1155 0.9933
vn -0.0017 0.2144 0.9767
vn -0.0016 0.3423 0.9396
vn -0.0007 0.9485 0.3167
vn 0.0015 0.3167 -0.9485
vn -0.0006 0.9485 0.3168
vn 0.0016 -0.3425 -0.9395
vn 0.0016 0.3166 -0.9485
vn 0.0017 -0.2147 -0.9767
vn 0.0017 -0.1153 -0.9933
vn 0.0017 -0.2140 -0.9768
vn 0.0017 -0.0533 -0.9986
vn 0.0017 -0.0105 -0.9999
vn 0.0017 -0.0540 -0.9985
vn 0.5785 -0.5707 -0.5828
vn -0.7121 -0.7020 -0.0090
vn -0.7059 0.0080 -0.7083
vn -0.7072 0.7069 0.0067
vn -0.7109 -0.0107 -0.7032
vn -0.7037 -0.1221 0.7000
vn -0.7110 -0.2897 -0.6407
vn -0.7036 -0.2470 0.6663
vn -0.6992 0.0824 0.7102
vn -0.7153 -0.2352 -0.6580
vn -0.6991 -0.2053 0.6849
vn -0.6951 0.1545 0.7021
vn -0.7197 -0.2954 -0.6283
vn -0.6951 -0.1365 0.7058
vn -0.6921 0.2475 0.6781
vn -0.7230 -0.3695 -0.5837
vn -0.6921 -0.0435 0.7205
vn -0.6907 0.3492 0.6333
vn -0.7246 -0.4475 -0.5241
vn -0.6913 0.3329 0.6413
vn -0.7240 -0.4231 -0.5448
vn -0.7246 -0.5580 -0.4044
vn -0.6912 0.1667 0.7032
vn -0.6901 0.5302 0.4927
vn -0.7253 -0.5754 -0.3780
vn -0.6901 0.2853 0.6651
vn -0.6882 0.6076 0.3964
vn -0.7273 -0.6342 -0.2625
vn -0.6913 0.5957 0.4089
vn -0.7273 -0.6796 -0.0962
vn -0.6950 0.6413 0.3252
vn -0.7199 -0.6667 -0.1931
vn -0.7241 -0.6896 0.0144
vn -0.6977 0.6688 0.2567
vn -0.7169 -0.6859 -0.1248
vn -0.7211 -0.6847 0.1056
vn -0.7014 0.6819 0.2075
vn -0.7171 -0.6745 0.1755
vn -0.7045 0.6870 0.1780
vn -0.7136 -0.6640 0.2233
vn -0.7048 0.6253 0.3351
vn -0.7025 0.7113 0.0217
vn -0.7120 -0.6939 0.1077
vn -0.3022 0.8993 0.3162
vn -0.7107 0.0132 -0.7033
vn -0.7121 -0.7016 -0.0275
vn -0.7022 0.7117 0.0218
vn -0.3027 -0.0181 0.9529
vn -0.7113 -0.6282 -0.3154
vn -0.7041 0.7045 -0.0896
vn -0.7128 -0.6690 -0.2104
vn -0.7012 0.7090 0.0755
vn -0.7038 0.6651 -0.2496
vn -0.7164 -0.6478 -0.2592
vn -0.7007 0.6789 -0.2195
vn -0.7201 -0.6120 -0.3269
vn -0.6945 0.6917 0.1981
vn -0.6974 0.6967 -0.1681
vn -0.7237 -0.5566 -0.4080
vn -0.6910 0.6618 0.2907
vn -0.6940 0.7141 -0.0918
vn -0.7267 -0.4788 -0.4927
vn -0.6905 0.7232 0.0078
vn -0.7265 -0.3642 -0.5827
vn -0.7252 -0.5034 -0.4698
vn -0.6899 0.6199 0.3739
vn -0.7249 -0.2541 -0.6403
vn -0.6909 0.5401 0.4806
vn -0.7243 -0.1983 -0.6604
vn -0.6908 0.6339 0.3478
vn -0.7244 -0.0557 -0.6871
vn -0.6921 0.3912 0.6067
vn -0.7228 0.0461 -0.6895
vn -0.7196 -0.1487 -0.6783
vn -0.6952 0.3136 0.6469
vn -0.7197 0.1352 -0.6810
vn -0.7153 -0.0806 -0.6942
vn -0.6992 0.2474 0.6708
vn -0.7154 0.2028 -0.6686
vn -0.7106 -0.0380 -0.7026
vn -0.7036 0.2033 0.6808
vn -0.7111 0.1572 -0.6853
vn -0.7036 0.3140 0.6374
vn -0.7083 -0.0062 0.7059
vn -0.0017 -0.0111 0.9999
vn -0.0018 -0.0332 0.9994
vn -0.7109 -0.0094 -0.7033
vn 0.0017 -0.0110 -0.9999
vn -0.7029 -0.1295 -0.6994
vn 0.0017 -0.0538 -0.9985
vn -0.7056 -0.1722 -0.6873
vn 0.0017 -0.1154 -0.9933
vn 0.0017 -0.0538 -0.9986
vn -0.7085 -0.2390 -0.6640
vn 0.0017 -0.2146 -0.9767
vn -0.7111 -0.3221 -0.6249
vn 0.0016 -0.3426 -0.9395
vn 0.0017 -0.2148 -0.9767
vn -0.7130 -0.4092 -0.5694
vn -0.4284 -0.4354 -0.7918
vn -0.7143 -0.4877 -0.5019
vn -0.6890 -0.4444 -0.5726
vn -0.0597 -0.1364 -0.9889
vn -0.7164 -0.5548 -0.4231
vn -0.6882 -0.5305 -0.4950
vn -0.0906 0.0214 -0.9957
vn -0.7160 -0.6228 -0.3155
vn -0.6870 -0.6077 -0.3985
vn -0.1012 -0.1431 -0.9845
vn -0.7139 -0.6683 -0.2090
vn -0.6899 -0.6619 -0.2930
vn -0.1034 -0.3160 -0.9431
vn -0.7113 -0.6929 -0.1181
vn -0.1055 -0.4514 -0.8861
vn -0.7092 -0.7033 -0.0487
vn -0.6973 -0.7053 -0.1281
vn -0.1061 -0.5511 -0.8277
vn -0.7071 -0.7071 -0.0010
vn -0.1065 -0.6164 -0.7802
vn -0.7051 -0.7086 0.0264
vn -0.7039 -0.7086 -0.0487
vn -0.1070 -0.6550 -0.7480
vn -0.7064 -0.7060 0.0506
vn -0.1086 -0.6718 -0.7327
vn -0.3008 -0.9079 0.2920
vn 0.0586 -0.7038 -0.7080
vn -0.7120 0.7018 0.0216
vn -0.7012 0.7124 -0.0278
vn -0.1335 0.6632 0.7364
vn -0.6992 0.7149 0.0013
vn -0.7135 0.6967 0.0741
vn -0.1151 0.6454 0.7551
vn -0.6970 0.7153 0.0509
vn -0.7172 0.6861 0.1222
vn -0.1431 0.5998 0.7872
vn -0.6949 0.7086 0.1230
vn -0.1602 0.5265 0.8350
vn -0.6927 0.6878 0.2171
vn -0.7251 0.6305 0.2769
vn -0.1780 0.4195 0.8901
vn -0.6913 0.6440 0.3276
vn -0.7282 0.5740 0.3745
vn -0.1936 0.2759 0.9415
vn -0.6924 0.5772 0.4330
vn -0.7269 0.5029 0.4676
vn -0.2015 0.1018 0.9742
vn -0.6931 0.4944 0.5246
vn -0.7260 0.4229 0.5423
vn -0.1831 -0.0602 0.9813
vn -0.6928 0.4126 0.5914
vn -0.4677 0.4264 0.7742
vn -0.1927 -0.2080 0.9590
vn -0.6936 0.3233 0.6437
vn -0.0016 0.3424 0.9396
vn -0.1753 -0.0367 0.9838
vn -0.6949 0.2396 0.6780
vn -0.0017 0.2148 0.9767
vn -0.0609 0.3144 0.9473
vn -0.6971 0.1722 0.6960
vn -0.0017 0.1154 0.9933
vn -0.0492 0.1915 0.9803
vn -0.6998 0.1297 0.7025
vn -0.0017 0.0538 0.9985
vn -0.0333 0.1000 0.9944
vn -0.6994 0.0990 0.7078
vn -0.0189 0.0453 0.9988
vn 0.8174 -0.0032 -0.5761
vn 0.0015 -0.6992 -0.7149
vn 0.0125 0.7148 -0.6992
vn -0.3073 0.9011 0.3059
vn -0.3479 0.7139 -0.6077
vn 0.8155 -0.0061 0.5787
vn -0.4262 -0.9045 -0.0108
vn -0.0011 -0.7150 0.6992
vn -0.3479 -0.7003 -0.6233
vn 0.5784 -0.5707 -0.5828
vn -0.3070 -0.9078 0.2857
vn -0.3066 -0.9063 0.2909
vn -0.3022 0.9011 0.3111
vn 0.7059 -0.0128 0.7082
vn -0.3027 0.9011 0.3104
vn -0.5784 0.5709 0.5826
vn 0.7070 0.7072 0.0107
vn 0.7241 0.4229 0.5449
vn 0.7098 0.7027 0.0483
vn 0.5762 0.5710 0.5847
vn 0.7083 0.0080 -0.7058
vn 0.7133 -0.2896 -0.6382
vn 0.7014 -0.1219 0.7023
vn 0.7014 0.1964 0.6852
vn 0.7131 -0.0376 -0.7000
vn 0.7176 0.2069 -0.6650
vn 0.6968 0.2348 0.6777
vn 0.7219 0.1416 -0.6773
vn 0.6928 0.2978 0.6568
vn 0.7252 0.0534 -0.6864
vn 0.6898 0.3765 0.6184
vn 0.7252 -0.2360 -0.6468
vn 0.7267 -0.0471 -0.6853
vn 0.7262 -0.5574 -0.4023
vn 0.7260 -0.4228 -0.5424
vn 0.6889 0.3332 0.6437
vn 0.6891 0.5320 0.4921
vn 0.7261 -0.4226 -0.5424
vn 0.7272 -0.2492 -0.6396
vn 0.6884 0.6108 0.3911
vn 0.7268 -0.5033 -0.4674
vn 0.7284 -0.3580 -0.5841
vn 0.7281 -0.6791 -0.0938
vn 0.6894 0.5963 0.4113
vn 0.7243 -0.6893 0.0166
vn 0.7208 -0.6664 -0.1906
vn 0.6937 0.6415 0.3275
vn 0.7207 -0.6848 0.1082
vn 0.7172 -0.6860 -0.1223
vn 0.6970 0.6686 0.2591
vn 0.7167 -0.6743 0.1780
vn 0.7135 -0.6967 -0.0742
vn 0.7006 0.6821 0.2097
vn 0.7128 -0.6639 0.2259
vn 0.7101 -0.7026 -0.0459
vn 0.7039 0.6871 0.1803
vn 0.7041 0.7051 -0.0841
vn 0.7126 -0.6272 -0.3144
vn 0.7128 0.0079 -0.7014
vn 0.3007 -0.9079 0.2920
vn 0.3013 0.8992 0.3172
vn 0.2997 -0.0106 0.9540
vn 0.7020 0.7117 0.0242
vn 0.7122 -0.7015 -0.0251
vn 0.7119 -0.6930 0.1133
vn 0.7021 0.7117 0.0242
vn 0.7033 0.6259 0.3370
vn 0.7044 0.6653 -0.2472
vn 0.7007 0.7092 0.0778
vn 0.7138 -0.6688 -0.2080
vn 0.7013 0.6790 -0.2171
vn 0.6974 0.7052 0.1281
vn 0.7174 -0.6476 -0.2569
vn 0.6978 0.6969 -0.1657
vn 0.6935 0.6920 0.2005
vn 0.7213 -0.6119 -0.3245
vn 0.6944 0.7140 -0.0894
vn 0.6902 0.6618 0.2926
vn 0.7249 -0.5567 -0.4056
vn 0.6903 0.7235 0.0100
vn 0.6870 0.6075 0.3987
vn 0.7285 -0.4785 -0.4902
vn 0.7280 -0.6404 -0.2447
vn 0.6871 0.6074 0.3987
vn 0.6880 0.2928 0.6640
vn 0.7267 -0.5819 -0.3652
vn 0.6884 0.5303 0.4949
vn 0.6888 0.1740 0.7037
vn 0.6891 0.6345 0.3500
vn 0.6884 0.3496 0.6356
vn 0.7268 -0.1974 -0.6578
vn 0.7265 -0.4607 -0.5100
vn 0.6897 -0.0349 0.7233
vn 0.7250 -0.3836 -0.5720
vn 0.6927 -0.1277 0.7098
vn 0.7219 -0.3065 -0.6204
vn 0.6927 0.1546 0.7045
vn 0.6969 -0.1989 0.6891
vn 0.7176 -0.2427 -0.6528
vn 0.6968 0.0829 0.7125
vn 0.7014 -0.2417 0.6706
vn 0.7014 0.3142 0.6398
vn 0.7133 0.1574 -0.6829
vn -0.0017 -0.0332 0.9994
vn 0.7059 -0.0062 0.7083
vn 0.7133 -0.0092 -0.7008
vn 0.7055 -0.1286 -0.6970
vn 0.0017 -0.0537 -0.9986
vn 0.7082 -0.1713 -0.6849
vn 0.7109 -0.2381 -0.6617
vn 0.0017 -0.2145 -0.9767
vn 0.0016 -0.3424 -0.9396
vn 0.7136 -0.3210 -0.6227
vn 0.4312 -0.4352 -0.7903
vn 0.7152 -0.4082 -0.5673
vn 0.0626 -0.1363 -0.9887
vn 0.7162 -0.4871 -0.4998
vn 0.0932 0.0215 -0.9954
vn 0.7181 -0.5541 -0.4210
vn 0.1037 -0.1431 -0.9843
vn 0.6886 -0.6072 -0.3964
vn 0.7175 -0.6218 -0.3138
vn 0.1059 -0.3159 -0.9429
vn 0.6911 -0.6617 -0.2907
vn 0.7149 -0.6678 -0.2071
vn 0.1077 -0.4513 -0.8858
vn 0.6944 -0.6918 -0.1981
vn 0.7121 -0.6924 -0.1164
vn 0.1082 -0.5510 -0.8275
vn 0.6979 -0.7051 -0.1258
vn 0.7097 -0.7030 -0.0469
vn 0.1085 -0.6163 -0.7800
vn 0.7012 -0.7089 -0.0756
vn 0.7073 -0.7069 0.0008
vn 0.1088 -0.6550 -0.7478
vn 0.7044 -0.7076 -0.0558
vn 0.7053 -0.7084 0.0281
vn 0.1094 -0.6718 -0.7326
vn 0.7065 -0.7058 0.0525
vn -0.0590 -0.7038 -0.7079
vn 0.3001 -0.9078 0.2929
vn 0.2998 0.9012 0.3131
vn 0.5762 0.5711 0.5847
vn 0.0041 0.7100 -0.7042
vn 0.1300 0.6632 0.7370
vn 0.7100 0.7031 0.0393
vn 0.7011 0.7126 -0.0248
vn 0.1236 0.6456 0.7536
vn 0.6990 0.7151 0.0042
vn 0.1393 0.5998 0.7879
vn 0.7166 0.6863 0.1246
vn 0.6967 0.7154 0.0539
vn 0.1563 0.5265 0.8357
vn 0.7203 0.6663 0.1931
vn 0.6942 0.7086 0.1260
vn 0.1739 0.4196 0.8909
vn 0.7240 0.6307 0.2793
vn 0.6918 0.6877 0.2200
vn 0.1892 0.2758 0.9424
vn 0.7270 0.5740 0.3769
vn 0.6901 0.6438 0.3306
vn 0.1974 0.1015 0.9751
vn 0.6908 0.5770 0.4357
vn 0.1787 -0.0602 0.9821
vn 0.7241 0.4229 0.5448
vn 0.6912 0.4940 0.5275
vn 0.1883 -0.2082 0.9598
vn 0.4650 0.4263 0.7759
vn 0.6908 0.4121 0.5942
vn 0.1713 -0.0369 0.9845
vn 0.6913 0.3229 0.6464
vn 0.0575 0.3142 0.9476
vn -0.0017 0.2147 0.9767
vn 0.6925 0.2390 0.6807
vn 0.0459 0.1915 0.9804
vn 0.6948 0.1717 0.6984
vn 0.0299 0.1000 0.9945
vn 0.6974 0.1290 0.7049
vn 0.0155 0.0453 0.9989
vn 0.6971 0.0985 0.7102
vn -0.0106 0.7148 -0.6992
vn -0.8154 -0.0035 -0.5788
vn 0.1207 0.8999 0.4189
vn -0.0015 0.6992 0.7149
vn -0.0091 0.7149 -0.6991
vn -0.8175 0.0022 0.5760
vn -0.0011 -0.7148 0.6993
vn -0.0011 -0.7147 0.6994
vn 0.4267 -0.9043 -0.0104
vn -0.0091 -0.6992 -0.7149
vn 0.1210 -0.9090 0.3988
vn 0.3009 0.9012 0.3121
vn 0.3059 -0.9062 0.2920
vn -0.7071 0.7070 0.0066
vn 0.5762 0.5712 0.5846
vn 0.3014 0.9013 0.3113
vn 0.5782 0.5873 -0.5663
vn 0.0011 0.7150 -0.6992
vn -0.2992 0.9010 0.3140
vn 0.7072 -0.7069 -0.0126
vn -0.7070 -0.7072 -0.0091
vn 0.0046 -0.9092 0.4163
vn 0.3012 -0.9078 0.2919
vn -0.5743 -0.5709 -0.5867
vn -0.5765 0.5871 -0.5684
vn -0.7059 0.0163 -0.7081
vn -0.7072 0.7070 0.0008
vn 0.7070 0.7072 0.0090
vn -0.0060 0.8997 0.4364
vn -0.5745 0.5837 -0.5738
vn 0.3009 0.9011 0.3121
vn -0.4266 0.9044 0.0068
vn 0.7072 -0.7070 -0.0069
vn -0.7069 -0.7071 -0.0148
vn -0.0006 0.9485 0.3169
vt 0.110500 0.410600
vt 0.101700 0.010000
vt 0.110500 0.010100
vt 0.101700 0.410500
vt 0.093200 0.009900
vt 0.129700 0.405700
vt 0.120800 0.005200
vt 0.129700 0.005200
vt 0.110500 0.417300
vt 0.093200 0.417000
vt 0.093200 0.410400
vt 0.129700 0.412400
vt 0.120800 0.405900
vt 0.110500 0.424000
vt 0.101700 0.417200
vt 0.101700 0.423900
vt 0.129700 0.419200
vt 0.120800 0.412800
vt 0.110500 0.430600
vt 0.101700 0.430600
vt 0.093200 0.423600
vt 0.129700 0.426200
vt 0.120800 0.419800
vt 0.110500 0.437200
vt 0.101700 0.437300
vt 0.093200 0.430400
vt 0.129700 0.433500
vt 0.120800 0.426900
vt 0.110500 0.444300
vt 0.101700 0.444500
vt 0.093200 0.437300
vt 0.129700 0.441300
vt 0.120800 0.434300
vt 0.110500 0.452000
vt 0.093200 0.452500
vt 0.093200 0.444600
vt 0.129700 0.449900
vt 0.120800 0.442100
vt 0.117000 0.451000
vt 0.114300 0.444000
vt 0.117000 0.442700
vt 0.110500 0.460900
vt 0.101700 0.452300
vt 0.101700 0.461100
vt 0.129700 0.459600
vt 0.120800 0.450500
vt 0.114300 0.460600
vt 0.114300 0.451600
vt 0.110500 0.468700
vt 0.101700 0.468900
vt 0.093200 0.461300
vt 0.129700 0.468300
vt 0.120800 0.459900
vt 0.117000 0.460300
vt 0.114300 0.468600
vt 0.110500 0.476400
vt 0.093200 0.476700
vt 0.093200 0.469100
vt 0.129700 0.476500
vt 0.120800 0.468300
vt 0.117000 0.476400
vt 0.117000 0.468500
vt 0.110500 0.484100
vt 0.101700 0.476500
vt 0.093200 0.484400
vt 0.129700 0.484500
vt 0.120800 0.476500
vt 0.117000 0.484400
vt 0.114300 0.476400
vt 0.110500 0.492000
vt 0.101700 0.484200
vt 0.093200 0.492200
vt 0.129700 0.492600
vt 0.120800 0.484500
vt 0.117000 0.492400
vt 0.114300 0.484200
vt 0.110500 0.500200
vt 0.101700 0.492000
vt 0.093200 0.500300
vt 0.129700 0.500800
vt 0.120800 0.492600
vt 0.117000 0.500600
vt 0.114300 0.492200
vt 0.110500 0.508500
vt 0.101700 0.500200
vt 0.093200 0.508500
vt 0.129700 0.509100
vt 0.120800 0.500800
vt 0.117000 0.508900
vt 0.114300 0.500400
vt 0.110500 0.516900
vt 0.101700 0.508500
vt 0.101700 0.516800
vt 0.129700 0.517600
vt 0.120800 0.509100
vt 0.114300 0.517100
vt 0.114300 0.508700
vt 0.110500 0.830400
vt 0.093200 0.837700
vt 0.093200 0.516800
vt 0.120800 0.831100
vt 0.120800 0.517500
vt 0.117000 0.831600
vt 0.117000 0.517300
vt 0.113000 0.010100
vt 0.113000 0.410700
vt 0.118400 0.406000
vt 0.118400 0.005400
vt 0.118400 0.420000
vt 0.118400 0.413000
vt 0.118400 0.427100
vt 0.118400 0.434600
vt 0.118400 0.442400
vt 0.118400 0.460100
vt 0.118400 0.450800
vt 0.118400 0.468400
vt 0.118400 0.476400
vt 0.118400 0.484400
vt 0.118400 0.492500
vt 0.118400 0.500700
vt 0.118400 0.517400
vt 0.118400 0.509000
vt 0.113000 0.830500
vt 0.113000 0.508600
vt 0.113000 0.517000
vt 0.113000 0.500300
vt 0.113000 0.492100
vt 0.113000 0.484200
vt 0.113000 0.476400
vt 0.113000 0.460800
vt 0.113000 0.468700
vt 0.113000 0.451900
vt 0.113000 0.437200
vt 0.113000 0.444200
vt 0.113000 0.430500
vt 0.113000 0.424000
vt 0.113000 0.417300
vt 0.114300 0.410700
vt 0.117000 0.005400
vt 0.117000 0.406100
vt 0.117000 0.413100
vt 0.117000 0.420100
vt 0.117000 0.427300
vt 0.117000 0.434700
vt 0.118400 0.831000
vt 0.114300 0.831400
vt 0.114300 0.437100
vt 0.114300 0.430500
vt 0.114300 0.424000
vt 0.114300 0.417300
vt 0.920000 0.996200
vt 0.934600 0.394300
vt 0.934600 0.996200
vt 0.890100 0.981100
vt 0.877500 0.394300
vt 0.890100 0.394300
vt 0.895700 0.983300
vt 0.901800 0.394300
vt 0.901800 0.983300
vt 0.894300 0.981100
vt 0.895700 0.394300
vt 0.920000 0.394300
vt 0.907400 0.981000
vt 0.907400 0.394300
vt 0.894300 0.394300
vt 0.903200 0.394300
vt 0.903200 0.981100
vt 0.073400 0.009100
vt 0.064400 0.416300
vt 0.064400 0.009200
vt 0.082000 0.009000
vt 0.073400 0.416200
vt 0.053900 0.004200
vt 0.044900 0.411200
vt 0.044900 0.004100
vt 0.064400 0.423100
vt 0.082000 0.422900
vt 0.073400 0.423000
vt 0.053900 0.411500
vt 0.044900 0.418000
vt 0.064400 0.429900
vt 0.073400 0.429800
vt 0.053900 0.418500
vt 0.044900 0.424900
vt 0.064400 0.436600
vt 0.082000 0.429600
vt 0.073400 0.436600
vt 0.053900 0.425600
vt 0.044900 0.432000
vt 0.064400 0.443300
vt 0.082000 0.436500
vt 0.073400 0.443500
vt 0.053900 0.432800
vt 0.044900 0.439400
vt 0.064400 0.450500
vt 0.082000 0.443500
vt 0.073400 0.450700
vt 0.053900 0.440300
vt 0.044900 0.447300
vt 0.064400 0.458400
vt 0.082000 0.459000
vt 0.073400 0.458700
vt 0.053900 0.448200
vt 0.044900 0.456100
vt 0.060500 0.450100
vt 0.057800 0.457300
vt 0.057800 0.448800
vt 0.064400 0.467300
vt 0.073400 0.467700
vt 0.053900 0.456800
vt 0.044900 0.466000
vt 0.060500 0.467000
vt 0.057800 0.466700
vt 0.064400 0.475300
vt 0.082000 0.467900
vt 0.073400 0.475600
vt 0.053900 0.466300
vt 0.044900 0.474800
vt 0.060500 0.475200
vt 0.057800 0.475000
vt 0.064400 0.483100
vt 0.082000 0.483500
vt 0.073400 0.483200
vt 0.053900 0.474800
vt 0.044900 0.483100
vt 0.057800 0.483100
vt 0.064400 0.491000
vt 0.082000 0.491200
vt 0.073400 0.491000
vt 0.053900 0.483100
vt 0.044900 0.491400
vt 0.060500 0.483100
vt 0.057800 0.491200
vt 0.064400 0.499000
vt 0.082000 0.499200
vt 0.073400 0.499000
vt 0.053900 0.491300
vt 0.044900 0.499600
vt 0.060500 0.491100
vt 0.057800 0.499300
vt 0.064400 0.507300
vt 0.082000 0.507400
vt 0.073400 0.507300
vt 0.053900 0.499600
vt 0.044900 0.507900
vt 0.060500 0.499200
vt 0.057800 0.507700
vt 0.064400 0.515700
vt 0.082000 0.515700
vt 0.073400 0.515700
vt 0.053900 0.507900
vt 0.044900 0.516400
vt 0.060500 0.507500
vt 0.057800 0.516100
vt 0.064400 0.524200
vt 0.073400 0.524200
vt 0.053900 0.516300
vt 0.044900 0.524900
vt 0.060500 0.524500
vt 0.057800 0.524600
vt 0.064400 0.842900
vt 0.082000 0.850400
vt 0.073400 0.850400
vt 0.053900 0.843600
vt 0.044900 0.851200
vt 0.057800 0.844200
vt 0.061900 0.009200
vt 0.056400 0.411600
vt 0.056400 0.425800
vt 0.056400 0.433000
vt 0.056400 0.440600
vt 0.056400 0.448500
vt 0.056400 0.466500
vt 0.056400 0.474900
vt 0.056400 0.483100
vt 0.056400 0.491300
vt 0.056400 0.499500
vt 0.056400 0.507800
vt 0.056400 0.524800
vt 0.053900 0.524900
vt 0.061900 0.843000
vt 0.061900 0.515800
vt 0.061900 0.507400
vt 0.061900 0.499100
vt 0.061900 0.491000
vt 0.061900 0.483100
vt 0.061900 0.467200
vt 0.061900 0.458200
vt 0.061900 0.443300
vt 0.061900 0.436500
vt 0.061900 0.429800
vt 0.061900 0.423100
vt 0.060500 0.416300
vt 0.061900 0.416300
vt 0.057800 0.004400
vt 0.056400 0.004300
vt 0.057800 0.411700
vt 0.056400 0.418700
vt 0.057800 0.418700
vt 0.057800 0.425900
vt 0.057800 0.433200
vt 0.057800 0.440700
vt 0.056400 0.457000
vt 0.056400 0.516200
vt 0.056400 0.843500
vt 0.061900 0.524300
vt 0.060500 0.515900
vt 0.061900 0.475200
vt 0.060500 0.457900
vt 0.061900 0.450400
vt 0.060500 0.443200
vt 0.060500 0.436500
vt 0.060500 0.429800
vt 0.060500 0.423100
vt 0.941000 0.394200
vt 0.955600 0.996200
vt 0.941000 0.996200
vt 0.985500 0.981000
vt 0.998100 0.394300
vt 0.998100 0.996200
vt 0.973700 0.394300
vt 0.979900 0.983300
vt 0.973700 0.983300
vt 0.979900 0.394300
vt 0.981300 0.981000
vt 0.955600 0.394200
vt 0.968200 0.981000
vt 0.985500 0.394300
vt 0.981300 0.394300
vt 0.972400 0.394200
vt 0.968200 0.394200
vt 0.972400 0.981000
vt 0.951000 0.387400
vt 0.955600 0.004700
vt 0.955600 0.387400
vt 0.940500 0.004700
vt 0.936000 0.383400
vt 0.936000 0.004700
vt 0.910900 0.004700
vt 0.915500 0.383400
vt 0.910900 0.387400
vt 0.933900 0.383400
vt 0.929300 0.004700
vt 0.933900 0.004700
vt 0.148200 0.009200
vt 0.144200 0.685300
vt 0.144200 0.004700
vt 0.879200 0.004700
vt 0.883800 0.387400
vt 0.879200 0.387400
vt 0.919300 0.004700
vt 0.923800 0.383400
vt 0.919300 0.387400
vt 0.155900 0.685300
vt 0.152000 0.009200
vt 0.155900 0.004700
vt 0.894200 0.383400
vt 0.898700 0.004700
vt 0.898700 0.387400
vt 0.972300 0.004700
vt 0.967700 0.383400
vt 0.967700 0.004700
vt 0.141600 0.004700
vt 0.137000 0.685300
vt 0.137000 0.004700
vt 0.162100 0.004700
vt 0.157500 0.676200
vt 0.157500 0.004700
vt 0.164000 0.521200
vt 0.869000 0.524900
vt 0.164000 0.524900
vt 0.867000 0.452500
vt 0.164300 0.043600
vt 0.867000 0.043600
vt 0.867000 0.459500
vt 0.164300 0.452500
vt 0.867000 0.466500
vt 0.164300 0.459500
vt 0.867000 0.473700
vt 0.164300 0.466500
vt 0.867000 0.481100
vt 0.164300 0.473700
vt 0.867000 0.488900
vt 0.164300 0.481100
vt 0.164000 0.499400
vt 0.869000 0.503100
vt 0.164000 0.503100
vt 0.867400 0.541100
vt 0.164700 0.533800
vt 0.867400 0.533800
vt 0.867400 0.548000
vt 0.164700 0.541100
vt 0.867400 0.554800
vt 0.164700 0.548000
vt 0.867400 0.561600
vt 0.164700 0.554800
vt 0.867400 0.568400
vt 0.164700 0.561600
vt 0.867400 0.977300
vt 0.164700 0.568400
vt 0.101700 0.837700
vt 0.129700 0.838500
vt 0.114300 0.010100
vt 0.877500 0.996200
vt 0.082000 0.416200
vt 0.082000 0.451000
vt 0.082000 0.475800
vt 0.082000 0.524200
vt 0.060500 0.844000
vt 0.060500 0.009200
vt 0.951000 0.004700
vt 0.940500 0.387400
vt 0.915500 0.004700
vt 0.929300 0.383400
vt 0.148200 0.680800
vt 0.883800 0.004700
vt 0.923800 0.004700
vt 0.152000 0.680800
vt 0.894200 0.004700
vt 0.972300 0.383400
vt 0.141600 0.685300
vt 0.162100 0.676200
vt 0.869000 0.521200
vt 0.164300 0.488900
vt 0.869000 0.499400
vt 0.164700 0.977300
s 1
f 2/1/1 4/2/2 1/3/3
f 3/4/4 6/5/5 4/2/2
f 5/6/6 8/7/7 6/8/5
f 9/9/8 3/4/4 2/1/1
f 3/4/4 11/10/9 5/11/6
f 11/12/9 7/13/10 5/6/6
f 13/14/11 10/15/12 9/9/8
f 14/16/13 11/10/9 10/15/12
f 15/17/14 12/18/15 11/12/9
f 17/19/16 14/16/13 13/14/11
f 18/20/17 15/21/14 14/16/13
f 19/22/18 16/23/19 15/17/14
f 21/24/20 18/20/17 17/19/16
f 22/25/21 19/26/18 18/20/17
f 23/27/22 20/28/23 19/22/18
f 25/29/24 22/25/21 21/24/20
f 26/30/25 23/31/22 22/25/21
f 27/32/26 24/33/27 23/27/22
f 29/34/28 26/30/25 25/29/24
f 26/30/25 31/35/29 27/36/26
f 31/37/29 28/38/30 27/32/26
f 34/39/31 36/40/32 33/41/33
f 37/42/34 30/43/35 29/34/28
f 38/44/36 31/35/29 30/43/35
f 39/45/37 32/46/38 31/37/29
f 34/39/31 42/47/39 35/48/40
f 43/49/41 38/44/36 37/42/34
f 44/50/42 39/51/37 38/44/36
f 45/52/43 40/53/44 39/45/37
f 41/54/45 48/55/46 42/47/39
f 49/56/47 44/50/42 43/49/41
f 44/50/42 51/57/48 45/58/43
f 51/59/48 46/60/49 45/52/43
f 53/61/50 48/55/46 47/62/51
f 55/63/52 50/64/53 49/56/47
f 50/64/53 57/65/54 51/57/48
f 57/66/54 52/67/55 51/59/48
f 59/68/56 54/69/57 53/61/50
f 61/70/58 56/71/59 55/63/52
f 56/71/59 63/72/60 57/65/54
f 63/73/60 58/74/61 57/66/54
f 65/75/62 60/76/63 59/68/56
f 67/77/64 62/78/65 61/70/58
f 62/78/65 69/79/66 63/72/60
f 69/80/66 64/81/67 63/73/60
f 71/82/68 66/83/69 65/75/62
f 73/84/70 68/85/71 67/77/64
f 68/85/71 75/86/72 69/79/66
f 75/87/72 70/88/73 69/80/66
f 77/89/74 72/90/75 71/82/68
f 79/91/76 74/92/77 73/84/70
f 80/93/78 75/86/72 74/92/77
f 81/94/79 76/95/80 75/87/72
f 77/89/74 84/96/81 78/97/82
f 85/98/83 80/93/78 79/91/76
f 80/93/78 87/99/84 81/100/79
f 81/94/79 88/101/85 82/102/86
f 89/103/87 84/96/81 83/104/88
s 0
f 2/1/89 91/105/90 92/106/91
f 8/7/92 93/107/93 94/108/94
f 12/18/95 93/107/96 7/13/97
f 12/18/98 96/109/99 95/110/100
f 16/23/101 97/111/102 96/109/103
f 20/28/104 98/112/105 97/111/106
f 24/33/107 99/113/108 98/112/109
f 32/46/110 99/113/111 28/38/112
f 32/46/113 101/114/114 100/115/115
f 40/53/116 102/116/117 101/114/118
f 52/67/119 102/116/120 46/60/121
f 58/74/122 103/117/123 52/67/124
f 64/81/125 104/118/126 58/74/127
f 70/88/128 105/119/129 64/81/130
f 76/95/131 106/120/132 70/88/133
f 76/95/134 108/121/135 107/122/70
f 88/101/136 108/121/137 82/102/138
f 79/91/139 111/123/140 85/98/141
f 79/91/142 112/124/143 110/125/138
f 67/77/144 112/124/145 73/84/146
f 61/70/147 113/126/148 67/77/149
f 55/63/150 114/127/151 61/70/152
f 49/56/153 115/128/154 55/63/155
f 43/49/156 116/129/157 49/56/158
f 43/49/159 118/130/160 117/131/121
f 37/42/161 119/132/162 118/130/163
f 25/29/164 119/132/165 29/34/166
f 25/29/167 121/133/168 120/134/169
f 21/24/170 122/135/171 121/133/172
f 17/19/173 123/136/174 122/135/175
f 13/14/176 124/137/177 123/136/178
f 2/1/179 124/137/180 9/9/100
f 91/105/181 126/138/182 92/106/97
f 93/107/183 128/139/184 94/108/185
f 95/110/186 127/140/187 93/107/188
f 96/109/189 129/141/190 95/110/100
f 97/111/191 130/142/192 96/109/193
f 98/112/194 131/143/195 97/111/196
f 99/113/197 132/144/198 98/112/199
f 100/115/200 33/41/201 99/113/202
f 101/114/203 34/39/204 100/115/205
f 102/116/206 41/54/207 101/114/208
f 103/117/209 47/62/210 102/116/211
f 104/118/212 53/61/213 103/117/158
f 105/119/214 59/68/215 104/118/216
f 106/120/217 65/75/218 105/119/219
f 107/122/220 71/82/221 106/120/222
f 108/121/223 77/89/224 107/122/225
f 109/145/226 83/104/88 108/121/227
f 111/123/228 84/96/229 90/146/230
f 112/124/231 84/96/232 110/125/233
f 113/126/234 78/97/235 112/124/236
f 114/127/237 72/90/238 113/126/239
f 115/128/240 66/83/241 114/127/242
f 116/129/243 60/76/244 115/128/61
f 117/131/245 54/69/246 116/129/247
f 118/130/248 48/55/249 117/131/250
f 119/132/251 42/47/252 118/130/253
f 120/134/254 35/48/255 119/132/256
f 121/133/257 36/40/258 120/134/169
f 122/135/259 133/147/260 121/133/261
f 123/136/262 134/148/263 122/135/175
f 124/137/264 135/149/265 123/136/266
f 92/106/267 136/150/268 124/137/269
f 86/151/270 138/152/271 87/153/272
f 88/154/273 138/155/274 139/156/275
f 89/157/276 141/158/5 90/159/230
f 109/160/277 140/161/278 89/157/279
f 137/162/280 85/163/281 143/164/282
f 109/160/283 139/156/284 142/165/285
f 85/163/283 144/166/284 143/164/285
f 111/167/286 141/158/275 144/166/275
s 1
f 146/168/185 148/169/287 145/170/288
f 149/171/289 147/172/290 146/168/185
f 151/173/291 150/174/292 149/175/289
f 147/172/290 154/176/293 148/169/287
f 147/172/290 155/177/294 153/178/295
f 152/179/296 155/180/294 150/174/292
f 153/178/295 158/181/297 154/176/293
f 155/177/294 157/182/298 153/178/295
f 156/183/299 159/184/300 155/180/294
f 157/182/298 162/185/301 158/181/297
f 159/186/300 161/187/302 157/182/298
f 160/188/303 163/189/304 159/184/300
f 161/187/302 166/190/305 162/185/301
f 163/191/304 165/192/109 161/187/302
f 164/193/306 167/194/307 163/189/304
f 165/192/109 170/195/308 166/190/305
f 167/196/307 169/197/309 165/192/109
f 168/198/310 171/199/311 167/194/307
f 169/197/309 174/200/312 170/195/308
f 169/197/309 175/201/313 173/202/314
f 172/203/315 175/204/313 171/199/311
f 178/205/316 180/206/317 177/207/318
f 173/202/314 182/208/319 174/200/312
f 175/201/313 181/209/320 173/202/314
f 176/210/321 183/211/322 175/204/313
f 180/206/317 185/212/323 186/213/324
f 181/209/320 188/214/325 182/208/319
f 183/215/322 187/216/326 181/209/320
f 184/217/327 189/218/328 183/211/322
f 186/213/324 191/219/329 192/220/330
f 187/216/326 194/221/331 188/214/325
f 187/216/326 195/222/332 193/223/333
f 190/224/334 195/225/332 189/218/328
f 191/219/329 198/226/335 192/220/330
f 193/223/333 200/227/336 194/221/331
f 193/223/333 201/228/337 199/229/216
f 196/230/338 201/231/337 195/225/332
f 197/232/339 204/233/340 198/226/335
f 199/229/216 206/234/341 200/227/336
f 199/229/216 207/235/342 205/236/343
f 202/237/344 207/238/342 201/231/337
f 203/239/345 210/240/346 204/233/340
f 205/236/343 212/241/347 206/234/341
f 205/236/343 213/242/348 211/243/349
f 208/244/350 213/245/348 207/238/342
f 209/246/351 216/247/352 210/240/346
f 211/243/349 218/248/353 212/241/347
f 211/243/349 219/249/80 217/250/146
f 214/251/354 219/252/80 213/245/348
f 215/253/355 222/254/356 216/247/352
f 217/250/146 224/255/357 218/248/353
f 219/249/80 223/256/227 217/250/146
f 220/257/72 225/258/358 219/252/80
f 222/254/356 227/259/359 228/260/360
f 223/256/227 230/261/361 224/255/357
f 223/256/227 231/262/362 229/263/363
f 225/258/358 232/264/364 231/265/362
f 227/259/359 234/266/365 228/260/360
s 0
f 148/169/366 236/267/367 145/170/2
f 151/173/368 238/268/369 152/179/370
f 238/268/371 156/183/372 152/179/370
f 156/183/373 240/269/374 160/188/375
f 160/188/376 241/270/377 164/193/378
f 164/193/379 242/271/380 168/198/381
f 168/198/382 243/272/383 172/203/384
f 243/272/385 176/210/386 172/203/387
f 176/210/388 245/273/389 184/217/390
f 184/217/391 246/274/392 190/224/393
f 246/274/394 196/230/395 190/224/396
f 247/275/397 202/237/398 196/230/399
f 248/276/400 208/244/401 202/237/402
f 249/277/403 214/251/404 208/244/405
f 250/278/406 220/257/407 214/251/408
f 220/257/409 252/279/410 226/280/411
f 252/279/412 232/264/413 226/280/414
f 254/281/415 224/255/416 230/261/417
f 224/255/418 256/282/419 218/248/420
f 256/282/421 212/241/422 218/248/423
f 257/283/424 206/234/425 212/241/426
f 258/284/427 200/227/428 206/234/429
f 259/285/430 194/221/431 200/227/432
f 260/286/433 188/214/434 194/221/435
f 188/214/436 262/287/437 182/208/438
f 182/208/439 263/288/440 174/200/441
f 263/288/442 170/195/443 174/200/444
f 170/195/445 265/289/446 166/190/447
f 166/190/448 266/290/449 162/185/450
f 162/185/451 267/291/452 158/181/453
f 158/181/454 268/292/455 154/176/456
f 268/292/457 148/169/458 154/176/459
f 269/293/182 236/267/275 235/294/460
f 271/295/184 238/268/461 237/296/288
f 272/297/462 239/298/463 238/268/464
f 273/299/465 240/269/466 239/298/467
f 274/300/468 241/270/469 240/269/470
f 275/301/471 242/271/472 241/270/473
f 276/302/474 243/272/475 242/271/21
f 177/207/476 244/303/477 243/272/478
f 180/206/479 245/273/480 244/303/481
f 186/213/482 246/274/483 245/273/484
f 192/220/485 247/275/486 246/274/487
f 198/226/488 248/276/489 247/275/490
f 204/233/491 249/277/492 248/276/59
f 210/240/493 250/278/494 249/277/495
f 216/247/496 251/304/497 250/278/347
f 222/254/498 252/279/499 251/304/500
f 228/260/360 253/305/501 252/279/502
f 254/281/503 227/259/504 255/306/505
f 227/259/506 256/282/507 255/306/508
f 221/307/509 257/283/510 256/282/511
f 215/253/512 258/284/513 257/283/354
f 209/246/514 259/285/515 258/284/516
f 203/239/517 260/286/518 259/285/402
f 197/232/519 261/308/520 260/286/521
f 191/219/522 262/287/523 261/308/524
f 185/212/525 263/288/526 262/287/527
f 179/309/528 264/310/529 263/288/530
f 178/205/531 265/289/532 264/310/533
f 277/311/534 266/290/535 265/289/381
f 278/312/536 267/291/537 266/290/538
f 279/313/539 268/292/540 267/291/375
f 280/314/541 235/294/542 268/292/543
f 138/315/544 229/316/545 231/317/546
f 232/318/547 138/319/548 231/320/549
f 141/321/550 234/322/551 233/323/552
f 140/324/553 253/325/554 234/322/555
f 137/326/556 230/327/557 229/316/558
f 139/328/559 253/325/560 142/329/561
f 144/330/559 230/327/560 143/331/561
f 141/321/562 254/332/563 144/330/562
f 282/333/564 284/334/565 281/335/566
f 281/336/567 285/337/568 286/338/569
f 282/339/570 288/340/571 283/341/572
s 1
f 287/342/573 285/343/574 288/344/83
s 0
f 288/345/575 290/346/576 283/347/572
f 292/348/577 293/349/578 291/350/579
f 291/351/580 295/352/581 292/353/549
f 292/354/582 285/355/583 284/356/584
f 289/357/585 293/358/586 290/359/587
s 1
f 295/360/588 296/361/589 289/362/590
f 283/363/572 292/364/591 284/365/592
f 285/366/574 289/367/590 288/368/83
f 128/369/593 270/370/586 125/371/586
f 127/372/182 271/373/593 128/374/593
f 129/375/594 272/376/182 127/372/182
f 130/377/595 273/378/594 129/375/594
f 131/379/596 274/380/595 130/377/595
f 132/381/597 275/382/596 131/379/596
f 33/383/598 276/384/597 132/381/597
f 36/385/599 177/386/600 33/387/598
f 133/388/601 178/389/602 36/390/599
f 134/391/603 277/392/601 133/388/601
f 297/393/604 278/394/605 134/391/603
f 136/395/606 279/396/604 297/393/604
f 126/397/607 280/398/608 136/395/606
f 125/399/586 269/400/607 126/397/607
f 2/1/1 3/4/4 4/2/2
f 3/4/4 5/11/6 6/5/5
f 5/6/6 7/13/10 8/7/7
f 9/9/8 10/15/12 3/4/4
f 3/4/4 10/15/12 11/10/9
f 11/12/9 12/18/15 7/13/10
f 13/14/11 14/16/13 10/15/12
f 14/16/13 15/21/14 11/10/9
f 15/17/14 16/23/19 12/18/15
f 17/19/16 18/20/17 14/16/13
f 18/20/17 19/26/18 15/21/14
f 19/22/18 20/28/23 16/23/19
f 21/24/20 22/25/21 18/20/17
f 22/25/21 23/31/22 19/26/18
f 23/27/22 24/33/27 20/28/23
f 25/29/24 26/30/25 22/25/21
f 26/30/25 27/36/26 23/31/22
f 27/32/26 28/38/30 24/33/27
f 29/34/28 30/43/35 26/30/25
f 26/30/25 30/43/35 31/35/29
f 31/37/29 32/46/38 28/38/30
f 34/39/31 35/48/40 36/40/32
f 37/42/34 38/44/36 30/43/35
f 38/44/36 39/51/37 31/35/29
f 39/45/37 40/53/44 32/46/38
f 34/39/31 41/54/45 42/47/39
f 43/49/41 44/50/42 38/44/36
f 44/50/42 45/58/43 39/51/37
f 45/52/43 46/60/49 40/53/44
f 41/54/45 47/62/51 48/55/46
f 49/56/47 50/64/53 44/50/42
f 44/50/42 50/64/53 51/57/48
f 51/59/48 52/67/55 46/60/49
f 53/61/50 54/69/57 48/55/46
f 55/63/52 56/71/59 50/64/53
f 50/64/53 56/71/59 57/65/54
f 57/66/54 58/74/61 52/67/55
f 59/68/56 60/76/63 54/69/57
f 61/70/58 62/78/65 56/71/59
f 56/71/59 62/78/65 63/72/60
f 63/73/60 64/81/67 58/74/61
f 65/75/62 66/83/69 60/76/63
f 67/77/64 68/85/71 62/78/65
f 62/78/65 68/85/71 69/79/66
f 69/80/66 70/88/73 64/81/67
f 71/82/68 72/90/75 66/83/69
f 73/84/70 74/92/77 68/85/71
f 68/85/71 74/92/77 75/86/72
f 75/87/72 76/95/80 70/88/73
f 77/89/74 78/97/82 72/90/75
f 79/91/76 80/93/78 74/92/77
f 80/93/78 81/100/79 75/86/72
f 81/94/79 82/102/86 76/95/80
f 77/89/74 83/104/88 84/96/81
f 85/98/83 86/401/609 80/93/78
f 80/93/78 86/401/609 87/99/84
f 81/94/79 87/402/84 88/101/85
f 89/103/87 90/146/230 84/96/81
s 0
f 2/1/610 1/3/611 91/105/92
f 8/7/612 7/13/91 93/107/613
f 12/18/614 95/110/100 93/107/615
f 12/18/616 16/23/617 96/109/618
f 16/23/619 20/28/620 97/111/621
f 20/28/622 24/33/623 98/112/624
f 24/33/625 28/38/626 99/113/627
f 32/46/628 100/115/629 99/113/630
f 32/46/631 40/53/632 101/114/633
f 40/53/634 46/60/635 102/116/636
f 52/67/637 103/117/158 102/116/638
f 58/74/639 104/118/640 103/117/641
f 64/81/642 105/119/643 104/118/644
f 70/88/645 106/120/222 105/119/646
f 76/95/647 107/122/146 106/120/648
f 76/95/649 82/102/650 108/121/651
f 88/101/652 109/145/83 108/121/653
f 79/91/654 110/125/655 111/123/656
f 79/91/657 73/84/225 112/124/658
f 67/77/659 113/126/660 112/124/661
f 61/70/662 114/127/130 113/126/663
f 55/63/664 115/128/665 114/127/666
f 49/56/667 116/129/668 115/128/669
f 43/49/670 117/131/121 116/129/671
f 43/49/672 37/42/673 118/130/674
f 37/42/675 29/34/115 119/132/676
f 25/29/677 120/134/112 119/132/678
f 25/29/679 21/24/109 121/133/680
f 21/24/681 17/19/682 122/135/683
f 17/19/684 13/14/685 123/136/686
f 13/14/687 9/9/688 124/137/689
f 2/1/690 92/106/97 124/137/691
f 91/105/692 125/403/693 126/138/694
f 93/107/695 127/140/696 128/139/184
f 95/110/697 129/141/698 127/140/696
f 96/109/699 130/142/700 129/141/701
f 97/111/702 131/143/703 130/142/700
f 98/112/704 132/144/705 131/143/706
f 99/113/707 33/41/708 132/144/705
f 100/115/709 34/39/710 33/41/711
f 101/114/712 41/54/713 34/39/714
f 102/116/715 47/62/716 41/54/717
f 103/117/718 53/61/719 47/62/720
f 104/118/721 59/68/56 53/61/722
f 105/119/723 65/75/724 59/68/725
f 106/120/726 71/82/68 65/75/727
f 107/122/728 77/89/729 71/82/730
f 108/121/731 83/104/88 77/89/732
f 109/145/733 89/103/87 83/104/734
f 111/123/568 110/125/233 84/96/735
f 112/124/736 78/97/82 84/96/737
f 113/126/738 72/90/739 78/97/740
f 114/127/741 66/83/742 72/90/743
f 115/128/744 60/76/63 66/83/745
f 116/129/746 54/69/747 60/76/748
f 117/131/749 48/55/750 54/69/751
f 118/130/752 42/47/753 48/55/754
f 119/132/755 35/48/756 42/47/757
f 120/134/758 36/40/759 35/48/760
f 121/133/761 133/147/762 36/40/763
f 122/135/764 134/148/765 133/147/766
f 123/136/767 135/149/768 134/148/769
f 124/137/770 136/150/771 135/149/772
f 92/106/773 126/138/182 136/150/774
f 86/151/775 137/162/776 138/152/777
f 88/154/778 87/404/272 138/155/779
f 89/157/780 140/161/593 141/158/275
f 109/160/781 142/165/282 140/161/782
f 137/162/783 86/151/784 85/163/785
f 109/160/786 88/154/787 139/156/788
f 85/163/786 111/167/787 144/166/788
f 111/167/789 90/159/790 141/158/791
s 1
f 146/168/185 147/172/290 148/169/287
f 149/171/289 150/405/292 147/172/290
f 151/173/291 152/179/296 150/174/292
f 147/172/290 153/178/295 154/176/293
f 147/172/290 150/405/292 155/177/294
f 152/179/296 156/183/299 155/180/294
f 153/178/295 157/182/298 158/181/297
f 155/177/294 159/186/300 157/182/298
f 156/183/299 160/188/303 159/184/300
f 157/182/298 161/187/302 162/185/301
f 159/186/300 163/191/304 161/187/302
f 160/188/303 164/193/306 163/189/304
f 161/187/302 165/192/109 166/190/305
f 163/191/304 167/196/307 165/192/109
f 164/193/306 168/198/310 167/194/307
f 165/192/109 169/197/309 170/195/308
f 167/196/307 171/406/311 169/197/309
f 168/198/310 172/203/315 171/199/311
f 169/197/309 173/202/314 174/200/312
f 169/197/309 171/406/311 175/201/313
f 172/203/315 176/210/321 175/204/313
f 178/205/316 179/309/792 180/206/317
f 173/202/314 181/209/320 182/208/319
f 175/201/313 183/215/322 181/209/320
f 176/210/321 184/217/327 183/211/322
f 180/206/317 179/309/792 185/212/323
f 181/209/320 187/216/326 188/214/325
f 183/215/322 189/407/328 187/216/326
f 184/217/327 190/224/334 189/218/328
f 186/213/324 185/212/323 191/219/329
f 187/216/326 193/223/333 194/221/331
f 187/216/326 189/407/328 195/222/332
f 190/224/334 196/230/338 195/225/332
f 191/219/329 197/232/339 198/226/335
f 193/223/333 199/229/216 200/227/336
f 193/223/333 195/222/332 201/228/337
f 196/230/338 202/237/344 201/231/337
f 197/232/339 203/239/345 204/233/340
f 199/229/216 205/236/343 206/234/341
f 199/229/216 201/228/337 207/235/342
f 202/237/344 208/244/350 207/238/342
f 203/239/345 209/246/351 210/240/346
f 205/236/343 211/243/349 212/241/347
f 205/236/343 207/235/342 213/242/348
f 208/244/350 214/251/354 213/245/348
f 209/246/351 215/253/355 216/247/352
f 211/243/349 217/250/146 218/248/353
f 211/243/349 213/242/348 219/249/80
f 214/251/354 220/257/72 219/252/80
f 215/253/355 221/307/793 222/254/356
f 217/250/146 223/256/227 224/255/357
f 219/249/80 225/408/358 223/256/227
f 220/257/72 226/280/411 225/258/358
f 222/254/356 221/307/793 227/259/359
f 223/256/227 229/263/363 230/261/361
f 223/256/227 225/408/358 231/262/362
f 225/258/358 226/280/411 232/264/364
f 227/259/359 233/409/794 234/266/365
s 0
f 148/169/369 235/294/370 236/267/368
f 151/173/367 237/296/795 238/268/366
f 238/268/796 239/298/12 156/183/797
f 156/183/798 239/298/799 240/269/800
f 160/188/801 240/269/470 241/270/802
f 164/193/803 241/270/450 242/271/804
f 168/198/805 242/271/806 243/272/807
f 243/272/808 244/303/809 176/210/810
f 176/210/811 244/303/812 245/273/813
f 184/217/814 245/273/815 246/274/816
f 246/274/817 247/275/331 196/230/818
f 247/275/819 248/276/820 202/237/821
f 248/276/822 249/277/823 208/244/824
f 249/277/825 250/278/826 214/251/827
f 250/278/828 251/304/829 220/257/830
f 220/257/831 251/304/353 252/279/832
f 252/279/833 253/305/834 232/264/835
f 254/281/836 255/306/837 224/255/838
f 224/255/839 255/306/840 256/282/841
f 256/282/842 257/283/843 212/241/844
f 257/283/845 258/284/846 206/234/847
f 258/284/848 259/285/849 200/227/850
f 259/285/851 260/286/852 194/221/853
f 260/286/854 261/308/855 188/214/856
f 188/214/857 261/308/858 262/287/859
f 182/208/860 262/287/861 263/288/862
f 263/288/863 264/310/864 170/195/865
f 170/195/866 264/310/533 265/289/867
f 166/190/868 265/289/381 266/290/869
f 162/185/870 266/290/871 267/291/872
f 158/181/873 267/291/874 268/292/875
f 268/292/876 235/294/460 148/169/877
f 269/293/878 270/410/693 236/267/879
f 271/295/184 272/297/696 238/268/880
f 272/297/696 273/299/698 239/298/881
f 273/299/882 274/300/700 240/269/883
f 274/300/700 275/301/603 241/270/884
f 275/301/885 276/302/886 242/271/887
f 276/302/601 177/207/888 243/272/889
f 177/207/890 180/206/317 244/303/891
f 180/206/892 186/213/324 245/273/893
f 186/213/894 192/220/895 246/274/896
f 192/220/897 198/226/898 247/275/899
f 198/226/900 204/233/901 248/276/902
f 204/233/903 210/240/904 249/277/905
f 210/240/906 216/247/907 250/278/908
f 216/247/909 222/254/910 251/304/911
f 222/254/912 228/260/360 252/279/913
f 228/260/914 234/266/365 253/305/915
f 254/281/916 233/409/917 227/259/918
f 227/259/919 221/307/920 256/282/921
f 221/307/922 215/253/355 257/283/923
f 215/253/924 209/246/925 258/284/926
f 209/246/927 203/239/928 259/285/929
f 203/239/930 197/232/931 260/286/932
f 197/232/933 191/219/934 261/308/935
f 191/219/936 185/212/323 262/287/937
f 185/212/938 179/309/939 263/288/940
f 179/309/941 178/205/942 264/310/943
f 178/205/944 277/311/597 265/289/945
f 277/311/946 278/312/947 266/290/948
f 278/312/949 279/313/768 267/291/950
f 279/313/951 280/314/594 268/292/952
f 280/314/953 269/293/182 235/294/954
f 138/315/955 137/326/586 229/316/956
f 232/318/957 139/328/958 138/319/959
f 141/321/275 140/324/593 234/322/960
f 140/324/961 142/329/962 253/325/963
f 137/326/964 143/331/782 230/327/965
f 139/328/289 232/318/966 253/325/967
f 144/330/289 254/332/966 230/327/967
f 141/321/968 233/323/969 254/332/970
f 282/333/795 283/411/572 284/334/971
f 281/336/972 284/412/584 285/337/973
f 282/339/974 287/413/975 288/340/976
s 1
f 287/342/573 286/414/579 285/343/574
s 0
f 288/345/781 289/415/977 290/346/978
f 292/348/979 290/416/587 293/349/980
f 291/351/981 294/417/982 295/352/983
f 292/354/984 295/418/985 285/355/986
f 289/357/501 296/419/987 293/358/988
s 1
f 295/360/588 294/420/566 296/361/589
f 283/363/572 290/421/363 292/364/591
f 285/366/574 295/422/588 289/367/590
f 128/369/593 271/423/593 270/370/586
f 127/372/182 272/376/182 271/373/593
f 129/375/594 273/378/594 272/376/182
f 130/377/595 274/380/595 273/378/594
f 131/379/596 275/382/596 274/380/595
f 132/381/597 276/384/597 275/382/596
f 33/383/598 177/424/989 276/384/597
f 36/385/599 178/425/602 177/386/600
f 133/388/601 277/392/601 178/389/602
f 134/391/603 278/394/605 277/392/601
f 297/393/604 279/396/604 278/394/605
f 136/395/606 280/398/608 279/396/604
f 126/397/607 269/400/607 280/398/608
f 125/399/586 270/426/586 269/400/607
o Gates_closed001.001
v -30.478020 -0.040340 15.184250
v -30.478704 4.104403 15.230389
v -30.386909 4.104416 15.230543
v -30.386223 -0.040327 15.184404
v -30.387056 4.105338 15.318457
v -30.386372 -0.041305 15.272297
v -30.478851 4.105325 15.318301
v -30.478167 -0.041319 15.272142
v -30.478710 4.172533 15.228140
v -30.386915 4.172545 15.228294
v -30.387066 4.177269 15.316053
v -30.478859 4.177256 15.315898
v -30.478712 4.239793 15.223089
v -30.386917 4.239806 15.223246
v -30.387066 4.249934 15.310666
v -30.478863 4.249921 15.310512
v -30.478701 4.305410 15.212717
v -30.386906 4.305424 15.212873
v -30.387056 4.324266 15.298891
v -30.478851 4.324253 15.298734
v -30.478682 4.369620 15.194534
v -30.386887 4.369633 15.194690
v -30.387032 4.399810 15.277527
v -30.478827 4.399797 15.277371
v -30.478642 4.433344 15.165839
v -30.386847 4.433357 15.165994
v -30.386986 4.475895 15.243278
v -30.478781 4.475883 15.243120
v -30.478579 4.497317 15.123654
v -30.386784 4.497330 15.123811
v -30.386911 4.551460 15.193409
v -30.478706 4.551447 15.193254
v -30.464930 4.463634 15.220905
v -30.464863 4.535768 15.173204
v -30.464808 4.512897 15.143750
v -30.464876 4.445596 15.188102
v -30.478493 4.561771 15.064967
v -30.386698 4.561784 15.065123
v -30.386805 4.626320 15.125248
v -30.478600 4.626307 15.125092
v -30.464760 4.607702 15.107702
v -30.464714 4.580380 15.082295
v -30.478397 4.608841 15.005186
v -30.386602 4.608855 15.005341
v -30.386692 4.682723 15.053665
v -30.478487 4.682710 15.053511
v -30.464657 4.661466 15.039595
v -30.464613 4.630189 15.019148
v -30.478289 4.643769 14.939875
v -30.386494 4.643783 14.940027
v -30.386568 4.724492 14.975627
v -30.478363 4.724479 14.975472
v -30.464535 4.701194 14.965234
v -30.464502 4.667062 14.950151
v -30.478174 4.668861 14.868844
v -30.386379 4.668874 14.868999
v -30.386433 4.753611 14.893341
v -30.478228 4.753598 14.893187
v -30.464405 4.729175 14.886240
v -30.464382 4.693289 14.875845
v -30.478046 4.686012 14.792530
v -30.386253 4.686025 14.792685
v -30.386292 4.772657 14.808252
v -30.478086 4.772644 14.808098
v -30.464268 4.747692 14.803638
v -30.464251 4.710968 14.797035
v -30.477913 4.697011 14.711951
v -30.386118 4.697024 14.712108
v -30.386147 4.784426 14.721578
v -30.477942 4.784412 14.721422
v -30.464125 4.759244 14.718663
v -30.464111 4.722185 14.714650
v -30.477772 4.703743 14.628122
v -30.385977 4.703756 14.628277
v -30.386000 4.791495 14.634151
v -30.477795 4.791482 14.633996
v -30.463982 4.766203 14.632243
v -30.463970 4.729027 14.629821
v -30.477631 4.708292 14.542969
v -30.385836 4.708305 14.543123
v -30.385851 4.796277 14.545896
v -30.477646 4.796264 14.545741
v -30.463831 4.770875 14.544984
v -30.463827 4.733685 14.543769
v -30.472143 4.744405 11.298972
v -30.380220 4.745270 11.222624
v -30.380234 4.833261 11.223604
v -30.472158 4.832397 11.299951
v -30.458332 4.807096 11.291285
v -30.458326 4.769897 11.290870
v -30.478062 -0.040622 15.209546
v -30.478746 4.104622 15.255690
v -30.478811 4.105107 15.292999
v -30.478125 -0.041037 15.246843
v -30.478815 4.175836 15.290583
v -30.478817 4.247001 15.285276
v -30.478809 4.318829 15.273975
v -30.478785 4.391163 15.253477
v -30.478739 4.463632 15.220881
v -30.478670 4.535766 15.173181
v -30.478569 4.607701 15.107678
v -30.478464 4.661464 15.039571
v -30.478340 4.701192 14.965210
v -30.478212 4.729173 14.886216
v -30.478075 4.747691 14.803616
v -30.477934 4.759242 14.718642
v -30.477789 4.766201 14.632217
v -30.477638 4.770873 14.544962
v -30.472155 4.807001 11.299668
v -30.477634 4.733683 14.543746
v -30.472147 4.769802 11.299253
v -30.477777 4.729025 14.629797
v -30.477921 4.722183 14.714626
v -30.478060 4.710966 14.797011
v -30.478189 4.693287 14.875822
v -30.478312 4.667060 14.950127
v -30.478422 4.630188 15.019124
v -30.478521 4.580379 15.082272
v -30.478617 4.512895 15.143726
v -30.478683 4.445594 15.188078
v -30.478724 4.378354 15.218436
v -30.478746 4.310835 15.237484
v -30.478754 4.242710 15.248225
v -30.478752 4.173850 15.253464
v -30.464252 -0.040620 15.209570
v -30.464939 4.104624 15.255715
v -30.465002 4.105109 15.293021
v -30.464317 -0.041035 15.246867
v -30.465008 4.175838 15.290605
v -30.465008 4.247004 15.285298
v -30.465002 4.318830 15.273998
v -30.464977 4.391165 15.253502
v -30.464916 4.378356 15.218460
v -30.464939 4.310837 15.237507
v -30.464947 4.242712 15.248249
v -30.464945 4.173851 15.253487
v -34.020916 4.744738 11.216464
v -34.020931 4.832730 11.217443
v -34.021061 4.831878 11.293945
v -34.021038 4.806575 11.285256
v -34.021030 4.769376 11.284842
v -34.021053 4.806481 11.293663
v -34.021046 4.743886 11.292967
v -34.021046 4.769283 11.293249
v -37.575912 -0.041377 15.172237
v -37.667614 -0.041390 15.172082
v -37.668293 4.103354 15.218221
v -37.576595 4.103367 15.218375
v -37.667759 -0.042369 15.259974
v -37.668442 4.104274 15.306134
v -37.576061 -0.042356 15.260129
v -37.576744 4.104288 15.306289
v -37.668304 4.171483 15.215973
v -37.576607 4.171496 15.216127
v -37.668449 4.176205 15.303731
v -37.576756 4.176219 15.303887
v -37.668304 4.238743 15.210923
v -37.576603 4.238756 15.211078
v -37.668453 4.248871 15.298344
v -37.576756 4.248885 15.298500
v -37.668293 4.304360 15.200552
v -37.576599 4.304374 15.200706
v -37.668442 4.323202 15.286568
v -37.576744 4.323215 15.286723
v -37.668274 4.368570 15.182367
v -37.576576 4.368583 15.182522
v -37.668415 4.398747 15.265204
v -37.576721 4.398760 15.265361
v -37.668232 4.432293 15.153671
v -37.576534 4.432307 15.153826
v -37.668365 4.474832 15.230955
v -37.576672 4.474845 15.231110
v -37.668175 4.496267 15.111488
v -37.576477 4.496280 15.111643
v -37.668297 4.550396 15.181087
v -37.576599 4.550410 15.181244
v -37.590332 4.462593 15.208846
v -37.590271 4.444554 15.176043
v -37.590202 4.511855 15.131693
v -37.590256 4.534727 15.161145
v -37.668083 4.560720 15.052799
v -37.576385 4.560734 15.052955
v -37.668194 4.625257 15.112926
v -37.576492 4.625270 15.113080
v -37.590115 4.579339 15.070238
v -37.590157 4.606661 15.095645
v -37.667988 4.607791 14.993018
v -37.576290 4.607804 14.993173
v -37.668079 4.681660 15.041345
v -37.576382 4.681673 15.041499
v -37.590012 4.629148 15.007090
v -37.590054 4.660425 15.027536
v -37.667885 4.642719 14.927707
v -37.576187 4.642732 14.927863
v -37.667953 4.723428 14.963305
v -37.576252 4.723442 14.963461
v -37.589905 4.666021 14.938093
v -37.589931 4.700152 14.953175
v -37.667767 4.667811 14.856676
v -37.576065 4.667824 14.856831
v -37.667820 4.752548 14.881020
v -37.576118 4.752562 14.881174
v -37.589779 4.692248 14.863787
v -37.589806 4.728133 14.874181
v -37.667641 4.684962 14.780362
v -37.575939 4.684975 14.780517
v -37.667675 4.771594 14.795932
v -37.575981 4.771607 14.796086
v -37.589649 4.709926 14.784976
v -37.589664 4.746651 14.791580
v -37.667503 4.695961 14.699785
v -37.575802 4.695974 14.699940
v -37.667534 4.783362 14.709257
v -37.575836 4.783376 14.709412
v -37.589512 4.721143 14.702593
v -37.589527 4.758203 14.706604
v -37.667362 4.702693 14.615954
v -37.575668 4.702706 14.616109
v -37.667381 4.790431 14.621829
v -37.575687 4.790445 14.621984
v -37.589367 4.727985 14.617764
v -37.589378 4.765162 14.620184
v -37.667217 4.707242 14.530802
v -37.575520 4.707255 14.530958
v -37.667236 4.795214 14.533575
v -37.575539 4.795228 14.533730
v -37.589222 4.732644 14.531711
v -37.589233 4.769834 14.532928
v -37.661606 4.744206 11.210301
v -37.570034 4.743368 11.286961
v -37.661621 4.832198 11.211283
v -37.570049 4.831360 11.287939
v -37.583725 4.768856 11.278812
v -37.583733 4.806055 11.279226
v -37.576641 4.103585 15.243681
v -37.575958 -0.041659 15.197535
v -37.576019 -0.042074 15.234833
v -37.576698 4.104070 15.280987
v -37.576710 4.174798 15.278570
v -37.576714 4.245964 15.273264
v -37.576702 4.317792 15.261964
v -37.576679 4.390126 15.241466
v -37.576633 4.462595 15.208871
v -37.576565 4.534729 15.161170
v -37.576462 4.606664 15.095667
v -37.576355 4.660427 15.027560
v -37.576237 4.700155 14.953197
v -37.576111 4.728136 14.874205
v -37.575970 4.746654 14.791604
v -37.575829 4.758205 14.706629
v -37.575684 4.765164 14.620207
v -37.575535 4.769836 14.532949
v -37.570045 4.805964 11.287658
v -37.570038 4.768765 11.287243
v -37.575527 4.732646 14.531734
v -37.575676 4.727987 14.617786
v -37.575817 4.721146 14.702616
v -37.575951 4.709928 14.785001
v -37.576084 4.692250 14.863811
v -37.576210 4.666023 14.938115
v -37.576313 4.629150 15.007113
v -37.576416 4.579342 15.070261
v -37.576508 4.511858 15.131716
v -37.576576 4.444557 15.176067
v -37.576618 4.377316 15.206425
v -37.576633 4.309798 15.225473
v -37.576649 4.241673 15.236215
v -37.576645 4.172813 15.241452
v -37.590336 4.103582 15.243656
v -37.589653 -0.041661 15.197513
v -37.589714 -0.042076 15.234809
v -37.590397 4.104067 15.280962
v -37.590401 4.174797 15.278547
v -37.590408 4.245962 15.273243
v -37.590397 4.317790 15.261940
v -37.590370 4.390123 15.241444
v -37.590309 4.377315 15.206401
v -37.590332 4.309795 15.225451
v -37.590343 4.241671 15.236191
v -37.590340 4.172810 15.241428
v -30.379471 4.837193 15.326615
v -30.379463 4.787594 15.326063
v -30.372526 4.833262 11.223618
v -30.372536 4.882862 11.224170
v -30.421408 4.882379 11.266884
v -30.428268 4.837186 15.326533
v -30.428261 4.787586 15.325983
v -30.421398 4.832779 11.266332
v -37.620693 4.831728 11.254148
v -37.669315 4.832197 11.211268
v -37.676258 4.836127 15.314269
v -37.669323 4.881796 11.211821
v -37.676250 4.786528 15.313717
v -37.627563 4.836134 15.314350
v -37.620701 4.881327 11.254702
v -37.627556 4.786535 15.313800
v -30.464947 4.242711 15.248346
vn -0.7059 0.0078 -0.7083
vn 0.7133 -0.0076 -0.7008
vn 0.7083 0.0080 -0.7059
vn 0.7059 -0.0078 0.7083
vn 0.7009 0.0080 0.7132
vn -0.7083 -0.0077 0.7059
vn -0.7111 -0.0075 -0.7030
vn 0.7130 -0.0378 -0.7001
vn 0.7014 0.0383 0.7118
vn -0.7033 0.0077 0.7109
vn -0.7156 -0.0804 -0.6939
vn -0.7106 -0.0380 -0.7025
vn 0.7175 -0.0801 -0.6919
vn 0.6967 0.0827 0.7126
vn -0.7036 0.0381 0.7096
vn -0.7203 -0.1486 -0.6775
vn 0.7219 -0.1487 -0.6758
vn 0.6928 0.1547 0.7043
vn -0.6991 0.0823 0.7103
vn 0.7252 -0.2361 -0.6468
vn -0.6921 0.2474 0.6781
vn -0.6951 0.1546 0.7021
vn -0.7250 -0.3314 -0.6038
vn -0.7229 -0.2363 -0.6493
vn 0.7266 -0.3317 -0.6017
vn 0.6897 0.2475 0.6805
vn 0.6884 0.3490 0.6359
vn -0.7241 -0.4229 -0.5449
vn 0.6890 0.4444 0.5725
vn -0.6909 0.3490 0.6331
vn -0.6890 -0.4444 -0.5725
vn -0.4676 0.4262 0.7744
vn -0.4286 -0.4352 -0.7918
vn 0.7270 -0.5032 -0.4672
vn 0.7260 -0.4226 -0.5425
vn 0.6881 0.5305 0.4951
vn -0.6915 0.4439 0.5699
vn -0.7268 0.5032 0.4674
vn -0.7260 0.4227 0.5424
vn -0.7254 -0.5032 -0.4697
vn 0.7284 -0.5738 -0.3744
vn 0.6871 0.6075 0.3986
vn -0.6903 0.5300 0.4925
vn -0.6882 -0.5303 -0.4950
vn -0.7283 0.5739 0.3745
vn -0.7243 -0.6304 -0.2792
vn -0.7268 -0.5740 -0.3771
vn 0.6899 0.6618 0.2933
vn -0.6914 0.6614 0.2907
vn -0.6886 0.6071 0.3966
vn -0.6898 -0.6620 -0.2930
vn -0.6870 -0.6076 -0.3987
vn 0.7211 -0.6661 -0.1906
vn 0.7251 -0.6305 -0.2769
vn 0.6934 0.6921 0.2003
vn -0.6936 -0.6919 -0.2004
vn -0.7252 0.6303 0.2769
vn -0.7205 -0.6661 -0.1929
vn 0.7172 -0.6861 -0.1225
vn 0.6973 0.7053 0.1281
vn -0.6945 0.6916 0.1981
vn -0.6973 -0.7052 -0.1281
vn -0.7212 0.6660 0.1906
vn -0.7166 -0.6862 -0.1248
vn 0.7136 -0.6966 -0.0743
vn 0.7008 0.7091 0.0779
vn -0.7013 0.7088 0.0756
vn -0.6979 0.7050 0.1260
vn -0.7007 -0.7092 -0.0779
vn -0.7172 0.6861 0.1223
vn -0.7099 -0.7026 -0.0483
vn -0.7131 -0.6969 -0.0766
vn 0.7039 0.7086 0.0487
vn -0.7039 -0.7086 -0.0486
vn -0.7136 0.6966 0.0742
vn 0.7120 -0.7018 -0.0214
vn 0.7103 -0.7024 -0.0458
vn 0.7022 0.7116 0.0244
vn -0.7043 0.7084 0.0463
vn -0.7121 0.7018 0.0215
vn -0.7103 0.7024 0.0459
vn -0.3019 -0.9079 0.2909
vn -0.7118 -0.7020 -0.0239
vn 0.6007 0.5851 -0.5448
vn -0.3022 0.9011 0.3110
vn -0.7025 0.7114 0.0218
vn -0.5782 -0.5839 0.5699
vn -0.7022 -0.7115 -0.0242
vn -0.7110 -0.0107 -0.7031
vn -0.7072 0.7070 0.0067
vn -0.7034 0.0076 0.7108
vn -0.7083 -0.0051 0.7059
vn -0.7120 -0.7021 -0.0090
vn -0.7059 0.0080 -0.7082
vn -0.7036 0.3156 0.6366
vn -0.7110 0.1517 -0.6867
vn -0.7034 0.0077 0.7108
vn -0.7037 0.1960 0.6829
vn -0.7154 0.2067 -0.6675
vn -0.7106 -0.0380 -0.7026
vn -0.6991 0.2348 0.6753
vn -0.7196 0.1414 -0.6798
vn -0.7153 -0.0804 -0.6941
vn -0.6951 0.2978 0.6543
vn -0.7229 0.0531 -0.6889
vn -0.7197 -0.1487 -0.6782
vn -0.6920 0.3763 0.6161
vn -0.7243 -0.0473 -0.6878
vn -0.7230 -0.2362 -0.6492
vn -0.6909 0.6374 0.3412
vn -0.7242 -0.2127 -0.6560
vn -0.6908 0.3488 0.6333
vn -0.6909 0.5318 0.4898
vn -0.7249 -0.2494 -0.6421
vn -0.7241 -0.4229 -0.5448
vn -0.6896 0.6110 0.3887
vn -0.7268 -0.3577 -0.5864
vn -0.7255 -0.5029 -0.4698
vn -0.6905 0.7233 -0.0014
vn -0.7268 -0.4906 -0.4808
vn -0.6884 0.6074 0.3964
vn -0.6942 0.7130 -0.0988
vn -0.7235 -0.5650 -0.3966
vn -0.6913 0.6615 0.2908
vn -0.6969 0.6958 -0.1736
vn -0.7205 -0.6163 -0.3178
vn -0.6939 0.6923 0.1980
vn -0.7008 0.6773 -0.2237
vn -0.7162 -0.6503 -0.2534
vn -0.6981 0.7049 0.1258
vn -0.7037 0.6641 -0.2524
vn -0.7129 -0.6700 -0.2070
vn -0.7011 0.7090 0.0756
vn -0.7041 0.7048 -0.0865
vn -0.7113 -0.6274 -0.3169
vn -0.7099 -0.7026 -0.0484
vn -0.3031 -0.0181 0.9528
vn -0.7118 -0.7018 -0.0276
vn -0.7110 0.0132 -0.7030
vn -0.3017 0.8994 0.3163
vn -0.3024 -0.9077 0.2909
vn -0.7120 -0.6934 0.1110
vn -0.7048 0.6256 0.3347
vn -0.7025 0.7113 0.0218
vn -0.7136 -0.6649 0.2207
vn -0.7045 0.6861 0.1816
vn -0.7100 -0.7026 -0.0482
vn -0.7172 -0.6751 0.1727
vn -0.7013 0.6801 0.2137
vn -0.7132 -0.6968 -0.0765
vn -0.7210 -0.6856 0.1009
vn -0.6980 0.6646 0.2664
vn -0.7167 -0.6862 -0.1247
vn -0.7244 -0.6893 0.0075
vn -0.6946 0.6351 0.3379
vn -0.7204 -0.6661 -0.1931
vn -0.7275 -0.6781 -0.1047
vn -0.6911 0.5859 0.4233
vn -0.7241 -0.6306 -0.2794
vn -0.7271 -0.6405 -0.2472
vn -0.6903 0.2925 0.6618
vn -0.6885 0.6074 0.3963
vn -0.7253 -0.5820 -0.3676
vn -0.6911 0.1739 0.7015
vn -0.6901 0.5302 0.4926
vn -0.7246 -0.5537 -0.4103
vn -0.6913 0.3188 0.6484
vn -0.7240 -0.4231 -0.5449
vn -0.7246 -0.4609 -0.5124
vn -0.6922 -0.0353 0.7208
vn -0.6908 0.3490 0.6333
vn -0.7230 -0.3838 -0.5745
vn -0.6952 -0.1277 0.7073
vn -0.6921 0.2475 0.6780
vn -0.7196 -0.3068 -0.6229
vn -0.6992 -0.1989 0.6867
vn -0.6953 0.1544 0.7019
vn -0.7153 -0.2430 -0.6552
vn -0.7036 -0.2420 0.6681
vn -0.6993 0.0825 0.7100
vn -0.7111 -0.2870 -0.6418
vn -0.7036 -0.1277 0.6990
vn -0.7106 -0.0379 -0.7026
vn 0.0012 0.6992 0.7149
vn -0.0015 0.0110 0.9999
vn -0.7032 0.0077 0.7109
vn 0.0039 -0.7044 -0.7098
vn 0.0020 0.0111 -0.9999
vn -0.7056 0.0078 -0.7085
vn -0.6446 0.2753 -0.7132
vn -0.0026 -0.0114 -0.9999
vn -0.7108 -0.0079 -0.7033
vn -0.7030 0.0528 -0.7093
vn 0.0016 -0.1154 -0.9933
vn 0.0016 -0.0538 -0.9986
vn -0.6678 0.1611 -0.7267
vn -0.0061 -0.1161 -0.9932
vn -0.7155 -0.0805 -0.6939
vn -0.7089 -0.0640 -0.7024
vn 0.0018 -0.3426 -0.9395
vn 0.0018 -0.2148 -0.9767
vn -0.6777 -0.0430 -0.7341
vn -0.0107 -0.3435 -0.9391
vn -0.7228 -0.2364 -0.6493
vn -0.7139 -0.2669 -0.6474
vn -0.1029 -0.9690 -0.2247
vn -0.4282 -0.4352 -0.7920
vn -0.6764 -0.2641 -0.6875
vn -0.6895 -0.4482 -0.5690
vn -0.7242 -0.4228 -0.5447
vn -0.7149 -0.4552 -0.5307
vn -0.1022 -0.9909 0.0880
vn -0.6883 -0.5305 -0.4948
vn -0.7155 -0.5363 -0.4478
vn -0.1067 -0.9587 0.2636
vn -0.6870 -0.6075 -0.3987
vn -0.6656 -0.5598 -0.4936
vn -0.6903 -0.6638 -0.2878
vn -0.7239 -0.6308 -0.2794
vn -0.6554 -0.6164 -0.4366
vn -0.6938 -0.6930 -0.1960
vn -0.7202 -0.6663 -0.1931
vn -0.6462 -0.6537 -0.3938
vn -0.6974 -0.7056 -0.1250
vn -0.7069 -0.6908 -0.1518
vn -0.1108 -0.7636 0.6361
vn -0.6422 -0.6848 -0.3443
vn -0.7040 -0.7091 -0.0392
vn 0.0012 -0.9092 0.4163
vn -0.7022 -0.7115 -0.0241
vn -0.3011 0.9011 0.3121
vn 0.0011 0.7100 -0.7042
vn -0.5783 0.5709 0.5828
vn -0.6229 0.6911 0.3667
vn -0.7120 0.7018 0.0210
vn -0.7025 0.7114 0.0219
vn -0.7014 0.7024 0.1211
vn -0.1377 0.7546 -0.6416
vn -0.7103 0.7017 0.0554
vn -0.6994 0.6987 0.1509
vn -0.1545 0.7847 -0.6004
vn -0.7135 0.6967 0.0741
vn -0.6972 0.6880 0.2015
vn -0.1735 0.8285 -0.5325
vn -0.7172 0.6860 0.1222
vn -0.5846 0.5560 0.5908
vn -0.7211 0.6665 0.1892
vn -0.6944 0.6918 0.1981
vn -0.5768 0.4572 0.6770
vn -0.7250 0.6313 0.2753
vn -0.6911 0.6617 0.2908
vn -0.5804 0.3325 0.7434
vn -0.7279 0.5752 0.3731
vn -0.6884 0.6073 0.3966
vn -0.6926 0.4807 0.5377
vn -0.1767 0.9837 0.0326
vn -0.7269 0.5034 0.4672
vn -0.5818 0.0829 0.8091
vn -0.7258 0.4244 0.5415
vn -0.6908 0.4444 0.5704
vn -0.6927 0.2733 0.6674
vn -0.0612 0.3694 0.9272
vn -0.4678 0.4264 0.7742
vn -0.5986 -0.1472 0.7874
vn 0.0034 0.3424 0.9395
vn -0.6921 0.2475 0.6781
vn -0.6951 0.0658 0.7159
vn -0.0341 0.1311 0.9908
vn -0.0018 0.2146 0.9767
vn -0.6222 -0.2737 0.7335
vn 0.0011 0.1154 0.9933
vn -0.6991 0.0827 0.7103
vn -0.6998 -0.0531 0.7124
vn -0.0185 0.0193 0.9996
vn -0.0017 0.0538 0.9986
vn 0.8174 0.0165 -0.5758
vn 0.0129 -0.6991 -0.7149
vn 0.0011 0.7149 -0.6992
vn -0.1223 0.8999 0.4186
vn 0.0115 0.7149 -0.6991
vn -0.0013 0.6992 0.7149
vn -0.5752 -0.5869 0.5698
vn -0.5784 0.5709 0.5827
vn -0.3024 -0.9079 0.2902
vn 0.7072 -0.7070 -0.0068
vn -0.5782 -0.5840 0.5698
vn 0.0115 -0.6992 -0.7148
vn -0.1220 -0.9090 0.3984
vn -0.0008 -0.7149 0.6992
vn 0.0023 -0.7149 0.6992
vn -0.9540 -0.0035 0.2999
vn -0.0011 0.6992 0.7150
vn -0.9539 0.0033 0.3000
vn 0.0023 0.6992 0.7150
vn -0.0011 -0.7149 0.6992
vn -0.4265 0.9044 0.0082
vn -0.0012 0.6993 0.7149
vn -0.0012 0.6993 0.7148
vn 0.7127 -0.0076 -0.7014
vn 0.7083 0.0082 -0.7059
vn -0.7083 -0.0080 0.7059
vn -0.7109 -0.0078 -0.7032
vn 0.7016 0.0079 0.7125
vn -0.7033 0.0078 0.7108
vn 0.7132 -0.0380 -0.6999
vn -0.7038 0.0381 0.7094
vn -0.7107 -0.0380 -0.7025
vn 0.7012 0.0384 0.7119
vn -0.7154 -0.0803 -0.6941
vn 0.7177 -0.0804 -0.6917
vn 0.6966 0.0830 0.7127
vn -0.6991 0.0824 0.7103
vn 0.7227 -0.1486 -0.6750
vn -0.7196 -0.1489 -0.6782
vn -0.6952 0.1545 0.7020
vn 0.7256 -0.2360 -0.6464
vn 0.6926 0.1547 0.7045
vn -0.6921 0.2473 0.6781
vn -0.7245 -0.3319 -0.6042
vn 0.7268 -0.3316 -0.6015
vn 0.6898 0.2476 0.6804
vn -0.6906 0.3491 0.6333
vn -0.7243 -0.4228 -0.5447
vn 0.7260 -0.4227 -0.5424
vn -0.6911 0.4442 0.5702
vn 0.6892 0.4445 0.5722
vn 0.4649 0.4267 0.7758
vn 0.6910 -0.4442 -0.5702
vn 0.4313 -0.4350 -0.7904
vn 0.7269 -0.5033 -0.4672
vn -0.7251 -0.5037 -0.4696
vn 0.6887 0.5301 0.4947
vn -0.6900 0.5303 0.4927
vn 0.7252 0.5034 0.4698
vn 0.6900 -0.5302 -0.4927
vn -0.7267 -0.5744 -0.3767
vn 0.7286 -0.5736 -0.3744
vn 0.6874 0.6072 0.3985
vn -0.6886 0.6073 0.3962
vn 0.7269 0.5741 0.3769
vn 0.6886 -0.6073 -0.3963
vn -0.7240 -0.6307 -0.2793
vn 0.7253 -0.6303 -0.2768
vn -0.6911 0.6616 0.2910
vn 0.6912 -0.6616 -0.2907
vn -0.7203 -0.6663 -0.1930
vn -0.6943 0.6919 0.1979
vn 0.6901 0.6618 0.2930
vn 0.7240 0.6307 0.2793
vn 0.6946 -0.6916 -0.1980
vn 0.7173 -0.6860 -0.1220
vn -0.6979 0.7051 0.1259
vn -0.7166 -0.6863 -0.1249
vn 0.6937 0.6919 0.2003
vn 0.7201 0.6665 0.1931
vn 0.6980 -0.7049 -0.1258
vn -0.7130 -0.6970 -0.0764
vn 0.7135 -0.6967 -0.0739
vn -0.7013 0.7088 0.0755
vn 0.7009 0.7090 0.0778
vn 0.7165 0.6864 0.1247
vn 0.7012 -0.7089 -0.0755
vn 0.7103 -0.7024 -0.0459
vn -0.7099 -0.7026 -0.0482
vn 0.7131 0.6969 0.0766
vn 0.7043 -0.7084 -0.0463
vn 0.7120 -0.7018 -0.0212
vn -0.7117 -0.7020 -0.0238
vn 0.7023 0.7115 0.0241
vn -0.7025 0.7114 0.0220
vn 0.7118 0.7020 0.0239
vn 0.7026 -0.7113 -0.0218
vn 0.3011 -0.9078 0.2919
vn -0.5991 0.5849 -0.5468
vn -0.5764 -0.5709 -0.5847
vn 0.3008 0.9012 0.3121
vn 0.5765 -0.5836 0.5719
vn 0.7123 -0.7019 -0.0023
vn 0.7059 -0.0047 0.7083
vn 0.7083 0.0080 -0.7058
vn 0.7070 0.7072 0.0048
vn 0.7134 -0.0105 -0.7007
vn 0.7009 0.0078 0.7132
vn 0.7134 0.1517 -0.6842
vn 0.7014 0.3158 0.6390
vn 0.7014 -0.2466 0.6688
vn 0.7177 -0.2350 -0.6555
vn 0.6968 0.0828 0.7125
vn 0.6968 -0.2053 0.6872
vn 0.7219 -0.2952 -0.6259
vn 0.6927 0.1546 0.7044
vn 0.6928 -0.1365 0.7081
vn 0.7251 -0.3693 -0.5812
vn 0.6897 0.2477 0.6804
vn 0.6897 -0.0434 0.7228
vn 0.7264 -0.4475 -0.5217
vn 0.6885 0.3491 0.6357
vn 0.7265 -0.2122 -0.6535
vn 0.6895 0.6376 0.3435
vn 0.6885 0.3492 0.6356
vn 0.6887 0.1668 0.7056
vn 0.7267 -0.5752 -0.3755
vn 0.6883 0.5303 0.4951
vn 0.6880 0.2851 0.6673
vn 0.7279 -0.6346 -0.2599
vn 0.6873 0.6072 0.3986
vn 0.7287 -0.4903 -0.4782
vn 0.6901 0.7237 0.0009
vn 0.6868 0.6077 0.3988
vn 0.7250 -0.5648 -0.3943
vn 0.6944 0.7131 -0.0965
vn 0.6902 0.6617 0.2929
vn 0.7214 -0.6165 -0.3154
vn 0.6977 0.6957 -0.1710
vn 0.6935 0.6921 0.2004
vn 0.7173 -0.6501 -0.2509
vn 0.7014 0.6774 -0.2215
vn 0.6975 0.7051 0.1280
vn 0.7136 -0.6700 -0.2045
vn 0.7046 0.6641 -0.2500
vn 0.7009 0.7090 0.0779
vn 0.7033 0.6257 0.3375
vn 0.7120 -0.6935 0.1101
vn 0.7020 0.7117 0.0242
vn 0.7118 -0.7019 -0.0252
vn 0.3004 -0.0105 0.9538
vn 0.7025 0.7113 0.0242
vn 0.3005 0.8995 0.3173
vn 0.7132 0.0080 -0.7009
vn 0.3015 -0.9077 0.2919
vn 0.7128 -0.6277 -0.3129
vn 0.7038 0.7050 -0.0874
vn 0.7106 -0.7021 -0.0458
vn 0.7036 0.6864 0.1840
vn 0.7131 -0.6646 0.2231
vn 0.7104 -0.7023 -0.0458
vn 0.7006 0.6800 0.2161
vn 0.7166 -0.6752 0.1750
vn 0.7134 -0.6968 -0.0741
vn 0.6971 0.6647 0.2688
vn 0.7206 -0.6856 0.1033
vn 0.7172 -0.6861 -0.1222
vn 0.6933 0.6353 0.3402
vn 0.7246 -0.6891 0.0101
vn 0.7212 -0.6660 -0.1906
vn 0.6897 0.5859 0.4255
vn 0.7278 -0.6781 -0.1023
vn 0.7251 -0.6306 -0.2769
vn 0.7286 -0.3641 -0.5802
vn 0.6885 0.6201 0.3761
vn 0.7269 -0.5031 -0.4674
vn 0.7270 -0.2541 -0.6379
vn 0.6893 0.5400 0.4829
vn 0.7258 -0.4229 -0.5425
vn 0.6887 0.3194 0.6508
vn 0.7264 -0.5529 -0.4084
vn 0.7261 -0.4224 -0.5426
vn 0.7268 -0.0555 -0.6846
vn 0.6897 0.3915 0.6091
vn 0.7251 0.0463 -0.6871
vn 0.6928 0.3137 0.6493
vn 0.7219 0.1355 -0.6786
vn 0.6969 0.2475 0.6732
vn 0.7175 0.2032 -0.6662
vn 0.7013 0.2037 0.6831
vn 0.7130 -0.0375 -0.7001
vn 0.7014 -0.1275 0.7013
vn 0.7133 -0.2868 -0.6395
vn 0.7130 -0.0377 -0.7002
vn -0.0021 0.0110 0.9999
vn -0.0016 0.6992 0.7149
vn 0.7007 0.0079 0.7134
vn 0.0021 0.0111 -0.9999
vn 0.0016 -0.7045 -0.7097
vn 0.7086 0.0082 -0.7056
vn 0.0062 -0.0114 -0.9999
vn 0.6470 0.2758 -0.7108
vn 0.7135 -0.0076 -0.7007
vn 0.6471 -0.3508 -0.6769
vn 0.0094 -0.1146 -0.9934
vn 0.7177 -0.0803 -0.6917
vn 0.0089 -0.1161 -0.9932
vn 0.6697 0.1615 -0.7248
vn 0.7175 -0.0804 -0.6919
vn 0.6692 -0.4520 -0.5899
vn 0.0148 -0.3413 -0.9398
vn 0.7253 -0.2361 -0.6468
vn 0.6761 -0.5254 -0.5166
vn 0.4327 -0.4280 -0.7935
vn 0.7268 -0.3315 -0.6015
vn 0.4325 -0.4412 -0.7863
vn 0.6774 -0.1555 -0.7190
vn 0.6755 -0.6621 -0.3245
vn 0.6905 -0.5263 -0.4963
vn 0.6792 -0.7014 -0.2162
vn 0.6892 -0.6032 -0.4013
vn 0.6892 -0.6104 -0.3905
vn 0.6764 -0.4800 -0.5586
vn 0.7283 -0.5739 -0.3745
vn 0.6916 -0.6635 -0.2854
vn 0.6673 -0.5595 -0.4916
vn 0.6947 -0.6927 -0.1938
vn 0.6570 -0.6160 -0.4347
vn 0.7211 -0.6661 -0.1907
vn 0.6981 -0.7054 -0.1227
vn 0.6476 -0.6535 -0.3919
vn 0.7172 -0.6860 -0.1224
vn 0.6463 -0.7224 0.2456
vn 0.7044 -0.7076 -0.0559
vn 0.6378 -0.7196 0.2747
vn 0.7026 -0.7112 -0.0234
vn 0.7121 -0.7018 -0.0215
vn 0.7025 -0.7113 -0.0218
vn -0.0006 -0.9092 0.4163
vn -0.0027 0.8997 0.4364
vn 0.7117 0.7020 0.0240
vn 0.7022 0.7116 0.0242
vn 0.7118 0.7020 0.0234
vn 0.6213 0.6913 0.3690
vn 0.7022 0.7116 0.0243
vn 0.7099 0.7027 0.0480
vn 0.6125 0.6833 0.3974
vn 0.7039 0.7086 0.0486
vn 0.7130 0.6970 0.0758
vn 0.6030 0.6621 0.4450
vn 0.7007 0.7092 0.0778
vn 0.7165 0.6866 0.1237
vn 0.5925 0.6221 0.5118
vn 0.6972 0.7053 0.1282
vn 0.7202 0.6668 0.1917
vn 0.5824 0.5559 0.5931
vn 0.6935 0.6920 0.2004
vn 0.7239 0.6316 0.2777
vn 0.5740 0.4576 0.6791
vn 0.6899 0.6620 0.2930
vn 0.7267 0.5753 0.3754
vn 0.5778 0.3324 0.7455
vn 0.6871 0.6073 0.3989
vn 0.7251 0.5047 0.4686
vn 0.5780 0.2056 0.7897
vn 0.6883 0.5304 0.4949
vn 0.5806 0.7108 0.3970
vn 0.4644 0.4242 0.7774
vn 0.6883 0.3491 0.6359
vn 0.4644 0.4290 0.7747
vn 0.5845 -0.0404 0.8104
vn 0.6883 0.3492 0.6358
vn 0.5863 0.5501 0.5947
vn -0.0052 0.2149 0.9766
vn 0.6929 0.1548 0.7043
vn 0.5957 0.4642 0.6555
vn -0.0045 0.1155 0.9933
vn 0.6967 0.0828 0.7125
vn 0.6080 0.3950 0.6886
vn -0.0032 0.0538 0.9985
vn -0.0034 0.0537 0.9986
vn 0.6195 -0.3051 0.7233
vn 0.7010 0.0384 0.7121
vn -0.5694 0.5907 -0.5717
vn 0.3499 -0.6072 -0.7133
vn -0.5763 -0.5709 -0.5848
vn 0.3060 0.9012 0.3069
vn 0.3500 0.7140 -0.6064
vn -0.5765 0.5837 -0.5718
vn 0.5732 0.5741 0.5847
vn 0.5765 -0.5837 0.5718
vn -0.7071 -0.7071 -0.0073
vn 0.3017 -0.9077 0.2917
vn 0.5764 -0.5836 0.5720
vn 0.3500 -0.7002 -0.6223
vn 0.3063 -0.9077 0.2867
vn -0.0047 0.6992 0.7149
vn 0.9530 -0.0032 0.3031
vn -0.0013 -0.7149 0.6992
vn -0.7083 -0.0029 0.7059
vn 0.3056 0.8996 0.3121
vn 0.4261 0.9046 0.0108
vn -0.0013 0.6993 0.7148
vn 0.7073 -0.7068 -0.0124
vn 0.5760 -0.0090 0.8174
vn 0.7070 0.7072 0.0088
vn 0.7070 0.7073 0.0034
vn -0.0009 0.8997 0.4364
vn -0.7072 0.7070 0.0064
vn -0.0072 -0.6992 -0.7149
vn -0.2989 -0.9079 0.2938
vn 0.5784 -0.5708 -0.5828
vn -0.3660 -0.8599 0.3558
vn -0.7072 0.7069 0.0066
vn -0.3021 0.9011 0.3111
vn -0.3033 -0.9079 0.2895
vn 0.8166 -0.5772 -0.0051
vn -0.5787 -0.0190 0.8153
vn -0.7071 -0.7070 -0.0150
vn -0.7072 0.7070 0.0066
vn 0.0096 0.7150 -0.6991
vn 0.2979 0.9011 0.3149
vn 0.8164 0.5774 0.0126
vn -0.3036 0.9011 0.3097
vn 0.5782 0.5838 -0.5699
vn 0.2982 -0.9078 0.2948
vn 0.0013 -0.6992 -0.7149
vn -0.5763 -0.5710 -0.5847
vn 0.3650 0.8518 0.3758
vn 0.7071 -0.7071 -0.0067
vn 0.3014 -0.9078 0.2917
vn -0.5764 0.5837 -0.5719
vn 0.5783 0.5838 -0.5699
vn -0.0011 -0.7150 0.6992
vn 0.0013 -0.6992 -0.7150
vn -0.0017 0.0110 0.9999
vn -0.0017 0.1155 0.9933
vn -0.0017 0.2144 0.9767
vn -0.0016 0.3423 0.9396
vn -0.0006 0.9485 0.3168
vn 0.0015 0.3168 -0.9485
vn -0.0007 0.9485 0.3168
vn 0.0016 -0.3425 -0.9395
vn 0.0016 0.3166 -0.9486
vn 0.0015 0.3167 -0.9485
vn 0.0017 -0.2140 -0.9768
vn 0.0017 -0.2147 -0.9767
vn 0.0017 -0.1153 -0.9933
vn 0.0017 -0.0533 -0.9986
vn 0.0017 -0.0105 -0.9999
vn 0.0017 -0.0540 -0.9985
vn 0.5785 -0.5707 -0.5828
vn -0.7121 -0.7020 -0.0090
vn -0.7059 0.0080 -0.7083
vn -0.7072 0.7069 0.0067
vn -0.7109 -0.0107 -0.7032
vn -0.7037 -0.1222 0.6999
vn -0.7110 -0.2897 -0.6408
vn -0.7036 -0.2470 0.6663
vn -0.6992 0.0824 0.7102
vn -0.7153 -0.2352 -0.6580
vn -0.6991 -0.2053 0.6849
vn -0.6952 0.1544 0.7021
vn -0.7197 -0.2955 -0.6283
vn -0.6951 -0.1365 0.7059
vn -0.6920 0.2476 0.6781
vn -0.7230 -0.3695 -0.5837
vn -0.6922 -0.0436 0.7204
vn -0.6908 0.3491 0.6332
vn -0.7245 -0.4476 -0.5242
vn -0.6913 0.3329 0.6413
vn -0.7240 -0.4231 -0.5448
vn -0.7246 -0.5580 -0.4044
vn -0.6911 0.1666 0.7032
vn -0.6901 0.5301 0.4927
vn -0.7253 -0.5754 -0.3780
vn -0.6900 0.2854 0.6652
vn -0.6881 0.6077 0.3965
vn -0.7274 -0.6341 -0.2625
vn -0.6913 0.5958 0.4089
vn -0.7273 -0.6796 -0.0962
vn -0.6952 0.6411 0.3251
vn -0.7198 -0.6668 -0.1930
vn -0.7239 -0.6898 0.0144
vn -0.6977 0.6688 0.2567
vn -0.7170 -0.6859 -0.1248
vn -0.7211 -0.6847 0.1055
vn -0.7012 0.6821 0.2075
vn -0.7133 -0.6967 -0.0766
vn -0.7172 -0.6744 0.1755
vn -0.7045 0.6870 0.1780
vn -0.7136 -0.6640 0.2233
vn -0.7048 0.6253 0.3351
vn -0.7025 0.7113 0.0217
vn -0.7120 -0.6939 0.1077
vn -0.3020 0.8993 0.3162
vn -0.3020 -0.9078 0.2909
vn -0.7107 0.0133 -0.7033
vn -0.7120 -0.7016 -0.0275
vn -0.7022 0.7116 0.0218
vn -0.3027 -0.0182 0.9529
vn -0.7113 -0.6282 -0.3153
vn -0.7041 0.7044 -0.0896
vn -0.7128 -0.6690 -0.2104
vn -0.7012 0.7090 0.0755
vn -0.7038 0.6651 -0.2496
vn -0.7164 -0.6478 -0.2593
vn -0.6979 0.7051 0.1258
vn -0.7007 0.6789 -0.2195
vn -0.7202 -0.6119 -0.3269
vn -0.6974 0.6967 -0.1680
vn -0.7238 -0.5565 -0.4079
vn -0.6910 0.6619 0.2907
vn -0.6939 0.7142 -0.0918
vn -0.7267 -0.4788 -0.4926
vn -0.6885 0.6074 0.3964
vn -0.6905 0.7233 0.0078
vn -0.7266 -0.3642 -0.5827
vn -0.7252 -0.5034 -0.4698
vn -0.6899 0.6199 0.3740
vn -0.7249 -0.2541 -0.6403
vn -0.6909 0.5401 0.4806
vn -0.7243 -0.1982 -0.6604
vn -0.6908 0.3489 0.6333
vn -0.6908 0.6339 0.3478
vn -0.7244 -0.0558 -0.6871
vn -0.6921 0.3911 0.6067
vn -0.7228 0.0460 -0.6895
vn -0.7195 -0.1488 -0.6783
vn -0.6953 0.3135 0.6468
vn -0.7196 0.1352 -0.6811
vn -0.7152 -0.0806 -0.6942
vn -0.6992 0.2474 0.6707
vn -0.7154 0.2028 -0.6686
vn -0.7106 -0.0379 -0.7025
vn -0.7036 0.2034 0.6809
vn -0.7111 0.1572 -0.6853
vn -0.7036 0.3140 0.6375
vn -0.7086 -0.0062 0.7056
vn -0.0020 -0.0111 0.9999
vn -0.0021 -0.0332 0.9994
vn -0.7108 -0.0094 -0.7033
vn 0.0017 -0.0110 -0.9999
vn 0.0017 0.0111 -0.9999
vn -0.7026 -0.1295 -0.6997
vn 0.0020 -0.0538 -0.9985
vn 0.0020 -0.0110 -0.9999
vn -0.6449 -0.3506 -0.6791
vn -0.7153 -0.0805 -0.6941
vn -0.0062 -0.1147 -0.9934
vn -0.7085 -0.2390 -0.6640
vn 0.0017 -0.1154 -0.9933
vn -0.6670 -0.4521 -0.5922
vn -0.7229 -0.2365 -0.6493
vn -0.0116 -0.3414 -0.9398
vn -0.7129 -0.4092 -0.5694
vn -0.4284 -0.4354 -0.7918
vn 0.0017 -0.3426 -0.9395
vn -0.6773 -0.5986 -0.4277
vn -0.7240 -0.4229 -0.5449
vn -0.6893 -0.4399 -0.5756
vn -0.7165 -0.5547 -0.4230
vn -0.6883 -0.5304 -0.4950
vn -0.0907 0.0214 -0.9956
vn -0.6782 -0.7017 -0.2184
vn -0.7268 -0.5743 -0.3767
vn -0.6876 -0.6036 -0.4036
vn -0.6827 -0.7244 -0.0957
vn -0.6903 -0.6593 -0.2979
vn -0.7112 -0.6930 -0.1180
vn -0.6934 -0.6921 -0.2003
vn -0.1054 -0.4515 -0.8860
vn -0.7092 -0.7033 -0.0486
vn -0.6973 -0.7053 -0.1280
vn -0.1061 -0.5511 -0.8277
vn -0.7071 -0.7071 -0.0010
vn -0.1065 -0.6164 -0.7802
vn -0.6472 -0.7226 0.2430
vn -0.7039 -0.7085 -0.0497
vn -0.7064 -0.7060 0.0506
vn -0.1086 -0.6718 -0.7327
vn -0.3008 -0.9079 0.2920
vn 0.0586 -0.7038 -0.7080
vn -0.7025 0.7113 0.0219
vn -0.7120 0.7018 0.0216
vn -0.7012 0.7124 -0.0278
vn -0.1335 0.6632 0.7364
vn -0.6217 0.7342 -0.2730
vn -0.7135 0.6967 0.0748
vn -0.6133 0.7521 -0.2412
vn -0.6979 0.7051 0.1257
vn -0.7171 0.6859 0.1233
vn -0.6044 0.7749 -0.1851
vn -0.6945 0.6917 0.1981
vn -0.7211 0.6656 0.1921
vn -0.6927 0.6878 0.2171
vn -0.7252 0.6305 0.2768
vn -0.1781 0.4195 0.8901
vn -0.6913 0.6441 0.3276
vn -0.7282 0.5740 0.3745
vn -0.1935 0.2759 0.9415
vn -0.6923 0.5772 0.4331
vn -0.7269 0.5029 0.4677
vn -0.2014 0.1018 0.9742
vn -0.5767 0.7692 0.2752
vn -0.6908 0.4447 0.5701
vn -0.7258 0.4217 0.5435
vn -0.6930 0.4124 0.5914
vn -0.4678 0.4263 0.7742
vn -0.1928 -0.2081 0.9589
vn -0.5841 0.6366 0.5036
vn -0.6923 0.2474 0.6779
vn 0.0028 0.3426 0.9395
vn -0.6952 0.2395 0.6777
vn -0.0020 0.2148 0.9767
vn -0.0613 0.3144 0.9473
vn -0.5984 0.4638 0.6533
vn -0.6993 0.0826 0.7101
vn 0.0009 0.1156 0.9933
vn -0.6995 0.1297 0.7028
vn -0.0014 0.0538 0.9985
vn -0.0330 0.1000 0.9944
vn -0.6225 0.3511 0.6995
vn -0.7034 0.0077 0.7107
vn -0.0004 0.0110 0.9999
vn 0.5712 0.5908 -0.5698
vn 0.5784 -0.5707 -0.5828
vn -0.3470 -0.6075 -0.7145
vn -0.3073 0.9011 0.3059
vn 0.5782 0.5839 -0.5699
vn -0.3479 0.7139 -0.6077
vn 0.8155 -0.0061 0.5787
vn -0.0013 0.6992 0.7150
vn -0.4262 -0.9045 -0.0107
vn -0.0010 -0.7149 0.6992
vn -0.3479 -0.7003 -0.6233
vn -0.3070 -0.9078 0.2857
vn 0.7059 -0.0077 0.7083
vn -0.3069 0.8995 0.3110
vn -0.3066 -0.9063 0.2910
vn 0.7059 -0.0128 0.7082
vn -0.3027 0.9011 0.3105
vn 0.7070 0.7072 0.0108
vn 0.6884 0.3493 0.6357
vn 0.7241 0.4228 0.5449
vn 0.6973 0.7053 0.1280
vn 0.7099 0.7026 0.0483
vn 0.5762 0.5711 0.5847
vn 0.7133 -0.2895 -0.6383
vn 0.7130 -0.0377 -0.7001
vn 0.7014 -0.1219 0.7023
vn 0.7014 0.1965 0.6851
vn 0.7131 -0.0376 -0.7001
vn 0.7176 0.2069 -0.6650
vn 0.6968 0.2349 0.6777
vn 0.7178 -0.0803 -0.6916
vn 0.7219 0.1417 -0.6773
vn 0.6928 0.2978 0.6568
vn 0.7219 -0.1488 -0.6758
vn 0.7253 0.0533 -0.6864
vn 0.6897 0.3767 0.6184
vn 0.7254 -0.2357 -0.6468
vn 0.7266 -0.0469 -0.6854
vn 0.7264 -0.5573 -0.4022
vn 0.7261 -0.4227 -0.5424
vn 0.6888 0.3332 0.6438
vn 0.6890 0.5320 0.4921
vn 0.7261 -0.4226 -0.5424
vn 0.7272 -0.2491 -0.6396
vn 0.6881 0.6111 0.3911
vn 0.7271 -0.5029 -0.4674
vn 0.7286 -0.3578 -0.5841
vn 0.7277 -0.6794 -0.0939
vn 0.7250 -0.6307 -0.2769
vn 0.6898 0.5959 0.4112
vn 0.7241 -0.6895 0.0166
vn 0.7206 -0.6666 -0.1907
vn 0.6939 0.6413 0.3274
vn 0.7201 -0.6854 0.1081
vn 0.7167 -0.6866 -0.1224
vn 0.6976 0.6680 0.2590
vn 0.7168 -0.6742 0.1780
vn 0.7137 -0.6965 -0.0742
vn 0.7004 0.6822 0.2097
vn 0.7128 -0.6639 0.2259
vn 0.7101 -0.7026 -0.0459
vn 0.7039 0.6871 0.1803
vn 0.7042 0.7050 -0.0841
vn 0.7102 -0.7025 -0.0459
vn 0.7125 -0.6273 -0.3144
vn 0.7128 0.0079 -0.7014
vn 0.3007 -0.9079 0.2920
vn 0.3013 0.8992 0.3172
vn 0.2997 -0.0106 0.9540
vn 0.7021 0.7116 0.0242
vn 0.7121 -0.7016 -0.0251
vn 0.7121 -0.6928 0.1133
vn 0.7019 0.7118 0.0242
vn 0.7032 0.6261 0.3370
vn 0.7042 0.6656 -0.2472
vn 0.7005 0.7094 0.0777
vn 0.7140 -0.6685 -0.2080
vn 0.7014 0.6789 -0.2171
vn 0.6974 0.7051 0.1281
vn 0.7173 -0.6476 -0.2570
vn 0.6976 0.6970 -0.1657
vn 0.6934 0.6921 0.2005
vn 0.7215 -0.6117 -0.3245
vn 0.6944 0.7140 -0.0894
vn 0.6902 0.6618 0.2925
vn 0.7249 -0.5567 -0.4056
vn 0.6903 0.7235 0.0099
vn 0.6870 0.6075 0.3986
vn 0.7285 -0.4785 -0.4902
vn 0.7280 -0.6404 -0.2447
vn 0.6871 0.6074 0.3987
vn 0.6881 0.2927 0.6640
vn 0.7269 -0.5816 -0.3652
vn 0.6880 0.5307 0.4949
vn 0.6889 0.1743 0.7036
vn 0.6891 0.6346 0.3499
vn 0.6884 0.3496 0.6355
vn 0.7268 -0.1974 -0.6578
vn 0.7264 -0.4607 -0.5100
vn 0.6884 0.3492 0.6357
vn 0.6898 -0.0349 0.7232
vn 0.7251 -0.3836 -0.5719
vn 0.6896 0.2476 0.6805
vn 0.6926 -0.1276 0.7099
vn 0.7218 -0.3066 -0.6205
vn 0.6928 0.1545 0.7044
vn 0.6969 -0.1989 0.6890
vn 0.7176 -0.2427 -0.6528
vn 0.6968 0.0829 0.7125
vn 0.7014 -0.2417 0.6706
vn 0.7013 0.3142 0.6399
vn 0.7009 0.0079 0.7132
vn 0.7134 0.1574 -0.6829
vn -0.0017 -0.0332 0.9994
vn -0.0017 -0.0111 0.9999
vn 0.7059 -0.0062 0.7083
vn 0.7136 -0.0092 -0.7005
vn 0.0018 -0.0110 -0.9999
vn 0.0018 -0.0538 -0.9985
vn 0.7056 -0.1286 -0.6969
vn 0.7057 0.0523 -0.7066
vn 0.0019 -0.0537 -0.9986
vn 0.0019 -0.1154 -0.9933
vn 0.7109 -0.2381 -0.6617
vn 0.7117 -0.0642 -0.6996
vn 0.0018 -0.2145 -0.9767
vn 0.0018 -0.3424 -0.9396
vn 0.7145 -0.1597 -0.6811
vn 0.0017 -0.3425 -0.9395
vn 0.0675 -0.7620 -0.6440
vn 0.0629 -0.1363 -0.9887
vn 0.6912 -0.4441 -0.5701
vn 0.7165 -0.4869 -0.4996
vn 0.7177 -0.3720 -0.5887
vn 0.6910 -0.4444 -0.5701
vn 0.0913 -0.9932 -0.0721
vn 0.7168 -0.4552 -0.5282
vn 0.6899 -0.5301 -0.4929
vn 0.1014 -0.9909 0.0885
vn 0.1058 -0.3160 -0.9428
vn 0.6910 -0.6618 -0.2906
vn 0.7148 -0.6679 -0.2071
vn 0.1078 -0.4513 -0.8858
vn 0.6945 -0.6917 -0.1980
vn 0.7121 -0.6923 -0.1163
vn 0.1082 -0.5510 -0.8275
vn 0.6979 -0.7050 -0.1257
vn 0.7097 -0.7030 -0.0469
vn 0.1085 -0.6163 -0.7800
vn 0.7073 -0.7069 0.0008
vn 0.7077 -0.6906 -0.1487
vn 0.7012 -0.7089 -0.0754
vn 0.1089 -0.7635 0.6365
vn 0.7056 -0.6985 -0.1196
vn 0.7043 -0.7084 -0.0464
vn 0.1063 -0.7477 0.6554
vn -0.0589 -0.7038 -0.7079
vn 0.3002 -0.9078 0.2929
vn 0.2998 0.9012 0.3131
vn 0.5762 0.5711 0.5846
vn 0.0041 0.7100 -0.7042
vn 0.1299 0.6633 0.7370
vn 0.7100 0.7031 0.0392
vn 0.7011 0.7126 -0.0249
vn 0.1236 0.6456 0.7536
vn 0.7130 0.6969 0.0765
vn 0.6990 0.7151 0.0042
vn 0.1393 0.5998 0.7879
vn 0.7165 0.6863 0.1246
vn 0.6966 0.7154 0.0538
vn 0.1562 0.5265 0.8357
vn 0.7202 0.6663 0.1931
vn 0.6942 0.7087 0.1261
vn 0.1739 0.4196 0.8909
vn 0.7240 0.6308 0.2792
vn 0.6918 0.6878 0.2199
vn 0.1892 0.2757 0.9424
vn 0.7270 0.5739 0.3770
vn 0.6902 0.6437 0.3306
vn 0.1973 0.1014 0.9751
vn 0.7252 0.5032 0.4699
vn 0.6908 0.5770 0.4358
vn 0.1787 -0.0601 0.9821
vn 0.7241 0.4231 0.5447
vn 0.6911 0.4942 0.5274
vn 0.6910 0.3813 0.6142
vn 0.1667 0.8534 0.4939
vn 0.1712 -0.0368 0.9846
vn -0.0018 0.3424 0.9396
vn 0.6912 0.3230 0.6465
vn 0.6907 0.1642 0.7043
vn -0.0020 0.3424 0.9396
vn 0.0445 0.2368 0.9705
vn 0.6926 0.0667 0.7182
vn -0.0016 0.2146 0.9767
vn 0.0307 0.1311 0.9909
vn 0.6949 -0.0069 0.7191
vn -0.0015 0.1155 0.9933
vn 0.0161 0.0624 0.9979
vn 0.0156 0.0453 0.9989
vn -0.0016 0.0110 0.9999
vn 0.6972 0.0985 0.7101
vn -0.8155 0.0162 -0.5785
vn 0.0008 0.7149 -0.6992
vn -0.0101 -0.6991 -0.7150
vn 0.1207 0.8999 0.4189
vn -0.0015 0.6992 0.7149
vn -0.0091 0.7149 -0.6991
vn -0.8175 -0.0068 0.5759
vn -0.0010 -0.7148 0.6994
vn -0.0011 -0.7146 0.6995
vn 0.4267 -0.9043 -0.0103
vn -0.0091 -0.6992 -0.7149
vn 0.1210 -0.9090 0.3988
vn 0.3009 0.9012 0.3121
vn 0.3059 -0.9062 0.2920
vn -0.0047 -0.7149 0.6992
vn 0.9529 -0.0100 0.3030
vn -0.7071 0.7070 0.0066
vn 0.5762 0.5712 0.5846
vn 0.3014 0.9013 0.3113
vn 0.5782 0.5873 -0.5663
vn 0.0011 0.7150 -0.6992
vn -0.2992 0.9010 0.3140
vn 0.7072 -0.7069 -0.0126
vn -0.7070 -0.7072 -0.0091
vn 0.0046 -0.9092 0.4163
vn -0.7070 -0.7071 -0.0093
vn -0.4262 -0.9045 -0.0108
vn 0.3012 -0.9078 0.2919
vn -0.5743 -0.5709 -0.5867
vn -0.5765 0.5870 -0.5684
vn -0.5762 -0.5711 -0.5847
vn -0.7059 0.0163 -0.7081
vn -0.7072 0.7070 0.0008
vn 0.7070 0.7072 0.0090
vn -0.0060 0.8997 0.4364
vn -0.5746 0.5837 -0.5738
vn -0.4266 0.9044 0.0068
vn 0.7072 -0.7070 -0.0069
vn -0.7069 -0.7071 -0.0148
vn 0.7072 0.7070 0.0088
vn -0.5763 -0.5709 -0.5847
vn -0.0007 0.9485 0.3167
vt 0.110500 0.010100
vt 0.101700 0.410500
vt 0.101700 0.010000
vt 0.093200 0.009900
vt 0.129700 0.405700
vt 0.120800 0.005200
vt 0.129700 0.005200
vt 0.110500 0.410600
vt 0.101700 0.417200
vt 0.093200 0.417000
vt 0.093200 0.410400
vt 0.129700 0.412400
vt 0.120800 0.405900
vt 0.110500 0.424000
vt 0.110500 0.417300
vt 0.101700 0.423900
vt 0.129700 0.419200
vt 0.120800 0.412800
vt 0.110500 0.430600
vt 0.101700 0.430600
vt 0.093200 0.423600
vt 0.129700 0.426200
vt 0.120800 0.419800
vt 0.101700 0.437300
vt 0.093200 0.430400
vt 0.120800 0.434300
vt 0.120800 0.426900
vt 0.110500 0.444300
vt 0.110500 0.437200
vt 0.101700 0.444500
vt 0.093200 0.437300
vt 0.129700 0.441300
vt 0.129700 0.433500
vt 0.110500 0.452000
vt 0.093200 0.452500
vt 0.093200 0.444600
vt 0.129700 0.449900
vt 0.120800 0.442100
vt 0.117000 0.451000
vt 0.114300 0.444000
vt 0.117000 0.442700
vt 0.101700 0.461100
vt 0.101700 0.452300
vt 0.129700 0.459600
vt 0.120800 0.450500
vt 0.114300 0.460600
vt 0.114300 0.451600
vt 0.110500 0.460900
vt 0.101700 0.468900
vt 0.093200 0.461300
vt 0.129700 0.468300
vt 0.120800 0.459900
vt 0.117000 0.460300
vt 0.114300 0.468600
vt 0.110500 0.476400
vt 0.110500 0.468700
vt 0.093200 0.476700
vt 0.093200 0.469100
vt 0.120800 0.476500
vt 0.120800 0.468300
vt 0.117000 0.476400
vt 0.117000 0.468500
vt 0.101700 0.484200
vt 0.101700 0.476500
vt 0.093200 0.484400
vt 0.129700 0.484500
vt 0.129700 0.476500
vt 0.117000 0.484400
vt 0.114300 0.476400
vt 0.110500 0.484100
vt 0.101700 0.492000
vt 0.093200 0.492200
vt 0.129700 0.492600
vt 0.120800 0.484500
vt 0.117000 0.492400
vt 0.114300 0.484200
vt 0.110500 0.492000
vt 0.101700 0.500200
vt 0.093200 0.500300
vt 0.120800 0.500800
vt 0.120800 0.492600
vt 0.117000 0.500600
vt 0.114300 0.492200
vt 0.110500 0.508500
vt 0.110500 0.500200
vt 0.093200 0.508500
vt 0.129700 0.509100
vt 0.129700 0.500800
vt 0.117000 0.508900
vt 0.114300 0.500400
vt 0.101700 0.516800
vt 0.101700 0.508500
vt 0.129700 0.517600
vt 0.120800 0.509100
vt 0.114300 0.517100
vt 0.114300 0.508700
vt 0.110500 0.830400
vt 0.110500 0.516900
vt 0.093200 0.837700
vt 0.093200 0.516800
vt 0.120800 0.831100
vt 0.120800 0.517500
vt 0.117000 0.831600
vt 0.117000 0.517300
vt 0.113000 0.010100
vt 0.113000 0.410700
vt 0.118400 0.406000
vt 0.118400 0.005400
vt 0.118400 0.420000
vt 0.118400 0.413000
vt 0.118400 0.427100
vt 0.118400 0.434600
vt 0.118400 0.442400
vt 0.118400 0.460100
vt 0.118400 0.450800
vt 0.118400 0.468400
vt 0.118400 0.476400
vt 0.118400 0.484400
vt 0.118400 0.492500
vt 0.118400 0.500700
vt 0.118400 0.517400
vt 0.118400 0.509000
vt 0.113000 0.830500
vt 0.113000 0.508600
vt 0.113000 0.517000
vt 0.113000 0.500300
vt 0.113000 0.492100
vt 0.113000 0.484200
vt 0.113000 0.476400
vt 0.113000 0.460800
vt 0.113000 0.468700
vt 0.113000 0.451900
vt 0.113000 0.437200
vt 0.113000 0.444200
vt 0.113000 0.430500
vt 0.113000 0.424000
vt 0.113000 0.417300
vt 0.114300 0.410700
vt 0.117000 0.005400
vt 0.117000 0.406100
vt 0.117000 0.420100
vt 0.117000 0.413100
vt 0.117000 0.434700
vt 0.117000 0.427300
vt 0.118400 0.831000
vt 0.114300 0.831400
vt 0.114300 0.437100
vt 0.114300 0.424000
vt 0.114300 0.430500
vt 0.114300 0.417300
vt 0.934600 0.996200
vt 0.920000 0.394300
vt 0.934600 0.394300
vt 0.890100 0.981100
vt 0.877500 0.394300
vt 0.890100 0.394300
vt 0.895700 0.983300
vt 0.901800 0.394300
vt 0.901800 0.983300
vt 0.894300 0.981100
vt 0.895700 0.394300
vt 0.907400 0.981000
vt 0.907400 0.394300
vt 0.894300 0.394300
vt 0.903200 0.394300
vt 0.903200 0.981100
vt 0.073400 0.009100
vt 0.064400 0.416300
vt 0.064400 0.009200
vt 0.082000 0.009000
vt 0.073400 0.416200
vt 0.044900 0.004100
vt 0.053900 0.411500
vt 0.044900 0.411200
vt 0.064400 0.423100
vt 0.082000 0.422900
vt 0.073400 0.423000
vt 0.053900 0.418500
vt 0.044900 0.418000
vt 0.073400 0.429800
vt 0.064400 0.429900
vt 0.053900 0.425600
vt 0.044900 0.424900
vt 0.064400 0.436600
vt 0.082000 0.429600
vt 0.073400 0.436600
vt 0.044900 0.432000
vt 0.073400 0.443500
vt 0.064400 0.443300
vt 0.082000 0.436500
vt 0.053900 0.432800
vt 0.044900 0.439400
vt 0.073400 0.450700
vt 0.064400 0.450500
vt 0.082000 0.443500
vt 0.053900 0.440300
vt 0.044900 0.447300
vt 0.073400 0.458700
vt 0.064400 0.458400
vt 0.082000 0.459000
vt 0.053900 0.456800
vt 0.044900 0.456100
vt 0.060500 0.450100
vt 0.057800 0.457300
vt 0.057800 0.448800
vt 0.064400 0.467300
vt 0.073400 0.467700
vt 0.053900 0.466300
vt 0.044900 0.466000
vt 0.060500 0.467000
vt 0.057800 0.466700
vt 0.073400 0.475600
vt 0.064400 0.475300
vt 0.082000 0.467900
vt 0.053900 0.474800
vt 0.044900 0.474800
vt 0.060500 0.475200
vt 0.057800 0.475000
vt 0.073400 0.483200
vt 0.064400 0.483100
vt 0.082000 0.483500
vt 0.044900 0.483100
vt 0.057800 0.483100
vt 0.073400 0.491000
vt 0.064400 0.491000
vt 0.082000 0.491200
vt 0.053900 0.483100
vt 0.044900 0.491400
vt 0.060500 0.483100
vt 0.057800 0.491200
vt 0.064400 0.499000
vt 0.082000 0.499200
vt 0.073400 0.499000
vt 0.053900 0.491300
vt 0.044900 0.499600
vt 0.060500 0.491100
vt 0.057800 0.499300
vt 0.073400 0.507300
vt 0.064400 0.507300
vt 0.082000 0.507400
vt 0.053900 0.507900
vt 0.044900 0.507900
vt 0.060500 0.499200
vt 0.057800 0.507700
vt 0.064400 0.515700
vt 0.082000 0.515700
vt 0.073400 0.515700
vt 0.044900 0.516400
vt 0.060500 0.507500
vt 0.057800 0.516100
vt 0.064400 0.524200
vt 0.073400 0.524200
vt 0.053900 0.524900
vt 0.044900 0.524900
vt 0.060500 0.524500
vt 0.057800 0.524600
vt 0.064400 0.842900
vt 0.082000 0.850400
vt 0.073400 0.850400
vt 0.053900 0.843600
vt 0.044900 0.851200
vt 0.057800 0.844200
vt 0.061900 0.009200
vt 0.053900 0.004200
vt 0.056400 0.411600
vt 0.056400 0.425800
vt 0.056400 0.433000
vt 0.056400 0.440600
vt 0.056400 0.448500
vt 0.053900 0.448200
vt 0.056400 0.466500
vt 0.056400 0.474900
vt 0.056400 0.483100
vt 0.056400 0.491300
vt 0.053900 0.499600
vt 0.056400 0.499500
vt 0.056400 0.507800
vt 0.053900 0.516300
vt 0.056400 0.524800
vt 0.061900 0.843000
vt 0.061900 0.515800
vt 0.061900 0.507400
vt 0.061900 0.499100
vt 0.061900 0.491000
vt 0.061900 0.483100
vt 0.061900 0.467200
vt 0.061900 0.458200
vt 0.061900 0.443300
vt 0.061900 0.436500
vt 0.061900 0.429800
vt 0.061900 0.423100
vt 0.060500 0.416300
vt 0.061900 0.416300
vt 0.057800 0.004400
vt 0.056400 0.004300
vt 0.057800 0.411700
vt 0.056400 0.418700
vt 0.057800 0.425900
vt 0.057800 0.440700
vt 0.056400 0.457000
vt 0.056400 0.516200
vt 0.056400 0.843500
vt 0.061900 0.524300
vt 0.060500 0.515900
vt 0.061900 0.475200
vt 0.061900 0.450400
vt 0.060500 0.436500
vt 0.060500 0.429800
vt 0.060500 0.423100
vt 0.941000 0.996200
vt 0.955600 0.394200
vt 0.955600 0.996200
vt 0.985500 0.981000
vt 0.998100 0.394300
vt 0.998100 0.996200
vt 0.973700 0.983300
vt 0.979900 0.394300
vt 0.979900 0.983300
vt 0.981300 0.981000
vt 0.968200 0.981000
vt 0.985500 0.394300
vt 0.981300 0.394300
vt 0.968200 0.394200
vt 0.972400 0.981000
vt 0.973700 0.394300
vt 0.972400 0.394200
vt 0.951000 0.387400
vt 0.955600 0.004700
vt 0.955600 0.387400
vt 0.940500 0.004700
vt 0.936000 0.383400
vt 0.936000 0.004700
vt 0.910900 0.004700
vt 0.915500 0.383400
vt 0.910900 0.387400
vt 0.933900 0.004700
vt 0.929300 0.383400
vt 0.929300 0.004700
vt 0.148200 0.009200
vt 0.144200 0.685300
vt 0.144200 0.004700
vt 0.879200 0.004700
vt 0.883800 0.387400
vt 0.879200 0.387400
vt 0.919300 0.004700
vt 0.923800 0.383400
vt 0.919300 0.387400
vt 0.155900 0.685300
vt 0.152000 0.009200
vt 0.155900 0.004700
vt 0.894200 0.383400
vt 0.898700 0.004700
vt 0.898700 0.387400
vt 0.972300 0.004700
vt 0.967700 0.383400
vt 0.967700 0.004700
vt 0.141600 0.004700
vt 0.137000 0.685300
vt 0.137000 0.004700
vt 0.157500 0.004700
vt 0.162100 0.676200
vt 0.157500 0.676200
vt 0.164000 0.524900
vt 0.869000 0.521200
vt 0.869000 0.524900
vt 0.867000 0.452500
vt 0.164300 0.043600
vt 0.867000 0.043600
vt 0.164300 0.459500
vt 0.164300 0.452500
vt 0.867000 0.459500
vt 0.164300 0.466500
vt 0.867000 0.466500
vt 0.164300 0.473700
vt 0.867000 0.481100
vt 0.867000 0.473700
vt 0.164300 0.488900
vt 0.164300 0.481100
vt 0.164000 0.499400
vt 0.869000 0.503100
vt 0.164000 0.503100
vt 0.867400 0.541100
vt 0.164700 0.533800
vt 0.867400 0.533800
vt 0.164700 0.548000
vt 0.164700 0.541100
vt 0.867400 0.548000
vt 0.164700 0.554800
vt 0.867400 0.561600
vt 0.867400 0.554800
vt 0.164700 0.568400
vt 0.164700 0.561600
vt 0.867400 0.977300
vt 0.867400 0.568400
vt 0.101700 0.837700
vt 0.129700 0.838500
vt 0.114300 0.010100
vt 0.920000 0.996200
vt 0.877500 0.996200
vt 0.082000 0.416200
vt 0.082000 0.451000
vt 0.060500 0.457900
vt 0.082000 0.475800
vt 0.082000 0.524200
vt 0.060500 0.844000
vt 0.060500 0.009200
vt 0.057800 0.418700
vt 0.057800 0.433200
vt 0.060500 0.443200
vt 0.941000 0.394200
vt 0.951000 0.004700
vt 0.940500 0.387400
vt 0.915500 0.004700
vt 0.933900 0.383400
vt 0.148200 0.680800
vt 0.883800 0.004700
vt 0.923800 0.004700
vt 0.152000 0.680800
vt 0.894200 0.004700
vt 0.972300 0.383400
vt 0.141600 0.685300
vt 0.162100 0.004700
vt 0.164000 0.521200
vt 0.867000 0.488900
vt 0.869000 0.499400
vt 0.164700 0.977300
s 1
f 298/427/990 300/428/991 301/429/992
f 300/428/991 303/430/993 301/429/992
f 302/431/994 305/432/995 303/433/993
f 299/434/996 307/435/997 300/428/991
f 300/428/991 308/436/998 302/437/994
f 308/438/998 304/439/999 302/431/994
f 310/440/1000 307/435/997 306/441/1001
f 311/442/1002 308/436/998 307/435/997
f 312/443/1003 309/444/1004 308/438/998
f 314/445/1005 311/442/1002 310/440/1000
f 315/446/1006 312/447/1003 311/442/1002
f 316/448/1007 313/449/1008 312/443/1003
f 314/445/1005 319/450/1009 315/446/1006
f 319/450/1009 316/451/1007 315/446/1006
f 316/448/1007 321/452/1010 317/453/1011
f 322/454/1012 319/450/1009 318/455/1013
f 323/456/1014 320/457/1015 319/450/1009
f 324/458/1016 321/452/1010 320/459/1015
f 326/460/1017 323/456/1014 322/454/1012
f 323/456/1014 328/461/1018 324/462/1016
f 328/463/1018 325/464/1019 324/458/1016
f 331/465/1020 333/466/1021 330/467/1022
f 326/460/1017 335/468/1023 327/469/1024
f 335/468/1023 328/461/1018 327/469/1024
f 336/470/1025 329/471/1026 328/463/1018
f 331/465/1020 339/472/1027 332/473/1028
f 334/474/1029 341/475/1030 335/468/1023
f 341/475/1030 336/476/1025 335/468/1023
f 342/477/1031 337/478/1032 336/470/1025
f 338/479/1033 345/480/1034 339/472/1027
f 346/481/1035 341/475/1030 340/482/1036
f 341/475/1030 348/483/1037 342/484/1031
f 342/477/1031 349/485/1038 343/486/1039
f 350/487/1040 345/480/1034 344/488/1041
f 346/481/1035 353/489/1042 347/490/1043
f 347/490/1043 354/491/1044 348/483/1037
f 354/492/1044 349/485/1038 348/493/1037
f 356/494/1045 351/495/1046 350/487/1040
f 352/496/1047 359/497/1048 353/489/1042
f 353/489/1042 360/498/1049 354/491/1044
f 360/499/1049 355/500/1050 354/492/1044
f 362/501/1051 357/502/1052 356/494/1045
f 358/503/1053 365/504/1054 359/497/1048
f 359/497/1048 366/505/1055 360/498/1049
f 360/499/1049 367/506/1056 361/507/1057
f 368/508/1058 363/509/1059 362/501/1051
f 370/510/1060 365/504/1054 364/511/1061
f 365/504/1054 372/512/1062 366/505/1055
f 372/513/1062 367/506/1056 366/514/1055
f 374/515/1063 369/516/1064 368/508/1058
f 370/510/1060 377/517/1065 371/518/1066
f 377/517/1065 372/512/1062 371/518/1066
f 378/519/1067 373/520/1068 372/513/1062
f 374/515/1063 381/521/1069 375/522/1070
f 382/523/1071 377/517/1065 376/524/1072
f 377/517/1065 384/525/1073 378/526/1067
f 378/519/1067 385/527/1074 379/528/1075
f 386/529/1076 381/521/1069 380/530/1077
s 0
f 299/434/1078 388/531/1079 389/532/1080
f 305/432/1081 390/533/1082 391/534/1083
f 309/444/1084 390/533/1085 304/439/1086
f 309/444/1087 393/535/1088 392/536/1089
f 313/449/1090 394/537/1091 393/535/1092
f 317/453/1093 395/538/1094 394/537/1095
f 321/452/1096 396/539/1097 395/538/1098
f 329/471/1099 396/539/1100 325/464/1101
f 329/471/1102 398/540/1103 397/541/1104
f 337/478/1105 399/542/1106 398/540/1107
f 349/485/1108 399/542/1109 343/486/1110
f 355/500/1111 400/543/1112 349/485/1113
f 361/507/1114 401/544/1115 355/500/1116
f 367/506/1117 402/545/1118 361/507/1119
f 373/520/1120 403/546/1121 367/506/1122
f 373/520/1123 405/547/1124 404/548/1125
f 385/527/1126 405/547/1127 379/528/1075
f 376/524/1128 408/549/1129 382/523/1130
f 376/524/1131 409/550/1132 407/551/1133
f 364/511/1134 409/550/1135 370/510/1136
f 358/503/1137 410/552/1138 364/511/1139
f 352/496/1140 411/553/1141 358/503/1142
f 346/481/1143 412/554/1144 352/496/1145
f 340/482/1146 413/555/1147 346/481/1148
f 340/482/1149 415/556/1150 414/557/1151
f 334/474/1152 416/558/1153 415/556/1154
f 322/454/1155 416/558/1156 326/460/1157
f 322/454/1158 418/559/1159 417/560/1160
f 318/455/1161 419/561/1162 418/559/1163
f 314/445/1164 420/562/1165 419/561/1166
f 310/440/1167 421/563/1168 420/562/1169
f 299/434/1170 421/563/1171 306/441/1172
f 388/531/1173 423/564/1174 389/532/1175
f 390/533/1176 425/565/1177 391/534/1178
f 392/536/1179 424/566/1180 390/533/1181
f 392/536/1182 427/567/1183 426/568/1184
f 394/537/1185 427/567/1186 393/535/1187
f 394/537/1188 429/569/1189 428/570/1190
f 396/539/1191 429/569/1192 395/538/1193
f 396/539/1194 331/465/1195 330/467/1196
f 398/540/1197 331/465/1198 397/541/1199
f 398/540/1200 344/488/1201 338/479/1202
f 399/542/1203 350/487/1204 344/488/1205
f 401/544/1206 350/487/1207 400/543/1208
f 402/545/1209 356/494/1210 401/544/1211
f 403/546/1212 362/501/1213 402/545/1053
f 403/546/1214 374/515/1215 368/508/1058
f 405/547/1216 374/515/1217 404/548/1125
f 406/571/1218 380/530/1219 405/547/1072
f 408/549/1220 381/521/1221 387/572/1222
f 409/550/1223 381/521/1224 407/551/1225
f 409/550/1226 369/516/1227 375/522/1228
f 410/552/1229 363/509/1230 369/516/1231
f 411/553/1232 357/502/1233 363/509/1234
f 413/555/1235 357/502/1236 412/554/1237
f 414/557/1238 351/495/1239 413/555/1240
f 415/556/1241 345/480/1242 414/557/1243
f 415/556/1244 332/473/1245 339/472/1246
f 417/560/1247 332/473/1248 416/558/1249
f 417/560/1250 430/573/1251 333/466/1252
f 419/561/1253 430/573/1254 418/559/1255
f 419/561/1256 432/574/1257 431/575/1258
f 421/563/1259 432/574/1260 420/562/1261
f 421/563/1262 423/564/1263 433/576/1264
f 384/577/1265 434/578/1266 435/579/1267
f 385/580/1268 435/581/1269 436/582/1270
f 386/583/1271 438/584/993 387/585/1272
f 406/586/1273 437/587/1274 386/583/1275
f 434/578/1276 382/588/1277 440/589/1278
f 439/590/1279 385/580/1280 436/582/1281
f 382/588/1282 441/591/1283 440/589/1284
f 408/592/1285 438/584/1286 441/591/1287
s 1
f 443/593/990 445/594/1288 442/595/1289
f 446/596/1290 444/597/1291 443/593/990
f 446/598/1290 449/599/1292 447/600/1293
f 444/597/1291 451/601/1294 445/594/1288
f 444/597/1291 452/602/1295 450/603/1296
f 447/600/1293 453/604/1297 452/605/1295
f 451/601/1294 454/606/1298 455/607/1299
f 452/602/1295 454/606/1298 450/603/1296
f 452/605/1295 457/608/1300 456/609/1301
f 454/606/1298 459/610/1302 455/607/1299
f 456/611/1301 458/612/1303 454/606/1298
f 457/608/1300 460/613/1304 456/609/1301
f 459/610/1302 462/614/1013 463/615/1305
f 460/616/1304 462/614/1013 458/612/1303
f 461/617/1306 464/618/1307 460/613/1304
f 463/615/1305 466/619/1308 467/620/1309
f 464/621/1307 466/619/1308 462/614/1013
f 465/622/1310 468/623/1311 464/618/1307
f 467/620/1309 470/624/1312 471/625/1313
f 466/619/1308 472/626/1314 470/624/1312
f 468/623/1311 473/627/1315 472/628/1314
f 475/629/1316 477/630/1317 474/631/1318
f 470/624/1312 479/632/1319 471/625/1313
f 472/626/1314 478/633/1320 470/624/1312
f 472/628/1314 481/634/1321 480/635/1322
f 477/630/1317 482/636/1323 483/637/1324
f 479/632/1319 484/638/1325 485/639/1326
f 480/640/1322 484/638/1325 478/633/1320
f 480/635/1322 487/641/1327 486/642/1328
f 483/637/1324 488/643/1329 489/644/1330
f 485/639/1326 490/645/1331 491/646/1332
f 484/638/1325 492/647/1333 490/645/1331
f 487/641/1327 492/648/1333 486/642/1328
f 488/643/1329 495/649/1334 489/644/1330
f 491/646/1332 496/650/1335 497/651/1042
f 490/645/1331 498/652/1336 496/650/1335
f 493/653/1337 498/654/1336 492/648/1333
f 494/655/1338 501/656/1339 495/649/1334
f 496/650/1335 503/657/1340 497/651/1042
f 496/650/1335 504/658/1341 502/659/1342
f 499/660/1343 504/661/1341 498/654/1336
f 500/662/1344 507/663/1345 501/656/1339
f 503/657/1340 508/664/1346 509/665/1347
f 502/659/1342 510/666/1348 508/664/1346
f 504/661/1341 511/667/1349 510/668/1348
f 506/669/1350 513/670/1351 507/663/1345
f 508/664/1346 515/671/1352 509/665/1347
f 508/664/1346 516/672/1068 514/673/1353
f 511/667/1349 516/674/1068 510/668/1348
f 512/675/1354 519/676/1355 513/670/1351
f 514/673/1353 521/677/1356 515/671/1352
f 516/672/1068 520/678/1357 514/673/1353
f 516/674/1068 523/679/1358 522/680/1359
f 519/676/1355 524/681/1360 525/682/1361
f 520/678/1357 527/683/1362 521/677/1356
f 520/678/1357 528/684/1363 526/685/1364
f 522/680/1359 529/686/1365 528/687/1363
f 524/681/1360 531/688/1366 525/682/1361
s 0
f 445/594/1367 533/689/1368 442/595/1369
f 448/690/1370 535/691/1371 449/599/1372
f 535/691/1373 453/604/1374 449/599/1372
f 453/604/1375 537/692/1376 457/608/1377
f 457/608/1378 538/693/1379 461/617/1380
f 461/617/1381 539/694/1382 465/622/1383
f 465/622/1384 540/695/1385 469/696/1386
f 540/695/1387 473/627/1388 469/696/1389
f 473/627/1390 542/697/1391 481/634/1392
f 481/634/1393 543/698/1394 487/641/1395
f 543/698/1396 493/653/1397 487/641/1398
f 544/699/1399 499/660/1400 493/653/1401
f 545/700/1402 505/701/1403 499/660/1404
f 546/702/1405 511/667/1406 505/701/1407
f 547/703/1408 517/704/1409 511/667/1410
f 517/704/1411 549/705/1412 523/679/1413
f 549/705/1414 529/686/1415 523/679/1416
f 551/706/1417 521/677/1418 527/683/1419
f 521/677/1420 553/707/1421 515/671/1422
f 553/707/1423 509/665/1424 515/671/1425
f 554/708/1426 503/657/1427 509/665/1428
f 555/709/1429 497/651/1430 503/657/1431
f 556/710/1432 491/646/1433 497/651/1434
f 557/711/1435 485/639/1436 491/646/1437
f 485/639/1438 559/712/1439 479/632/1440
f 479/632/1441 560/713/1442 471/625/1443
f 560/713/1444 467/620/1445 471/625/1446
f 467/620/1447 562/714/1448 463/615/1009
f 463/615/1449 563/715/1450 459/610/1006
f 459/610/1451 564/716/1452 455/607/1299
f 455/607/1453 565/717/1454 451/601/1455
f 565/717/1456 445/594/1457 451/601/1458
f 566/718/1459 533/689/1460 532/719/1461
f 568/720/1462 535/691/1463 534/721/1464
f 569/722/1465 536/723/1466 535/691/1467
f 536/723/1468 571/724/1469 537/692/1470
f 571/724/1471 538/693/1472 537/692/1473
f 538/693/1474 573/725/1475 539/694/1476
f 539/694/1477 474/631/1478 540/695/1479
f 474/631/1480 541/726/1481 540/695/1309
f 541/726/1482 483/637/1483 542/697/1440
f 542/697/1484 489/644/1485 543/698/1030
f 489/644/1486 544/699/1487 543/698/1488
f 495/649/1489 545/700/1490 544/699/1043
f 501/656/1491 546/702/1492 545/700/1493
f 507/663/1494 547/703/1495 546/702/1496
f 547/703/1497 519/676/1498 548/727/1352
f 548/727/1499 525/682/1500 549/705/1501
f 525/682/1502 550/728/1503 549/705/1501
f 551/706/1504 524/681/1505 552/729/1506
f 524/681/1507 553/707/1508 552/729/1509
f 518/730/1510 554/708/1511 553/707/1512
f 512/675/1513 555/709/1514 554/708/1515
f 506/669/1516 556/710/1517 555/709/1518
f 500/662/1519 557/711/1520 556/710/1521
f 494/655/1522 558/731/1523 557/711/1524
f 488/643/1525 559/712/1526 558/731/1527
f 482/636/1528 560/713/1529 559/712/1530
f 560/713/1531 475/629/1532 561/732/1533
f 475/629/1534 562/714/1535 561/732/1536
f 562/714/1537 575/733/1538 563/715/1539
f 563/715/1540 576/734/1541 564/716/1542
f 564/716/1543 577/735/1544 565/717/1297
f 577/735/1545 532/719/1546 565/717/1547
f 528/736/1548 434/737/1549 526/738/1550
f 529/739/1551 435/740/1552 528/741/1553
f 530/742/1554 437/743/1290 531/744/1555
f 437/743/1556 550/745/1557 531/744/1558
f 434/737/1559 527/746/1560 526/738/1364
f 436/747/1561 550/745/1562 439/748/1563
f 440/749/1564 551/750/1565 527/746/1362
f 438/751/1287 551/750/1566 441/752/1567
f 579/753/1568 581/754/1569 578/755/1570
f 578/756/1571 582/757/1572 583/758/1573
f 579/759/1574 585/760/1575 580/761/1576
s 1
f 585/762/1577 583/763/1578 582/764/1579
s 0
f 585/765/1580 587/766/1581 580/767/1576
f 589/768/1582 590/769/1583 588/770/1584
f 588/771/1585 592/772/1586 589/773/1553
f 589/774/1587 582/775/1588 581/776/1589
f 586/777/1590 590/778/1591 587/779/1592
s 1
f 592/780/1593 593/781/1594 586/782/1595
f 580/783/1576 589/784/1596 581/785/1597
f 585/786/1577 592/787/1593 586/788/1595
f 422/789/1591 568/790/1598 567/791/1599
f 424/792/1600 568/793/1598 425/794/1284
f 424/792/1600 570/795/1264 569/796/1600
f 426/797/1264 571/798/1601 570/795/1264
f 427/799/1601 572/800/1602 571/798/1601
f 429/801/1603 572/800/1602 428/802/1602
f 429/801/1603 474/803/1604 573/804/1603
f 333/805/1605 474/806/1604 330/807/1606
f 430/808/1607 475/809/1608 333/810/1609
f 430/808/1607 575/811/1610 574/812/1607
f 431/813/1611 576/814/1612 575/811/1610
f 433/815/1613 576/814/1612 594/816/1612
f 433/815/1613 566/817/1614 577/818/1615
f 422/819/1591 566/817/1614 423/820/1614
f 298/427/990 299/434/996 300/428/991
f 300/428/991 302/437/994 303/430/993
f 302/431/994 304/439/999 305/432/995
f 299/434/996 306/441/1001 307/435/997
f 300/428/991 307/435/997 308/436/998
f 308/438/998 309/444/1004 304/439/999
f 310/440/1000 311/442/1002 307/435/997
f 311/442/1002 312/447/1003 308/436/998
f 312/443/1003 313/449/1008 309/444/1004
f 314/445/1005 315/446/1006 311/442/1002
f 315/446/1006 316/451/1007 312/447/1003
f 316/448/1007 317/453/1011 313/449/1008
f 314/445/1005 318/455/1013 319/450/1009
f 319/450/1009 320/457/1015 316/451/1007
f 316/448/1007 320/459/1015 321/452/1010
f 322/454/1012 323/456/1014 319/450/1009
f 323/456/1014 324/462/1016 320/457/1015
f 324/458/1016 325/464/1019 321/452/1010
f 326/460/1017 327/469/1024 323/456/1014
f 323/456/1014 327/469/1024 328/461/1018
f 328/463/1018 329/471/1026 325/464/1019
f 331/465/1020 332/473/1028 333/466/1021
f 326/460/1017 334/474/1029 335/468/1023
f 335/468/1023 336/476/1025 328/461/1018
f 336/470/1025 337/478/1032 329/471/1026
f 331/465/1020 338/479/1033 339/472/1027
f 334/474/1029 340/482/1036 341/475/1030
f 341/475/1030 342/484/1031 336/476/1025
f 342/477/1031 343/486/1039 337/478/1032
f 338/479/1033 344/488/1041 345/480/1034
f 346/481/1035 347/490/1043 341/475/1030
f 341/475/1030 347/490/1043 348/483/1037
f 342/477/1031 348/493/1037 349/485/1038
f 350/487/1040 351/495/1046 345/480/1034
f 346/481/1035 352/496/1047 353/489/1042
f 347/490/1043 353/489/1042 354/491/1044
f 354/492/1044 355/500/1050 349/485/1038
f 356/494/1045 357/502/1052 351/495/1046
f 352/496/1047 358/503/1053 359/497/1048
f 353/489/1042 359/497/1048 360/498/1049
f 360/499/1049 361/507/1057 355/500/1050
f 362/501/1051 363/509/1059 357/502/1052
f 358/503/1053 364/511/1061 365/504/1054
f 359/497/1048 365/504/1054 366/505/1055
f 360/499/1049 366/514/1055 367/506/1056
f 368/508/1058 369/516/1064 363/509/1059
f 370/510/1060 371/518/1066 365/504/1054
f 365/504/1054 371/518/1066 372/512/1062
f 372/513/1062 373/520/1068 367/506/1056
f 374/515/1063 375/522/1070 369/516/1064
f 370/510/1060 376/524/1072 377/517/1065
f 377/517/1065 378/526/1067 372/512/1062
f 378/519/1067 379/528/1075 373/520/1068
f 374/515/1063 380/530/1077 381/521/1069
f 382/523/1071 383/821/1616 377/517/1065
f 377/517/1065 383/821/1616 384/525/1073
f 378/519/1067 384/822/1073 385/527/1074
f 386/529/1076 387/572/1272 381/521/1069
s 0
f 299/434/1617 298/427/1618 388/531/1081
f 305/432/1619 304/439/1080 390/533/1620
f 309/444/1621 392/536/1172 390/533/1622
f 309/444/1623 313/449/1624 393/535/1625
f 313/449/1626 317/453/1627 394/537/1628
f 317/453/1629 321/452/1630 395/538/1631
f 321/452/1632 325/464/1633 396/539/1634
f 329/471/1635 397/541/1636 396/539/1637
f 329/471/1638 337/478/1639 398/540/1640
f 337/478/1641 343/486/1642 399/542/1643
f 349/485/1644 400/543/1208 399/542/1645
f 355/500/1646 401/544/1647 400/543/1648
f 361/507/1649 402/545/1650 401/544/1651
f 367/506/1652 403/546/1653 402/545/1654
f 373/520/1655 404/548/1353 403/546/1656
f 373/520/1657 379/528/1658 405/547/1659
f 385/527/1660 406/571/1661 405/547/1662
f 376/524/1663 407/551/1664 408/549/1665
f 376/524/1666 370/510/1125 409/550/1667
f 364/511/1668 410/552/1669 409/550/1670
f 358/503/1671 411/553/1672 410/552/1673
f 352/496/1674 412/554/1237 411/553/1675
f 346/481/1676 413/555/1677 412/554/1678
f 340/482/1679 414/557/1680 413/555/1681
f 340/482/1682 334/474/1683 415/556/1684
f 334/474/1685 326/460/1017 416/558/1686
f 322/454/1687 417/560/1688 416/558/1689
f 322/454/1690 318/455/1193 418/559/1691
f 318/455/1692 314/445/1693 419/561/1694
f 314/445/1695 310/440/1696 420/562/1697
f 310/440/1698 306/441/1699 421/563/1700
f 299/434/1701 389/532/1086 421/563/1702
f 388/531/1703 422/823/1704 423/564/1705
f 390/533/1706 424/566/1707 425/565/1708
f 392/536/1709 426/568/1710 424/566/1711
f 392/536/1712 393/535/1713 427/567/1714
f 394/537/1715 428/570/1611 427/567/1716
f 394/537/1717 395/538/1718 429/569/1719
f 396/539/1720 330/467/1721 429/569/1722
f 396/539/1723 397/541/1724 331/465/1725
f 398/540/1726 338/479/1727 331/465/1728
f 398/540/1729 399/542/1730 344/488/1731
f 399/542/1732 400/543/1331 350/487/1733
f 401/544/1734 356/494/1735 350/487/1736
f 402/545/1737 362/501/1738 356/494/1739
f 403/546/1740 368/508/1058 362/501/1741
f 403/546/1742 404/548/1060 374/515/1743
f 405/547/1744 380/530/1077 374/515/1745
f 406/571/1746 386/529/1076 380/530/1747
f 408/549/1572 407/551/1748 381/521/1749
f 409/550/1750 375/522/1070 381/521/1751
f 409/550/1752 410/552/1669 369/516/1753
f 410/552/1754 411/553/1755 363/509/1756
f 411/553/1757 412/554/1758 357/502/1759
f 413/555/1760 351/495/1761 357/502/1762
f 414/557/1763 345/480/1764 351/495/1765
f 415/556/1766 339/472/1767 345/480/1768
f 415/556/1769 416/558/1770 332/473/1771
f 417/560/1772 333/466/1773 332/473/1774
f 417/560/1775 418/559/1776 430/573/1777
f 419/561/1778 431/575/1779 430/573/1780
f 419/561/1781 420/562/1782 432/574/1783
f 421/563/1784 433/576/1785 432/574/1786
f 421/563/1787 389/532/1788 423/564/1789
f 384/577/1790 383/824/1791 434/578/1792
f 385/580/1793 384/825/1794 435/581/1795
f 386/583/1796 437/587/1284 438/584/1797
f 406/586/1798 439/590/1278 437/587/1799
f 434/578/1800 383/824/1791 382/588/1801
f 439/590/1802 406/586/1071 385/580/1803
f 382/588/1804 408/592/1074 441/591/1805
f 408/592/1806 387/585/1272 438/584/1807
s 1
f 443/593/990 444/597/1291 445/594/1288
f 446/596/1290 447/826/1293 444/597/1291
f 446/598/1290 448/690/1802 449/599/1292
f 444/597/1291 450/603/1296 451/601/1294
f 444/597/1291 447/826/1293 452/602/1295
f 447/600/1293 449/599/1292 453/604/1297
f 451/601/1294 450/603/1296 454/606/1298
f 452/602/1295 456/611/1301 454/606/1298
f 452/605/1295 453/604/1297 457/608/1300
f 454/606/1298 458/612/1303 459/610/1302
f 456/611/1301 460/616/1304 458/612/1303
f 457/608/1300 461/617/1306 460/613/1304
f 459/610/1302 458/612/1303 462/614/1013
f 460/616/1304 464/621/1307 462/614/1013
f 461/617/1306 465/622/1310 464/618/1307
f 463/615/1305 462/614/1013 466/619/1308
f 464/621/1307 468/827/1311 466/619/1308
f 465/622/1310 469/696/1808 468/623/1311
f 467/620/1309 466/619/1308 470/624/1312
f 466/619/1308 468/827/1311 472/626/1314
f 468/623/1311 469/696/1808 473/627/1315
f 475/629/1316 476/828/1809 477/630/1317
f 470/624/1312 478/633/1320 479/632/1319
f 472/626/1314 480/640/1322 478/633/1320
f 472/628/1314 473/627/1315 481/634/1321
f 477/630/1317 476/828/1809 482/636/1323
f 479/632/1319 478/633/1320 484/638/1325
f 480/640/1322 486/829/1328 484/638/1325
f 480/635/1322 481/634/1321 487/641/1327
f 483/637/1324 482/636/1323 488/643/1329
f 485/639/1326 484/638/1325 490/645/1331
f 484/638/1325 486/829/1328 492/647/1333
f 487/641/1327 493/653/1337 492/648/1333
f 488/643/1329 494/655/1338 495/649/1334
f 491/646/1332 490/645/1331 496/650/1335
f 490/645/1331 492/647/1333 498/652/1336
f 493/653/1337 499/660/1343 498/654/1336
f 494/655/1338 500/662/1344 501/656/1339
f 496/650/1335 502/659/1342 503/657/1340
f 496/650/1335 498/652/1336 504/658/1341
f 499/660/1343 505/701/1810 504/661/1341
f 500/662/1344 506/669/1350 507/663/1345
f 503/657/1340 502/659/1342 508/664/1346
f 502/659/1342 504/658/1341 510/666/1348
f 504/661/1341 505/701/1810 511/667/1349
f 506/669/1350 512/675/1354 513/670/1351
f 508/664/1346 514/673/1353 515/671/1352
f 508/664/1346 510/666/1348 516/672/1068
f 511/667/1349 517/704/1512 516/674/1068
f 512/675/1354 518/730/1811 519/676/1355
f 514/673/1353 520/678/1357 521/677/1356
f 516/672/1068 522/830/1359 520/678/1357
f 516/674/1068 517/704/1512 523/679/1358
f 519/676/1355 518/730/1811 524/681/1360
f 520/678/1357 526/685/1364 527/683/1362
f 520/678/1357 522/830/1359 528/684/1363
f 522/680/1359 523/679/1358 529/686/1365
f 524/681/1360 530/831/1812 531/688/1366
s 0
f 445/594/1371 532/719/1372 533/689/1370
f 448/690/1368 534/721/1369 535/691/1367
f 535/691/1813 536/723/1814 453/604/1815
f 453/604/1816 536/723/1817 537/692/1818
f 457/608/1819 537/692/1820 538/693/1821
f 461/617/1822 538/693/1823 539/694/1824
f 465/622/1825 539/694/1826 540/695/1827
f 540/695/1828 541/726/1829 473/627/1830
f 473/627/1831 541/726/1832 542/697/1833
f 481/634/1834 542/697/1835 543/698/1836
f 543/698/1837 544/699/1838 493/653/1839
f 544/699/1840 545/700/1841 499/660/1842
f 545/700/1843 546/702/1844 505/701/1845
f 546/702/1846 547/703/1847 511/667/1848
f 547/703/1849 548/727/1850 517/704/1851
f 517/704/1852 548/727/1853 549/705/1854
f 549/705/1855 550/728/1856 529/686/1857
f 551/706/1858 552/729/1859 521/677/1860
f 521/677/1861 552/729/1862 553/707/1863
f 553/707/1864 554/708/1865 509/665/1866
f 554/708/1867 555/709/1868 503/657/1869
f 555/709/1870 556/710/1871 497/651/1872
f 556/710/1873 557/711/1874 491/646/1875
f 557/711/1876 558/731/1877 485/639/1878
f 485/639/1879 558/731/1880 559/712/1881
f 479/632/1882 559/712/1883 560/713/1884
f 560/713/1885 561/732/1886 467/620/1887
f 467/620/1888 561/732/1889 562/714/1890
f 463/615/1891 562/714/1892 563/715/1893
f 459/610/1894 563/715/1895 564/716/1896
f 455/607/1897 564/716/1898 565/717/1899
f 565/717/1900 532/719/1901 445/594/1902
f 566/718/1903 567/832/1904 533/689/1905
f 568/720/1177 569/722/1711 535/691/1906
f 569/722/1907 570/833/1908 536/723/1909
f 536/723/1910 570/833/1911 571/724/1912
f 571/724/1716 572/834/1611 538/693/1913
f 538/693/1914 572/834/1915 573/725/1916
f 539/694/1917 573/725/1918 474/631/1919
f 474/631/1920 477/630/1921 541/726/1922
f 541/726/1923 477/630/1924 483/637/1925
f 542/697/1926 483/637/1927 489/644/1928
f 489/644/1929 495/649/1930 544/699/1931
f 495/649/1932 501/656/1933 545/700/1934
f 501/656/1935 507/663/1936 546/702/1937
f 507/663/1938 513/670/1351 547/703/1939
f 547/703/1940 513/670/1941 519/676/1942
f 548/727/1943 519/676/1944 525/682/1945
f 525/682/1946 531/688/1555 550/728/1947
f 551/706/1948 530/831/1949 524/681/1950
f 524/681/1951 518/730/1952 553/707/1953
f 518/730/1954 512/675/1955 554/708/1956
f 512/675/1957 506/669/1958 555/709/1959
f 506/669/1960 500/662/1961 556/710/1962
f 500/662/1963 494/655/1964 557/711/1965
f 494/655/1966 488/643/1967 558/731/1968
f 488/643/1969 482/636/1970 559/712/1971
f 482/636/1972 476/828/1973 560/713/1974
f 560/713/1975 476/828/1809 475/629/1976
f 475/629/1977 574/835/1978 562/714/1979
f 562/714/1980 574/835/1981 575/733/1982
f 563/715/1983 575/733/1984 576/734/1985
f 564/716/1986 576/734/1987 577/735/1988
f 577/735/1989 566/718/1990 532/719/1991
f 528/736/1992 435/836/1993 434/737/1994
f 529/739/1995 436/747/1996 435/740/1997
f 530/742/1998 438/751/1797 437/743/1284
f 437/743/1999 439/748/2000 550/745/2001
f 434/737/2002 440/749/1598 527/746/2003
f 436/747/1290 529/739/2004 550/745/2005
f 440/749/2006 441/752/1797 551/750/2007
f 438/751/2008 530/742/2009 551/750/2010
f 579/753/1369 580/837/1616 581/754/2011
f 578/756/2012 581/838/1589 582/757/2013
f 579/759/2014 584/839/2015 585/760/2016
s 1
f 585/762/1577 584/840/2017 583/763/1578
s 0
f 585/765/2018 586/841/2019 587/766/2020
f 589/768/2021 587/842/2022 590/769/2023
f 588/771/2024 591/843/2025 592/772/2026
f 589/774/2027 592/844/2004 582/775/2028
f 586/777/1503 593/845/2029 590/778/2030
s 1
f 592/780/1593 591/846/2031 593/781/1594
f 580/783/1576 587/847/2032 589/784/1596
f 585/786/1577 582/848/1579 592/787/1593
f 422/789/1591 425/849/1284 568/790/1598
f 424/792/1600 569/796/1600 568/793/1598
f 424/792/1600 426/797/1264 570/795/1264
f 426/797/1264 427/799/1601 571/798/1601
f 427/799/1601 428/802/1602 572/800/1602
f 429/801/1603 573/804/1603 572/800/1602
f 429/801/1603 330/850/2033 474/803/1604
f 333/805/1605 475/851/1608 474/806/1604
f 430/808/1607 574/812/1607 475/809/1608
f 430/808/1607 431/813/1611 575/811/1610
f 431/813/1611 594/816/1612 576/814/1612
f 433/815/1613 577/818/1615 576/814/1612
f 433/815/1613 423/820/1614 566/817/1614
f 422/819/1591 567/852/1599 566/817/1614
o Gates_closed001.002
v 30.591162 -0.104754 14.847889
v 30.590479 4.039989 14.894024
v 30.682276 4.040002 14.894179
v 30.682959 -0.104741 14.848044
v 30.682127 4.040924 14.982093
v 30.682810 -0.105719 14.935937
v 30.590330 4.040910 14.981937
v 30.591013 -0.105733 14.935781
v 30.590471 4.108119 14.891776
v 30.682268 4.108132 14.891932
v 30.682121 4.112854 14.979689
v 30.590324 4.112841 14.979533
v 30.590469 4.175378 14.886726
v 30.682266 4.175392 14.886882
v 30.682117 4.185520 14.974303
v 30.590321 4.185506 14.974148
v 30.590479 4.240996 14.876355
v 30.682276 4.241009 14.876511
v 30.682127 4.259851 14.962526
v 30.590330 4.259838 14.962371
v 30.590500 4.305205 14.858171
v 30.682297 4.305219 14.858327
v 30.682152 4.335396 14.941163
v 30.590355 4.335383 14.941009
v 30.590540 4.368929 14.829474
v 30.682337 4.368943 14.829629
v 30.682199 4.411481 14.906913
v 30.590403 4.411468 14.906757
v 30.590601 4.432902 14.787292
v 30.682398 4.432916 14.787447
v 30.682272 4.487045 14.857046
v 30.590475 4.487031 14.856891
v 30.604252 4.399220 14.884542
v 30.604322 4.471353 14.836841
v 30.604374 4.448482 14.807387
v 30.604307 4.381181 14.851738
v 30.590693 4.497356 14.728602
v 30.682489 4.497369 14.728758
v 30.682377 4.561905 14.788882
v 30.590580 4.561892 14.788727
v 30.604422 4.543287 14.771338
v 30.604469 4.515965 14.745932
v 30.590786 4.544426 14.668820
v 30.682583 4.544440 14.668976
v 30.682489 4.618309 14.717301
v 30.590693 4.618295 14.717146
v 30.604528 4.597050 14.703230
v 30.604568 4.565774 14.682784
v 30.590891 4.579355 14.603509
v 30.682688 4.579368 14.603664
v 30.682617 4.660077 14.639262
v 30.590820 4.660064 14.639107
v 30.604650 4.636779 14.628869
v 30.604681 4.602647 14.613787
v 30.591007 4.604446 14.532479
v 30.682804 4.604460 14.532634
v 30.682751 4.689197 14.556978
v 30.590954 4.689184 14.556824
v 30.604778 4.664760 14.549875
v 30.604801 4.628873 14.539481
v 30.591133 4.621597 14.456165
v 30.682930 4.621611 14.456321
v 30.682892 4.708242 14.471889
v 30.591095 4.708229 14.471734
v 30.604916 4.683278 14.467276
v 30.604933 4.646552 14.460670
v 30.591269 4.632596 14.375587
v 30.683065 4.632609 14.375743
v 30.683037 4.720011 14.385215
v 30.591240 4.719997 14.385059
v 30.605059 4.694829 14.382299
v 30.605070 4.657769 14.378286
v 30.591410 4.639328 14.291756
v 30.683207 4.639341 14.291911
v 30.683184 4.727080 14.297787
v 30.591387 4.727067 14.297631
v 30.605202 4.701787 14.295877
v 30.605211 4.664611 14.293457
v 30.591553 4.643877 14.206604
v 30.683350 4.643890 14.206759
v 30.683332 4.731863 14.209532
v 30.591536 4.731849 14.209376
v 30.605350 4.706460 14.208621
v 30.605356 4.669270 14.207406
v 30.597036 4.679987 10.962608
v 30.688963 4.680852 10.886261
v 30.688950 4.768844 10.887240
v 30.597023 4.767979 10.963588
v 30.610851 4.742678 10.954921
v 30.610857 4.705479 10.954507
v 30.591118 -0.105036 14.873186
v 30.590435 4.040207 14.919327
v 30.590372 4.040692 14.956635
v 30.591055 -0.105451 14.910484
v 30.590366 4.111421 14.954218
v 30.590364 4.182587 14.948913
v 30.590372 4.254415 14.937612
v 30.590397 4.326748 14.917115
v 30.590443 4.399218 14.884518
v 30.590513 4.471351 14.836818
v 30.590612 4.543285 14.771315
v 30.590719 4.597048 14.703206
v 30.590841 4.636777 14.628845
v 30.590969 4.664758 14.549852
v 30.591106 4.683276 14.467252
v 30.591249 4.694827 14.382277
v 30.591393 4.701786 14.295855
v 30.591541 4.706458 14.208598
v 30.597027 4.742582 10.963305
v 30.591547 4.669268 14.207383
v 30.597033 4.705384 10.962892
v 30.591402 4.664609 14.293434
v 30.591261 4.657767 14.378263
v 30.591124 4.646550 14.460648
v 30.590992 4.628871 14.539457
v 30.590872 4.602645 14.613763
v 30.590759 4.565772 14.682761
v 30.590660 4.515964 14.745909
v 30.590565 4.448480 14.807364
v 30.590498 4.381179 14.851714
v 30.590458 4.313939 14.882073
v 30.590435 4.246420 14.901121
v 30.590427 4.178295 14.911861
v 30.590429 4.109435 14.917099
v 30.604927 -0.105034 14.873209
v 30.604244 4.040209 14.919350
v 30.604181 4.040694 14.956658
v 30.604864 -0.105449 14.910507
v 30.604176 4.111423 14.954241
v 30.604174 4.182589 14.948936
v 30.604181 4.254416 14.937635
v 30.604206 4.326750 14.917138
v 30.604267 4.313941 14.882096
v 30.604244 4.246422 14.901145
v 30.604237 4.178297 14.911884
v 30.604239 4.109437 14.917122
v 27.048267 4.680320 10.880100
v 27.048254 4.768312 10.881080
v 27.048124 4.767461 10.957582
v 27.048143 4.742157 10.948893
v 27.048149 4.704959 10.948478
v 27.048128 4.742064 10.957300
v 27.048138 4.679469 10.956603
v 27.048134 4.704865 10.956885
v 23.493271 -0.105791 14.835877
v 23.401573 -0.105804 14.835722
v 23.400890 4.038939 14.881857
v 23.492588 4.038952 14.882012
v 23.401424 -0.106783 14.923615
v 23.400742 4.039860 14.969771
v 23.493122 -0.106769 14.923770
v 23.492439 4.039874 14.969926
v 23.400883 4.107069 14.879609
v 23.492580 4.107082 14.879765
v 23.400736 4.111791 14.967367
v 23.492434 4.111804 14.967522
v 23.400881 4.174328 14.874560
v 23.492579 4.174342 14.874715
v 23.400732 4.184456 14.961981
v 23.492430 4.184470 14.962136
v 23.400890 4.239946 14.864188
v 23.492588 4.239959 14.864344
v 23.400742 4.258788 14.950204
v 23.492439 4.258801 14.950359
v 23.400911 4.304155 14.846004
v 23.492609 4.304169 14.846160
v 23.400766 4.334333 14.928842
v 23.492464 4.334346 14.928997
v 23.400951 4.367879 14.817307
v 23.492649 4.367893 14.817463
v 23.400814 4.410418 14.894590
v 23.492512 4.410431 14.894746
v 23.401012 4.431852 14.775125
v 23.492710 4.431866 14.775280
v 23.400887 4.485981 14.844725
v 23.492584 4.485995 14.844879
v 23.478857 4.398179 14.872483
v 23.478912 4.380141 14.839680
v 23.478979 4.447442 14.795329
v 23.478928 4.470313 14.824783
v 23.401104 4.496306 14.716436
v 23.492802 4.496319 14.716591
v 23.400991 4.560842 14.776561
v 23.492689 4.560855 14.776715
v 23.479074 4.514925 14.733873
v 23.479027 4.542247 14.759280
v 23.401197 4.543376 14.656653
v 23.492895 4.543390 14.656809
v 23.401104 4.617245 14.704979
v 23.492802 4.617259 14.705134
v 23.479174 4.564734 14.670726
v 23.479134 4.596010 14.691172
v 23.401302 4.578305 14.591342
v 23.493000 4.578318 14.591497
v 23.401232 4.659014 14.626941
v 23.492929 4.659027 14.627096
v 23.479286 4.601606 14.601728
v 23.479256 4.635738 14.616811
v 23.401419 4.603396 14.520312
v 23.493116 4.603410 14.520468
v 23.401365 4.688134 14.544657
v 23.493063 4.688147 14.544812
v 23.479406 4.627833 14.527423
v 23.479383 4.663719 14.537817
v 23.401545 4.620547 14.443998
v 23.493242 4.620561 14.444154
v 23.401506 4.707179 14.459567
v 23.493204 4.707192 14.459723
v 23.479538 4.645512 14.448612
v 23.479521 4.682237 14.455217
v 23.401680 4.631546 14.363420
v 23.493378 4.631559 14.363576
v 23.401651 4.718947 14.372892
v 23.493349 4.718961 14.373048
v 23.479675 4.656729 14.366229
v 23.479664 4.693788 14.370242
v 23.401821 4.638278 14.279590
v 23.493519 4.638291 14.279744
v 23.401798 4.726017 14.285464
v 23.493496 4.726030 14.285620
v 23.479816 4.663571 14.281399
v 23.479807 4.700747 14.283820
v 23.401964 4.642827 14.194438
v 23.493662 4.642840 14.194592
v 23.401947 4.730799 14.197210
v 23.493645 4.730813 14.197365
v 23.479961 4.668230 14.195349
v 23.479956 4.705419 14.196564
v 23.407578 4.679789 10.873940
v 23.499146 4.678950 10.950597
v 23.407564 4.767781 10.874919
v 23.499132 4.766943 10.951576
v 23.485462 4.704439 10.942450
v 23.485456 4.741637 10.942863
v 23.492544 4.039170 14.907315
v 23.493227 -0.106073 14.861175
v 23.493164 -0.106488 14.898473
v 23.492481 4.039655 14.944624
v 23.492476 4.110384 14.942206
v 23.492474 4.181550 14.936901
v 23.492481 4.253378 14.925600
v 23.492506 4.325712 14.905104
v 23.492552 4.398181 14.872506
v 23.492622 4.470315 14.824806
v 23.492722 4.542249 14.759303
v 23.492828 4.596012 14.691195
v 23.492950 4.635740 14.616834
v 23.493078 4.663721 14.537841
v 23.493216 4.682239 14.455240
v 23.493359 4.693790 14.370265
v 23.493502 4.700749 14.283843
v 23.493650 4.705421 14.196587
v 23.499136 4.741546 10.951294
v 23.499142 4.704347 10.950880
v 23.493656 4.668231 14.195372
v 23.493511 4.663573 14.281423
v 23.493370 4.656731 14.366252
v 23.493233 4.645514 14.448636
v 23.493101 4.627835 14.527447
v 23.492981 4.601608 14.601751
v 23.492868 4.564735 14.670750
v 23.492769 4.514927 14.733897
v 23.492674 4.447443 14.795352
v 23.492607 4.380143 14.839703
v 23.492567 4.312902 14.870062
v 23.492544 4.245383 14.889110
v 23.492537 4.177258 14.899850
v 23.492538 4.108398 14.905087
v 23.478849 4.039168 14.907292
v 23.479532 -0.106075 14.861151
v 23.479469 -0.106490 14.898449
v 23.478786 4.039653 14.944600
v 23.478781 4.110383 14.942183
v 23.478779 4.181548 14.936878
v 23.478786 4.253376 14.925577
v 23.478811 4.325710 14.905080
v 23.478872 4.312901 14.870038
v 23.478849 4.245381 14.889087
v 23.478842 4.177257 14.899826
v 23.478844 4.108396 14.905064
v 30.689711 4.772779 14.990252
v 30.689720 4.723180 14.989700
v 30.696655 4.768846 10.887254
v 30.696646 4.818445 10.887806
v 30.647776 4.817961 10.930521
v 30.640913 4.772772 14.990170
v 30.640923 4.723173 14.989617
v 30.647785 4.768362 10.929969
v 23.448492 4.767310 10.917786
v 23.399866 4.767780 10.874906
v 23.392921 4.771713 14.977904
v 23.399857 4.817379 10.875458
v 23.392931 4.722114 14.977352
v 23.441620 4.771720 14.977986
v 23.448483 4.816909 10.918338
v 23.441629 4.722121 14.977434
v 30.604237 4.178296 14.911983
vn -0.7103 -0.0079 -0.7038
vn 0.7083 0.0080 -0.7059
vn -0.7059 0.0078 -0.7082
vn 0.7133 -0.0076 -0.7008
vn 0.7059 -0.0078 0.7083
vn 0.7009 0.0080 0.7132
vn -0.7083 -0.0077 0.7059
vn -0.7107 -0.0380 -0.7024
vn 0.7014 0.0383 0.7118
vn -0.7033 0.0077 0.7108
vn -0.7156 -0.0806 -0.6939
vn 0.7131 -0.0378 -0.7001
vn 0.7175 -0.0800 -0.6919
vn 0.6967 0.0827 0.7126
vn -0.7036 0.0382 0.7095
vn -0.7201 -0.1488 -0.6778
vn 0.7219 -0.1487 -0.6758
vn 0.6928 0.1547 0.7043
vn -0.6991 0.0824 0.7103
vn -0.7234 -0.2361 -0.6488
vn 0.7252 -0.2361 -0.6468
vn 0.6897 0.2475 0.6805
vn -0.6950 0.1544 0.7022
vn -0.7250 -0.3314 -0.6038
vn 0.7266 -0.3317 -0.6017
vn 0.6884 0.3490 0.6359
vn -0.6922 0.2474 0.6780
vn -0.7243 -0.4227 -0.5447
vn 0.6890 0.4444 0.5725
vn -0.6909 0.3489 0.6331
vn -0.6890 -0.4444 -0.5725
vn -0.4677 0.4262 0.7744
vn -0.4285 -0.4352 -0.7918
vn -0.7250 -0.5035 -0.4700
vn 0.7260 -0.4226 -0.5425
vn 0.7270 -0.5031 -0.4672
vn 0.6881 0.5305 0.4950
vn -0.6915 0.4440 0.5698
vn -0.7268 0.5032 0.4674
vn -0.7260 0.4227 0.5424
vn -0.7271 -0.5738 -0.3770
vn 0.7282 -0.5739 -0.3746
vn 0.6871 0.6075 0.3986
vn -0.6903 0.5301 0.4924
vn -0.6883 -0.5303 -0.4950
vn -0.7282 0.5739 0.3745
vn -0.7242 -0.6305 -0.2793
vn 0.6899 0.6618 0.2933
vn -0.6888 0.6071 0.3964
vn -0.6898 -0.6620 -0.2931
vn -0.6870 -0.6075 -0.3986
vn -0.7205 -0.6661 -0.1928
vn 0.7251 -0.6305 -0.2769
vn 0.6934 0.6921 0.2003
vn -0.6912 0.6616 0.2907
vn -0.6935 -0.6920 -0.2004
vn -0.7252 0.6304 0.2769
vn -0.7167 -0.6862 -0.1247
vn 0.7211 -0.6661 -0.1906
vn 0.6973 0.7053 0.1281
vn -0.6945 0.6917 0.1980
vn -0.6973 -0.7052 -0.1281
vn -0.7212 0.6660 0.1906
vn -0.7131 -0.6969 -0.0764
vn 0.7172 -0.6861 -0.1225
vn 0.7008 0.7091 0.0779
vn -0.6980 0.7049 0.1259
vn -0.7007 -0.7092 -0.0779
vn -0.7172 0.6861 0.1223
vn -0.7099 -0.7026 -0.0483
vn 0.7136 -0.6966 -0.0743
vn 0.7039 0.7086 0.0487
vn -0.7013 0.7089 0.0755
vn -0.7039 -0.7086 -0.0486
vn -0.7135 0.6967 0.0742
vn -0.7117 -0.7020 -0.0240
vn 0.7103 -0.7024 -0.0458
vn 0.7120 -0.7018 -0.0214
vn 0.7022 0.7116 0.0244
vn -0.7043 0.7084 0.0463
vn -0.7120 0.7018 0.0215
vn -0.7103 0.7024 0.0459
vn -0.3019 -0.9079 0.2909
vn 0.6007 0.5851 -0.5448
vn -0.3022 0.9011 0.3110
vn -0.7025 0.7114 0.0217
vn -0.5782 -0.5839 0.5699
vn -0.7023 -0.7115 -0.0242
vn -0.7110 -0.0107 -0.7031
vn -0.7072 0.7070 0.0067
vn -0.7034 0.0076 0.7108
vn -0.7083 -0.0051 0.7059
vn -0.7120 -0.7021 -0.0090
vn -0.7059 0.0080 -0.7082
vn -0.7037 0.3156 0.6366
vn -0.7110 0.1516 -0.6867
vn -0.7034 0.0077 0.7108
vn -0.7037 0.1960 0.6829
vn -0.7154 0.2067 -0.6674
vn -0.7106 -0.0379 -0.7026
vn -0.6992 0.2348 0.6753
vn -0.7197 0.1413 -0.6798
vn -0.7153 -0.0805 -0.6942
vn -0.6951 0.2978 0.6543
vn -0.7229 0.0532 -0.6889
vn -0.7197 -0.1487 -0.6782
vn -0.6920 0.3762 0.6161
vn -0.7243 -0.0474 -0.6878
vn -0.7229 -0.2363 -0.6493
vn -0.6908 0.6375 0.3412
vn -0.7242 -0.2127 -0.6559
vn -0.6908 0.3489 0.6334
vn -0.6909 0.5318 0.4898
vn -0.7249 -0.2494 -0.6421
vn -0.7241 -0.4229 -0.5448
vn -0.6896 0.6110 0.3887
vn -0.7267 -0.3577 -0.5864
vn -0.7255 -0.5029 -0.4699
vn -0.6906 0.7232 -0.0014
vn -0.7267 -0.4907 -0.4808
vn -0.6885 0.6073 0.3963
vn -0.6943 0.7129 -0.0988
vn -0.7234 -0.5652 -0.3966
vn -0.6914 0.6614 0.2907
vn -0.6969 0.6958 -0.1737
vn -0.7205 -0.6163 -0.3178
vn -0.6940 0.6922 0.1980
vn -0.7007 0.6774 -0.2237
vn -0.7163 -0.6502 -0.2534
vn -0.6980 0.7050 0.1258
vn -0.7038 0.6641 -0.2524
vn -0.7129 -0.6700 -0.2070
vn -0.7012 0.7090 0.0756
vn -0.7041 0.7049 -0.0865
vn -0.7113 -0.6274 -0.3168
vn -0.3031 -0.0181 0.9528
vn -0.7118 -0.7019 -0.0276
vn -0.7025 0.7113 0.0218
vn -0.7110 0.0132 -0.7030
vn -0.3017 0.8994 0.3163
vn -0.3023 -0.9077 0.2909
vn -0.7120 -0.6934 0.1109
vn -0.7048 0.6256 0.3346
vn -0.7137 -0.6648 0.2207
vn -0.7044 0.6862 0.1816
vn -0.7100 -0.7025 -0.0482
vn -0.7171 -0.6753 0.1727
vn -0.7015 0.6799 0.2137
vn -0.7130 -0.6969 -0.0765
vn -0.7209 -0.6856 0.1009
vn -0.6981 0.6646 0.2664
vn -0.7166 -0.6862 -0.1247
vn -0.7244 -0.6894 0.0075
vn -0.6947 0.6349 0.3379
vn -0.7203 -0.6662 -0.1931
vn -0.7272 -0.6784 -0.1047
vn -0.6913 0.5856 0.4233
vn -0.7239 -0.6308 -0.2794
vn -0.7271 -0.6404 -0.2473
vn -0.6903 0.2925 0.6618
vn -0.6884 0.6075 0.3963
vn -0.7254 -0.5819 -0.3677
vn -0.6912 0.1740 0.7014
vn -0.6900 0.5304 0.4926
vn -0.7247 -0.5536 -0.4103
vn -0.6913 0.3188 0.6484
vn -0.7240 -0.4230 -0.5448
vn -0.7246 -0.4609 -0.5124
vn -0.6922 -0.0353 0.7209
vn -0.6907 0.3490 0.6333
vn -0.7230 -0.3839 -0.5744
vn -0.6952 -0.1278 0.7074
vn -0.7197 -0.3068 -0.6228
vn -0.6991 -0.1989 0.6867
vn -0.6952 0.1544 0.7020
vn -0.7154 -0.2430 -0.6551
vn -0.7036 -0.2420 0.6682
vn -0.6993 0.0825 0.7101
vn -0.7111 -0.2870 -0.6419
vn -0.7037 -0.1277 0.6990
vn 0.0010 0.6992 0.7149
vn -0.0017 0.0110 0.9999
vn 0.0037 -0.7044 -0.7098
vn 0.0017 0.0111 -0.9999
vn -0.7059 0.0078 -0.7083
vn -0.6447 0.2752 -0.7132
vn -0.0027 -0.0114 -0.9999
vn -0.7109 -0.0079 -0.7032
vn -0.6570 0.2319 -0.7173
vn -0.0022 -0.0541 -0.9985
vn -0.6676 0.1610 -0.7269
vn -0.0058 -0.1161 -0.9932
vn -0.7153 -0.0806 -0.6941
vn -0.6748 0.0665 -0.7350
vn -0.0091 -0.2158 -0.9764
vn -0.7197 -0.1490 -0.6781
vn -0.6777 -0.0432 -0.7340
vn -0.0109 -0.3436 -0.9391
vn -0.7230 -0.2365 -0.6492
vn -0.6748 -0.1558 -0.7213
vn -0.4296 -0.4413 -0.7879
vn -0.7244 -0.3319 -0.6042
vn -0.6763 -0.2641 -0.6876
vn -0.6893 -0.4482 -0.5692
vn -0.7241 -0.4229 -0.5449
vn -0.6815 -0.3764 -0.6276
vn -0.6888 -0.5343 -0.4901
vn -0.7253 -0.5035 -0.4696
vn -0.6745 -0.4804 -0.5606
vn -0.6876 -0.6106 -0.3928
vn -0.7268 -0.5742 -0.3770
vn -0.6656 -0.5599 -0.4935
vn -0.6904 -0.6638 -0.2877
vn -0.7240 -0.6308 -0.2793
vn -0.6554 -0.6163 -0.4366
vn -0.6938 -0.6930 -0.1961
vn -0.7203 -0.6663 -0.1931
vn -0.6462 -0.6537 -0.3938
vn -0.6974 -0.7057 -0.1250
vn -0.7166 -0.6862 -0.1248
vn -0.6376 -0.6769 -0.3678
vn -0.7008 -0.7093 -0.0759
vn -0.7131 -0.6969 -0.0766
vn -0.6422 -0.6848 -0.3443
vn -0.7040 -0.7091 -0.0392
vn -0.7099 -0.7026 -0.0484
vn 0.0012 -0.9092 0.4163
vn -0.7022 -0.7115 -0.0242
vn -0.7118 -0.7020 -0.0239
vn -0.3011 0.9011 0.3121
vn 0.0011 0.7100 -0.7042
vn -0.5784 0.5709 0.5827
vn -0.6229 0.6911 0.3666
vn -0.7121 0.7018 0.0210
vn -0.7025 0.7113 0.0219
vn -0.6141 0.6832 0.3950
vn -0.7104 0.7016 0.0554
vn -0.7043 0.7084 0.0462
vn -0.6048 0.6619 0.4427
vn -0.7135 0.6968 0.0734
vn -0.7012 0.7089 0.0755
vn -0.5947 0.6220 0.5094
vn -0.7172 0.6863 0.1212
vn -0.6979 0.7051 0.1257
vn -0.5847 0.5560 0.5908
vn -0.7211 0.6665 0.1891
vn -0.5767 0.4575 0.6769
vn -0.7250 0.6314 0.2752
vn -0.6910 0.6618 0.2908
vn -0.5804 0.3325 0.7433
vn -0.7280 0.5752 0.3730
vn -0.6885 0.6072 0.3966
vn -0.5809 0.2060 0.7875
vn -0.7268 0.5046 0.4659
vn -0.6901 0.5304 0.4924
vn -0.5820 0.0828 0.8089
vn -0.7259 0.4243 0.5413
vn -0.6910 0.4443 0.5702
vn -0.5876 -0.0404 0.8082
vn -0.4673 0.4289 0.7731
vn -0.5987 -0.1472 0.7873
vn 0.0032 0.3425 0.9395
vn -0.6922 0.2476 0.6779
vn -0.6105 -0.2265 0.7590
vn 0.0023 0.2145 0.9767
vn -0.6223 -0.2737 0.7334
vn 0.0009 0.1154 0.9933
vn -0.6992 0.0827 0.7101
vn -0.6223 -0.3050 0.7210
vn -0.0003 0.0538 0.9986
vn -0.7037 0.0382 0.7095
vn 0.5714 -0.5777 -0.5829
vn -0.3475 0.6230 -0.7008
vn 0.5782 0.5839 -0.5699
vn -0.1223 0.8999 0.4186
vn 0.0115 0.7150 -0.6991
vn -0.0013 0.6992 0.7149
vn -0.5752 -0.5869 0.5698
vn -0.3024 -0.9079 0.2902
vn 0.7072 -0.7070 -0.0068
vn -0.5782 -0.5840 0.5698
vn 0.0115 -0.6992 -0.7148
vn -0.1220 -0.9090 0.3984
vn -0.0008 -0.7150 0.6992
vn -0.9539 0.0033 0.3000
vn 0.0023 0.6992 0.7150
vn -0.0010 -0.7149 0.6992
vn -0.4265 0.9044 0.0083
vn 0.7127 -0.0075 -0.7014
vn 0.7083 0.0082 -0.7059
vn -0.7083 -0.0080 0.7059
vn -0.7109 -0.0078 -0.7032
vn 0.7059 -0.0077 0.7083
vn -0.7033 0.0078 0.7108
vn 0.7131 -0.0377 -0.7000
vn -0.7038 0.0381 0.7094
vn -0.7107 -0.0380 -0.7025
vn 0.7009 0.0079 0.7132
vn 0.7180 -0.0803 -0.6914
vn -0.7150 -0.0805 -0.6945
vn 0.7012 0.0384 0.7119
vn -0.6991 0.0825 0.7103
vn 0.7224 -0.1484 -0.6754
vn -0.7196 -0.1489 -0.6782
vn 0.7257 -0.2359 -0.6463
vn 0.6926 0.1547 0.7045
vn -0.6921 0.2473 0.6781
vn 0.7271 -0.3312 -0.6014
vn -0.7245 -0.3319 -0.6042
vn 0.6898 0.2476 0.6803
vn -0.6906 0.3491 0.6333
vn 0.7262 -0.4226 -0.5422
vn -0.6911 0.4442 0.5702
vn -0.7242 -0.4225 -0.5450
vn 0.6887 0.3491 0.6355
vn 0.4649 0.4267 0.7758
vn 0.6910 -0.4442 -0.5702
vn 0.4313 -0.4350 -0.7904
vn 0.7267 -0.5033 -0.4675
vn -0.7251 -0.5037 -0.4696
vn 0.6895 0.4442 0.5722
vn -0.6899 0.5303 0.4927
vn 0.7252 0.5033 0.4699
vn 0.6900 -0.5302 -0.4927
vn 0.7285 -0.5737 -0.3745
vn -0.7267 -0.5744 -0.3767
vn 0.6885 0.5302 0.4949
vn -0.6886 0.6073 0.3962
vn 0.7269 0.5741 0.3769
vn 0.6886 -0.6072 -0.3963
vn 0.7253 -0.6303 -0.2768
vn -0.6911 0.6616 0.2910
vn -0.7240 -0.6307 -0.2793
vn 0.6872 0.6073 0.3987
vn 0.6911 -0.6617 -0.2907
vn 0.7213 -0.6660 -0.1904
vn -0.6943 0.6919 0.1979
vn -0.7203 -0.6663 -0.1930
vn 0.6901 0.6618 0.2930
vn 0.7240 0.6307 0.2794
vn 0.6945 -0.6917 -0.1980
vn 0.7173 -0.6860 -0.1221
vn -0.6979 0.7051 0.1259
vn -0.7165 -0.6863 -0.1249
vn 0.6937 0.6919 0.2003
vn 0.7202 0.6664 0.1931
vn 0.6979 -0.7051 -0.1258
vn 0.7135 -0.6967 -0.0741
vn -0.7013 0.7089 0.0756
vn -0.7134 -0.6966 -0.0764
vn 0.6974 0.7052 0.1281
vn 0.7166 0.6863 0.1246
vn 0.7012 -0.7089 -0.0755
vn 0.7103 -0.7024 -0.0459
vn -0.7099 -0.7026 -0.0482
vn 0.7008 0.7091 0.0778
vn 0.7130 0.6969 0.0766
vn 0.7044 -0.7083 -0.0463
vn 0.7120 -0.7018 -0.0213
vn -0.7024 0.7114 0.0220
vn 0.7117 0.7020 0.0239
vn 0.7026 -0.7113 -0.0218
vn 0.3011 -0.9078 0.2919
vn -0.5991 0.5849 -0.5468
vn -0.5763 -0.5709 -0.5847
vn 0.3008 0.9012 0.3121
vn 0.5764 -0.5837 0.5718
vn 0.7123 -0.7019 -0.0023
vn 0.7059 -0.0047 0.7083
vn 0.7070 0.7072 0.0048
vn 0.7134 -0.0105 -0.7007
vn 0.7010 0.0078 0.7131
vn 0.7133 0.1517 -0.6842
vn 0.7014 0.3158 0.6390
vn 0.7015 -0.2465 0.6687
vn 0.7177 -0.2350 -0.6555
vn 0.6968 0.0829 0.7125
vn 0.6969 -0.2052 0.6872
vn 0.7219 -0.2951 -0.6259
vn 0.6927 0.1547 0.7044
vn 0.6927 -0.1365 0.7081
vn 0.7251 -0.3693 -0.5812
vn 0.6897 0.2476 0.6804
vn 0.6897 -0.0432 0.7228
vn 0.7265 -0.4472 -0.5217
vn 0.6883 0.3493 0.6358
vn 0.7266 -0.2121 -0.6535
vn 0.6894 0.6377 0.3436
vn 0.6885 0.3493 0.6356
vn 0.6888 0.1669 0.7055
vn 0.7268 -0.5751 -0.3755
vn 0.6882 0.5304 0.4951
vn 0.6880 0.2852 0.6673
vn 0.7279 -0.6345 -0.2599
vn 0.6872 0.6073 0.3986
vn 0.7287 -0.4903 -0.4782
vn 0.6901 0.7237 0.0008
vn 0.6868 0.6077 0.3988
vn 0.7249 -0.5648 -0.3943
vn 0.6944 0.7131 -0.0965
vn 0.6902 0.6617 0.2929
vn 0.7213 -0.6166 -0.3154
vn 0.6978 0.6956 -0.1710
vn 0.6935 0.6920 0.2004
vn 0.7176 -0.6497 -0.2508
vn 0.7011 0.6778 -0.2214
vn 0.6971 0.7054 0.1281
vn 0.7136 -0.6701 -0.2045
vn 0.7046 0.6641 -0.2500
vn 0.7009 0.7090 0.0779
vn 0.7034 0.6256 0.3375
vn 0.7119 -0.6936 0.1101
vn 0.7022 0.7116 0.0242
vn 0.7117 -0.7020 -0.0252
vn 0.3004 -0.0106 0.9538
vn 0.7026 0.7112 0.0242
vn 0.3006 0.8994 0.3173
vn 0.7132 0.0079 -0.7009
vn 0.3014 -0.9077 0.2919
vn 0.7125 -0.6280 -0.3129
vn 0.7042 0.7046 -0.0874
vn 0.7103 -0.7025 -0.0459
vn 0.7038 0.6861 0.1840
vn 0.7129 -0.6648 0.2231
vn 0.7102 -0.7026 -0.0458
vn 0.7005 0.6802 0.2161
vn 0.7167 -0.6750 0.1750
vn 0.7136 -0.6967 -0.0741
vn 0.6970 0.6648 0.2688
vn 0.7206 -0.6856 0.1033
vn 0.7172 -0.6860 -0.1222
vn 0.6936 0.6350 0.3401
vn 0.7243 -0.6894 0.0100
vn 0.7208 -0.6664 -0.1907
vn 0.6897 0.5859 0.4255
vn 0.7278 -0.6781 -0.1023
vn 0.7251 -0.6306 -0.2769
vn 0.7286 -0.3641 -0.5802
vn 0.6885 0.6201 0.3761
vn 0.7269 -0.5031 -0.4674
vn 0.7271 -0.2540 -0.6378
vn 0.6891 0.5402 0.4830
vn 0.7260 -0.4227 -0.5424
vn 0.6887 0.3195 0.6509
vn 0.7265 -0.5528 -0.4083
vn 0.7262 -0.4223 -0.5425
vn 0.7267 -0.0555 -0.6847
vn 0.6898 0.3915 0.6090
vn 0.7251 -0.2361 -0.6469
vn 0.7252 0.0462 -0.6870
vn 0.6928 0.3137 0.6493
vn 0.7219 0.1355 -0.6786
vn 0.6968 0.2475 0.6732
vn 0.7177 -0.0804 -0.6917
vn 0.7175 0.2032 -0.6662
vn 0.7013 0.2037 0.6831
vn 0.7130 -0.0375 -0.7001
vn 0.7013 -0.1276 0.7013
vn 0.7133 -0.2868 -0.6395
vn 0.7130 -0.0377 -0.7002
vn 0.7010 0.0079 0.7131
vn 0.0013 -0.7045 -0.7097
vn 0.0061 -0.0114 -0.9999
vn 0.6470 0.2758 -0.7109
vn 0.7134 -0.0077 -0.7007
vn 0.0056 -0.0541 -0.9985
vn 0.6592 0.2324 -0.7151
vn 0.0092 -0.1161 -0.9932
vn 0.6699 0.1615 -0.7247
vn 0.0124 -0.2155 -0.9764
vn 0.6771 0.0673 -0.7328
vn 0.7219 -0.1486 -0.6758
vn 0.0140 -0.3436 -0.9390
vn 0.6801 -0.0426 -0.7319
vn 0.7252 -0.2362 -0.6468
vn 0.4324 -0.4413 -0.7864
vn 0.6772 -0.1556 -0.7191
vn 0.7266 -0.3316 -0.6017
vn 0.6914 -0.4479 -0.5669
vn 0.6786 -0.2637 -0.6855
vn 0.6905 -0.5338 -0.4881
vn 0.6835 -0.3756 -0.6259
vn 0.7269 -0.5031 -0.4675
vn 0.6891 -0.6104 -0.3904
vn 0.6764 -0.4801 -0.5586
vn 0.7282 -0.5740 -0.3744
vn 0.6915 -0.6635 -0.2855
vn 0.6673 -0.5595 -0.4917
vn 0.7251 -0.6305 -0.2770
vn 0.6947 -0.6928 -0.1937
vn 0.6569 -0.6161 -0.4346
vn 0.6981 -0.7055 -0.1227
vn 0.6476 -0.6535 -0.3919
vn 0.7172 -0.6860 -0.1224
vn 0.7012 -0.7091 -0.0735
vn 0.6389 -0.6767 -0.3660
vn 0.7043 -0.7085 -0.0454
vn 0.6435 -0.6846 -0.3423
vn 0.7103 -0.7024 -0.0460
vn 0.7025 -0.7113 -0.0218
vn -0.0006 -0.9092 0.4163
vn 0.7120 -0.7018 -0.0215
vn -0.0027 0.8997 0.4364
vn 0.7118 0.7020 0.0240
vn 0.7022 0.7115 0.0242
vn 0.7118 0.7020 0.0234
vn 0.6213 0.6912 0.3690
vn 0.7022 0.7115 0.0243
vn 0.7099 0.7026 0.0480
vn 0.6124 0.6834 0.3974
vn 0.7039 0.7086 0.0486
vn 0.7131 0.6970 0.0758
vn 0.6030 0.6621 0.4450
vn 0.7165 0.6865 0.1237
vn 0.5926 0.6221 0.5118
vn 0.6973 0.7052 0.1282
vn 0.7202 0.6668 0.1916
vn 0.5824 0.5559 0.5931
vn 0.7239 0.6315 0.2778
vn 0.5740 0.4574 0.6792
vn 0.6899 0.6619 0.2931
vn 0.7267 0.5754 0.3753
vn 0.5777 0.3326 0.7454
vn 0.6871 0.6074 0.3988
vn 0.7250 0.5047 0.4686
vn 0.5779 0.2058 0.7898
vn 0.6883 0.5304 0.4949
vn 0.7239 0.4243 0.5440
vn 0.5790 0.0824 0.8111
vn 0.6889 0.4443 0.5727
vn 0.4645 0.4289 0.7748
vn 0.5846 -0.0406 0.8103
vn 0.6884 0.3491 0.6357
vn -0.0064 0.3422 0.9396
vn 0.5958 -0.1475 0.7895
vn -0.0056 0.2145 0.9767
vn 0.6078 -0.2266 0.7611
vn -0.0043 0.1154 0.9933
vn 0.6197 -0.2740 0.7355
vn 0.6968 0.0828 0.7125
vn -0.0031 0.0537 0.9986
vn 0.6197 -0.3051 0.7231
vn 0.7013 0.0384 0.7118
vn 0.3494 0.6232 -0.6996
vn -0.5693 -0.5778 -0.5848
vn -0.5764 0.5837 -0.5718
vn 0.3060 0.9012 0.3069
vn 0.3500 0.7140 -0.6064
vn -0.5765 0.5837 -0.5718
vn -0.7082 -0.0006 0.7060
vn 0.5734 -0.5867 0.5718
vn 0.5763 0.5710 0.5847
vn -0.7071 -0.7071 -0.0073
vn 0.3017 -0.9077 0.2917
vn 0.5764 -0.5836 0.5720
vn 0.3500 -0.7002 -0.6223
vn 0.3063 -0.9077 0.2867
vn -0.0047 0.6992 0.7149
vn 0.9530 -0.0032 0.3031
vn -0.0013 -0.7149 0.6992
vn -0.0013 0.6993 0.7148
vn 0.4261 0.9046 0.0108
vn 0.7072 -0.7069 -0.0124
vn 0.5760 -0.0090 0.8174
vn 0.7070 0.7072 0.0088
vn 0.7070 0.7072 0.0034
vn -0.0009 0.8997 0.4364
vn -0.7072 0.7070 0.0064
vn -0.0072 -0.6992 -0.7149
vn -0.2989 -0.9079 0.2938
vn 0.5784 -0.5708 -0.5828
vn -0.7070 -0.7071 -0.0093
vn -0.3664 0.8517 0.3746
vn -0.3033 -0.9079 0.2895
vn 0.8166 -0.5772 -0.0050
vn -0.5787 -0.0190 0.8153
vn -0.7070 -0.7071 -0.0150
vn -0.7072 0.7069 0.0066
vn 0.0096 0.7150 -0.6991
vn 0.2979 0.9011 0.3149
vn 0.8164 0.5774 0.0126
vn -0.3036 0.9011 0.3097
vn 0.5782 0.5838 -0.5699
vn 0.2982 -0.9078 0.2948
vn 0.0013 -0.6992 -0.7149
vn -0.5763 -0.5710 -0.5847
vn 0.3412 0.8714 0.3524
vn 0.7072 -0.7069 -0.0067
vn 0.3416 -0.8789 0.3329
vn -0.5764 0.5837 -0.5719
vn 0.5783 0.5838 -0.5699
vn -0.0011 -0.7149 0.6992
vn -0.0017 0.0538 0.9986
vn -0.0017 0.1155 0.9933
vn -0.0017 0.2144 0.9767
vn -0.0016 0.3423 0.9396
vn -0.0007 0.9485 0.3167
vn 0.0015 0.3167 -0.9485
vn -0.0006 0.9485 0.3168
vn 0.0016 -0.3425 -0.9395
vn 0.0016 0.3166 -0.9486
vn 0.0017 -0.2147 -0.9767
vn 0.0017 -0.1153 -0.9933
vn 0.0017 -0.2140 -0.9768
vn 0.0017 -0.0533 -0.9986
vn 0.0017 -0.0105 -0.9999
vn 0.0017 -0.0540 -0.9985
vn 0.5785 -0.5707 -0.5828
vn -0.7121 -0.7020 -0.0090
vn -0.7059 0.0080 -0.7083
vn -0.7072 0.7069 0.0067
vn -0.7109 -0.0107 -0.7032
vn -0.7037 -0.1221 0.7000
vn -0.7106 -0.0378 -0.7026
vn -0.7110 -0.2897 -0.6407
vn -0.7036 -0.2470 0.6663
vn -0.6992 0.0824 0.7101
vn -0.7153 -0.2353 -0.6580
vn -0.6991 -0.2053 0.6849
vn -0.6951 0.1545 0.7021
vn -0.7197 -0.2954 -0.6283
vn -0.6951 -0.1364 0.7058
vn -0.6920 0.2476 0.6781
vn -0.7230 -0.3695 -0.5837
vn -0.6921 -0.0435 0.7204
vn -0.6906 0.3493 0.6333
vn -0.7246 -0.4475 -0.5241
vn -0.6912 0.3330 0.6413
vn -0.7241 -0.4230 -0.5448
vn -0.7247 -0.5579 -0.4044
vn -0.6912 0.1667 0.7032
vn -0.6901 0.5302 0.4927
vn -0.7253 -0.5754 -0.3780
vn -0.6901 0.2853 0.6651
vn -0.6882 0.6076 0.3964
vn -0.7272 -0.6342 -0.2625
vn -0.6913 0.5957 0.4089
vn -0.7273 -0.6796 -0.0962
vn -0.6948 0.6415 0.3252
vn -0.7201 -0.6665 -0.1931
vn -0.7242 -0.6894 0.0144
vn -0.6979 0.6686 0.2567
vn -0.7168 -0.6861 -0.1248
vn -0.7210 -0.6849 0.1056
vn -0.7014 0.6819 0.2075
vn -0.7171 -0.6745 0.1755
vn -0.7045 0.6870 0.1780
vn -0.7136 -0.6640 0.2233
vn -0.7048 0.6253 0.3351
vn -0.7026 0.7113 0.0217
vn -0.7120 -0.6939 0.1077
vn -0.3022 0.8993 0.3162
vn -0.7107 0.0132 -0.7033
vn -0.7121 -0.7016 -0.0275
vn -0.7022 0.7117 0.0218
vn -0.3027 -0.0181 0.9529
vn -0.7114 -0.6281 -0.3154
vn -0.7100 -0.7025 -0.0484
vn -0.7040 0.7045 -0.0896
vn -0.7126 -0.6692 -0.2104
vn -0.7014 0.7088 0.0755
vn -0.7039 0.6650 -0.2496
vn -0.7166 -0.6476 -0.2592
vn -0.6977 0.7052 0.1258
vn -0.7005 0.6790 -0.2195
vn -0.7201 -0.6120 -0.3269
vn -0.6945 0.6917 0.1981
vn -0.6974 0.6967 -0.1681
vn -0.7237 -0.5566 -0.4080
vn -0.6910 0.6618 0.2907
vn -0.6940 0.7141 -0.0918
vn -0.7267 -0.4788 -0.4927
vn -0.6905 0.7232 0.0078
vn -0.7265 -0.3643 -0.5827
vn -0.7251 -0.5035 -0.4698
vn -0.6900 0.6198 0.3739
vn -0.7249 -0.2541 -0.6402
vn -0.6909 0.5400 0.4806
vn -0.7243 -0.1983 -0.6604
vn -0.6908 0.6339 0.3478
vn -0.7244 -0.0557 -0.6871
vn -0.6921 0.3912 0.6067
vn -0.7228 0.0461 -0.6895
vn -0.7196 -0.1486 -0.6782
vn -0.6951 0.3136 0.6468
vn -0.7197 0.1352 -0.6810
vn -0.7153 -0.0806 -0.6942
vn -0.6992 0.2474 0.6708
vn -0.7155 0.2028 -0.6686
vn -0.7106 -0.0380 -0.7026
vn -0.7037 0.2033 0.6808
vn -0.7111 0.1572 -0.6853
vn -0.7036 0.3140 0.6374
vn -0.7083 -0.0062 0.7059
vn -0.0017 -0.0111 0.9999
vn -0.0018 -0.0332 0.9994
vn -0.7109 -0.0094 -0.7033
vn 0.0017 -0.0110 -0.9999
vn -0.7029 -0.1295 -0.6994
vn 0.0017 -0.0538 -0.9985
vn -0.7056 -0.1722 -0.6873
vn 0.0017 -0.1154 -0.9933
vn 0.0017 -0.0538 -0.9986
vn -0.7085 -0.2390 -0.6640
vn 0.0017 -0.2146 -0.9767
vn -0.7111 -0.3221 -0.6249
vn 0.0017 -0.2148 -0.9767
vn -0.7130 -0.4091 -0.5694
vn -0.4284 -0.4353 -0.7918
vn 0.0016 -0.3424 -0.9395
vn -0.7143 -0.4877 -0.5019
vn -0.6890 -0.4444 -0.5726
vn -0.0597 -0.1363 -0.9889
vn -0.7164 -0.5548 -0.4231
vn -0.6882 -0.5304 -0.4950
vn -0.0906 0.0214 -0.9957
vn -0.7160 -0.6228 -0.3154
vn -0.6870 -0.6077 -0.3984
vn -0.1012 -0.1431 -0.9845
vn -0.7139 -0.6683 -0.2090
vn -0.6899 -0.6619 -0.2930
vn -0.1034 -0.3160 -0.9431
vn -0.7114 -0.6928 -0.1181
vn -0.1055 -0.4514 -0.8861
vn -0.7092 -0.7033 -0.0487
vn -0.6973 -0.7053 -0.1281
vn -0.1061 -0.5511 -0.8277
vn -0.7071 -0.7071 -0.0010
vn -0.1065 -0.6164 -0.7802
vn -0.7051 -0.7086 0.0263
vn -0.7039 -0.7086 -0.0487
vn -0.1070 -0.6550 -0.7480
vn -0.7064 -0.7060 0.0506
vn -0.1086 -0.6719 -0.7327
vn -0.3008 -0.9079 0.2920
vn 0.0586 -0.7038 -0.7080
vn -0.7120 0.7018 0.0216
vn -0.7012 0.7124 -0.0278
vn -0.1335 0.6632 0.7364
vn -0.6992 0.7149 0.0013
vn -0.7135 0.6967 0.0741
vn -0.1151 0.6454 0.7551
vn -0.6970 0.7153 0.0509
vn -0.7172 0.6861 0.1222
vn -0.1431 0.5998 0.7873
vn -0.6948 0.7086 0.1230
vn -0.1602 0.5265 0.8350
vn -0.6927 0.6878 0.2171
vn -0.7251 0.6305 0.2769
vn -0.1780 0.4195 0.8901
vn -0.6913 0.6440 0.3276
vn -0.7282 0.5740 0.3745
vn -0.1936 0.2759 0.9415
vn -0.6924 0.5772 0.4330
vn -0.7269 0.5029 0.4676
vn -0.2015 0.1019 0.9742
vn -0.6931 0.4943 0.5247
vn -0.7260 0.4229 0.5423
vn -0.1831 -0.0602 0.9813
vn -0.6928 0.4126 0.5914
vn -0.4677 0.4264 0.7742
vn -0.1927 -0.2080 0.9590
vn -0.6936 0.3233 0.6437
vn -0.0016 0.3424 0.9396
vn -0.1753 -0.0367 0.9838
vn -0.6949 0.2395 0.6780
vn -0.0017 0.2147 0.9767
vn -0.0609 0.3144 0.9473
vn -0.6971 0.1722 0.6960
vn -0.0017 0.1154 0.9933
vn -0.0492 0.1915 0.9803
vn -0.6998 0.1297 0.7025
vn -0.0017 0.0538 0.9985
vn -0.0333 0.1000 0.9944
vn -0.6994 0.0990 0.7078
vn -0.0189 0.0453 0.9988
vn 0.8174 -0.0032 -0.5761
vn 0.0015 -0.6992 -0.7149
vn 0.0125 0.7148 -0.6992
vn -0.3073 0.9011 0.3059
vn -0.3479 0.7139 -0.6077
vn 0.8155 -0.0061 0.5787
vn -0.4262 -0.9045 -0.0108
vn -0.0011 -0.7150 0.6992
vn -0.3479 -0.7003 -0.6233
vn 0.5784 -0.5707 -0.5828
vn -0.3070 -0.9078 0.2857
vn -0.3066 -0.9063 0.2909
vn -0.3022 0.9011 0.3111
vn 0.7059 -0.0128 0.7082
vn -0.3027 0.9011 0.3104
vn -0.5784 0.5709 0.5826
vn 0.7070 0.7072 0.0107
vn 0.7241 0.4229 0.5449
vn 0.7098 0.7027 0.0483
vn 0.5762 0.5710 0.5847
vn 0.7083 0.0080 -0.7058
vn 0.7133 -0.2896 -0.6382
vn 0.7014 -0.1219 0.7023
vn 0.7014 0.1964 0.6852
vn 0.7131 -0.0376 -0.7000
vn 0.7177 0.2069 -0.6649
vn 0.6968 0.2349 0.6777
vn 0.7177 -0.0804 -0.6916
vn 0.7219 0.1416 -0.6774
vn 0.6928 0.2978 0.6568
vn 0.7220 -0.1487 -0.6758
vn 0.7252 0.0534 -0.6864
vn 0.6898 0.3765 0.6184
vn 0.7252 -0.2360 -0.6468
vn 0.7267 -0.0472 -0.6853
vn 0.7263 -0.5574 -0.4023
vn 0.6889 0.3332 0.6437
vn 0.6891 0.5320 0.4921
vn 0.7261 -0.4226 -0.5424
vn 0.7272 -0.2492 -0.6396
vn 0.6885 0.6108 0.3911
vn 0.7284 -0.3580 -0.5841
vn 0.7281 -0.6790 -0.0938
vn 0.6894 0.5963 0.4113
vn 0.7243 -0.6893 0.0166
vn 0.7208 -0.6664 -0.1906
vn 0.6937 0.6415 0.3275
vn 0.7206 -0.6849 0.1082
vn 0.7172 -0.6860 -0.1223
vn 0.6971 0.6685 0.2591
vn 0.7167 -0.6743 0.1780
vn 0.7136 -0.6967 -0.0742
vn 0.7006 0.6821 0.2097
vn 0.7129 -0.6639 0.2259
vn 0.7102 -0.7026 -0.0459
vn 0.7039 0.6871 0.1803
vn 0.7041 0.7051 -0.0841
vn 0.7126 -0.6272 -0.3144
vn 0.7128 0.0079 -0.7014
vn 0.3007 -0.9079 0.2920
vn 0.3013 0.8992 0.3172
vn 0.2997 -0.0106 0.9540
vn 0.7021 0.7117 0.0242
vn 0.7122 -0.7016 -0.0251
vn 0.7119 -0.6930 0.1133
vn 0.7033 0.6259 0.3370
vn 0.7044 0.6653 -0.2472
vn 0.7007 0.7092 0.0777
vn 0.7137 -0.6688 -0.2080
vn 0.7014 0.6789 -0.2171
vn 0.6974 0.7051 0.1281
vn 0.7173 -0.6476 -0.2569
vn 0.6977 0.6969 -0.1657
vn 0.6935 0.6920 0.2005
vn 0.7214 -0.6118 -0.3245
vn 0.6943 0.7141 -0.0894
vn 0.6902 0.6619 0.2926
vn 0.7250 -0.5566 -0.4056
vn 0.6903 0.7235 0.0100
vn 0.6870 0.6075 0.3987
vn 0.7285 -0.4785 -0.4902
vn 0.7280 -0.6404 -0.2447
vn 0.6871 0.6074 0.3987
vn 0.6880 0.2928 0.6640
vn 0.7267 -0.5819 -0.3652
vn 0.6884 0.5303 0.4949
vn 0.6888 0.1740 0.7037
vn 0.6891 0.6346 0.3500
vn 0.6883 0.3496 0.6356
vn 0.7269 -0.1974 -0.6578
vn 0.7265 -0.4607 -0.5100
vn 0.6884 0.3492 0.6357
vn 0.6897 -0.0349 0.7233
vn 0.7251 -0.3835 -0.5720
vn 0.6897 0.2477 0.6804
vn 0.6928 -0.1276 0.7098
vn 0.7219 -0.3065 -0.6204
vn 0.6927 0.1546 0.7045
vn 0.6969 -0.1988 0.6891
vn 0.7176 -0.2427 -0.6528
vn 0.7014 -0.2417 0.6706
vn 0.7014 0.3142 0.6398
vn 0.7133 0.1574 -0.6829
vn -0.0017 -0.0332 0.9994
vn 0.7059 -0.0062 0.7083
vn 0.7133 -0.0092 -0.7008
vn 0.7055 -0.1286 -0.6970
vn 0.0017 -0.0537 -0.9986
vn 0.7082 -0.1713 -0.6849
vn 0.7109 -0.2381 -0.6617
vn 0.0017 -0.2145 -0.9767
vn 0.0016 -0.3424 -0.9396
vn 0.7136 -0.3210 -0.6227
vn 0.4312 -0.4352 -0.7903
vn 0.7152 -0.4082 -0.5673
vn 0.0626 -0.1363 -0.9887
vn 0.6910 -0.4443 -0.5702
vn 0.7162 -0.4871 -0.4998
vn 0.0932 0.0215 -0.9954
vn 0.7181 -0.5541 -0.4210
vn 0.1037 -0.1431 -0.9843
vn 0.6886 -0.6072 -0.3965
vn 0.7175 -0.6218 -0.3138
vn 0.1059 -0.3159 -0.9429
vn 0.7149 -0.6678 -0.2072
vn 0.1077 -0.4513 -0.8858
vn 0.6944 -0.6918 -0.1981
vn 0.7121 -0.6924 -0.1164
vn 0.1082 -0.5510 -0.8275
vn 0.7097 -0.7030 -0.0469
vn 0.1085 -0.6163 -0.7800
vn 0.7012 -0.7089 -0.0756
vn 0.7073 -0.7069 0.0008
vn 0.1088 -0.6550 -0.7478
vn 0.7044 -0.7076 -0.0558
vn 0.7053 -0.7084 0.0281
vn 0.1094 -0.6718 -0.7326
vn 0.7065 -0.7058 0.0525
vn -0.0590 -0.7038 -0.7079
vn 0.3001 -0.9078 0.2929
vn 0.2998 0.9012 0.3131
vn 0.5762 0.5711 0.5847
vn 0.0041 0.7100 -0.7042
vn 0.1300 0.6633 0.7370
vn 0.7100 0.7031 0.0392
vn 0.7011 0.7126 -0.0249
vn 0.1236 0.6456 0.7536
vn 0.7131 0.6969 0.0766
vn 0.6990 0.7151 0.0042
vn 0.1393 0.5998 0.7879
vn 0.6967 0.7154 0.0539
vn 0.1563 0.5265 0.8357
vn 0.7203 0.6663 0.1931
vn 0.6942 0.7086 0.1260
vn 0.1739 0.4196 0.8909
vn 0.7240 0.6307 0.2793
vn 0.6918 0.6877 0.2200
vn 0.1892 0.2758 0.9424
vn 0.7270 0.5740 0.3769
vn 0.6901 0.6438 0.3305
vn 0.1974 0.1015 0.9751
vn 0.7252 0.5032 0.4700
vn 0.6908 0.5770 0.4358
vn 0.1787 -0.0602 0.9821
vn 0.7241 0.4229 0.5448
vn 0.6912 0.4940 0.5274
vn 0.1883 -0.2082 0.9598
vn 0.4650 0.4262 0.7760
vn 0.6908 0.4120 0.5942
vn 0.1713 -0.0369 0.9845
vn 0.6913 0.3229 0.6464
vn 0.0575 0.3142 0.9476
vn 0.6925 0.2390 0.6807
vn 0.0459 0.1915 0.9804
vn 0.6948 0.1717 0.6984
vn 0.0299 0.1000 0.9945
vn 0.6974 0.1290 0.7049
vn 0.0155 0.0453 0.9989
vn 0.6971 0.0985 0.7102
vn -0.0106 0.7148 -0.6992
vn -0.8154 -0.0035 -0.5788
vn 0.1207 0.8999 0.4189
vn -0.0015 0.6992 0.7149
vn -0.0091 0.7149 -0.6991
vn -0.8175 0.0022 0.5760
vn -0.0011 -0.7148 0.6993
vn -0.0011 -0.7147 0.6994
vn 0.4267 -0.9043 -0.0104
vn -0.0091 -0.6992 -0.7149
vn 0.1210 -0.9090 0.3988
vn 0.3009 0.9012 0.3121
vn 0.3059 -0.9062 0.2920
vn -0.7071 0.7070 0.0066
vn 0.5762 0.5712 0.5846
vn 0.3014 0.9013 0.3113
vn 0.5782 0.5873 -0.5663
vn 0.0011 0.7150 -0.6992
vn -0.2992 0.9010 0.3140
vn 0.7072 -0.7069 -0.0126
vn -0.7070 -0.7072 -0.0091
vn 0.0046 -0.9092 0.4163
vn 0.3012 -0.9078 0.2919
vn -0.5743 -0.5709 -0.5867
vn -0.5765 0.5871 -0.5684
vn -0.7059 0.0163 -0.7081
vn -0.7072 0.7070 0.0008
vn 0.7070 0.7072 0.0090
vn -0.0060 0.8997 0.4364
vn -0.5745 0.5837 -0.5738
vn 0.3009 0.9011 0.3121
vn -0.4266 0.9044 0.0068
vn 0.7072 -0.7070 -0.0069
vn -0.7069 -0.7071 -0.0148
vn -0.0006 0.9485 0.3169
vt 0.110500 0.410600
vt 0.101700 0.010000
vt 0.110500 0.010100
vt 0.101700 0.410500
vt 0.093200 0.009900
vt 0.129700 0.405700
vt 0.120800 0.005200
vt 0.129700 0.005200
vt 0.110500 0.417300
vt 0.093200 0.417000
vt 0.093200 0.410400
vt 0.129700 0.412400
vt 0.120800 0.405900
vt 0.110500 0.424000
vt 0.101700 0.417200
vt 0.101700 0.423900
vt 0.129700 0.419200
vt 0.120800 0.412800
vt 0.110500 0.430600
vt 0.101700 0.430600
vt 0.093200 0.423600
vt 0.129700 0.426200
vt 0.120800 0.419800
vt 0.110500 0.437200
vt 0.101700 0.437300
vt 0.093200 0.430400
vt 0.129700 0.433500
vt 0.120800 0.426900
vt 0.110500 0.444300
vt 0.101700 0.444500
vt 0.093200 0.437300
vt 0.129700 0.441300
vt 0.120800 0.434300
vt 0.110500 0.452000
vt 0.093200 0.452500
vt 0.093200 0.444600
vt 0.129700 0.449900
vt 0.120800 0.442100
vt 0.117000 0.451000
vt 0.114300 0.444000
vt 0.117000 0.442700
vt 0.110500 0.460900
vt 0.101700 0.452300
vt 0.101700 0.461100
vt 0.129700 0.459600
vt 0.120800 0.450500
vt 0.114300 0.460600
vt 0.114300 0.451600
vt 0.110500 0.468700
vt 0.101700 0.468900
vt 0.093200 0.461300
vt 0.129700 0.468300
vt 0.120800 0.459900
vt 0.117000 0.460300
vt 0.114300 0.468600
vt 0.110500 0.476400
vt 0.093200 0.476700
vt 0.093200 0.469100
vt 0.129700 0.476500
vt 0.120800 0.468300
vt 0.117000 0.476400
vt 0.117000 0.468500
vt 0.110500 0.484100
vt 0.101700 0.476500
vt 0.093200 0.484400
vt 0.129700 0.484500
vt 0.120800 0.476500
vt 0.117000 0.484400
vt 0.114300 0.476400
vt 0.110500 0.492000
vt 0.101700 0.484200
vt 0.093200 0.492200
vt 0.129700 0.492600
vt 0.120800 0.484500
vt 0.117000 0.492400
vt 0.114300 0.484200
vt 0.110500 0.500200
vt 0.101700 0.492000
vt 0.093200 0.500300
vt 0.129700 0.500800
vt 0.120800 0.492600
vt 0.117000 0.500600
vt 0.114300 0.492200
vt 0.110500 0.508500
vt 0.101700 0.500200
vt 0.093200 0.508500
vt 0.129700 0.509100
vt 0.120800 0.500800
vt 0.117000 0.508900
vt 0.114300 0.500400
vt 0.110500 0.516900
vt 0.101700 0.508500
vt 0.101700 0.516800
vt 0.129700 0.517600
vt 0.120800 0.509100
vt 0.114300 0.517100
vt 0.114300 0.508700
vt 0.110500 0.830400
vt 0.093200 0.837700
vt 0.093200 0.516800
vt 0.120800 0.831100
vt 0.120800 0.517500
vt 0.117000 0.831600
vt 0.117000 0.517300
vt 0.113000 0.010100
vt 0.113000 0.410700
vt 0.118400 0.406000
vt 0.118400 0.005400
vt 0.118400 0.420000
vt 0.118400 0.413000
vt 0.118400 0.427100
vt 0.118400 0.434600
vt 0.118400 0.442400
vt 0.118400 0.460100
vt 0.118400 0.450800
vt 0.118400 0.468400
vt 0.118400 0.476400
vt 0.118400 0.484400
vt 0.118400 0.492500
vt 0.118400 0.500700
vt 0.118400 0.517400
vt 0.118400 0.509000
vt 0.113000 0.830500
vt 0.113000 0.508600
vt 0.113000 0.517000
vt 0.113000 0.500300
vt 0.113000 0.492100
vt 0.113000 0.484200
vt 0.113000 0.476400
vt 0.113000 0.460800
vt 0.113000 0.468700
vt 0.113000 0.451900
vt 0.113000 0.437200
vt 0.113000 0.444200
vt 0.113000 0.430500
vt 0.113000 0.424000
vt 0.113000 0.417300
vt 0.114300 0.410700
vt 0.117000 0.005400
vt 0.117000 0.406100
vt 0.117000 0.413100
vt 0.117000 0.420100
vt 0.117000 0.427300
vt 0.117000 0.434700
vt 0.118400 0.831000
vt 0.114300 0.831400
vt 0.114300 0.437100
vt 0.114300 0.430500
vt 0.114300 0.424000
vt 0.114300 0.417300
vt 0.920000 0.996200
vt 0.934600 0.394300
vt 0.934600 0.996200
vt 0.890100 0.981100
vt 0.877500 0.394300
vt 0.890100 0.394300
vt 0.895700 0.983300
vt 0.901800 0.394300
vt 0.901800 0.983300
vt 0.894300 0.981100
vt 0.895700 0.394300
vt 0.920000 0.394300
vt 0.907400 0.981000
vt 0.907400 0.394300
vt 0.894300 0.394300
vt 0.903200 0.394300
vt 0.903200 0.981100
vt 0.073400 0.009100
vt 0.064400 0.416300
vt 0.064400 0.009200
vt 0.082000 0.009000
vt 0.073400 0.416200
vt 0.053900 0.004200
vt 0.044900 0.411200
vt 0.044900 0.004100
vt 0.064400 0.423100
vt 0.082000 0.422900
vt 0.073400 0.423000
vt 0.053900 0.411500
vt 0.044900 0.418000
vt 0.064400 0.429900
vt 0.073400 0.429800
vt 0.053900 0.418500
vt 0.044900 0.424900
vt 0.064400 0.436600
vt 0.082000 0.429600
vt 0.073400 0.436600
vt 0.053900 0.425600
vt 0.044900 0.432000
vt 0.064400 0.443300
vt 0.082000 0.436500
vt 0.073400 0.443500
vt 0.053900 0.432800
vt 0.044900 0.439400
vt 0.064400 0.450500
vt 0.082000 0.443500
vt 0.073400 0.450700
vt 0.053900 0.440300
vt 0.044900 0.447300
vt 0.064400 0.458400
vt 0.082000 0.459000
vt 0.073400 0.458700
vt 0.053900 0.448200
vt 0.044900 0.456100
vt 0.060500 0.450100
vt 0.057800 0.457300
vt 0.057800 0.448800
vt 0.064400 0.467300
vt 0.073400 0.467700
vt 0.053900 0.456800
vt 0.044900 0.466000
vt 0.060500 0.467000
vt 0.057800 0.466700
vt 0.064400 0.475300
vt 0.082000 0.467900
vt 0.073400 0.475600
vt 0.053900 0.466300
vt 0.044900 0.474800
vt 0.060500 0.475200
vt 0.057800 0.475000
vt 0.064400 0.483100
vt 0.082000 0.483500
vt 0.073400 0.483200
vt 0.053900 0.474800
vt 0.044900 0.483100
vt 0.057800 0.483100
vt 0.064400 0.491000
vt 0.082000 0.491200
vt 0.073400 0.491000
vt 0.053900 0.483100
vt 0.044900 0.491400
vt 0.060500 0.483100
vt 0.057800 0.491200
vt 0.064400 0.499000
vt 0.082000 0.499200
vt 0.073400 0.499000
vt 0.053900 0.491300
vt 0.044900 0.499600
vt 0.060500 0.491100
vt 0.057800 0.499300
vt 0.064400 0.507300
vt 0.082000 0.507400
vt 0.073400 0.507300
vt 0.053900 0.499600
vt 0.044900 0.507900
vt 0.060500 0.499200
vt 0.057800 0.507700
vt 0.064400 0.515700
vt 0.082000 0.515700
vt 0.073400 0.515700
vt 0.053900 0.507900
vt 0.044900 0.516400
vt 0.060500 0.507500
vt 0.057800 0.516100
vt 0.064400 0.524200
vt 0.073400 0.524200
vt 0.053900 0.516300
vt 0.044900 0.524900
vt 0.060500 0.524500
vt 0.057800 0.524600
vt 0.064400 0.842900
vt 0.082000 0.850400
vt 0.073400 0.850400
vt 0.053900 0.843600
vt 0.044900 0.851200
vt 0.057800 0.844200
vt 0.061900 0.009200
vt 0.056400 0.411600
vt 0.056400 0.425800
vt 0.056400 0.433000
vt 0.056400 0.440600
vt 0.056400 0.448500
vt 0.056400 0.466500
vt 0.056400 0.474900
vt 0.056400 0.483100
vt 0.056400 0.491300
vt 0.056400 0.499500
vt 0.056400 0.507800
vt 0.056400 0.524800
vt 0.053900 0.524900
vt 0.061900 0.843000
vt 0.061900 0.515800
vt 0.061900 0.507400
vt 0.061900 0.499100
vt 0.061900 0.491000
vt 0.061900 0.483100
vt 0.061900 0.467200
vt 0.061900 0.458200
vt 0.061900 0.443300
vt 0.061900 0.436500
vt 0.061900 0.429800
vt 0.061900 0.423100
vt 0.060500 0.416300
vt 0.061900 0.416300
vt 0.057800 0.004400
vt 0.056400 0.004300
vt 0.057800 0.411700
vt 0.056400 0.418700
vt 0.057800 0.418700
vt 0.057800 0.425900
vt 0.057800 0.433200
vt 0.057800 0.440700
vt 0.056400 0.457000
vt 0.056400 0.516200
vt 0.056400 0.843500
vt 0.061900 0.524300
vt 0.060500 0.515900
vt 0.061900 0.475200
vt 0.060500 0.457900
vt 0.061900 0.450400
vt 0.060500 0.443200
vt 0.060500 0.436500
vt 0.060500 0.429800
vt 0.060500 0.423100
vt 0.941000 0.394200
vt 0.955600 0.996200
vt 0.941000 0.996200
vt 0.985500 0.981000
vt 0.998100 0.394300
vt 0.998100 0.996200
vt 0.973700 0.394300
vt 0.979900 0.983300
vt 0.973700 0.983300
vt 0.979900 0.394300
vt 0.981300 0.981000
vt 0.955600 0.394200
vt 0.968200 0.981000
vt 0.985500 0.394300
vt 0.981300 0.394300
vt 0.972400 0.394200
vt 0.968200 0.394200
vt 0.972400 0.981000
vt 0.951000 0.387400
vt 0.955600 0.004700
vt 0.955600 0.387400
vt 0.940500 0.004700
vt 0.936000 0.383400
vt 0.936000 0.004700
vt 0.910900 0.004700
vt 0.915500 0.383400
vt 0.910900 0.387400
vt 0.933900 0.383400
vt 0.929300 0.004700
vt 0.933900 0.004700
vt 0.148200 0.009200
vt 0.144200 0.685300
vt 0.144200 0.004700
vt 0.879200 0.004700
vt 0.883800 0.387400
vt 0.879200 0.387400
vt 0.919300 0.004700
vt 0.923800 0.383400
vt 0.919300 0.387400
vt 0.155900 0.685300
vt 0.152000 0.009200
vt 0.155900 0.004700
vt 0.894200 0.383400
vt 0.898700 0.004700
vt 0.898700 0.387400
vt 0.972300 0.004700
vt 0.967700 0.383400
vt 0.967700 0.004700
vt 0.141600 0.004700
vt 0.137000 0.685300
vt 0.137000 0.004700
vt 0.162100 0.004700
vt 0.157500 0.676200
vt 0.157500 0.004700
vt 0.164000 0.521200
vt 0.869000 0.524900
vt 0.164000 0.524900
vt 0.867000 0.452500
vt 0.164300 0.043600
vt 0.867000 0.043600
vt 0.867000 0.459500
vt 0.164300 0.452500
vt 0.867000 0.466500
vt 0.164300 0.459500
vt 0.867000 0.473700
vt 0.164300 0.466500
vt 0.867000 0.481100
vt 0.164300 0.473700
vt 0.867000 0.488900
vt 0.164300 0.481100
vt 0.164000 0.499400
vt 0.869000 0.503100
vt 0.164000 0.503100
vt 0.867400 0.541100
vt 0.164700 0.533800
vt 0.867400 0.533800
vt 0.867400 0.548000
vt 0.164700 0.541100
vt 0.867400 0.554800
vt 0.164700 0.548000
vt 0.867400 0.561600
vt 0.164700 0.554800
vt 0.867400 0.568400
vt 0.164700 0.561600
vt 0.867400 0.977300
vt 0.164700 0.568400
vt 0.101700 0.837700
vt 0.129700 0.838500
vt 0.114300 0.010100
vt 0.877500 0.996200
vt 0.082000 0.416200
vt 0.082000 0.451000
vt 0.082000 0.475800
vt 0.082000 0.524200
vt 0.060500 0.844000
vt 0.060500 0.009200
vt 0.951000 0.004700
vt 0.940500 0.387400
vt 0.915500 0.004700
vt 0.929300 0.383400
vt 0.148200 0.680800
vt 0.883800 0.004700
vt 0.923800 0.004700
vt 0.152000 0.680800
vt 0.894200 0.004700
vt 0.972300 0.383400
vt 0.141600 0.685300
vt 0.162100 0.676200
vt 0.869000 0.521200
vt 0.164300 0.488900
vt 0.869000 0.499400
vt 0.164700 0.977300
s 1
f 596/853/2034 598/854/2035 595/855/2036
f 597/856/2037 600/857/2038 598/854/2035
f 599/858/2039 602/859/2040 600/860/2038
f 603/861/2041 597/856/2037 596/853/2034
f 597/856/2037 605/862/2042 599/863/2039
f 605/864/2042 601/865/2043 599/858/2039
f 607/866/2044 604/867/2045 603/861/2041
f 608/868/2046 605/862/2042 604/867/2045
f 609/869/2047 606/870/2048 605/864/2042
f 611/871/2049 608/868/2046 607/866/2044
f 612/872/2050 609/873/2047 608/868/2046
f 613/874/2051 610/875/2052 609/869/2047
f 615/876/2053 612/872/2050 611/871/2049
f 616/877/2054 613/878/2051 612/872/2050
f 617/879/2055 614/880/2056 613/874/2051
f 619/881/2057 616/877/2054 615/876/2053
f 620/882/2058 617/883/2055 616/877/2054
f 621/884/2059 618/885/2060 617/879/2055
f 623/886/2061 620/882/2058 619/881/2057
f 620/882/2058 625/887/2062 621/888/2059
f 625/889/2062 622/890/2063 621/884/2059
f 628/891/2064 630/892/2065 627/893/2066
f 631/894/2067 624/895/2068 623/886/2061
f 632/896/2069 625/887/2062 624/895/2068
f 633/897/2070 626/898/2071 625/889/2062
f 628/891/2064 636/899/2072 629/900/2073
f 637/901/2074 632/896/2069 631/894/2067
f 638/902/2075 633/903/2070 632/896/2069
f 639/904/2076 634/905/2077 633/897/2070
f 635/906/2078 642/907/2079 636/899/2072
f 643/908/2080 638/902/2075 637/901/2074
f 638/902/2075 645/909/2081 639/910/2076
f 645/911/2081 640/912/2082 639/904/2076
f 647/913/2083 642/907/2079 641/914/2084
f 649/915/2085 644/916/2086 643/908/2080
f 644/916/2086 651/917/2087 645/909/2081
f 651/918/2087 646/919/2088 645/911/2081
f 653/920/2089 648/921/2090 647/913/2083
f 655/922/2091 650/923/2092 649/915/2085
f 650/923/2092 657/924/2093 651/917/2087
f 657/925/2093 652/926/2094 651/918/2087
f 659/927/2095 654/928/2096 653/920/2089
f 661/929/2097 656/930/2098 655/922/2091
f 656/930/2098 663/931/2099 657/924/2093
f 663/932/2099 658/933/2100 657/925/2093
f 665/934/2101 660/935/2102 659/927/2095
f 667/936/2103 662/937/2104 661/929/2097
f 662/937/2104 669/938/2105 663/931/2099
f 669/939/2105 664/940/2106 663/932/2099
f 671/941/2107 666/942/2108 665/934/2101
f 673/943/2109 668/944/2110 667/936/2103
f 674/945/2111 669/938/2105 668/944/2110
f 675/946/2112 670/947/2113 669/939/2105
f 671/941/2107 678/948/2114 672/949/2115
f 679/950/2116 674/945/2111 673/943/2109
f 674/945/2111 681/951/2117 675/952/2112
f 675/946/2112 682/953/2118 676/954/2119
f 683/955/2120 678/948/2114 677/956/2121
s 0
f 596/853/2122 685/957/2123 686/958/2124
f 602/859/2125 687/959/2126 688/960/2127
f 606/870/2128 687/959/2129 601/865/2130
f 606/870/2131 690/961/2132 689/962/2133
f 610/875/2134 691/963/2135 690/961/2136
f 614/880/2137 692/964/2138 691/963/2139
f 618/885/2140 693/965/2141 692/964/2142
f 626/898/2143 693/965/2144 622/890/2145
f 626/898/2146 695/966/2147 694/967/2148
f 634/905/2149 696/968/2150 695/966/2151
f 646/919/2152 696/968/2153 640/912/2154
f 652/926/2155 697/969/2156 646/919/2157
f 658/933/2158 698/970/2159 652/926/2160
f 664/940/2161 699/971/2162 658/933/2163
f 670/947/2164 700/972/2165 664/940/2166
f 670/947/2167 702/973/2168 701/974/2103
f 682/953/2169 702/973/2170 676/954/2171
f 673/943/2172 705/975/2173 679/950/2174
f 673/943/2175 706/976/2176 704/977/2171
f 661/929/2177 706/976/2178 667/936/2179
f 655/922/2180 707/978/2181 661/929/2182
f 649/915/2183 708/979/2184 655/922/2185
f 643/908/2186 709/980/2187 649/915/2188
f 637/901/2189 710/981/2190 643/908/2191
f 637/901/2192 712/982/2193 711/983/2194
f 631/894/2195 713/984/2196 712/982/2197
f 619/881/2198 713/984/2199 623/886/2200
f 619/881/2201 715/985/2202 714/986/2203
f 615/876/2204 716/987/2205 715/985/2060
f 611/871/2206 717/988/2207 716/987/2208
f 607/866/2209 718/989/2210 717/988/2211
f 596/853/2212 718/989/2213 603/861/2133
f 685/957/2214 720/990/2215 686/958/2130
f 687/959/2216 722/991/2217 688/960/2218
f 689/962/2219 721/992/2220 687/959/2221
f 690/961/2222 723/993/2223 689/962/2133
f 691/963/2224 724/994/2225 690/961/2226
f 692/964/2227 725/995/2228 691/963/2229
f 693/965/2230 726/996/2231 692/964/2232
f 694/967/2233 627/893/2234 693/965/2235
f 695/966/2236 628/891/2237 694/967/2238
f 696/968/2239 635/906/2240 695/966/2241
f 697/969/2242 641/914/2243 696/968/2244
f 698/970/2245 647/913/2246 697/969/2247
f 699/971/2248 653/920/2249 698/970/2250
f 700/972/2251 659/927/2252 699/971/2253
f 701/974/2254 665/934/2255 700/972/2256
f 702/973/2257 671/941/2258 701/974/2259
f 703/997/2260 677/956/2261 702/973/2262
f 705/975/2263 678/948/2264 684/998/2265
f 706/976/2266 678/948/2267 704/977/2268
f 707/978/2269 672/949/2270 706/976/2271
f 708/979/2272 666/942/2273 707/978/2274
f 709/980/2275 660/935/2276 708/979/2277
f 710/981/2278 654/928/2279 709/980/2094
f 711/983/2280 648/921/2281 710/981/2282
f 712/982/2283 642/907/2284 711/983/2285
f 713/984/2286 636/899/2287 712/982/2288
f 714/986/2289 629/900/2290 713/984/2291
f 715/985/2292 630/892/2293 714/986/2203
f 716/987/2294 727/999/2295 715/985/2296
f 717/988/2297 728/1000/2298 716/987/2208
f 718/989/2299 729/1001/2300 717/988/2301
f 686/958/2302 730/1002/2303 718/989/2304
f 680/1003/2305 732/1004/2306 681/1005/2307
f 682/1006/2308 732/1007/2309 733/1008/2310
f 683/1009/2311 735/1010/2038 684/1011/2265
f 703/1012/2312 734/1013/2313 683/1009/2314
f 731/1014/2315 679/1015/2316 737/1016/2317
f 703/1012/2318 733/1008/2319 736/1017/2320
f 679/1015/2318 738/1018/2319 737/1016/2320
f 705/1019/2321 735/1010/2310 738/1018/2310
s 1
f 740/1020/2218 742/1021/2322 739/1022/2323
f 743/1023/2324 741/1024/2325 740/1020/2218
f 745/1025/2326 744/1026/2327 743/1027/2324
f 741/1024/2325 748/1028/2328 742/1021/2322
f 741/1024/2325 749/1029/2329 747/1030/2330
f 746/1031/2331 749/1032/2329 744/1026/2327
f 747/1030/2330 752/1033/2332 748/1028/2328
f 749/1029/2329 751/1034/2333 747/1030/2330
f 750/1035/2334 753/1036/2335 749/1032/2329
f 751/1034/2333 756/1037/2336 752/1033/2332
f 753/1038/2335 755/1039/2337 751/1034/2333
f 754/1040/2047 757/1041/2208 753/1036/2335
f 755/1039/2337 760/1042/2338 756/1037/2336
f 757/1043/2208 759/1044/2142 755/1039/2337
f 758/1045/2339 761/1046/2340 757/1041/2208
f 759/1044/2142 764/1047/2341 760/1042/2338
f 761/1048/2340 763/1049/2342 759/1044/2142
f 762/1050/2343 765/1051/2344 761/1046/2340
f 763/1049/2342 768/1052/2345 764/1047/2341
f 763/1049/2342 769/1053/2346 767/1054/2347
f 766/1055/2348 769/1056/2346 765/1051/2344
f 772/1057/2349 774/1058/2350 771/1059/2351
f 767/1054/2347 776/1060/2352 768/1052/2345
f 769/1053/2346 775/1061/2353 767/1054/2347
f 770/1062/2354 777/1063/2355 769/1056/2346
f 774/1058/2350 779/1064/2356 780/1065/2357
f 775/1061/2353 782/1066/2358 776/1060/2352
f 777/1067/2355 781/1068/2359 775/1061/2353
f 778/1069/2360 783/1070/2361 777/1063/2355
f 780/1065/2357 785/1071/2362 786/1072/2363
f 781/1068/2359 788/1073/2364 782/1066/2358
f 781/1068/2359 789/1074/2365 787/1075/2366
f 784/1076/2367 789/1077/2365 783/1070/2361
f 785/1071/2362 792/1078/2368 786/1072/2363
f 787/1075/2366 794/1079/2369 788/1073/2364
f 787/1075/2366 795/1080/2370 793/1081/2371
f 790/1082/2372 795/1083/2370 789/1077/2365
f 791/1084/2373 798/1085/2374 792/1078/2368
f 793/1081/2371 800/1086/2375 794/1079/2369
f 793/1081/2371 801/1087/2376 799/1088/2377
f 796/1089/2378 801/1090/2376 795/1083/2370
f 797/1091/2379 804/1092/2380 798/1085/2374
f 799/1088/2377 806/1093/2381 800/1086/2375
f 799/1088/2377 807/1094/2382 805/1095/2383
f 802/1096/2384 807/1097/2382 801/1090/2376
f 803/1098/2385 810/1099/2386 804/1092/2380
f 805/1095/2383 812/1100/2387 806/1093/2381
f 805/1095/2383 813/1101/2113 811/1102/2388
f 808/1103/2389 813/1104/2113 807/1097/2382
f 809/1105/2390 816/1106/2391 810/1099/2386
f 811/1102/2388 818/1107/2392 812/1100/2387
f 813/1101/2113 817/1108/2262 811/1102/2388
f 814/1109/2105 819/1110/2393 813/1104/2113
f 816/1106/2391 821/1111/2394 822/1112/2395
f 817/1108/2262 824/1113/2396 818/1107/2392
f 817/1108/2262 825/1114/2397 823/1115/2398
f 819/1110/2393 826/1116/2399 825/1117/2397
f 821/1111/2394 828/1118/2400 822/1112/2395
s 0
f 742/1021/2401 830/1119/2402 739/1022/2035
f 745/1025/2403 832/1120/2404 746/1031/2405
f 832/1120/2406 750/1035/2407 746/1031/2405
f 750/1035/2408 834/1121/2409 754/1040/2410
f 754/1040/2411 835/1122/2412 758/1045/2413
f 758/1045/2414 836/1123/2415 762/1050/2416
f 762/1050/2417 837/1124/2418 766/1055/2419
f 837/1124/2420 770/1062/2421 766/1055/2422
f 770/1062/2423 839/1125/2424 778/1069/2425
f 778/1069/2426 840/1126/2427 784/1076/2428
f 840/1126/2429 790/1082/2430 784/1076/2431
f 841/1127/2432 796/1089/2433 790/1082/2434
f 842/1128/2435 802/1096/2436 796/1089/2437
f 843/1129/2438 808/1103/2439 802/1096/2440
f 844/1130/2441 814/1109/2442 808/1103/2443
f 814/1109/2444 846/1131/2445 820/1132/2446
f 846/1131/2447 826/1116/2448 820/1132/2449
f 848/1133/2450 818/1107/2451 824/1113/2452
f 818/1107/2453 850/1134/2454 812/1100/2455
f 850/1134/2456 806/1093/2457 812/1100/2458
f 851/1135/2459 800/1086/2460 806/1093/2461
f 852/1136/2462 794/1079/2463 800/1086/2464
f 853/1137/2465 788/1073/2466 794/1079/2467
f 854/1138/2468 782/1066/2469 788/1073/2470
f 782/1066/2471 856/1139/2472 776/1060/2473
f 776/1060/2474 857/1140/2475 768/1052/2476
f 857/1140/2477 764/1047/2478 768/1052/2479
f 764/1047/2480 859/1141/2481 760/1042/2482
f 760/1042/2483 860/1142/2484 756/1037/2050
f 756/1037/2485 861/1143/2486 752/1033/2487
f 752/1033/2488 862/1144/2489 748/1028/2490
f 862/1144/2491 742/1021/2492 748/1028/2493
f 863/1145/2215 830/1119/2310 829/1146/2494
f 865/1147/2217 832/1120/2495 831/1148/2323
f 866/1149/2496 833/1150/2497 832/1120/2498
f 867/1151/2499 834/1121/2500 833/1150/2328
f 868/1152/2501 835/1122/2502 834/1121/2487
f 869/1153/2503 836/1123/2504 835/1122/2505
f 870/1154/2506 837/1124/2507 836/1123/2508
f 771/1059/2509 838/1155/2510 837/1124/2511
f 774/1058/2512 839/1125/2513 838/1155/2476
f 780/1065/2514 840/1126/2515 839/1125/2516
f 786/1072/2517 841/1127/2518 840/1126/2519
f 792/1078/2520 842/1128/2521 841/1127/2522
f 798/1085/2523 843/1129/2524 842/1128/2092
f 804/1092/2525 844/1130/2526 843/1129/2527
f 810/1099/2528 845/1156/2529 844/1130/2381
f 816/1106/2530 846/1131/2531 845/1156/2532
f 822/1112/2533 847/1157/2534 846/1131/2535
f 848/1133/2536 821/1111/2537 849/1158/2538
f 821/1111/2539 850/1134/2540 849/1158/2541
f 815/1159/2542 851/1135/2543 850/1134/2544
f 809/1105/2545 852/1136/2546 851/1135/2389
f 803/1098/2547 853/1137/2548 852/1136/2549
f 797/1091/2550 854/1138/2551 853/1137/2437
f 791/1084/2552 855/1160/2553 854/1138/2554
f 785/1071/2555 856/1139/2556 855/1160/2557
f 779/1064/2558 857/1140/2559 856/1139/2560
f 773/1161/2561 858/1162/2562 857/1140/2563
f 772/1057/2564 859/1141/2565 858/1162/2566
f 871/1163/2567 860/1142/2568 859/1141/2416
f 872/1164/2569 861/1143/2570 860/1142/2413
f 873/1165/2571 862/1144/2572 861/1143/2573
f 874/1166/2574 829/1146/2575 862/1144/2576
f 732/1167/2577 823/1168/2578 825/1169/2579
f 826/1170/2580 732/1171/2581 825/1172/2582
f 735/1173/2583 828/1174/2584 827/1175/2585
f 734/1176/2586 847/1177/2587 828/1174/2588
f 731/1178/2589 824/1179/2590 823/1168/2398
f 733/1180/2591 847/1177/2592 736/1181/2593
f 738/1182/2591 824/1179/2592 737/1183/2593
f 735/1173/2594 848/1184/2595 738/1182/2594
f 876/1185/2596 878/1186/2597 875/1187/2598
f 875/1188/2599 879/1189/2600 880/1190/2601
f 876/1191/2602 882/1192/2603 877/1193/2604
s 1
f 881/1194/2605 879/1195/2606 882/1196/2116
s 0
f 882/1197/2607 884/1198/2608 877/1199/2604
f 886/1200/2609 887/1201/2610 885/1202/2611
f 885/1203/2612 889/1204/2613 886/1205/2582
f 886/1206/2614 879/1207/2615 878/1208/2616
f 883/1209/2617 887/1210/2618 884/1211/2619
s 1
f 889/1212/2620 890/1213/2621 883/1214/2622
f 877/1215/2604 886/1216/2623 878/1217/2624
f 879/1218/2606 883/1219/2622 882/1220/2116
f 722/1221/2625 864/1222/2618 719/1223/2618
f 721/1224/2215 865/1225/2625 722/1226/2625
f 723/1227/2626 866/1228/2215 721/1224/2215
f 724/1229/2627 867/1230/2626 723/1227/2626
f 725/1231/2628 868/1232/2627 724/1229/2627
f 726/1233/2629 869/1234/2628 725/1231/2628
f 627/1235/2630 870/1236/2629 726/1233/2629
f 630/1237/2631 771/1238/2632 627/1239/2630
f 727/1240/2633 772/1241/2634 630/1242/2631
f 728/1243/2635 871/1244/2633 727/1240/2633
f 891/1245/2636 872/1246/2637 728/1243/2635
f 730/1247/2638 873/1248/2636 891/1245/2636
f 720/1249/2639 874/1250/2640 730/1247/2638
f 719/1251/2618 863/1252/2639 720/1249/2639
f 596/853/2034 597/856/2037 598/854/2035
f 597/856/2037 599/863/2039 600/857/2038
f 599/858/2039 601/865/2043 602/859/2040
f 603/861/2041 604/867/2045 597/856/2037
f 597/856/2037 604/867/2045 605/862/2042
f 605/864/2042 606/870/2048 601/865/2043
f 607/866/2044 608/868/2046 604/867/2045
f 608/868/2046 609/873/2047 605/862/2042
f 609/869/2047 610/875/2052 606/870/2048
f 611/871/2049 612/872/2050 608/868/2046
f 612/872/2050 613/878/2051 609/873/2047
f 613/874/2051 614/880/2056 610/875/2052
f 615/876/2053 616/877/2054 612/872/2050
f 616/877/2054 617/883/2055 613/878/2051
f 617/879/2055 618/885/2060 614/880/2056
f 619/881/2057 620/882/2058 616/877/2054
f 620/882/2058 621/888/2059 617/883/2055
f 621/884/2059 622/890/2063 618/885/2060
f 623/886/2061 624/895/2068 620/882/2058
f 620/882/2058 624/895/2068 625/887/2062
f 625/889/2062 626/898/2071 622/890/2063
f 628/891/2064 629/900/2073 630/892/2065
f 631/894/2067 632/896/2069 624/895/2068
f 632/896/2069 633/903/2070 625/887/2062
f 633/897/2070 634/905/2077 626/898/2071
f 628/891/2064 635/906/2078 636/899/2072
f 637/901/2074 638/902/2075 632/896/2069
f 638/902/2075 639/910/2076 633/903/2070
f 639/904/2076 640/912/2082 634/905/2077
f 635/906/2078 641/914/2084 642/907/2079
f 643/908/2080 644/916/2086 638/902/2075
f 638/902/2075 644/916/2086 645/909/2081
f 645/911/2081 646/919/2088 640/912/2082
f 647/913/2083 648/921/2090 642/907/2079
f 649/915/2085 650/923/2092 644/916/2086
f 644/916/2086 650/923/2092 651/917/2087
f 651/918/2087 652/926/2094 646/919/2088
f 653/920/2089 654/928/2096 648/921/2090
f 655/922/2091 656/930/2098 650/923/2092
f 650/923/2092 656/930/2098 657/924/2093
f 657/925/2093 658/933/2100 652/926/2094
f 659/927/2095 660/935/2102 654/928/2096
f 661/929/2097 662/937/2104 656/930/2098
f 656/930/2098 662/937/2104 663/931/2099
f 663/932/2099 664/940/2106 658/933/2100
f 665/934/2101 666/942/2108 660/935/2102
f 667/936/2103 668/944/2110 662/937/2104
f 662/937/2104 668/944/2110 669/938/2105
f 669/939/2105 670/947/2113 664/940/2106
f 671/941/2107 672/949/2115 666/942/2108
f 673/943/2109 674/945/2111 668/944/2110
f 674/945/2111 675/952/2112 669/938/2105
f 675/946/2112 676/954/2119 670/947/2113
f 671/941/2107 677/956/2121 678/948/2114
f 679/950/2116 680/1253/2641 674/945/2111
f 674/945/2111 680/1253/2641 681/951/2117
f 675/946/2112 681/1254/2117 682/953/2118
f 683/955/2120 684/998/2265 678/948/2114
s 0
f 596/853/2642 595/855/2643 685/957/2125
f 602/859/2644 601/865/2124 687/959/2645
f 606/870/2646 689/962/2647 687/959/2648
f 606/870/2649 610/875/2650 690/961/2651
f 610/875/2652 614/880/2653 691/963/2654
f 614/880/2655 618/885/2656 692/964/2657
f 618/885/2658 622/890/2659 693/965/2660
f 626/898/2661 694/967/2662 693/965/2663
f 626/898/2664 634/905/2665 695/966/2666
f 634/905/2667 640/912/2668 696/968/2669
f 646/919/2670 697/969/2191 696/968/2671
f 652/926/2672 698/970/2673 697/969/2674
f 658/933/2675 699/971/2676 698/970/2677
f 664/940/2678 700/972/2256 699/971/2679
f 670/947/2680 701/974/2388 700/972/2681
f 670/947/2682 676/954/2683 702/973/2684
f 682/953/2685 703/997/2116 702/973/2686
f 673/943/2687 704/977/2688 705/975/2689
f 673/943/2690 667/936/2691 706/976/2692
f 661/929/2693 707/978/2694 706/976/2695
f 655/922/2696 708/979/2697 707/978/2698
f 649/915/2699 709/980/2700 708/979/2701
f 643/908/2702 710/981/2703 709/980/2704
f 637/901/2705 711/983/2154 710/981/2706
f 637/901/2707 631/894/2708 712/982/2709
f 631/894/2710 623/886/2200 713/984/2711
f 619/881/2712 714/986/2145 713/984/2713
f 619/881/2714 615/876/2142 715/985/2715
f 615/876/2716 611/871/2717 716/987/2718
f 611/871/2719 607/866/2720 717/988/2721
f 607/866/2722 603/861/2723 718/989/2724
f 596/853/2725 686/958/2130 718/989/2726
f 685/957/2727 719/1255/2728 720/990/2729
f 687/959/2730 721/992/2731 722/991/2217
f 689/962/2732 723/993/2733 721/992/2731
f 690/961/2734 724/994/2735 723/993/2736
f 691/963/2737 725/995/2738 724/994/2735
f 692/964/2739 726/996/2633 725/995/2740
f 693/965/2741 627/893/2742 726/996/2743
f 694/967/2744 628/891/2745 627/893/2746
f 695/966/2747 635/906/2748 628/891/2749
f 696/968/2750 641/914/2751 635/906/2752
f 697/969/2753 647/913/2754 641/914/2755
f 698/970/2756 653/920/2089 647/913/2757
f 699/971/2758 659/927/2759 653/920/2760
f 700/972/2761 665/934/2101 659/927/2762
f 701/974/2763 671/941/2764 665/934/2765
f 702/973/2766 677/956/2261 671/941/2767
f 703/997/2768 683/955/2120 677/956/2769
f 705/975/2600 704/977/2268 678/948/2770
f 706/976/2771 672/949/2115 678/948/2772
f 707/978/2773 666/942/2774 672/949/2775
f 708/979/2776 660/935/2777 666/942/2778
f 709/980/2779 654/928/2096 660/935/2780
f 710/981/2781 648/921/2782 654/928/2783
f 711/983/2784 642/907/2785 648/921/2786
f 712/982/2787 636/899/2788 642/907/2789
f 713/984/2790 629/900/2791 636/899/2792
f 714/986/2793 630/892/2794 629/900/2795
f 715/985/2796 727/999/2797 630/892/2798
f 716/987/2799 728/1000/2800 727/999/2801
f 717/988/2802 729/1001/2803 728/1000/2804
f 718/989/2805 730/1002/2806 729/1001/2807
f 686/958/2808 720/990/2215 730/1002/2809
f 680/1003/2810 731/1014/2811 732/1004/2812
f 682/1006/2813 681/1256/2307 732/1007/2814
f 683/1009/2815 734/1013/2625 735/1010/2310
f 703/1012/2816 736/1017/2317 734/1013/2817
f 731/1014/2818 680/1003/2819 679/1015/2820
f 703/1012/2821 682/1006/2822 733/1008/2823
f 679/1015/2821 705/1019/2822 738/1018/2823
f 705/1019/2824 684/1011/2825 735/1010/2826
s 1
f 740/1020/2218 741/1024/2325 742/1021/2322
f 743/1023/2324 744/1257/2327 741/1024/2325
f 745/1025/2326 746/1031/2331 744/1026/2327
f 741/1024/2325 747/1030/2330 748/1028/2328
f 741/1024/2325 744/1257/2327 749/1029/2329
f 746/1031/2331 750/1035/2334 749/1032/2329
f 747/1030/2330 751/1034/2333 752/1033/2332
f 749/1029/2329 753/1038/2335 751/1034/2333
f 750/1035/2334 754/1040/2047 753/1036/2335
f 751/1034/2333 755/1039/2337 756/1037/2336
f 753/1038/2335 757/1043/2208 755/1039/2337
f 754/1040/2047 758/1045/2339 757/1041/2208
f 755/1039/2337 759/1044/2142 760/1042/2338
f 757/1043/2208 761/1048/2340 759/1044/2142
f 758/1045/2339 762/1050/2343 761/1046/2340
f 759/1044/2142 763/1049/2342 764/1047/2341
f 761/1048/2340 765/1258/2344 763/1049/2342
f 762/1050/2343 766/1055/2348 765/1051/2344
f 763/1049/2342 767/1054/2347 768/1052/2345
f 763/1049/2342 765/1258/2344 769/1053/2346
f 766/1055/2348 770/1062/2354 769/1056/2346
f 772/1057/2349 773/1161/2827 774/1058/2350
f 767/1054/2347 775/1061/2353 776/1060/2352
f 769/1053/2346 777/1067/2355 775/1061/2353
f 770/1062/2354 778/1069/2360 777/1063/2355
f 774/1058/2350 773/1161/2827 779/1064/2356
f 775/1061/2353 781/1068/2359 782/1066/2358
f 777/1067/2355 783/1259/2361 781/1068/2359
f 778/1069/2360 784/1076/2367 783/1070/2361
f 780/1065/2357 779/1064/2356 785/1071/2362
f 781/1068/2359 787/1075/2366 788/1073/2364
f 781/1068/2359 783/1259/2361 789/1074/2365
f 784/1076/2367 790/1082/2372 789/1077/2365
f 785/1071/2362 791/1084/2373 792/1078/2368
f 787/1075/2366 793/1081/2371 794/1079/2369
f 787/1075/2366 789/1074/2365 795/1080/2370
f 790/1082/2372 796/1089/2378 795/1083/2370
f 791/1084/2373 797/1091/2379 798/1085/2374
f 793/1081/2371 799/1088/2377 800/1086/2375
f 793/1081/2371 795/1080/2370 801/1087/2376
f 796/1089/2378 802/1096/2384 801/1090/2376
f 797/1091/2379 803/1098/2385 804/1092/2380
f 799/1088/2377 805/1095/2383 806/1093/2381
f 799/1088/2377 801/1087/2376 807/1094/2382
f 802/1096/2384 808/1103/2389 807/1097/2382
f 803/1098/2385 809/1105/2390 810/1099/2386
f 805/1095/2383 811/1102/2388 812/1100/2387
f 805/1095/2383 807/1094/2382 813/1101/2113
f 808/1103/2389 814/1109/2105 813/1104/2113
f 809/1105/2390 815/1159/2828 816/1106/2391
f 811/1102/2388 817/1108/2262 818/1107/2392
f 813/1101/2113 819/1260/2393 817/1108/2262
f 814/1109/2105 820/1132/2446 819/1110/2393
f 816/1106/2391 815/1159/2828 821/1111/2394
f 817/1108/2262 823/1115/2398 824/1113/2396
f 817/1108/2262 819/1260/2393 825/1114/2397
f 819/1110/2393 820/1132/2446 826/1116/2399
f 821/1111/2394 827/1261/2829 828/1118/2400
s 0
f 742/1021/2404 829/1146/2405 830/1119/2403
f 745/1025/2402 831/1148/2830 832/1120/2401
f 832/1120/2831 833/1150/2045 750/1035/2832
f 750/1035/2833 833/1150/2834 834/1121/2835
f 754/1040/2836 834/1121/2837 835/1122/2838
f 758/1045/2839 835/1122/2840 836/1123/2841
f 762/1050/2842 836/1123/2843 837/1124/2844
f 837/1124/2845 838/1155/2476 770/1062/2846
f 770/1062/2847 838/1155/2848 839/1125/2849
f 778/1069/2850 839/1125/2352 840/1126/2851
f 840/1126/2852 841/1127/2364 790/1082/2853
f 841/1127/2854 842/1128/2855 796/1089/2856
f 842/1128/2857 843/1129/2858 802/1096/2859
f 843/1129/2860 844/1130/2861 808/1103/2862
f 844/1130/2863 845/1156/2864 814/1109/2865
f 814/1109/2866 845/1156/2387 846/1131/2867
f 846/1131/2868 847/1157/2869 826/1116/2870
f 848/1133/2871 849/1158/2872 818/1107/2873
f 818/1107/2874 849/1158/2872 850/1134/2875
f 850/1134/2876 851/1135/2877 806/1093/2878
f 851/1135/2879 852/1136/2880 800/1086/2881
f 852/1136/2882 853/1137/2883 794/1079/2884
f 853/1137/2885 854/1138/2886 788/1073/2887
f 854/1138/2888 855/1160/2889 782/1066/2890
f 782/1066/2891 855/1160/2892 856/1139/2893
f 776/1060/2894 856/1139/2895 857/1140/2896
f 857/1140/2897 858/1162/2898 764/1047/2899
f 764/1047/2900 858/1162/2901 859/1141/2902
f 760/1042/2903 859/1141/2904 860/1142/2905
f 756/1037/2906 860/1142/2907 861/1143/2908
f 752/1033/2909 861/1143/2410 862/1144/2910
f 862/1144/2911 829/1146/2494 742/1021/2912
f 863/1145/2913 864/1262/2728 830/1119/2914
f 865/1147/2217 866/1149/2731 832/1120/2915
f 866/1149/2731 867/1151/2733 833/1150/2916
f 867/1151/2917 868/1152/2735 834/1121/2918
f 868/1152/2735 869/1153/2635 835/1122/2919
f 869/1153/2920 870/1154/2921 836/1123/2922
f 870/1154/2633 771/1059/2923 837/1124/2924
f 771/1059/2925 774/1058/2926 838/1155/2927
f 774/1058/2928 780/1065/2357 839/1125/2929
f 780/1065/2930 786/1072/2931 840/1126/2932
f 786/1072/2933 792/1078/2368 841/1127/2934
f 792/1078/2935 798/1085/2936 842/1128/2937
f 798/1085/2938 804/1092/2380 843/1129/2939
f 804/1092/2940 810/1099/2941 844/1130/2942
f 810/1099/2943 816/1106/2944 845/1156/2945
f 816/1106/2946 822/1112/2533 846/1131/2947
f 822/1112/2948 828/1118/2400 847/1157/2949
f 848/1133/2950 827/1261/2951 821/1111/2952
f 821/1111/2953 815/1159/2954 850/1134/2955
f 815/1159/2956 809/1105/2957 851/1135/2958
f 809/1105/2959 803/1098/2385 852/1136/2960
f 803/1098/2961 797/1091/2962 853/1137/2963
f 797/1091/2964 791/1084/2965 854/1138/2966
f 791/1084/2967 785/1071/2968 855/1160/2969
f 785/1071/2970 779/1064/2971 856/1139/2972
f 779/1064/2973 773/1161/2974 857/1140/2975
f 773/1161/2976 772/1057/2977 858/1162/2978
f 772/1057/2979 871/1163/2629 859/1141/2980
f 871/1163/2981 872/1164/2800 860/1142/2982
f 872/1164/2983 873/1165/2803 861/1143/2984
f 873/1165/2985 874/1166/2626 862/1144/2986
f 874/1166/2987 863/1145/2215 829/1146/2988
f 732/1167/2989 731/1178/2618 823/1168/2990
f 826/1170/2991 733/1180/2992 732/1171/2993
f 735/1173/2310 734/1176/2625 828/1174/2994
f 734/1176/2995 736/1181/2996 847/1177/2997
f 731/1178/2998 737/1183/2817 824/1179/2999
f 733/1180/2324 826/1170/3000 847/1177/3001
f 738/1182/2324 848/1184/3000 824/1179/3001
f 735/1173/3002 827/1175/3003 848/1184/3004
f 876/1185/2830 877/1263/2604 878/1186/3005
f 875/1188/3006 878/1264/2616 879/1189/3007
f 876/1191/3008 881/1265/3009 882/1192/3010
s 1
f 881/1194/2605 880/1266/2611 879/1195/2606
s 0
f 882/1197/2816 883/1267/3011 884/1198/3012
f 886/1200/3013 884/1268/2619 887/1201/3014
f 885/1203/3015 888/1269/3016 889/1204/3017
f 886/1206/3018 889/1270/3019 879/1207/3020
f 883/1209/2534 890/1271/3021 887/1210/3022
s 1
f 889/1212/2620 888/1272/2598 890/1213/2621
f 877/1215/2604 884/1273/2398 886/1216/2623
f 879/1218/2606 889/1274/2620 883/1219/2622
f 722/1221/2625 865/1275/2625 864/1222/2618
f 721/1224/2215 866/1228/2215 865/1225/2625
f 723/1227/2626 867/1230/2626 866/1228/2215
f 724/1229/2627 868/1232/2627 867/1230/2626
f 725/1231/2628 869/1234/2628 868/1232/2627
f 726/1233/2629 870/1236/2629 869/1234/2628
f 627/1235/2630 771/1276/3023 870/1236/2629
f 630/1237/2631 772/1277/2634 771/1238/2632
f 727/1240/2633 871/1244/2633 772/1241/2634
f 728/1243/2635 872/1246/2637 871/1244/2633
f 891/1245/2636 873/1248/2636 872/1246/2637
f 730/1247/2638 874/1250/2640 873/1248/2636
f 720/1249/2639 863/1252/2639 874/1250/2640
f 719/1251/2618 864/1278/2618 863/1252/2639
