# Blender 4.0.2
# www.blender.org
o frame
v -37.985435 6.066044 15.261791
v -37.985435 6.066043 -0.341214
v -37.851639 6.066043 -0.341214
v -37.851639 6.066044 15.261791
v -37.985435 9.209239 -0.341214
v -37.851639 9.209239 -0.341214
v -37.985435 9.105044 -0.341214
v -37.985435 6.168243 14.237293
v -37.851639 6.168242 -0.341214
v -37.851639 6.168243 14.237293
v -37.851639 9.105044 -0.341214
v -37.985435 6.168242 -0.341214
v -37.940536 6.155940 -0.311612
v -37.940536 8.440341 2.879291
v -37.940536 8.502040 2.883487
v -37.940536 6.214740 -0.311612
v -37.892738 8.502040 2.883487
v -37.892738 6.214740 -0.311612
v -37.892738 8.440341 2.879291
v -37.892738 6.155940 -0.311612
v -37.940536 6.129040 5.336689
v -37.940536 6.185242 5.346691
v -37.892738 6.185242 5.346691
v -37.892738 6.129040 5.336689
v -37.940536 7.431042 7.823588
v -37.940536 7.485241 7.828792
v -37.892738 7.485241 7.828792
v -37.892738 7.431042 7.823588
v -37.940536 6.106144 10.091587
v -37.940536 6.159641 10.097790
v -37.892738 6.159641 10.097790
v -37.892738 6.106144 10.091587
v -37.940536 6.588741 12.093486
v -37.940536 6.633343 12.076388
v -37.892738 6.633343 12.076388
v -37.892738 6.588741 12.093486
v -37.947838 8.469943 2.853893
v -37.947838 6.168243 2.854091
v -37.947838 6.168243 2.901889
v -37.947838 8.469943 2.901691
v -37.885536 6.168243 2.901889
v -37.885536 8.469943 2.901691
v -37.885536 6.168243 2.854091
v -37.885536 8.469943 2.853893
v -37.947838 7.478142 7.800792
v -37.947838 6.168243 7.800991
v -37.947838 6.168243 7.848789
v -37.947838 7.478142 7.848590
v -37.885536 6.168243 7.848789
v -37.885536 7.478142 7.848590
v -37.885536 6.168243 7.800991
v -37.885536 7.478142 7.800792
v -37.947838 6.622742 12.075992
v -37.947838 6.168243 12.076191
v -37.947838 6.168243 12.123989
v -37.947838 6.622742 12.123790
v -37.885536 6.168243 12.123989
v -37.885536 6.622742 12.123790
v -37.885536 6.168243 12.076191
v -37.885536 6.622742 12.075992
v -37.947838 9.109340 -0.311810
v -37.947838 6.168242 -0.311612
v -37.885536 6.168242 -0.311612
v -37.885536 9.109340 -0.311810
v -37.985435 6.066042 -15.944115
v -37.851639 6.066042 -15.944115
v -37.985435 6.168242 -14.919716
v -37.851639 6.168242 -14.919716
v -37.940536 6.155940 -0.370808
v -37.940536 6.214740 -0.370808
v -37.940536 8.502040 -3.565808
v -37.940536 8.440341 -3.561711
v -37.892738 6.214740 -0.370808
v -37.892738 8.502040 -3.565808
v -37.892738 6.155940 -0.370808
v -37.892738 8.440341 -3.561711
v -37.940536 6.185241 -6.029110
v -37.940536 6.129039 -6.019108
v -37.892738 6.185241 -6.029110
v -37.892738 6.129039 -6.019108
v -37.940536 7.485240 -8.511209
v -37.940536 7.431041 -8.505914
v -37.892738 7.485240 -8.511209
v -37.892738 7.431041 -8.505914
v -37.940536 6.159639 -10.780113
v -37.940536 6.106142 -10.774010
v -37.892738 6.159639 -10.780113
v -37.892738 6.106142 -10.774010
v -37.940536 6.633341 -12.758813
v -37.940536 6.588739 -12.775918
v -37.892738 6.633341 -12.758813
v -37.892738 6.588739 -12.775918
v -37.947838 8.469943 -3.536313
v -37.947838 8.469943 -3.584111
v -37.947838 6.168242 -3.584309
v -37.947838 6.168242 -3.536511
v -37.885536 8.469943 -3.584111
v -37.885536 6.168242 -3.584309
v -37.885536 8.469943 -3.536313
v -37.885536 6.168242 -3.536511
v -37.947838 7.478141 -8.483117
v -37.947838 7.478141 -8.530908
v -37.947838 6.168242 -8.531105
v -37.947838 6.168242 -8.483315
v -37.885536 7.478141 -8.530908
v -37.885536 6.168242 -8.531105
v -37.885536 7.478141 -8.483117
v -37.885536 6.168242 -8.483315
v -37.947838 6.622740 -12.758416
v -37.947838 6.622740 -12.806207
v -37.947838 6.168242 -12.806404
v -37.947838 6.168242 -12.758614
v -37.885536 6.622740 -12.806207
v -37.885536 6.168242 -12.806404
v -37.885536 6.622740 -12.758416
v -37.885536 6.168242 -12.758614
v -37.947838 9.109340 -0.370511
v -37.885536 9.109340 -0.370511
v -37.885536 6.168242 -0.370808
v -37.947838 6.168242 -0.370808
vn -0.7071 -0.7071 -0.0000
vn 0.5605 -0.0822 0.8241
vn -0.5605 -0.0822 0.8241
vn 0.6736 0.7391 -0.0001
vn -0.6652 0.7466 -0.0000
vn -0.6652 -0.1525 0.7309
vn -0.9987 0.0053 -0.0508
vn -0.5377 -0.0837 0.8390
vn 0.7071 0.0050 0.7071
vn 0.9987 0.0048 -0.0510
vn 0.5377 -0.0837 0.8390
vn 0.6652 0.7466 0.0032
vn 0.9987 0.0101 -0.0502
vn 0.7543 -0.6565 -0.0000
vn -0.7440 -0.6682 -0.0000
vn 0.9882 0.0151 -0.1524
vn -0.9882 0.0153 -0.1523
vn -0.7071 -0.7071 0.0033
vn -0.9987 -0.0000 -0.0511
vn -0.7071 0.7071 0.0002
vn 0.7071 0.7071 -0.0000
vn -0.7071 0.7071 -0.0000
vn -0.8809 -0.4722 -0.0315
vn -0.8129 0.4736 -0.3391
vn -0.5173 -0.6959 0.4982
vn -0.5883 0.8069 0.0539
vn 0.8129 0.4736 -0.3391
vn 0.8810 -0.4721 -0.0315
vn 0.5173 -0.6959 0.4982
vn -0.8634 0.4999 0.0685
vn 0.5883 0.8069 0.0539
vn 0.8634 0.4999 0.0685
vn 0.5970 -0.7948 -0.1090
vn -0.8339 -0.5518 -0.0128
vn -0.5970 -0.7948 -0.1090
vn -0.6126 0.7902 0.0183
vn 0.8339 -0.5518 -0.0128
vn -0.8014 0.5917 0.0875
vn 0.6126 0.7902 0.0183
vn 0.8013 0.5918 0.0875
vn 0.6319 -0.7668 -0.1128
vn -0.6761 -0.7163 0.1727
vn -0.6319 -0.7668 -0.1128
vn -0.7348 0.6596 -0.1579
vn 0.6761 -0.7163 0.1727
vn -0.7071 -0.0001 -0.7071
vn -0.7071 0.0001 0.7071
vn 0.7071 0.0001 0.7071
vn 0.7071 -0.0001 -0.7071
vn -0.7072 -0.0003 -0.7070
vn -0.7072 0.0003 0.7070
vn -0.7070 -0.0003 -0.7072
vn -0.7070 0.0003 0.7072
vn 0.7072 0.0003 0.7070
vn 0.7072 -0.0003 -0.7070
vn 0.7070 -0.0003 -0.7072
vn -0.7071 -0.0000 0.7071
vn 0.7071 -0.0000 0.7071
vn 0.5605 -0.0822 -0.8241
vn -0.5605 -0.0822 -0.8241
vn -0.9987 0.0053 0.0508
vn -0.6652 -0.1474 -0.7319
vn -0.5377 -0.0837 -0.8390
vn 0.9987 0.0047 0.0509
vn 0.7070 -0.0000 -0.7072
vn 0.5377 -0.0837 -0.8390
vn 0.6652 -0.1525 -0.7309
vn 0.9987 0.0055 0.0509
vn 0.9882 0.0152 0.1523
vn -0.9882 0.0154 0.1523
vn -0.7071 0.0050 -0.7071
vn -0.9987 0.0047 0.0509
vn -0.8129 0.4736 0.3390
vn -0.8809 -0.4722 0.0315
vn -0.5173 -0.6959 -0.4982
vn 0.8129 0.4736 0.3390
vn -0.5883 0.8069 -0.0539
vn 0.8810 -0.4721 0.0315
vn 0.5883 0.8069 -0.0539
vn 0.5173 -0.6959 -0.4982
vn -0.8633 0.5000 -0.0685
vn -0.5970 -0.7948 0.1090
vn 0.8634 0.4999 -0.0685
vn 0.5970 -0.7948 0.1090
vn -0.8339 -0.5518 0.0128
vn -0.6126 0.7902 -0.0183
vn 0.8339 -0.5518 0.0128
vn 0.6126 0.7902 -0.0183
vn -0.8013 0.5918 -0.0876
vn -0.6319 -0.7668 0.1128
vn 0.8014 0.5917 -0.0876
vn 0.6319 -0.7668 0.1128
vn -0.6760 -0.7164 -0.1727
vn -0.7349 0.6596 0.1579
vn 0.6760 -0.7163 -0.1727
vn 0.7349 0.6596 0.1579
vn -0.7071 0.0001 -0.7071
vn -0.7071 -0.0001 0.7071
vn 0.7071 0.0001 -0.7071
vn 0.7071 -0.0001 0.7071
vn -0.7072 0.0003 -0.7070
vn -0.7072 -0.0003 0.7070
vn -0.7070 -0.0003 0.7072
vn 0.7072 0.0003 -0.7070
vn -0.7070 0.0003 -0.7072
vn 0.7072 -0.0003 0.7070
vn 0.7070 0.0003 -0.7072
vn 0.7070 -0.0003 0.7072
vn 0.7071 -0.7071 -0.0000
vn -0.6652 0.7466 0.0036
vn -0.7544 -0.6564 -0.0000
vn -0.9987 0.0104 -0.0501
vn 0.7071 -0.7071 0.0035
vn 0.9987 -0.0004 -0.0512
vn 0.6652 -0.1475 0.7319
vn 0.9987 0.0054 -0.0509
vn -0.9987 0.0046 -0.0509
vn 0.7348 0.6596 -0.1579
vn 0.7070 0.0003 0.7072
vn -0.9987 0.0101 0.0501
vn -0.6652 0.7466 -0.0032
vn 0.9987 -0.0000 0.0511
vn 0.7072 0.7070 -0.0002
vn 0.7070 -0.7072 -0.0033
vn 0.6652 0.7467 -0.0032
vn 0.9987 0.0105 0.0501
vn -0.7071 -0.7071 -0.0035
vn -0.9987 -0.0004 0.0511
vt 0.105100 0.000500
vt 0.113500 0.979800
vt 0.105100 0.979800
vt 0.006900 0.000500
vt 0.015300 0.999500
vt 0.006900 0.999500
vt 0.000500 0.064800
vt 0.113500 0.000500
vt 0.120000 0.915500
vt 0.021700 0.064800
vt 0.021700 0.998200
vt 0.030100 0.998200
vt 0.030100 0.064800
vt 0.098700 0.915500
vt 0.098700 0.000500
vt 0.128400 0.915500
vt 0.120000 0.000500
vt 0.128400 0.000500
vt 0.133900 0.749800
vt 0.130100 0.503400
vt 0.133900 0.503400
vt 0.130100 0.000500
vt 0.133100 0.247100
vt 0.130100 0.247100
vt 0.133900 0.251900
vt 0.130100 0.498400
vt 0.130100 0.251900
vt 0.149800 0.000500
vt 0.152800 0.246800
vt 0.149800 0.246800
vt 0.171400 0.212500
vt 0.175100 0.000500
vt 0.175100 0.212500
vt 0.157600 0.000500
vt 0.160600 0.212700
vt 0.157600 0.212700
vt 0.169200 0.212500
vt 0.165500 0.000500
vt 0.169200 0.000500
vt 0.193000 0.000500
vt 0.196000 0.212200
vt 0.193000 0.212200
vt 0.231900 0.176500
vt 0.228400 0.000500
vt 0.231900 0.000500
vt 0.248000 0.000500
vt 0.251000 0.176400
vt 0.248000 0.176400
vt 0.235800 0.000500
vt 0.232300 0.176500
vt 0.232300 0.000500
vt 0.220500 0.000500
vt 0.223500 0.176700
vt 0.220500 0.176700
vt 0.271600 0.165400
vt 0.275000 0.000500
vt 0.275000 0.165400
vt 0.251900 0.000500
vt 0.254900 0.165400
vt 0.251900 0.165400
vt 0.267100 0.165400
vt 0.263700 0.000500
vt 0.267100 0.000500
vt 0.279400 0.000500
vt 0.282400 0.165400
vt 0.279400 0.165400
vt 0.331700 0.129000
vt 0.328500 0.000500
vt 0.331700 0.000500
vt 0.340300 0.000500
vt 0.343300 0.128200
vt 0.340300 0.128200
vt 0.327800 0.000500
vt 0.324600 0.129000
vt 0.324600 0.000500
vt 0.320700 0.000500
vt 0.323700 0.129700
vt 0.320700 0.129700
vt 0.300100 0.145000
vt 0.297100 0.000500
vt 0.300100 0.000500
vt 0.130100 0.754800
vt 0.134100 0.899200
vt 0.130100 0.899200
vt 0.296200 0.000500
vt 0.293200 0.145000
vt 0.293200 0.000500
vt 0.305000 0.000500
vt 0.308900 0.145000
vt 0.305000 0.145000
vt 0.370800 0.082700
vt 0.367800 0.000500
vt 0.370800 0.000500
vt 0.354100 0.000500
vt 0.358000 0.082700
vt 0.354100 0.082700
vt 0.366900 0.000500
vt 0.363900 0.082700
vt 0.363900 0.000500
vt 0.375700 0.000500
vt 0.379600 0.082700
vt 0.375700 0.082700
vt 0.363000 0.115500
vt 0.360000 0.086900
vt 0.363000 0.086900
vt 0.092800 0.917800
vt 0.096700 0.946300
vt 0.092800 0.946300
vt 0.359000 0.086900
vt 0.356000 0.115500
vt 0.356000 0.086900
vt 0.157600 0.218500
vt 0.161600 0.247100
vt 0.157600 0.247100
vt 0.214600 0.000500
vt 0.218500 0.185100
vt 0.214600 0.185100
vt 0.082100 0.979800
vt 0.073700 0.000500
vt 0.073700 0.979800
vt 0.050700 0.999500
vt 0.042300 0.000500
vt 0.042300 0.999500
vt 0.035900 0.064800
vt 0.088500 0.915500
vt 0.082100 0.000500
vt 0.057100 0.064800
vt 0.050700 0.000500
vt 0.065500 0.998200
vt 0.065500 0.064800
vt 0.067300 0.915500
vt 0.088500 0.000500
vt 0.096900 0.915500
vt 0.096900 0.000500
vt 0.138000 0.000500
vt 0.141800 0.247000
vt 0.141800 0.000500
vt 0.137100 0.247100
vt 0.134100 0.000500
vt 0.134100 0.247100
vt 0.147700 0.000500
vt 0.143900 0.247000
vt 0.147700 0.247000
vt 0.156700 0.246800
vt 0.153700 0.000500
vt 0.153700 0.246800
vt 0.177300 0.212500
vt 0.181000 0.000500
vt 0.177300 0.000500
vt 0.164600 0.212700
vt 0.161600 0.000500
vt 0.161600 0.212700
vt 0.183200 0.000500
vt 0.186900 0.212500
vt 0.186900 0.000500
vt 0.192100 0.212200
vt 0.189100 0.000500
vt 0.189100 0.212200
vt 0.240100 0.000500
vt 0.243600 0.176500
vt 0.243600 0.000500
vt 0.247100 0.176400
vt 0.244100 0.000500
vt 0.244100 0.176400
vt 0.239700 0.000500
vt 0.236200 0.176500
vt 0.239700 0.176500
vt 0.227400 0.176700
vt 0.224400 0.000500
vt 0.224400 0.176700
vt 0.267600 0.165400
vt 0.271000 0.000500
vt 0.267600 0.000500
vt 0.258900 0.165400
vt 0.255900 0.000500
vt 0.255900 0.165400
vt 0.259800 0.000500
vt 0.263200 0.165400
vt 0.263200 0.000500
vt 0.278500 0.165400
vt 0.275500 0.000500
vt 0.275500 0.165400
vt 0.332500 0.000500
vt 0.335700 0.129000
vt 0.335700 0.000500
vt 0.347200 0.128200
vt 0.344200 0.000500
vt 0.344200 0.128200
vt 0.339600 0.000500
vt 0.336400 0.129000
vt 0.339600 0.129000
vt 0.319700 0.129700
vt 0.316700 0.000500
vt 0.316700 0.129700
vt 0.301000 0.000500
vt 0.304000 0.145000
vt 0.304000 0.000500
vt 0.291200 0.145000
vt 0.287300 0.000500
vt 0.287300 0.145000
vt 0.286400 0.000500
vt 0.283400 0.145000
vt 0.286400 0.145000
vt 0.314800 0.145000
vt 0.310900 0.000500
vt 0.310900 0.145000
vt 0.371700 0.000500
vt 0.374700 0.082700
vt 0.374700 0.000500
vt 0.352100 0.082700
vt 0.348200 0.000500
vt 0.348200 0.082700
vt 0.363000 0.000500
vt 0.360000 0.082700
vt 0.363000 0.082700
vt 0.385500 0.082700
vt 0.381600 0.000500
vt 0.381600 0.082700
vt 0.348200 0.086900
vt 0.351200 0.115500
vt 0.351200 0.086900
vt 0.096700 0.975800
vt 0.092800 0.947300
vt 0.092800 0.975800
vt 0.355100 0.086900
vt 0.352100 0.115500
vt 0.355100 0.115500
vt 0.367800 0.115500
vt 0.363900 0.086900
vt 0.363900 0.115500
vt 0.202800 0.185100
vt 0.206700 0.000500
vt 0.206700 0.185100
vt 0.208700 0.000500
vt 0.212400 0.185100
vt 0.208700 0.185100
vt 0.196900 0.185100
vt 0.200600 0.000500
vt 0.200600 0.185100
vt 0.015300 0.000500
vt 0.000500 0.998200
vt 0.130100 0.749800
vt 0.133100 0.000500
vt 0.133900 0.498400
vt 0.152800 0.000500
vt 0.171400 0.000500
vt 0.160600 0.000500
vt 0.165500 0.212500
vt 0.196000 0.000500
vt 0.228400 0.176500
vt 0.251000 0.000500
vt 0.235800 0.176500
vt 0.223500 0.000500
vt 0.271600 0.000500
vt 0.254900 0.000500
vt 0.263700 0.165400
vt 0.282400 0.000500
vt 0.328500 0.129000
vt 0.343300 0.000500
vt 0.327800 0.129000
vt 0.323700 0.000500
vt 0.297100 0.145000
vt 0.134100 0.754800
vt 0.296200 0.145000
vt 0.308900 0.000500
vt 0.367800 0.082700
vt 0.358000 0.000500
vt 0.366900 0.082700
vt 0.379600 0.000500
vt 0.360000 0.115500
vt 0.096700 0.917800
vt 0.359000 0.115500
vt 0.161600 0.218500
vt 0.218500 0.000500
vt 0.035900 0.998200
vt 0.057100 0.998200
vt 0.067300 0.000500
vt 0.138000 0.247000
vt 0.137100 0.000500
vt 0.143900 0.000500
vt 0.156700 0.000500
vt 0.181000 0.212500
vt 0.164600 0.000500
vt 0.183200 0.212500
vt 0.192100 0.000500
vt 0.240100 0.176500
vt 0.247100 0.000500
vt 0.236200 0.000500
vt 0.227400 0.000500
vt 0.271000 0.165400
vt 0.258900 0.000500
vt 0.259800 0.165400
vt 0.278500 0.000500
vt 0.332500 0.129000
vt 0.347200 0.000500
vt 0.336400 0.000500
vt 0.319700 0.000500
vt 0.301000 0.145000
vt 0.291200 0.000500
vt 0.283400 0.000500
vt 0.314800 0.000500
vt 0.371700 0.082700
vt 0.352100 0.000500
vt 0.360000 0.000500
vt 0.385500 0.000500
vt 0.348200 0.115500
vt 0.096700 0.947300
vt 0.352100 0.086900
vt 0.367800 0.086900
vt 0.202800 0.000500
vt 0.212400 0.000500
vt 0.196900 0.000500
s 1
f 2/1/1 4/2/2 1/3/3
f 1/4/3 6/5/4 5/6/5
s 0
f 5/6/6 8/7/7 1/4/8
f 3/8/9 10/9/10 4/2/11
f 6/5/12 10/10/13 11/11/14
s 1
f 7/12/15 10/10/16 8/13/17
s 0
f 2/1/18 8/14/19 12/15/20
s 1
f 8/16/17 9/17/21 12/18/22
f 14/19/23 16/20/24 13/21/25
f 15/22/26 18/23/27 16/24/24
f 18/25/27 19/26/28 20/27/29
f 19/28/28 13/29/25 20/30/29
f 14/31/23 22/32/30 15/33/26
f 22/34/30 17/35/31 15/36/26
f 23/37/32 19/38/28 17/39/31
f 24/40/33 14/41/23 19/42/28
f 25/43/34 22/44/30 21/45/35
f 26/46/36 23/47/32 22/48/30
f 23/49/32 28/50/37 24/51/33
f 28/52/37 21/53/35 24/54/33
f 25/55/34 30/56/38 26/57/36
f 30/58/38 27/59/39 26/60/36
f 31/61/40 28/62/37 27/63/39
f 32/64/41 25/65/34 28/66/37
f 33/67/42 30/68/38 29/69/43
f 34/70/44 31/71/40 30/72/38
f 31/73/40 36/74/45 32/75/41
f 36/76/45 29/77/43 32/78/41
f 38/79/46 40/80/47 37/81/46
f 39/82/47 42/83/48 40/84/47
f 42/85/48 43/86/49 44/87/49
f 43/88/49 37/89/46 44/90/49
f 46/91/46 48/92/47 45/93/46
f 47/94/47 50/95/48 48/96/47
f 50/97/48 51/98/49 52/99/49
f 51/100/49 45/101/46 52/102/49
f 54/103/50 56/104/51 53/105/52
f 55/106/53 58/107/54 56/108/51
f 58/109/54 59/110/55 60/111/56
f 59/112/55 53/113/52 60/114/56
f 62/115/57 64/116/58 61/117/57
f 66/118/59 2/119/1 65/120/60
f 6/121/4 65/122/60 5/123/5
s 0
f 67/124/61 5/123/62 65/122/63
f 68/125/64 3/126/65 66/118/66
f 6/121/67 68/127/68 66/128/66
s 1
f 68/127/69 7/129/15 67/130/70
s 0
f 2/119/71 67/131/72 65/120/63
s 1
f 9/132/21 67/133/70 12/134/22
f 70/135/73 72/136/74 69/137/75
f 73/138/76 71/139/77 70/140/73
f 73/141/76 76/142/78 74/143/79
f 69/144/75 76/145/78 75/146/80
f 72/147/74 77/148/81 78/149/82
f 74/150/79 77/151/81 71/152/77
f 76/153/78 79/154/83 74/155/79
f 72/156/74 80/157/84 76/158/78
f 77/159/81 82/160/85 78/161/82
f 79/162/83 81/163/86 77/164/81
f 79/165/83 84/166/87 83/167/88
f 78/168/82 84/169/87 80/170/84
f 82/171/85 85/172/89 86/173/90
f 83/174/88 85/175/89 81/176/86
f 84/177/87 87/178/91 83/179/88
f 82/180/85 88/181/92 84/182/87
f 85/183/89 90/184/93 86/185/90
f 87/186/91 89/187/94 85/188/89
f 87/189/91 92/190/95 91/191/96
f 86/192/90 92/193/95 88/194/92
f 94/195/97 96/196/98 93/197/98
f 97/198/99 95/199/97 94/200/97
f 97/201/99 100/202/100 98/203/99
f 93/204/98 100/205/100 99/206/100
f 102/207/97 104/208/98 101/209/98
f 105/210/99 103/211/97 102/212/97
f 105/213/99 108/214/100 106/215/99
f 101/216/98 108/217/100 107/218/100
f 110/219/101 112/220/102 109/221/103
f 113/222/104 111/223/105 110/224/101
f 113/225/104 116/226/106 114/227/107
f 109/228/103 116/229/106 115/230/108
f 118/231/99 120/232/97 117/233/97
f 118/234/99 63/235/58 119/236/99
f 62/237/57 117/238/97 120/239/97
f 2/1/1 3/8/109 4/2/2
f 1/4/3 4/240/2 6/5/4
s 0
f 5/6/110 7/241/111 8/7/112
f 3/8/113 9/17/21 10/9/114
f 6/5/115 4/240/11 10/10/116
s 1
f 7/12/15 11/11/14 10/10/16
s 0
f 2/1/57 1/3/8 8/14/117
s 1
f 8/16/17 10/9/16 9/17/21
f 14/19/23 15/242/26 16/20/24
f 15/22/26 17/243/31 18/23/27
f 18/25/27 17/244/31 19/26/28
f 19/28/28 14/245/23 13/29/25
f 14/31/23 21/246/35 22/32/30
f 22/34/30 23/247/32 17/35/31
f 23/37/32 24/248/33 19/38/28
f 24/40/33 21/249/35 14/41/23
f 25/43/34 26/250/36 22/44/30
f 26/46/36 27/251/39 23/47/32
f 23/49/32 27/252/39 28/50/37
f 28/52/37 25/253/34 21/53/35
f 25/55/34 29/254/43 30/56/38
f 30/58/38 31/255/40 27/59/39
f 31/61/40 32/256/41 28/62/37
f 32/64/41 29/257/43 25/65/34
f 33/67/42 34/258/44 30/68/38
f 34/70/44 35/259/118 31/71/40
f 31/73/40 35/260/118 36/74/45
f 36/76/45 33/261/42 29/77/43
f 38/79/46 39/262/47 40/80/47
f 39/82/47 41/263/48 42/83/48
f 42/85/48 41/264/48 43/86/49
f 43/88/49 38/265/46 37/89/46
f 46/91/46 47/266/47 48/92/47
f 47/94/47 49/267/48 50/95/48
f 50/97/48 49/268/48 51/98/49
f 51/100/49 46/269/46 45/101/46
f 54/103/50 55/270/53 56/104/51
f 55/106/53 57/271/119 58/107/54
f 58/109/54 57/272/119 59/110/55
f 59/112/55 54/273/50 53/113/52
f 62/115/57 63/274/58 64/116/58
f 66/118/59 3/126/109 2/119/1
f 6/121/4 66/128/59 65/122/60
s 0
f 67/124/120 7/275/111 5/123/121
f 68/125/122 9/132/123 3/126/124
f 6/121/125 11/276/14 68/127/126
s 1
f 68/127/69 11/276/14 7/129/15
s 0
f 2/119/127 12/277/22 67/131/128
s 1
f 9/132/21 68/125/69 67/133/70
f 70/135/73 71/278/77 72/136/74
f 73/138/76 74/279/79 71/139/77
f 73/141/76 75/280/80 76/142/78
f 69/144/75 72/281/74 76/145/78
f 72/147/74 71/282/77 77/148/81
f 74/150/79 79/283/83 77/151/81
f 76/153/78 80/284/84 79/154/83
f 72/156/74 78/285/82 80/157/84
f 77/159/81 81/286/86 82/160/85
f 79/162/83 83/287/88 81/163/86
f 79/165/83 80/288/84 84/166/87
f 78/168/82 82/289/85 84/169/87
f 82/171/85 81/290/86 85/172/89
f 83/174/88 87/291/91 85/175/89
f 84/177/87 88/292/92 87/178/91
f 82/180/85 86/293/90 88/181/92
f 85/183/89 89/294/94 90/184/93
f 87/186/91 91/295/96 89/187/94
f 87/189/91 88/296/92 92/190/95
f 86/192/90 90/297/93 92/193/95
f 94/195/97 95/298/97 96/196/98
f 97/198/99 98/299/99 95/199/97
f 97/201/99 99/300/100 100/202/100
f 93/204/98 96/301/98 100/205/100
f 102/207/97 103/302/97 104/208/98
f 105/210/99 106/303/99 103/211/97
f 105/213/99 107/304/100 108/214/100
f 101/216/98 104/305/98 108/217/100
f 110/219/101 111/306/105 112/220/102
f 113/222/104 114/307/107 111/223/105
f 113/225/104 115/308/108 116/226/106
f 109/228/103 112/309/102 116/229/106
f 118/231/99 119/310/99 120/232/97
f 118/234/99 64/311/58 63/235/58
f 62/237/57 61/312/57 117/238/97
o frame001
v -45.631935 6.066044 15.261791
v -45.631935 6.066043 -0.341214
v -45.498138 6.066043 -0.341214
v -45.498138 6.066044 15.261791
v -45.631935 9.209239 -0.341214
v -45.498138 9.209239 -0.341214
v -45.631935 9.105044 -0.341214
v -45.631935 6.168243 14.237293
v -45.498138 6.168242 -0.341214
v -45.498138 6.168243 14.237293
v -45.498138 9.105044 -0.341214
v -45.631935 6.168242 -0.341214
v -45.587135 6.155940 -0.311612
v -45.587135 8.440341 2.879291
v -45.587135 8.502040 2.883487
v -45.587135 6.214740 -0.311612
v -45.539337 8.502040 2.883487
v -45.539337 6.214740 -0.311612
v -45.539337 8.440341 2.879291
v -45.539337 6.155940 -0.311612
v -45.587135 6.129040 5.336689
v -45.587135 6.185242 5.346691
v -45.539337 6.185242 5.346691
v -45.539337 6.129040 5.336689
v -45.587135 7.431042 7.823588
v -45.587135 7.485241 7.828792
v -45.539337 7.485241 7.828792
v -45.539337 7.431042 7.823588
v -45.587135 6.106144 10.091587
v -45.587135 6.159641 10.097790
v -45.539337 6.159641 10.097790
v -45.539337 6.106144 10.091587
v -45.587135 6.588741 12.093486
v -45.587135 6.633343 12.076388
v -45.539337 6.633343 12.076388
v -45.539337 6.588741 12.093486
v -45.594337 8.469943 2.853893
v -45.594337 6.168243 2.854091
v -45.594337 6.168243 2.901889
v -45.594337 8.469943 2.901691
v -45.532135 6.168243 2.901889
v -45.532135 8.469943 2.901691
v -45.532135 6.168243 2.854091
v -45.532135 8.469943 2.853893
v -45.594337 7.478142 7.800792
v -45.594337 6.168243 7.800991
v -45.594337 6.168243 7.848789
v -45.594337 7.478142 7.848590
v -45.532135 6.168243 7.848789
v -45.532135 7.478142 7.848590
v -45.532135 6.168243 7.800991
v -45.532135 7.478142 7.800792
v -45.594337 6.622742 12.075992
v -45.594337 6.168243 12.076191
v -45.594337 6.168243 12.123989
v -45.594337 6.622742 12.123790
v -45.532135 6.168243 12.123989
v -45.532135 6.622742 12.123790
v -45.532135 6.168243 12.076191
v -45.532135 6.622742 12.075992
v -45.594337 9.109340 -0.311810
v -45.594337 6.168242 -0.311612
v -45.532135 6.168242 -0.311612
v -45.532135 9.109340 -0.311810
v -45.631935 6.066042 -15.944115
v -45.498138 6.066042 -15.944115
v -45.631935 6.168242 -14.919716
v -45.498138 6.168242 -14.919716
v -45.587135 6.155940 -0.370808
v -45.587135 6.214740 -0.370808
v -45.587135 8.502040 -3.565808
v -45.587135 8.440341 -3.561711
v -45.539337 6.214740 -0.370808
v -45.539337 8.502040 -3.565808
v -45.539337 6.155940 -0.370808
v -45.539337 8.440341 -3.561711
v -45.587135 6.185241 -6.029110
v -45.587135 6.129039 -6.019108
v -45.539337 6.185241 -6.029110
v -45.539337 6.129039 -6.019108
v -45.587135 7.485240 -8.511209
v -45.587135 7.431041 -8.505914
v -45.539337 7.485240 -8.511209
v -45.539337 7.431041 -8.505914
v -45.587135 6.159639 -10.780113
v -45.587135 6.106142 -10.774010
v -45.539337 6.159639 -10.780113
v -45.539337 6.106142 -10.774010
v -45.587135 6.633341 -12.758813
v -45.587135 6.588739 -12.775918
v -45.539337 6.633341 -12.758813
v -45.539337 6.588739 -12.775918
v -45.594337 8.469943 -3.536313
v -45.594337 8.469943 -3.584111
v -45.594337 6.168242 -3.584309
v -45.594337 6.168242 -3.536511
v -45.532135 8.469943 -3.584111
v -45.532135 6.168242 -3.584309
v -45.532135 8.469943 -3.536313
v -45.532135 6.168242 -3.536511
v -45.594337 7.478141 -8.483117
v -45.594337 7.478141 -8.530908
v -45.594337 6.168242 -8.531105
v -45.594337 6.168242 -8.483315
v -45.532135 7.478141 -8.530908
v -45.532135 6.168242 -8.531105
v -45.532135 7.478141 -8.483117
v -45.532135 6.168242 -8.483315
v -45.594337 6.622740 -12.758416
v -45.594337 6.622740 -12.806207
v -45.594337 6.168242 -12.806404
v -45.594337 6.168242 -12.758614
v -45.532135 6.622740 -12.806207
v -45.532135 6.168242 -12.806404
v -45.532135 6.622740 -12.758416
v -45.532135 6.168242 -12.758614
v -45.594337 9.109340 -0.370511
v -45.532135 9.109340 -0.370511
v -45.532135 6.168242 -0.370808
v -45.594337 6.168242 -0.370808
vn -0.7071 -0.7071 -0.0000
vn 0.5605 -0.0822 0.8241
vn -0.5605 -0.0822 0.8241
vn 0.6736 0.7391 -0.0000
vn -0.6652 0.7466 -0.0000
vn -0.6652 -0.1525 0.7310
vn -0.9987 0.0054 -0.0508
vn -0.5377 -0.0837 0.8390
vn 0.7071 0.0049 0.7071
vn 0.9987 0.0047 -0.0510
vn 0.5377 -0.0837 0.8390
vn 0.6652 0.7466 0.0032
vn 0.9987 0.0101 -0.0502
vn 0.7543 -0.6565 -0.0000
vn -0.7440 -0.6682 -0.0000
vn 0.9882 0.0153 -0.1523
vn -0.9882 0.0153 -0.1523
vn -0.7070 -0.7072 0.0033
vn -0.9987 -0.0000 -0.0511
vn -0.7072 0.7070 0.0002
vn 0.7071 0.7071 -0.0000
vn -0.7071 0.7071 -0.0000
vn -0.8809 -0.4722 -0.0316
vn -0.8129 0.4736 -0.3390
vn -0.5173 -0.6959 0.4982
vn -0.5883 0.8068 0.0539
vn 0.8129 0.4736 -0.3390
vn 0.8810 -0.4721 -0.0316
vn 0.5173 -0.6959 0.4982
vn -0.8633 0.4999 0.0685
vn 0.5883 0.8069 0.0539
vn 0.8633 0.4999 0.0685
vn 0.5970 -0.7948 -0.1090
vn -0.8339 -0.5518 -0.0128
vn -0.5970 -0.7948 -0.1090
vn -0.6126 0.7902 0.0183
vn 0.8339 -0.5518 -0.0128
vn -0.8014 0.5917 0.0875
vn 0.6126 0.7902 0.0183
vn 0.8013 0.5918 0.0875
vn 0.6319 -0.7668 -0.1128
vn -0.6761 -0.7163 0.1727
vn -0.6319 -0.7668 -0.1128
vn -0.7348 0.6596 -0.1579
vn 0.6761 -0.7163 0.1727
vn -0.7071 -0.0001 -0.7071
vn -0.7071 0.0001 0.7071
vn 0.7071 0.0001 0.7071
vn 0.7071 -0.0001 -0.7071
vn -0.7072 -0.0003 -0.7070
vn -0.7072 0.0003 0.7070
vn -0.7070 -0.0003 -0.7072
vn -0.7070 0.0003 0.7072
vn 0.7072 0.0003 0.7070
vn 0.7072 -0.0003 -0.7070
vn 0.7070 -0.0003 -0.7072
vn -0.7071 -0.0000 0.7071
vn 0.7071 -0.0000 0.7071
vn 0.5605 -0.0822 -0.8241
vn -0.5605 -0.0823 -0.8241
vn -0.9987 0.0053 0.0508
vn -0.6652 -0.1474 -0.7319
vn -0.5377 -0.0837 -0.8390
vn 0.9987 0.0048 0.0510
vn 0.7071 -0.0000 -0.7071
vn 0.5377 -0.0837 -0.8390
vn 0.6652 -0.1525 -0.7309
vn 0.9987 0.0054 0.0509
vn 0.9882 0.0152 0.1523
vn -0.9882 0.0151 0.1523
vn -0.7071 0.0050 -0.7071
vn -0.9987 0.0046 0.0509
vn -0.8129 0.4736 0.3391
vn -0.8810 -0.4721 0.0316
vn -0.5173 -0.6959 -0.4982
vn 0.8129 0.4736 0.3391
vn -0.5883 0.8069 -0.0539
vn 0.8809 -0.4722 0.0316
vn 0.5883 0.8069 -0.0539
vn 0.5173 -0.6959 -0.4982
vn -0.8633 0.5000 -0.0685
vn -0.5970 -0.7948 0.1089
vn 0.8634 0.4999 -0.0685
vn 0.5969 -0.7949 0.1089
vn -0.8339 -0.5518 0.0128
vn -0.6126 0.7902 -0.0183
vn 0.8339 -0.5518 0.0128
vn 0.6126 0.7902 -0.0183
vn -0.8013 0.5918 -0.0875
vn -0.6319 -0.7668 0.1128
vn 0.8013 0.5918 -0.0875
vn 0.6320 -0.7667 0.1128
vn -0.6760 -0.7163 -0.1727
vn -0.7349 0.6596 0.1579
vn 0.6760 -0.7164 -0.1727
vn 0.7349 0.6596 0.1579
vn -0.7071 0.0001 -0.7071
vn -0.7071 -0.0001 0.7071
vn 0.7071 0.0001 -0.7071
vn 0.7071 -0.0001 0.7071
vn -0.7072 0.0003 -0.7070
vn -0.7072 -0.0003 0.7070
vn -0.7070 -0.0003 0.7072
vn 0.7072 0.0003 -0.7070
vn -0.7070 0.0003 -0.7072
vn 0.7072 -0.0003 0.7070
vn 0.7070 0.0003 -0.7072
vn 0.7070 -0.0003 0.7072
vn 0.7071 -0.7071 -0.0000
vn -0.6652 0.7467 0.0032
vn -0.7545 -0.6563 -0.0000
vn -0.9987 0.0104 -0.0501
vn 0.7071 -0.7071 0.0035
vn 0.9987 -0.0004 -0.0512
vn 0.6652 -0.1474 0.7319
vn 0.5377 -0.0836 0.8390
vn 0.9987 0.0055 -0.0509
vn -0.7070 -0.0000 0.7072
vn -0.9987 0.0046 -0.0509
vn 0.7348 0.6596 -0.1579
vn 0.7070 0.0003 0.7072
vn -0.9987 0.0101 0.0501
vn -0.7544 -0.6564 -0.0000
vn -0.6652 0.7466 -0.0032
vn 0.9987 -0.0000 0.0512
vn 0.7071 0.7071 -0.0002
vn 0.7071 -0.7071 -0.0033
vn 0.6652 0.7466 -0.0032
vn 0.9987 0.0105 0.0501
vn -0.7071 -0.7071 -0.0035
vn -0.9987 -0.0004 0.0511
vt 0.105100 0.000500
vt 0.113500 0.979800
vt 0.105100 0.979800
vt 0.006900 0.000500
vt 0.015300 0.999500
vt 0.006900 0.999500
vt 0.000500 0.064800
vt 0.113500 0.000500
vt 0.120000 0.915500
vt 0.021700 0.064800
vt 0.021700 0.998200
vt 0.030100 0.998200
vt 0.030100 0.064800
vt 0.098700 0.915500
vt 0.098700 0.000500
vt 0.128400 0.915500
vt 0.120000 0.000500
vt 0.128400 0.000500
vt 0.133900 0.749800
vt 0.130100 0.503400
vt 0.133900 0.503400
vt 0.130100 0.000500
vt 0.133100 0.247100
vt 0.130100 0.247100
vt 0.133900 0.251900
vt 0.130100 0.498400
vt 0.130100 0.251900
vt 0.149800 0.000500
vt 0.152800 0.246800
vt 0.149800 0.246800
vt 0.171400 0.212500
vt 0.175100 0.000500
vt 0.175100 0.212500
vt 0.157600 0.000500
vt 0.160600 0.212700
vt 0.157600 0.212700
vt 0.169200 0.212500
vt 0.165500 0.000500
vt 0.169200 0.000500
vt 0.193000 0.000500
vt 0.196000 0.212200
vt 0.193000 0.212200
vt 0.231900 0.176500
vt 0.228400 0.000500
vt 0.231900 0.000500
vt 0.248000 0.000500
vt 0.251000 0.176400
vt 0.248000 0.176400
vt 0.235800 0.000500
vt 0.232300 0.176500
vt 0.232300 0.000500
vt 0.220500 0.000500
vt 0.223500 0.176700
vt 0.220500 0.176700
vt 0.271600 0.165400
vt 0.275000 0.000500
vt 0.275000 0.165400
vt 0.251900 0.000500
vt 0.254900 0.165400
vt 0.251900 0.165400
vt 0.267100 0.165400
vt 0.263700 0.000500
vt 0.267100 0.000500
vt 0.279400 0.000500
vt 0.282400 0.165400
vt 0.279400 0.165400
vt 0.331700 0.129000
vt 0.328500 0.000500
vt 0.331700 0.000500
vt 0.340300 0.000500
vt 0.343300 0.128200
vt 0.340300 0.128200
vt 0.327800 0.000500
vt 0.324600 0.129000
vt 0.324600 0.000500
vt 0.320700 0.000500
vt 0.323700 0.129700
vt 0.320700 0.129700
vt 0.300100 0.145000
vt 0.297100 0.000500
vt 0.300100 0.000500
vt 0.130100 0.754800
vt 0.134100 0.899200
vt 0.130100 0.899200
vt 0.296200 0.000500
vt 0.293200 0.145000
vt 0.293200 0.000500
vt 0.305000 0.000500
vt 0.308900 0.145000
vt 0.305000 0.145000
vt 0.370800 0.082700
vt 0.367800 0.000500
vt 0.370800 0.000500
vt 0.354100 0.000500
vt 0.358000 0.082700
vt 0.354100 0.082700
vt 0.366900 0.000500
vt 0.363900 0.082700
vt 0.363900 0.000500
vt 0.375700 0.000500
vt 0.379600 0.082700
vt 0.375700 0.082700
vt 0.363000 0.115500
vt 0.360000 0.086900
vt 0.363000 0.086900
vt 0.092800 0.917800
vt 0.096700 0.946300
vt 0.092800 0.946300
vt 0.359000 0.086900
vt 0.356000 0.115500
vt 0.356000 0.086900
vt 0.157600 0.218500
vt 0.161600 0.247100
vt 0.157600 0.247100
vt 0.214600 0.000500
vt 0.218500 0.185100
vt 0.214600 0.185100
vt 0.082100 0.979800
vt 0.073700 0.000500
vt 0.073700 0.979800
vt 0.050700 0.999500
vt 0.042300 0.000500
vt 0.042300 0.999500
vt 0.035900 0.064800
vt 0.088500 0.915500
vt 0.082100 0.000500
vt 0.057100 0.064800
vt 0.050700 0.000500
vt 0.065500 0.998200
vt 0.065500 0.064800
vt 0.067300 0.915500
vt 0.088500 0.000500
vt 0.096900 0.915500
vt 0.096900 0.000500
vt 0.138000 0.000500
vt 0.141800 0.247000
vt 0.141800 0.000500
vt 0.137100 0.247100
vt 0.134100 0.000500
vt 0.134100 0.247100
vt 0.147700 0.000500
vt 0.143900 0.247000
vt 0.147700 0.247000
vt 0.156700 0.246800
vt 0.153700 0.000500
vt 0.153700 0.246800
vt 0.177300 0.212500
vt 0.181000 0.000500
vt 0.177300 0.000500
vt 0.164600 0.212700
vt 0.161600 0.000500
vt 0.161600 0.212700
vt 0.183200 0.000500
vt 0.186900 0.212500
vt 0.186900 0.000500
vt 0.192100 0.212200
vt 0.189100 0.000500
vt 0.189100 0.212200
vt 0.240100 0.000500
vt 0.243600 0.176500
vt 0.243600 0.000500
vt 0.247100 0.176400
vt 0.244100 0.000500
vt 0.244100 0.176400
vt 0.239700 0.000500
vt 0.236200 0.176500
vt 0.239700 0.176500
vt 0.227400 0.176700
vt 0.224400 0.000500
vt 0.224400 0.176700
vt 0.267600 0.165400
vt 0.271000 0.000500
vt 0.267600 0.000500
vt 0.258900 0.165400
vt 0.255900 0.000500
vt 0.255900 0.165400
vt 0.259800 0.000500
vt 0.263200 0.165400
vt 0.263200 0.000500
vt 0.278500 0.165400
vt 0.275500 0.000500
vt 0.275500 0.165400
vt 0.332500 0.000500
vt 0.335700 0.129000
vt 0.335700 0.000500
vt 0.347200 0.128200
vt 0.344200 0.000500
vt 0.344200 0.128200
vt 0.339600 0.000500
vt 0.336400 0.129000
vt 0.339600 0.129000
vt 0.319700 0.129700
vt 0.316700 0.000500
vt 0.316700 0.129700
vt 0.301000 0.000500
vt 0.304000 0.145000
vt 0.304000 0.000500
vt 0.291200 0.145000
vt 0.287300 0.000500
vt 0.287300 0.145000
vt 0.286400 0.000500
vt 0.283400 0.145000
vt 0.286400 0.145000
vt 0.314800 0.145000
vt 0.310900 0.000500
vt 0.310900 0.145000
vt 0.371700 0.000500
vt 0.374700 0.082700
vt 0.374700 0.000500
vt 0.352100 0.082700
vt 0.348200 0.000500
vt 0.348200 0.082700
vt 0.363000 0.000500
vt 0.360000 0.082700
vt 0.363000 0.082700
vt 0.385500 0.082700
vt 0.381600 0.000500
vt 0.381600 0.082700
vt 0.348200 0.086900
vt 0.351200 0.115500
vt 0.351200 0.086900
vt 0.096700 0.975800
vt 0.092800 0.947300
vt 0.092800 0.975800
vt 0.355100 0.086900
vt 0.352100 0.115500
vt 0.355100 0.115500
vt 0.367800 0.115500
vt 0.363900 0.086900
vt 0.363900 0.115500
vt 0.202800 0.185100
vt 0.206700 0.000500
vt 0.206700 0.185100
vt 0.208700 0.000500
vt 0.212400 0.185100
vt 0.208700 0.185100
vt 0.196900 0.185100
vt 0.200600 0.000500
vt 0.200600 0.185100
vt 0.015300 0.000500
vt 0.000500 0.998200
vt 0.130100 0.749800
vt 0.133100 0.000500
vt 0.133900 0.498400
vt 0.152800 0.000500
vt 0.171400 0.000500
vt 0.160600 0.000500
vt 0.165500 0.212500
vt 0.196000 0.000500
vt 0.228400 0.176500
vt 0.251000 0.000500
vt 0.235800 0.176500
vt 0.223500 0.000500
vt 0.271600 0.000500
vt 0.254900 0.000500
vt 0.263700 0.165400
vt 0.282400 0.000500
vt 0.328500 0.129000
vt 0.343300 0.000500
vt 0.327800 0.129000
vt 0.323700 0.000500
vt 0.297100 0.145000
vt 0.134100 0.754800
vt 0.296200 0.145000
vt 0.308900 0.000500
vt 0.367800 0.082700
vt 0.358000 0.000500
vt 0.366900 0.082700
vt 0.379600 0.000500
vt 0.360000 0.115500
vt 0.096700 0.917800
vt 0.359000 0.115500
vt 0.161600 0.218500
vt 0.218500 0.000500
vt 0.035900 0.998200
vt 0.057100 0.998200
vt 0.067300 0.000500
vt 0.138000 0.247000
vt 0.137100 0.000500
vt 0.143900 0.000500
vt 0.156700 0.000500
vt 0.181000 0.212500
vt 0.164600 0.000500
vt 0.183200 0.212500
vt 0.192100 0.000500
vt 0.240100 0.176500
vt 0.247100 0.000500
vt 0.236200 0.000500
vt 0.227400 0.000500
vt 0.271000 0.165400
vt 0.258900 0.000500
vt 0.259800 0.165400
vt 0.278500 0.000500
vt 0.332500 0.129000
vt 0.347200 0.000500
vt 0.336400 0.000500
vt 0.319700 0.000500
vt 0.301000 0.145000
vt 0.291200 0.000500
vt 0.283400 0.000500
vt 0.314800 0.000500
vt 0.371700 0.082700
vt 0.352100 0.000500
vt 0.360000 0.000500
vt 0.385500 0.000500
vt 0.348200 0.115500
vt 0.096700 0.947300
vt 0.352100 0.086900
vt 0.367800 0.086900
vt 0.202800 0.000500
vt 0.212400 0.000500
vt 0.196900 0.000500
s 1
f 122/313/129 124/314/130 121/315/131
f 121/316/131 126/317/132 125/318/133
s 0
f 125/318/134 128/319/135 121/316/136
f 123/320/137 130/321/138 124/314/139
f 126/317/140 130/322/141 131/323/142
s 1
f 127/324/143 130/322/144 128/325/145
s 0
f 122/313/146 128/326/147 132/327/148
s 1
f 128/328/145 129/329/149 132/330/150
f 134/331/151 136/332/152 133/333/153
f 135/334/154 138/335/155 136/336/152
f 138/337/155 139/338/156 140/339/157
f 139/340/156 133/341/153 140/342/157
f 134/343/151 142/344/158 135/345/154
f 142/346/158 137/347/159 135/348/154
f 143/349/160 139/350/156 137/351/159
f 144/352/161 134/353/151 139/354/156
f 145/355/162 142/356/158 141/357/163
f 146/358/164 143/359/160 142/360/158
f 143/361/160 148/362/165 144/363/161
f 148/364/165 141/365/163 144/366/161
f 145/367/162 150/368/166 146/369/164
f 150/370/166 147/371/167 146/372/164
f 151/373/168 148/374/165 147/375/167
f 152/376/169 145/377/162 148/378/165
f 153/379/170 150/380/166 149/381/171
f 154/382/172 151/383/168 150/384/166
f 151/385/168 156/386/173 152/387/169
f 156/388/173 149/389/171 152/390/169
f 158/391/174 160/392/175 157/393/174
f 159/394/175 162/395/176 160/396/175
f 162/397/176 163/398/177 164/399/177
f 163/400/177 157/401/174 164/402/177
f 166/403/174 168/404/175 165/405/174
f 167/406/175 170/407/176 168/408/175
f 170/409/176 171/410/177 172/411/177
f 171/412/177 165/413/174 172/414/177
f 174/415/178 176/416/179 173/417/180
f 175/418/181 178/419/182 176/420/179
f 178/421/182 179/422/183 180/423/184
f 179/424/183 173/425/180 180/426/184
f 182/427/185 184/428/186 181/429/185
f 186/430/187 122/431/129 185/432/188
f 126/433/132 185/434/188 125/435/133
s 0
f 187/436/189 125/435/190 185/434/191
f 188/437/192 123/438/193 186/430/194
f 126/433/195 188/439/196 186/440/194
s 1
f 188/439/197 127/441/143 187/442/198
s 0
f 122/431/199 187/443/200 185/432/191
s 1
f 129/444/149 187/445/198 132/446/150
f 190/447/201 192/448/202 189/449/203
f 193/450/204 191/451/205 190/452/201
f 193/453/204 196/454/206 194/455/207
f 189/456/203 196/457/206 195/458/208
f 192/459/202 197/460/209 198/461/210
f 194/462/207 197/463/209 191/464/205
f 196/465/206 199/466/211 194/467/207
f 192/468/202 200/469/212 196/470/206
f 197/471/209 202/472/213 198/473/210
f 199/474/211 201/475/214 197/476/209
f 199/477/211 204/478/215 203/479/216
f 198/480/210 204/481/215 200/482/212
f 202/483/213 205/484/217 206/485/218
f 203/486/216 205/487/217 201/488/214
f 204/489/215 207/490/219 203/491/216
f 202/492/213 208/493/220 204/494/215
f 205/495/217 210/496/221 206/497/218
f 207/498/219 209/499/222 205/500/217
f 207/501/219 212/502/223 211/503/224
f 206/504/218 212/505/223 208/506/220
f 214/507/225 216/508/226 213/509/226
f 217/510/227 215/511/225 214/512/225
f 217/513/227 220/514/228 218/515/227
f 213/516/226 220/517/228 219/518/228
f 222/519/225 224/520/226 221/521/226
f 225/522/227 223/523/225 222/524/225
f 225/525/227 228/526/228 226/527/227
f 221/528/226 228/529/228 227/530/228
f 230/531/229 232/532/230 229/533/231
f 233/534/232 231/535/233 230/536/229
f 233/537/232 236/538/234 234/539/235
f 229/540/231 236/541/234 235/542/236
f 238/543/227 240/544/225 237/545/225
f 238/546/227 183/547/186 239/548/227
f 182/549/185 237/550/225 240/551/225
f 122/313/129 123/320/237 124/314/130
f 121/316/131 124/552/130 126/317/132
s 0
f 125/318/238 127/553/239 128/319/240
f 123/320/241 129/329/149 130/321/242
f 126/317/243 124/552/244 130/322/245
s 1
f 127/324/143 131/323/142 130/322/144
s 0
f 122/313/246 121/315/136 128/326/247
s 1
f 128/328/145 130/321/144 129/329/149
f 134/331/151 135/554/154 136/332/152
f 135/334/154 137/555/159 138/335/155
f 138/337/155 137/556/159 139/338/156
f 139/340/156 134/557/151 133/341/153
f 134/343/151 141/558/163 142/344/158
f 142/346/158 143/559/160 137/347/159
f 143/349/160 144/560/161 139/350/156
f 144/352/161 141/561/163 134/353/151
f 145/355/162 146/562/164 142/356/158
f 146/358/164 147/563/167 143/359/160
f 143/361/160 147/564/167 148/362/165
f 148/364/165 145/565/162 141/365/163
f 145/367/162 149/566/171 150/368/166
f 150/370/166 151/567/168 147/371/167
f 151/373/168 152/568/169 148/374/165
f 152/376/169 149/569/171 145/377/162
f 153/379/170 154/570/172 150/380/166
f 154/382/172 155/571/248 151/383/168
f 151/385/168 155/572/248 156/386/173
f 156/388/173 153/573/170 149/389/171
f 158/391/174 159/574/175 160/392/175
f 159/394/175 161/575/176 162/395/176
f 162/397/176 161/576/176 163/398/177
f 163/400/177 158/577/174 157/401/174
f 166/403/174 167/578/175 168/404/175
f 167/406/175 169/579/176 170/407/176
f 170/409/176 169/580/176 171/410/177
f 171/412/177 166/581/174 165/413/174
f 174/415/178 175/582/181 176/416/179
f 175/418/181 177/583/249 178/419/182
f 178/421/182 177/584/249 179/422/183
f 179/424/183 174/585/178 173/425/180
f 182/427/185 183/586/186 184/428/186
f 186/430/187 123/438/237 122/431/129
f 126/433/132 186/440/187 185/434/188
s 0
f 187/436/250 127/587/251 125/435/252
f 188/437/253 129/444/254 123/438/255
f 126/433/256 131/588/142 188/439/257
s 1
f 188/439/197 131/588/142 127/441/143
s 0
f 122/431/258 132/589/150 187/443/259
s 1
f 129/444/149 188/437/197 187/445/198
f 190/447/201 191/590/205 192/448/202
f 193/450/204 194/591/207 191/451/205
f 193/453/204 195/592/208 196/454/206
f 189/456/203 192/593/202 196/457/206
f 192/459/202 191/594/205 197/460/209
f 194/462/207 199/595/211 197/463/209
f 196/465/206 200/596/212 199/466/211
f 192/468/202 198/597/210 200/469/212
f 197/471/209 201/598/214 202/472/213
f 199/474/211 203/599/216 201/475/214
f 199/477/211 200/600/212 204/478/215
f 198/480/210 202/601/213 204/481/215
f 202/483/213 201/602/214 205/484/217
f 203/486/216 207/603/219 205/487/217
f 204/489/215 208/604/220 207/490/219
f 202/492/213 206/605/218 208/493/220
f 205/495/217 209/606/222 210/496/221
f 207/498/219 211/607/224 209/499/222
f 207/501/219 208/608/220 212/502/223
f 206/504/218 210/609/221 212/505/223
f 214/507/225 215/610/225 216/508/226
f 217/510/227 218/611/227 215/511/225
f 217/513/227 219/612/228 220/514/228
f 213/516/226 216/613/226 220/517/228
f 222/519/225 223/614/225 224/520/226
f 225/522/227 226/615/227 223/523/225
f 225/525/227 227/616/228 228/526/228
f 221/528/226 224/617/226 228/529/228
f 230/531/229 231/618/233 232/532/230
f 233/534/232 234/619/235 231/535/233
f 233/537/232 235/620/236 236/538/234
f 229/540/231 232/621/230 236/541/234
f 238/543/227 239/622/227 240/544/225
f 238/546/227 184/623/186 183/547/186
f 182/549/185 181/624/185 237/550/225
o frame002
v -30.338837 6.066044 15.261791
v -30.338837 6.066043 -0.341214
v -30.205032 6.066043 -0.341214
v -30.205032 6.066044 15.261791
v -30.338837 9.209239 -0.341214
v -30.205032 9.209239 -0.341214
v -30.338837 9.105044 -0.341214
v -30.338837 6.168243 14.237293
v -30.205032 6.168242 -0.341214
v -30.205032 6.168243 14.237293
v -30.205032 9.105044 -0.341214
v -30.338837 6.168242 -0.341214
v -30.294037 6.155940 -0.311612
v -30.294037 8.440341 2.879291
v -30.294037 8.502040 2.883487
v -30.294037 6.214740 -0.311612
v -30.246231 8.502040 2.883487
v -30.246231 6.214740 -0.311612
v -30.246231 8.440341 2.879291
v -30.246231 6.155940 -0.311612
v -30.294037 6.129040 5.336788
v -30.294037 6.185242 5.346790
v -30.246231 6.185242 5.346790
v -30.246231 6.129040 5.336788
v -30.294037 7.431042 7.823588
v -30.294037 7.485241 7.828792
v -30.246231 7.485241 7.828792
v -30.246231 7.431042 7.823588
v -30.294037 6.106144 10.091587
v -30.294037 6.159641 10.097790
v -30.246231 6.159641 10.097790
v -30.246231 6.106144 10.091587
v -30.294037 6.588741 12.093486
v -30.294037 6.633343 12.076388
v -30.246231 6.633343 12.076388
v -30.246231 6.588741 12.093486
v -30.301239 8.469943 2.853893
v -30.301239 6.168243 2.854091
v -30.301239 6.168243 2.901889
v -30.301239 8.469943 2.901691
v -30.238937 6.168243 2.901889
v -30.238937 8.469943 2.901691
v -30.238937 6.168243 2.854091
v -30.238937 8.469943 2.853893
v -30.301239 7.478142 7.800792
v -30.301239 6.168243 7.800991
v -30.301239 6.168243 7.848789
v -30.301239 7.478142 7.848590
v -30.238937 6.168243 7.848789
v -30.238937 7.478142 7.848590
v -30.238937 6.168243 7.800991
v -30.238937 7.478142 7.800792
v -30.301239 6.622742 12.075992
v -30.301239 6.168243 12.076191
v -30.301239 6.168243 12.123989
v -30.301239 6.622742 12.123790
v -30.238937 6.168243 12.123989
v -30.238937 6.622742 12.123790
v -30.238937 6.168243 12.076191
v -30.238937 6.622742 12.075992
v -30.301239 9.109340 -0.311810
v -30.301239 6.168242 -0.311612
v -30.238937 6.168242 -0.311612
v -30.238937 9.109340 -0.311810
v -30.338837 6.066042 -15.944115
v -30.205032 6.066042 -15.944115
v -30.338837 6.168242 -14.919609
v -30.205032 6.168242 -14.919609
v -30.294037 6.155940 -0.370709
v -30.294037 6.214740 -0.370709
v -30.294037 8.502040 -3.565808
v -30.294037 8.440341 -3.561711
v -30.246231 6.214740 -0.370709
v -30.246231 8.502040 -3.565808
v -30.246231 6.155940 -0.370709
v -30.246231 8.440341 -3.561711
v -30.294037 6.185241 -6.029110
v -30.294037 6.129039 -6.019108
v -30.246231 6.185241 -6.029110
v -30.246231 6.129039 -6.019108
v -30.294037 7.485240 -8.511117
v -30.294037 7.431041 -8.505914
v -30.246231 7.485240 -8.511117
v -30.246231 7.431041 -8.505914
v -30.294037 6.159639 -10.780113
v -30.294037 6.106142 -10.774010
v -30.246231 6.159639 -10.780113
v -30.246231 6.106142 -10.774010
v -30.294037 6.633341 -12.758813
v -30.294037 6.588739 -12.775918
v -30.246231 6.633341 -12.758813
v -30.246231 6.588739 -12.775918
v -30.301239 8.469943 -3.536313
v -30.301239 8.469943 -3.584111
v -30.301239 6.168242 -3.584309
v -30.301239 6.168242 -3.536511
v -30.238937 8.469943 -3.584111
v -30.238937 6.168242 -3.584309
v -30.238937 8.469943 -3.536313
v -30.238937 6.168242 -3.536511
v -30.301239 7.478141 -8.483117
v -30.301239 7.478141 -8.530908
v -30.301239 6.168242 -8.531105
v -30.301239 6.168242 -8.483315
v -30.238937 7.478141 -8.530908
v -30.238937 6.168242 -8.531105
v -30.238937 7.478141 -8.483117
v -30.238937 6.168242 -8.483315
v -30.301239 6.622740 -12.758416
v -30.301239 6.622740 -12.806207
v -30.301239 6.168242 -12.806404
v -30.301239 6.168242 -12.758614
v -30.238937 6.622740 -12.806207
v -30.238937 6.168242 -12.806404
v -30.238937 6.622740 -12.758416
v -30.238937 6.168242 -12.758614
v -30.301239 9.109340 -0.370511
v -30.238937 9.109340 -0.370511
v -30.238937 6.168242 -0.370709
v -30.301239 6.168242 -0.370709
vn -0.7071 -0.7071 -0.0000
vn 0.5605 -0.0822 0.8241
vn -0.5605 -0.0821 0.8241
vn 0.6736 0.7391 0.0001
vn -0.6652 0.7466 -0.0000
vn -0.6653 -0.1524 0.7308
vn -0.9987 0.0053 -0.0509
vn -0.5377 -0.0838 0.8390
vn 0.7071 0.0050 0.7071
vn 0.9987 0.0048 -0.0510
vn 0.5377 -0.0837 0.8390
vn 0.6652 0.7466 0.0032
vn 0.9987 0.0101 -0.0502
vn 0.7543 -0.6565 -0.0000
vn -0.7440 -0.6682 0.0002
vn 0.9882 0.0154 -0.1523
vn -0.9882 0.0151 -0.1523
vn -0.7072 -0.7070 0.0033
vn -0.9987 -0.0000 -0.0511
vn -0.7070 0.7072 0.0002
vn 0.7071 0.7071 -0.0000
vn -0.7071 0.7071 -0.0000
vn -0.8810 -0.4722 -0.0316
vn -0.8129 0.4736 -0.3391
vn -0.5173 -0.6959 0.4982
vn -0.5883 0.8069 0.0539
vn 0.8129 0.4736 -0.3391
vn 0.8810 -0.4722 -0.0316
vn 0.5173 -0.6959 0.4982
vn -0.8633 0.5000 0.0685
vn 0.5883 0.8069 0.0539
vn 0.8633 0.5000 0.0685
vn 0.5970 -0.7948 -0.1089
vn -0.8339 -0.5518 -0.0128
vn -0.5970 -0.7948 -0.1089
vn -0.6126 0.7902 0.0183
vn 0.8339 -0.5518 -0.0128
vn -0.8013 0.5918 0.0876
vn 0.6126 0.7902 0.0183
vn 0.8013 0.5918 0.0876
vn 0.6319 -0.7668 -0.1128
vn -0.6761 -0.7163 0.1727
vn -0.6319 -0.7668 -0.1128
vn -0.7349 0.6596 -0.1579
vn 0.6759 -0.7165 0.1727
vn -0.7071 -0.0001 -0.7071
vn -0.7071 0.0001 0.7071
vn 0.7071 0.0001 0.7071
vn 0.7071 -0.0001 -0.7071
vn -0.7072 -0.0003 -0.7070
vn -0.7072 0.0003 0.7070
vn -0.7070 -0.0003 -0.7072
vn -0.7070 0.0003 0.7072
vn 0.7072 0.0003 0.7070
vn 0.7072 -0.0003 -0.7070
vn 0.7070 -0.0003 -0.7072
vn -0.7071 -0.0000 0.7071
vn 0.7071 -0.0000 0.7071
vn 0.5605 -0.0823 -0.8241
vn -0.5605 -0.0821 -0.8241
vn -0.9987 0.0053 0.0509
vn -0.6653 -0.1474 -0.7319
vn -0.5377 -0.0836 -0.8390
vn 0.9987 0.0048 0.0510
vn 0.7071 -0.0000 -0.7071
vn 0.5377 -0.0837 -0.8390
vn 0.6652 -0.1525 -0.7309
vn 0.9987 0.0054 0.0508
vn 0.9882 0.0152 0.1523
vn -0.9882 0.0153 0.1523
vn -0.7072 0.0049 -0.7070
vn -0.9987 0.0047 0.0509
vn -0.5377 -0.0837 -0.8390
vn -0.8129 0.4736 0.3391
vn -0.8809 -0.4722 0.0316
vn -0.5173 -0.6959 -0.4981
vn 0.8129 0.4736 0.3391
vn -0.5883 0.8068 -0.0539
vn 0.8809 -0.4722 0.0316
vn 0.5883 0.8068 -0.0539
vn 0.5173 -0.6959 -0.4981
vn -0.8634 0.4999 -0.0685
vn -0.5969 -0.7949 0.1089
vn 0.8633 0.5000 -0.0685
vn 0.5970 -0.7948 0.1090
vn -0.8339 -0.5518 0.0128
vn -0.6126 0.7902 -0.0183
vn 0.8339 -0.5518 0.0128
vn 0.6126 0.7902 -0.0183
vn -0.8014 0.5917 -0.0876
vn -0.6319 -0.7668 0.1128
vn 0.8013 0.5918 -0.0876
vn 0.6320 -0.7667 0.1128
vn -0.6761 -0.7163 -0.1727
vn -0.7349 0.6596 0.1579
vn 0.6762 -0.7162 -0.1727
vn 0.7349 0.6595 0.1579
vn -0.7071 0.0001 -0.7071
vn -0.7071 -0.0001 0.7071
vn 0.7071 0.0001 -0.7071
vn 0.7071 -0.0001 0.7071
vn -0.7072 0.0003 -0.7070
vn -0.7072 -0.0003 0.7070
vn -0.7070 -0.0003 0.7072
vn 0.7072 0.0003 -0.7070
vn -0.7070 0.0003 -0.7072
vn 0.7072 -0.0003 0.7070
vn 0.7070 0.0003 -0.7072
vn 0.7070 -0.0003 0.7072
vn -0.7071 -0.0000 -0.7071
vn 0.7071 -0.7071 -0.0000
vn -0.6653 0.7466 0.0032
vn -0.7543 -0.6565 -0.0000
vn -0.9987 0.0104 -0.0501
vn 0.7071 -0.7071 0.0035
vn 0.9987 -0.0004 -0.0512
vn 0.6652 -0.1475 0.7319
vn 0.9987 0.0054 -0.0509
vn 0.7543 -0.6565 -0.0002
vn -0.7072 -0.0000 0.7070
vn -0.5377 -0.0834 0.8390
vn -0.9987 0.0047 -0.0509
vn 0.7348 0.6596 -0.1579
vn 0.7070 0.0003 0.7072
vn -0.9987 0.0101 0.0501
vn -0.6653 0.7466 -0.0032
vn 0.9987 -0.0000 0.0512
vn 0.7071 0.7071 -0.0002
vn 0.7071 -0.7071 -0.0033
vn 0.6652 0.7466 -0.0032
vn 0.9987 0.0104 0.0501
vn -0.7072 -0.7070 -0.0035
vn -0.7071 0.7072 -0.0000
vn -0.9987 -0.0004 0.0511
vt 0.105100 0.000500
vt 0.113500 0.979800
vt 0.105100 0.979800
vt 0.006900 0.000500
vt 0.015300 0.999500
vt 0.006900 0.999500
vt 0.000500 0.064800
vt 0.113500 0.000500
vt 0.120000 0.915500
vt 0.021700 0.064800
vt 0.021700 0.998200
vt 0.030100 0.998200
vt 0.030100 0.064800
vt 0.098700 0.915500
vt 0.098700 0.000500
vt 0.128400 0.915500
vt 0.120000 0.000500
vt 0.128400 0.000500
vt 0.133900 0.749800
vt 0.130100 0.503400
vt 0.133900 0.503400
vt 0.130100 0.000500
vt 0.133100 0.247100
vt 0.130100 0.247100
vt 0.133900 0.251900
vt 0.130100 0.498400
vt 0.130100 0.251900
vt 0.149800 0.000500
vt 0.152800 0.246800
vt 0.149800 0.246800
vt 0.171400 0.212500
vt 0.175100 0.000500
vt 0.175100 0.212500
vt 0.157600 0.000500
vt 0.160600 0.212700
vt 0.157600 0.212700
vt 0.169200 0.212500
vt 0.165500 0.000500
vt 0.169200 0.000500
vt 0.193000 0.000500
vt 0.196000 0.212200
vt 0.193000 0.212200
vt 0.231900 0.176500
vt 0.228400 0.000500
vt 0.231900 0.000500
vt 0.248000 0.000500
vt 0.251000 0.176400
vt 0.248000 0.176400
vt 0.235800 0.000500
vt 0.232300 0.176500
vt 0.232300 0.000500
vt 0.220500 0.000500
vt 0.223500 0.176700
vt 0.220500 0.176700
vt 0.271600 0.165400
vt 0.275000 0.000500
vt 0.275000 0.165400
vt 0.251900 0.000500
vt 0.254900 0.165400
vt 0.251900 0.165400
vt 0.267100 0.165400
vt 0.263700 0.000500
vt 0.267100 0.000500
vt 0.279400 0.000500
vt 0.282400 0.165400
vt 0.279400 0.165400
vt 0.331700 0.129000
vt 0.328500 0.000500
vt 0.331700 0.000500
vt 0.340300 0.000500
vt 0.343300 0.128200
vt 0.340300 0.128200
vt 0.327800 0.000500
vt 0.324600 0.129000
vt 0.324600 0.000500
vt 0.320700 0.000500
vt 0.323700 0.129700
vt 0.320700 0.129700
vt 0.300100 0.145000
vt 0.297100 0.000500
vt 0.300100 0.000500
vt 0.130100 0.754800
vt 0.134100 0.899200
vt 0.130100 0.899200
vt 0.296200 0.000500
vt 0.293200 0.145000
vt 0.293200 0.000500
vt 0.305000 0.000500
vt 0.308900 0.145000
vt 0.305000 0.145000
vt 0.370800 0.082700
vt 0.367800 0.000500
vt 0.370800 0.000500
vt 0.354100 0.000500
vt 0.358000 0.082700
vt 0.354100 0.082700
vt 0.366900 0.000500
vt 0.363900 0.082700
vt 0.363900 0.000500
vt 0.375700 0.000500
vt 0.379600 0.082700
vt 0.375700 0.082700
vt 0.363000 0.115500
vt 0.360000 0.086900
vt 0.363000 0.086900
vt 0.092800 0.917800
vt 0.096700 0.946300
vt 0.092800 0.946300
vt 0.359000 0.086900
vt 0.356000 0.115500
vt 0.356000 0.086900
vt 0.157600 0.218500
vt 0.161600 0.247100
vt 0.157600 0.247100
vt 0.214600 0.000500
vt 0.218500 0.185100
vt 0.214600 0.185100
vt 0.082100 0.979800
vt 0.073700 0.000500
vt 0.073700 0.979800
vt 0.050700 0.999500
vt 0.042300 0.000500
vt 0.042300 0.999500
vt 0.035900 0.064800
vt 0.088500 0.915500
vt 0.082100 0.000500
vt 0.057100 0.064800
vt 0.050700 0.000500
vt 0.065500 0.998200
vt 0.065500 0.064800
vt 0.067300 0.915500
vt 0.088500 0.000500
vt 0.096900 0.915500
vt 0.096900 0.000500
vt 0.138000 0.000500
vt 0.141800 0.247000
vt 0.141800 0.000500
vt 0.137100 0.247100
vt 0.134100 0.000500
vt 0.134100 0.247100
vt 0.147700 0.000500
vt 0.143900 0.247000
vt 0.147700 0.247000
vt 0.156700 0.246800
vt 0.153700 0.000500
vt 0.153700 0.246800
vt 0.177300 0.212500
vt 0.181000 0.000500
vt 0.177300 0.000500
vt 0.164600 0.212700
vt 0.161600 0.000500
vt 0.161600 0.212700
vt 0.183200 0.000500
vt 0.186900 0.212500
vt 0.186900 0.000500
vt 0.192100 0.212200
vt 0.189100 0.000500
vt 0.189100 0.212200
vt 0.240100 0.000500
vt 0.243600 0.176500
vt 0.243600 0.000500
vt 0.247100 0.176400
vt 0.244100 0.000500
vt 0.244100 0.176400
vt 0.239700 0.000500
vt 0.236200 0.176500
vt 0.239700 0.176500
vt 0.227400 0.176700
vt 0.224400 0.000500
vt 0.224400 0.176700
vt 0.267600 0.165400
vt 0.271000 0.000500
vt 0.267600 0.000500
vt 0.258900 0.165400
vt 0.255900 0.000500
vt 0.255900 0.165400
vt 0.259800 0.000500
vt 0.263200 0.165400
vt 0.263200 0.000500
vt 0.278500 0.165400
vt 0.275500 0.000500
vt 0.275500 0.165400
vt 0.332500 0.000500
vt 0.335700 0.129000
vt 0.335700 0.000500
vt 0.347200 0.128200
vt 0.344200 0.000500
vt 0.344200 0.128200
vt 0.339600 0.000500
vt 0.336400 0.129000
vt 0.339600 0.129000
vt 0.319700 0.129700
vt 0.316700 0.000500
vt 0.316700 0.129700
vt 0.301000 0.000500
vt 0.304000 0.145000
vt 0.304000 0.000500
vt 0.291200 0.145000
vt 0.287300 0.000500
vt 0.287300 0.145000
vt 0.286400 0.000500
vt 0.283400 0.145000
vt 0.286400 0.145000
vt 0.314800 0.145000
vt 0.310900 0.000500
vt 0.310900 0.145000
vt 0.371700 0.000500
vt 0.374700 0.082700
vt 0.374700 0.000500
vt 0.352100 0.082700
vt 0.348200 0.000500
vt 0.348200 0.082700
vt 0.363000 0.000500
vt 0.360000 0.082700
vt 0.363000 0.082700
vt 0.385500 0.082700
vt 0.381600 0.000500
vt 0.381600 0.082700
vt 0.348200 0.086900
vt 0.351200 0.115500
vt 0.351200 0.086900
vt 0.096700 0.975800
vt 0.092800 0.947300
vt 0.092800 0.975800
vt 0.355100 0.086900
vt 0.352100 0.115500
vt 0.355100 0.115500
vt 0.367800 0.115500
vt 0.363900 0.086900
vt 0.363900 0.115500
vt 0.202800 0.185100
vt 0.206700 0.000500
vt 0.206700 0.185100
vt 0.212400 0.000500
vt 0.208700 0.185100
vt 0.208700 0.000500
vt 0.196900 0.000500
vt 0.200600 0.185100
vt 0.196900 0.185100
vt 0.015300 0.000500
vt 0.000500 0.998200
vt 0.130100 0.749800
vt 0.133100 0.000500
vt 0.133900 0.498400
vt 0.152800 0.000500
vt 0.171400 0.000500
vt 0.160600 0.000500
vt 0.165500 0.212500
vt 0.196000 0.000500
vt 0.228400 0.176500
vt 0.251000 0.000500
vt 0.235800 0.176500
vt 0.223500 0.000500
vt 0.271600 0.000500
vt 0.254900 0.000500
vt 0.263700 0.165400
vt 0.282400 0.000500
vt 0.328500 0.129000
vt 0.343300 0.000500
vt 0.327800 0.129000
vt 0.323700 0.000500
vt 0.297100 0.145000
vt 0.134100 0.754800
vt 0.296200 0.145000
vt 0.308900 0.000500
vt 0.367800 0.082700
vt 0.358000 0.000500
vt 0.366900 0.082700
vt 0.379600 0.000500
vt 0.360000 0.115500
vt 0.096700 0.917800
vt 0.359000 0.115500
vt 0.161600 0.218500
vt 0.218500 0.000500
vt 0.035900 0.998200
vt 0.057100 0.998200
vt 0.067300 0.000500
vt 0.138000 0.247000
vt 0.137100 0.000500
vt 0.143900 0.000500
vt 0.156700 0.000500
vt 0.181000 0.212500
vt 0.164600 0.000500
vt 0.183200 0.212500
vt 0.192100 0.000500
vt 0.240100 0.176500
vt 0.247100 0.000500
vt 0.236200 0.000500
vt 0.227400 0.000500
vt 0.271000 0.165400
vt 0.258900 0.000500
vt 0.259800 0.165400
vt 0.278500 0.000500
vt 0.332500 0.129000
vt 0.347200 0.000500
vt 0.336400 0.000500
vt 0.319700 0.000500
vt 0.301000 0.145000
vt 0.291200 0.000500
vt 0.283400 0.000500
vt 0.314800 0.000500
vt 0.371700 0.082700
vt 0.352100 0.000500
vt 0.360000 0.000500
vt 0.385500 0.000500
vt 0.348200 0.115500
vt 0.096700 0.947300
vt 0.352100 0.086900
vt 0.367800 0.086900
vt 0.202800 0.000500
vt 0.212400 0.185100
vt 0.200600 0.000500
s 1
f 242/625/260 244/626/261 241/627/262
f 241/628/262 246/629/263 245/630/264
s 0
f 245/630/265 248/631/266 241/628/267
f 243/632/268 250/633/269 244/626/270
f 246/629/271 250/634/272 251/635/273
s 1
f 247/636/274 250/634/275 248/637/276
s 0
f 242/625/277 248/638/278 252/639/279
s 1
f 248/640/276 249/641/280 252/642/281
f 254/643/282 256/644/283 253/645/284
f 255/646/285 258/647/286 256/648/283
f 258/649/286 259/650/287 260/651/288
f 259/652/287 253/653/284 260/654/288
f 254/655/282 262/656/289 255/657/285
f 262/658/289 257/659/290 255/660/285
f 263/661/291 259/662/287 257/663/290
f 264/664/292 254/665/282 259/666/287
f 265/667/293 262/668/289 261/669/294
f 266/670/295 263/671/291 262/672/289
f 263/673/291 268/674/296 264/675/292
f 268/676/296 261/677/294 264/678/292
f 265/679/293 270/680/297 266/681/295
f 270/682/297 267/683/298 266/684/295
f 271/685/299 268/686/296 267/687/298
f 272/688/300 265/689/293 268/690/296
f 273/691/301 270/692/297 269/693/302
f 274/694/303 271/695/299 270/696/297
f 271/697/299 276/698/304 272/699/300
f 276/700/304 269/701/302 272/702/300
f 278/703/305 280/704/306 277/705/305
f 279/706/306 282/707/307 280/708/306
f 282/709/307 283/710/308 284/711/308
f 283/712/308 277/713/305 284/714/308
f 286/715/305 288/716/306 285/717/305
f 287/718/306 290/719/307 288/720/306
f 290/721/307 291/722/308 292/723/308
f 291/724/308 285/725/305 292/726/308
f 294/727/309 296/728/310 293/729/311
f 295/730/312 298/731/313 296/732/310
f 298/733/313 299/734/314 300/735/315
f 299/736/314 293/737/311 300/738/315
f 302/739/316 304/740/317 301/741/316
f 306/742/318 242/743/260 305/744/319
f 246/745/263 305/746/319 245/747/264
s 0
f 307/748/320 245/747/321 305/746/322
f 308/749/323 243/750/324 306/742/325
f 246/745/326 308/751/327 306/752/325
s 1
f 308/751/328 247/753/274 307/754/329
s 0
f 242/743/330 307/755/331 305/744/332
s 1
f 249/756/280 307/757/329 252/758/281
f 310/759/333 312/760/334 309/761/335
f 313/762/336 311/763/337 310/764/333
f 313/765/336 316/766/338 314/767/339
f 309/768/335 316/769/338 315/770/340
f 312/771/334 317/772/341 318/773/342
f 314/774/339 317/775/341 311/776/337
f 316/777/338 319/778/343 314/779/339
f 312/780/334 320/781/344 316/782/338
f 317/783/341 322/784/345 318/785/342
f 319/786/343 321/787/346 317/788/341
f 319/789/343 324/790/347 323/791/348
f 318/792/342 324/793/347 320/794/344
f 322/795/345 325/796/349 326/797/350
f 323/798/348 325/799/349 321/800/346
f 324/801/347 327/802/351 323/803/348
f 322/804/345 328/805/352 324/806/347
f 325/807/349 330/808/353 326/809/350
f 327/810/351 329/811/354 325/812/349
f 327/813/351 332/814/355 331/815/356
f 326/816/350 332/817/355 328/818/352
f 334/819/357 336/820/358 333/821/358
f 337/822/359 335/823/357 334/824/357
f 337/825/359 340/826/360 338/827/359
f 333/828/358 340/829/360 339/830/360
f 342/831/357 344/832/358 341/833/358
f 345/834/359 343/835/357 342/836/357
f 345/837/359 348/838/360 346/839/359
f 341/840/358 348/841/360 347/842/360
f 350/843/361 352/844/362 349/845/363
f 353/846/364 351/847/365 350/848/361
f 353/849/364 356/850/366 354/851/367
f 349/852/363 356/853/366 355/854/368
f 358/855/324 360/856/369 357/857/369
f 304/858/317 359/859/324 358/860/324
f 301/861/316 360/862/369 302/863/316
f 242/625/260 243/632/370 244/626/261
f 241/628/262 244/864/261 246/629/263
s 0
f 245/630/371 247/865/372 248/631/373
f 243/632/374 249/641/280 250/633/375
f 246/629/376 244/864/270 250/634/377
s 1
f 247/636/274 251/635/378 250/634/275
s 0
f 242/625/379 241/627/380 248/638/381
s 1
f 248/640/276 250/633/275 249/641/280
f 254/643/282 255/866/285 256/644/283
f 255/646/285 257/867/290 258/647/286
f 258/649/286 257/868/290 259/650/287
f 259/652/287 254/869/282 253/653/284
f 254/655/282 261/870/294 262/656/289
f 262/658/289 263/871/291 257/659/290
f 263/661/291 264/872/292 259/662/287
f 264/664/292 261/873/294 254/665/282
f 265/667/293 266/874/295 262/668/289
f 266/670/295 267/875/298 263/671/291
f 263/673/291 267/876/298 268/674/296
f 268/676/296 265/877/293 261/677/294
f 265/679/293 269/878/302 270/680/297
f 270/682/297 271/879/299 267/683/298
f 271/685/299 272/880/300 268/686/296
f 272/688/300 269/881/302 265/689/293
f 273/691/301 274/882/303 270/692/297
f 274/694/303 275/883/382 271/695/299
f 271/697/299 275/884/382 276/698/304
f 276/700/304 273/885/301 269/701/302
f 278/703/305 279/886/306 280/704/306
f 279/706/306 281/887/307 282/707/307
f 282/709/307 281/888/307 283/710/308
f 283/712/308 278/889/305 277/713/305
f 286/715/305 287/890/306 288/716/306
f 287/718/306 289/891/307 290/719/307
f 290/721/307 289/892/307 291/722/308
f 291/724/308 286/893/305 285/725/305
f 294/727/309 295/894/312 296/728/310
f 295/730/312 297/895/383 298/731/313
f 298/733/313 297/896/383 299/734/314
f 299/736/314 294/897/309 293/737/311
f 302/739/316 303/898/317 304/740/317
f 306/742/318 243/750/370 242/743/260
f 246/745/263 306/752/318 305/746/319
s 0
f 307/748/384 247/899/372 245/747/385
f 308/749/386 249/756/387 243/750/388
f 246/745/389 251/900/273 308/751/390
s 1
f 308/751/328 251/900/378 247/753/274
s 0
f 242/743/391 252/901/392 307/755/393
s 1
f 249/756/280 308/749/328 307/757/329
f 310/759/333 311/902/337 312/760/334
f 313/762/336 314/903/339 311/763/337
f 313/765/336 315/904/340 316/766/338
f 309/768/335 312/905/334 316/769/338
f 312/771/334 311/906/337 317/772/341
f 314/774/339 319/907/343 317/775/341
f 316/777/338 320/908/344 319/778/343
f 312/780/334 318/909/342 320/781/344
f 317/783/341 321/910/346 322/784/345
f 319/786/343 323/911/348 321/787/346
f 319/789/343 320/912/344 324/790/347
f 318/792/342 322/913/345 324/793/347
f 322/795/345 321/914/346 325/796/349
f 323/798/348 327/915/351 325/799/349
f 324/801/347 328/916/352 327/802/351
f 322/804/345 326/917/350 328/805/352
f 325/807/349 329/918/354 330/808/353
f 327/810/351 331/919/356 329/811/354
f 327/813/351 328/920/352 332/814/355
f 326/816/350 330/921/353 332/817/355
f 334/819/357 335/922/357 336/820/358
f 337/822/359 338/923/359 335/823/357
f 337/825/359 339/924/360 340/826/360
f 333/828/358 336/925/358 340/829/360
f 342/831/357 343/926/357 344/832/358
f 345/834/359 346/927/359 343/835/357
f 345/837/359 347/928/360 348/838/360
f 341/840/358 344/929/358 348/841/360
f 350/843/361 351/930/365 352/844/362
f 353/846/364 354/931/367 351/847/365
f 353/849/364 355/932/368 356/850/366
f 349/852/363 352/933/362 356/853/366
f 358/855/324 359/934/324 360/856/369
f 304/858/317 303/935/317 359/859/324
f 301/861/316 357/936/369 360/862/369
o frame003
v -22.692337 6.066044 15.261791
v -22.692337 6.066043 -0.341214
v -22.558441 6.066043 -0.341214
v -22.558441 6.066044 15.261791
v -22.692337 9.209239 -0.341214
v -22.558441 9.209239 -0.341214
v -22.692337 9.105044 -0.341214
v -22.692337 6.168243 14.237293
v -22.558441 6.168242 -0.341214
v -22.558441 6.168243 14.237293
v -22.558441 9.105044 -0.341214
v -22.692337 6.168242 -0.341214
v -22.647430 6.155940 -0.311612
v -22.647430 8.440341 2.879291
v -22.647430 8.502040 2.883487
v -22.647430 6.214740 -0.311612
v -22.599640 8.502040 2.883487
v -22.599640 6.214740 -0.311612
v -22.599640 8.440341 2.879291
v -22.599640 6.155940 -0.311612
v -22.647430 6.129040 5.336788
v -22.647430 6.185242 5.346790
v -22.599640 6.185242 5.346790
v -22.599640 6.129040 5.336788
v -22.647430 7.431042 7.823588
v -22.647430 7.485241 7.828792
v -22.599640 7.485241 7.828792
v -22.599640 7.431042 7.823588
v -22.647430 6.106144 10.091587
v -22.647430 6.159641 10.097790
v -22.599640 6.159641 10.097790
v -22.599640 6.106144 10.091587
v -22.647430 6.588741 12.093486
v -22.647430 6.633343 12.076388
v -22.599640 6.633343 12.076388
v -22.599640 6.588741 12.093486
v -22.654633 8.469943 2.853893
v -22.654633 6.168243 2.854091
v -22.654633 6.168243 2.901889
v -22.654633 8.469943 2.901691
v -22.592438 6.168243 2.901889
v -22.592438 8.469943 2.901691
v -22.592438 6.168243 2.854091
v -22.592438 8.469943 2.853893
v -22.654633 7.478142 7.800792
v -22.654633 6.168243 7.800991
v -22.654633 6.168243 7.848789
v -22.654633 7.478142 7.848590
v -22.592438 6.168243 7.848789
v -22.592438 7.478142 7.848590
v -22.592438 6.168243 7.800991
v -22.592438 7.478142 7.800792
v -22.654633 6.622742 12.075992
v -22.654633 6.168243 12.076191
v -22.654633 6.168243 12.123989
v -22.654633 6.622742 12.123790
v -22.592438 6.168243 12.123989
v -22.592438 6.622742 12.123790
v -22.592438 6.168243 12.076191
v -22.592438 6.622742 12.075992
v -22.654633 9.109340 -0.311810
v -22.654633 6.168242 -0.311612
v -22.592438 6.168242 -0.311612
v -22.592438 9.109340 -0.311810
v -22.692337 6.066042 -15.944115
v -22.558441 6.066042 -15.944115
v -22.692337 6.168242 -14.919609
v -22.558441 6.168242 -14.919609
v -22.647430 6.155940 -0.370709
v -22.647430 6.214740 -0.370709
v -22.647430 8.502040 -3.565808
v -22.647430 8.440341 -3.561711
v -22.599640 6.214740 -0.370709
v -22.599640 8.502040 -3.565808
v -22.599640 6.155940 -0.370709
v -22.599640 8.440341 -3.561711
v -22.647430 6.185241 -6.029110
v -22.647430 6.129039 -6.019108
v -22.599640 6.185241 -6.029110
v -22.599640 6.129039 -6.019108
v -22.647430 7.485240 -8.511117
v -22.647430 7.431041 -8.505914
v -22.599640 7.485240 -8.511117
v -22.599640 7.431041 -8.505914
v -22.647430 6.159639 -10.780113
v -22.647430 6.106142 -10.774010
v -22.599640 6.159639 -10.780113
v -22.599640 6.106142 -10.774010
v -22.647430 6.633341 -12.758813
v -22.647430 6.588739 -12.775918
v -22.599640 6.633341 -12.758813
v -22.599640 6.588739 -12.775918
v -22.654633 8.469943 -3.536313
v -22.654633 8.469943 -3.584111
v -22.654633 6.168242 -3.584309
v -22.654633 6.168242 -3.536511
v -22.592438 8.469943 -3.584111
v -22.592438 6.168242 -3.584309
v -22.592438 8.469943 -3.536313
v -22.592438 6.168242 -3.536511
v -22.654633 7.478141 -8.483117
v -22.654633 7.478141 -8.530908
v -22.654633 6.168242 -8.531105
v -22.654633 6.168242 -8.483315
v -22.592438 7.478141 -8.530908
v -22.592438 6.168242 -8.531105
v -22.592438 7.478141 -8.483117
v -22.592438 6.168242 -8.483315
v -22.654633 6.622740 -12.758416
v -22.654633 6.622740 -12.806207
v -22.654633 6.168242 -12.806404
v -22.654633 6.168242 -12.758614
v -22.592438 6.622740 -12.806207
v -22.592438 6.168242 -12.806404
v -22.592438 6.622740 -12.758416
v -22.592438 6.168242 -12.758614
v -22.654633 9.109340 -0.370511
v -22.592438 9.109340 -0.370511
v -22.592438 6.168242 -0.370709
v -22.654633 6.168242 -0.370709
vn -0.7071 -0.7071 -0.0000
vn 0.5605 -0.0822 0.8241
vn -0.5605 -0.0822 0.8241
vn 0.6736 0.7391 -0.0000
vn -0.6652 0.7466 -0.0000
vn -0.6652 -0.1525 0.7309
vn -0.9987 0.0053 -0.0508
vn -0.5377 -0.0836 0.8390
vn 0.7071 0.0050 0.7071
vn 0.9987 0.0048 -0.0510
vn 0.5377 -0.0837 0.8390
vn 0.6652 0.7466 0.0032
vn 0.9987 0.0101 -0.0502
vn 0.7543 -0.6565 -0.0000
vn -0.7440 -0.6682 -0.0002
vn 0.9882 0.0152 -0.1523
vn -0.9882 0.0151 -0.1523
vn -0.7071 -0.7071 0.0033
vn -0.9987 -0.0000 -0.0511
vn -0.7071 0.7071 0.0002
vn 0.7071 0.7071 -0.0000
vn -0.7071 0.7071 -0.0000
vn -0.8809 -0.4722 -0.0316
vn -0.8129 0.4736 -0.3391
vn -0.5173 -0.6959 0.4982
vn -0.5883 0.8068 0.0539
vn 0.8129 0.4736 -0.3391
vn 0.8809 -0.4722 -0.0316
vn 0.5173 -0.6959 0.4982
vn -0.8633 0.5000 0.0685
vn 0.5883 0.8069 0.0539
vn 0.8633 0.5000 0.0685
vn 0.5970 -0.7948 -0.1089
vn -0.8339 -0.5518 -0.0128
vn -0.5967 -0.7950 -0.1092
vn -0.6126 0.7902 0.0183
vn 0.8339 -0.5518 -0.0128
vn -0.8013 0.5918 0.0875
vn 0.6126 0.7902 0.0183
vn 0.8013 0.5918 0.0875
vn 0.6319 -0.7668 -0.1128
vn -0.6761 -0.7163 0.1727
vn -0.6319 -0.7668 -0.1128
vn -0.7348 0.6596 -0.1579
vn 0.6758 -0.7166 0.1727
vn -0.7071 -0.0001 -0.7071
vn -0.7071 0.0001 0.7071
vn 0.7071 0.0001 0.7071
vn 0.7071 -0.0001 -0.7071
vn -0.7072 -0.0003 -0.7070
vn -0.7072 0.0003 0.7070
vn -0.7070 -0.0003 -0.7072
vn -0.7070 0.0003 0.7072
vn 0.7072 0.0003 0.7070
vn 0.7072 -0.0003 -0.7070
vn 0.7070 -0.0003 -0.7072
vn -0.7071 -0.0000 0.7071
vn 0.7071 -0.0000 0.7071
vn 0.5605 -0.0822 -0.8241
vn -0.5605 -0.0822 -0.8241
vn -0.9987 0.0053 0.0508
vn -0.6652 -0.1475 -0.7319
vn -0.5377 -0.0837 -0.8390
vn 0.9987 0.0048 0.0510
vn 0.7071 -0.0000 -0.7071
vn 0.5377 -0.0837 -0.8390
vn 0.6653 -0.1525 -0.7309
vn 0.9987 0.0054 0.0508
vn 0.9882 0.0154 0.1523
vn -0.9882 0.0150 0.1524
vn -0.7071 0.0050 -0.7071
vn -0.9987 0.0046 0.0509
vn -0.8129 0.4736 0.3391
vn -0.8809 -0.4722 0.0316
vn -0.5173 -0.6959 -0.4982
vn 0.8129 0.4736 0.3391
vn -0.5883 0.8068 -0.0539
vn 0.8809 -0.4722 0.0316
vn 0.5883 0.8068 -0.0539
vn 0.5173 -0.6959 -0.4982
vn -0.8633 0.5000 -0.0685
vn -0.5970 -0.7948 0.1090
vn 0.8633 0.5000 -0.0685
vn 0.5970 -0.7948 0.1090
vn -0.8339 -0.5518 0.0128
vn -0.6126 0.7902 -0.0183
vn 0.8339 -0.5518 0.0128
vn 0.6126 0.7902 -0.0183
vn -0.8013 0.5918 -0.0875
vn -0.6319 -0.7668 0.1128
vn 0.8013 0.5918 -0.0876
vn 0.6319 -0.7668 0.1128
vn -0.6760 -0.7163 -0.1727
vn -0.7349 0.6596 0.1579
vn 0.6760 -0.7163 -0.1727
vn 0.7349 0.6596 0.1579
vn -0.7071 0.0001 -0.7071
vn -0.7071 -0.0001 0.7071
vn 0.7071 0.0001 -0.7071
vn 0.7071 -0.0001 0.7071
vn -0.7072 0.0003 -0.7070
vn -0.7072 -0.0003 0.7070
vn -0.7070 -0.0003 0.7072
vn 0.7072 0.0003 -0.7070
vn -0.7070 0.0003 -0.7072
vn 0.7072 -0.0003 0.7070
vn 0.7070 0.0003 -0.7072
vn 0.7070 -0.0003 0.7072
vn -0.7071 -0.0000 -0.7071
vn 0.7071 -0.7071 -0.0000
vn -0.6652 0.7466 0.0036
vn -0.7544 -0.6564 -0.0000
vn -0.9987 0.0104 -0.0501
vn 0.7071 -0.7071 0.0035
vn 0.9987 -0.0004 -0.0512
vn 0.6652 -0.1475 0.7319
vn 0.9987 0.0054 -0.0509
vn 0.7543 -0.6565 0.0002
vn -0.5377 -0.0837 0.8390
vn -0.9987 0.0046 -0.0509
vn 0.7348 0.6596 -0.1579
vn 0.7070 0.0003 0.7072
vn -0.9987 0.0101 0.0501
vn -0.6652 0.7466 -0.0032
vn 0.9987 -0.0000 0.0512
vn 0.7071 0.7071 -0.0002
vn 0.7071 -0.7071 -0.0033
vn 0.6653 0.7466 -0.0032
vn 0.7543 -0.6566 -0.0000
vn 0.9987 0.0104 0.0501
vn -0.7071 -0.7071 -0.0035
vn -0.7072 0.7071 -0.0000
vn -0.9987 -0.0004 0.0511
vt 0.105100 0.000500
vt 0.113500 0.979800
vt 0.105100 0.979800
vt 0.006900 0.000500
vt 0.015300 0.999500
vt 0.006900 0.999500
vt 0.000500 0.064800
vt 0.113500 0.000500
vt 0.120000 0.915500
vt 0.021700 0.064800
vt 0.021700 0.998200
vt 0.030100 0.998200
vt 0.030100 0.064800
vt 0.098700 0.915500
vt 0.098700 0.000500
vt 0.128400 0.915500
vt 0.120000 0.000500
vt 0.128400 0.000500
vt 0.133900 0.749800
vt 0.130100 0.503400
vt 0.133900 0.503400
vt 0.130100 0.000500
vt 0.133100 0.247100
vt 0.130100 0.247100
vt 0.133900 0.251900
vt 0.130100 0.498400
vt 0.130100 0.251900
vt 0.149800 0.000500
vt 0.152800 0.246800
vt 0.149800 0.246800
vt 0.171400 0.212500
vt 0.175100 0.000500
vt 0.175100 0.212500
vt 0.157600 0.000500
vt 0.160600 0.212700
vt 0.157600 0.212700
vt 0.169200 0.212500
vt 0.165500 0.000500
vt 0.169200 0.000500
vt 0.193000 0.000500
vt 0.196000 0.212200
vt 0.193000 0.212200
vt 0.231900 0.176500
vt 0.228400 0.000500
vt 0.231900 0.000500
vt 0.248000 0.000500
vt 0.251000 0.176400
vt 0.248000 0.176400
vt 0.235800 0.000500
vt 0.232300 0.176500
vt 0.232300 0.000500
vt 0.220500 0.000500
vt 0.223500 0.176700
vt 0.220500 0.176700
vt 0.271600 0.165400
vt 0.275000 0.000500
vt 0.275000 0.165400
vt 0.251900 0.000500
vt 0.254900 0.165400
vt 0.251900 0.165400
vt 0.267100 0.165400
vt 0.263700 0.000500
vt 0.267100 0.000500
vt 0.279400 0.000500
vt 0.282400 0.165400
vt 0.279400 0.165400
vt 0.331700 0.129000
vt 0.328500 0.000500
vt 0.331700 0.000500
vt 0.340300 0.000500
vt 0.343300 0.128200
vt 0.340300 0.128200
vt 0.327800 0.000500
vt 0.324600 0.129000
vt 0.324600 0.000500
vt 0.320700 0.000500
vt 0.323700 0.129700
vt 0.320700 0.129700
vt 0.300100 0.145000
vt 0.297100 0.000500
vt 0.300100 0.000500
vt 0.130100 0.754800
vt 0.134100 0.899200
vt 0.130100 0.899200
vt 0.296200 0.000500
vt 0.293200 0.145000
vt 0.293200 0.000500
vt 0.305000 0.000500
vt 0.308900 0.145000
vt 0.305000 0.145000
vt 0.370800 0.082700
vt 0.367800 0.000500
vt 0.370800 0.000500
vt 0.354100 0.000500
vt 0.358000 0.082700
vt 0.354100 0.082700
vt 0.366900 0.000500
vt 0.363900 0.082700
vt 0.363900 0.000500
vt 0.375700 0.000500
vt 0.379600 0.082700
vt 0.375700 0.082700
vt 0.363000 0.115500
vt 0.360000 0.086900
vt 0.363000 0.086900
vt 0.092800 0.917800
vt 0.096700 0.946300
vt 0.092800 0.946300
vt 0.359000 0.086900
vt 0.356000 0.115500
vt 0.356000 0.086900
vt 0.157600 0.218500
vt 0.161600 0.247100
vt 0.157600 0.247100
vt 0.214600 0.000500
vt 0.218500 0.185100
vt 0.214600 0.185100
vt 0.082100 0.979800
vt 0.073700 0.000500
vt 0.073700 0.979800
vt 0.050700 0.999500
vt 0.042300 0.000500
vt 0.042300 0.999500
vt 0.035900 0.064800
vt 0.088500 0.915500
vt 0.082100 0.000500
vt 0.057100 0.064800
vt 0.050700 0.000500
vt 0.065500 0.998200
vt 0.065500 0.064800
vt 0.067300 0.915500
vt 0.088500 0.000500
vt 0.096900 0.915500
vt 0.096900 0.000500
vt 0.138000 0.000500
vt 0.141800 0.247000
vt 0.141800 0.000500
vt 0.137100 0.247100
vt 0.134100 0.000500
vt 0.134100 0.247100
vt 0.147700 0.000500
vt 0.143900 0.247000
vt 0.147700 0.247000
vt 0.156700 0.246800
vt 0.153700 0.000500
vt 0.153700 0.246800
vt 0.177300 0.212500
vt 0.181000 0.000500
vt 0.177300 0.000500
vt 0.164600 0.212700
vt 0.161600 0.000500
vt 0.161600 0.212700
vt 0.183200 0.000500
vt 0.186900 0.212500
vt 0.186900 0.000500
vt 0.192100 0.212200
vt 0.189100 0.000500
vt 0.189100 0.212200
vt 0.240100 0.000500
vt 0.243600 0.176500
vt 0.243600 0.000500
vt 0.247100 0.176400
vt 0.244100 0.000500
vt 0.244100 0.176400
vt 0.239700 0.000500
vt 0.236200 0.176500
vt 0.239700 0.176500
vt 0.227400 0.176700
vt 0.224400 0.000500
vt 0.224400 0.176700
vt 0.267600 0.165400
vt 0.271000 0.000500
vt 0.267600 0.000500
vt 0.258900 0.165400
vt 0.255900 0.000500
vt 0.255900 0.165400
vt 0.259800 0.000500
vt 0.263200 0.165400
vt 0.263200 0.000500
vt 0.278500 0.165400
vt 0.275500 0.000500
vt 0.275500 0.165400
vt 0.332500 0.000500
vt 0.335700 0.129000
vt 0.335700 0.000500
vt 0.347200 0.128200
vt 0.344200 0.000500
vt 0.344200 0.128200
vt 0.339600 0.000500
vt 0.336400 0.129000
vt 0.339600 0.129000
vt 0.319700 0.129700
vt 0.316700 0.000500
vt 0.316700 0.129700
vt 0.301000 0.000500
vt 0.304000 0.145000
vt 0.304000 0.000500
vt 0.291200 0.145000
vt 0.287300 0.000500
vt 0.287300 0.145000
vt 0.286400 0.000500
vt 0.283400 0.145000
vt 0.286400 0.145000
vt 0.314800 0.145000
vt 0.310900 0.000500
vt 0.310900 0.145000
vt 0.371700 0.000500
vt 0.374700 0.082700
vt 0.374700 0.000500
vt 0.352100 0.082700
vt 0.348200 0.000500
vt 0.348200 0.082700
vt 0.363000 0.000500
vt 0.360000 0.082700
vt 0.363000 0.082700
vt 0.385500 0.082700
vt 0.381600 0.000500
vt 0.381600 0.082700
vt 0.348200 0.086900
vt 0.351200 0.115500
vt 0.351200 0.086900
vt 0.096700 0.975800
vt 0.092800 0.947300
vt 0.092800 0.975800
vt 0.355100 0.086900
vt 0.352100 0.115500
vt 0.355100 0.115500
vt 0.367800 0.115500
vt 0.363900 0.086900
vt 0.363900 0.115500
vt 0.202800 0.185100
vt 0.206700 0.000500
vt 0.206700 0.185100
vt 0.212400 0.000500
vt 0.208700 0.185100
vt 0.208700 0.000500
vt 0.196900 0.000500
vt 0.200600 0.185100
vt 0.196900 0.185100
vt 0.015300 0.000500
vt 0.000500 0.998200
vt 0.130100 0.749800
vt 0.133100 0.000500
vt 0.133900 0.498400
vt 0.152800 0.000500
vt 0.171400 0.000500
vt 0.160600 0.000500
vt 0.165500 0.212500
vt 0.196000 0.000500
vt 0.228400 0.176500
vt 0.251000 0.000500
vt 0.235800 0.176500
vt 0.223500 0.000500
vt 0.271600 0.000500
vt 0.254900 0.000500
vt 0.263700 0.165400
vt 0.282400 0.000500
vt 0.328500 0.129000
vt 0.343300 0.000500
vt 0.327800 0.129000
vt 0.323700 0.000500
vt 0.297100 0.145000
vt 0.134100 0.754800
vt 0.296200 0.145000
vt 0.308900 0.000500
vt 0.367800 0.082700
vt 0.358000 0.000500
vt 0.366900 0.082700
vt 0.379600 0.000500
vt 0.360000 0.115500
vt 0.096700 0.917800
vt 0.359000 0.115500
vt 0.161600 0.218500
vt 0.218500 0.000500
vt 0.035900 0.998200
vt 0.057100 0.998200
vt 0.067300 0.000500
vt 0.138000 0.247000
vt 0.137100 0.000500
vt 0.143900 0.000500
vt 0.156700 0.000500
vt 0.181000 0.212500
vt 0.164600 0.000500
vt 0.183200 0.212500
vt 0.192100 0.000500
vt 0.240100 0.176500
vt 0.247100 0.000500
vt 0.236200 0.000500
vt 0.227400 0.000500
vt 0.271000 0.165400
vt 0.258900 0.000500
vt 0.259800 0.165400
vt 0.278500 0.000500
vt 0.332500 0.129000
vt 0.347200 0.000500
vt 0.336400 0.000500
vt 0.319700 0.000500
vt 0.301000 0.145000
vt 0.291200 0.000500
vt 0.283400 0.000500
vt 0.314800 0.000500
vt 0.371700 0.082700
vt 0.352100 0.000500
vt 0.360000 0.000500
vt 0.385500 0.000500
vt 0.348200 0.115500
vt 0.096700 0.947300
vt 0.352100 0.086900
vt 0.367800 0.086900
vt 0.202800 0.000500
vt 0.212400 0.185100
vt 0.200600 0.000500
s 1
f 362/937/394 364/938/395 361/939/396
f 361/940/396 366/941/397 365/942/398
s 0
f 365/942/399 368/943/400 361/940/401
f 363/944/402 370/945/403 364/938/404
f 366/941/405 370/946/406 371/947/407
s 1
f 367/948/408 370/946/409 368/949/410
s 0
f 362/937/411 368/950/412 372/951/413
s 1
f 368/952/410 369/953/414 372/954/415
f 374/955/416 376/956/417 373/957/418
f 375/958/419 378/959/420 376/960/417
f 378/961/420 379/962/421 380/963/422
f 379/964/421 373/965/418 380/966/422
f 374/967/416 382/968/423 375/969/419
f 382/970/423 377/971/424 375/972/419
f 383/973/425 379/974/421 377/975/424
f 384/976/426 374/977/416 379/978/421
f 385/979/427 382/980/423 381/981/428
f 386/982/429 383/983/425 382/984/423
f 383/985/425 388/986/430 384/987/426
f 388/988/430 381/989/428 384/990/426
f 385/991/427 390/992/431 386/993/429
f 390/994/431 387/995/432 386/996/429
f 391/997/433 388/998/430 387/999/432
f 392/1000/434 385/1001/427 388/1002/430
f 393/1003/435 390/1004/431 389/1005/436
f 394/1006/437 391/1007/433 390/1008/431
f 391/1009/433 396/1010/438 392/1011/434
f 396/1012/438 389/1013/436 392/1014/434
f 398/1015/439 400/1016/440 397/1017/439
f 399/1018/440 402/1019/441 400/1020/440
f 402/1021/441 403/1022/442 404/1023/442
f 403/1024/442 397/1025/439 404/1026/442
f 406/1027/439 408/1028/440 405/1029/439
f 407/1030/440 410/1031/441 408/1032/440
f 410/1033/441 411/1034/442 412/1035/442
f 411/1036/442 405/1037/439 412/1038/442
f 414/1039/443 416/1040/444 413/1041/445
f 415/1042/446 418/1043/447 416/1044/444
f 418/1045/447 419/1046/448 420/1047/449
f 419/1048/448 413/1049/445 420/1050/449
f 422/1051/450 424/1052/451 421/1053/450
f 426/1054/452 362/1055/394 425/1056/453
f 366/1057/397 425/1058/453 365/1059/398
s 0
f 427/1060/454 365/1059/455 425/1058/456
f 428/1061/457 363/1062/458 426/1054/459
f 366/1057/460 428/1063/461 426/1064/459
s 1
f 428/1063/462 367/1065/408 427/1066/463
s 0
f 362/1055/464 427/1067/465 425/1056/456
s 1
f 369/1068/414 427/1069/463 372/1070/415
f 430/1071/466 432/1072/467 429/1073/468
f 433/1074/469 431/1075/470 430/1076/466
f 433/1077/469 436/1078/471 434/1079/472
f 429/1080/468 436/1081/471 435/1082/473
f 432/1083/467 437/1084/474 438/1085/475
f 434/1086/472 437/1087/474 431/1088/470
f 436/1089/471 439/1090/476 434/1091/472
f 432/1092/467 440/1093/477 436/1094/471
f 437/1095/474 442/1096/478 438/1097/475
f 439/1098/476 441/1099/479 437/1100/474
f 439/1101/476 444/1102/480 443/1103/481
f 438/1104/475 444/1105/480 440/1106/477
f 442/1107/478 445/1108/482 446/1109/483
f 443/1110/481 445/1111/482 441/1112/479
f 444/1113/480 447/1114/484 443/1115/481
f 442/1116/478 448/1117/485 444/1118/480
f 445/1119/482 450/1120/486 446/1121/483
f 447/1122/484 449/1123/487 445/1124/482
f 447/1125/484 452/1126/488 451/1127/489
f 446/1128/483 452/1129/488 448/1130/485
f 454/1131/490 456/1132/491 453/1133/491
f 457/1134/492 455/1135/490 454/1136/490
f 457/1137/492 460/1138/493 458/1139/492
f 453/1140/491 460/1141/493 459/1142/493
f 462/1143/490 464/1144/491 461/1145/491
f 465/1146/492 463/1147/490 462/1148/490
f 465/1149/492 468/1150/493 466/1151/492
f 461/1152/491 468/1153/493 467/1154/493
f 470/1155/494 472/1156/495 469/1157/496
f 473/1158/497 471/1159/498 470/1160/494
f 473/1161/497 476/1162/499 474/1163/500
f 469/1164/496 476/1165/499 475/1166/501
f 478/1167/458 480/1168/502 477/1169/502
f 424/1170/451 479/1171/458 478/1172/458
f 421/1173/450 480/1174/502 422/1175/450
f 362/937/394 363/944/503 364/938/395
f 361/940/396 364/1176/395 366/941/397
s 0
f 365/942/504 367/1177/505 368/943/506
f 363/944/507 369/953/414 370/945/508
f 366/941/509 364/1176/404 370/946/510
s 1
f 367/948/408 371/947/511 370/946/409
s 0
f 362/937/450 361/939/512 368/950/513
s 1
f 368/952/410 370/945/409 369/953/414
f 374/955/416 375/1178/419 376/956/417
f 375/958/419 377/1179/424 378/959/420
f 378/961/420 377/1180/424 379/962/421
f 379/964/421 374/1181/416 373/965/418
f 374/967/416 381/1182/428 382/968/423
f 382/970/423 383/1183/425 377/971/424
f 383/973/425 384/1184/426 379/974/421
f 384/976/426 381/1185/428 374/977/416
f 385/979/427 386/1186/429 382/980/423
f 386/982/429 387/1187/432 383/983/425
f 383/985/425 387/1188/432 388/986/430
f 388/988/430 385/1189/427 381/989/428
f 385/991/427 389/1190/436 390/992/431
f 390/994/431 391/1191/433 387/995/432
f 391/997/433 392/1192/434 388/998/430
f 392/1000/434 389/1193/436 385/1001/427
f 393/1003/435 394/1194/437 390/1004/431
f 394/1006/437 395/1195/514 391/1007/433
f 391/1009/433 395/1196/514 396/1010/438
f 396/1012/438 393/1197/435 389/1013/436
f 398/1015/439 399/1198/440 400/1016/440
f 399/1018/440 401/1199/441 402/1019/441
f 402/1021/441 401/1200/441 403/1022/442
f 403/1024/442 398/1201/439 397/1025/439
f 406/1027/439 407/1202/440 408/1028/440
f 407/1030/440 409/1203/441 410/1031/441
f 410/1033/441 409/1204/441 411/1034/442
f 411/1036/442 406/1205/439 405/1037/439
f 414/1039/443 415/1206/446 416/1040/444
f 415/1042/446 417/1207/515 418/1043/447
f 418/1045/447 417/1208/515 419/1046/448
f 419/1048/448 414/1209/443 413/1049/445
f 422/1051/450 423/1210/451 424/1052/451
f 426/1054/452 363/1062/503 362/1055/394
f 366/1057/397 426/1064/452 425/1058/453
s 0
f 427/1060/516 367/1211/505 365/1059/517
f 428/1061/518 369/1068/519 363/1062/520
f 366/1057/521 371/1212/522 428/1063/523
s 1
f 428/1063/462 371/1212/511 367/1065/408
s 0
f 362/1055/524 372/1213/525 427/1067/526
s 1
f 369/1068/414 428/1061/462 427/1069/463
f 430/1071/466 431/1214/470 432/1072/467
f 433/1074/469 434/1215/472 431/1075/470
f 433/1077/469 435/1216/473 436/1078/471
f 429/1080/468 432/1217/467 436/1081/471
f 432/1083/467 431/1218/470 437/1084/474
f 434/1086/472 439/1219/476 437/1087/474
f 436/1089/471 440/1220/477 439/1090/476
f 432/1092/467 438/1221/475 440/1093/477
f 437/1095/474 441/1222/479 442/1096/478
f 439/1098/476 443/1223/481 441/1099/479
f 439/1101/476 440/1224/477 444/1102/480
f 438/1104/475 442/1225/478 444/1105/480
f 442/1107/478 441/1226/479 445/1108/482
f 443/1110/481 447/1227/484 445/1111/482
f 444/1113/480 448/1228/485 447/1114/484
f 442/1116/478 446/1229/483 448/1117/485
f 445/1119/482 449/1230/487 450/1120/486
f 447/1122/484 451/1231/489 449/1123/487
f 447/1125/484 448/1232/485 452/1126/488
f 446/1128/483 450/1233/486 452/1129/488
f 454/1131/490 455/1234/490 456/1132/491
f 457/1134/492 458/1235/492 455/1135/490
f 457/1137/492 459/1236/493 460/1138/493
f 453/1140/491 456/1237/491 460/1141/493
f 462/1143/490 463/1238/490 464/1144/491
f 465/1146/492 466/1239/492 463/1147/490
f 465/1149/492 467/1240/493 468/1150/493
f 461/1152/491 464/1241/491 468/1153/493
f 470/1155/494 471/1242/498 472/1156/495
f 473/1158/497 474/1243/500 471/1159/498
f 473/1161/497 475/1244/501 476/1162/499
f 469/1164/496 472/1245/495 476/1165/499
f 478/1167/458 479/1246/458 480/1168/502
f 424/1170/451 423/1247/451 479/1171/458
f 421/1173/450 477/1248/502 480/1174/502
o frame004
v -15.045730 6.066044 15.261791
v -15.045730 6.066043 -0.341214
v -14.911941 6.066043 -0.341214
v -14.911941 6.066044 15.261791
v -15.045730 9.209239 -0.341214
v -14.911941 9.209239 -0.341214
v -15.045730 9.105044 -0.341214
v -15.045730 6.168243 14.237293
v -14.911941 6.168242 -0.341214
v -14.911941 6.168243 14.237293
v -14.911941 9.105044 -0.341214
v -15.045730 6.168242 -0.341214
v -15.000838 6.155940 -0.311612
v -15.000838 8.440341 2.879291
v -15.000838 8.502040 2.883487
v -15.000838 6.214740 -0.311612
v -14.953139 8.502040 2.883487
v -14.953139 6.214740 -0.311612
v -14.953139 8.440341 2.879291
v -14.953139 6.155940 -0.311612
v -15.000838 6.129040 5.336788
v -15.000838 6.185242 5.346790
v -14.953139 6.185242 5.346790
v -14.953139 6.129040 5.336788
v -15.000838 7.431042 7.823588
v -15.000838 7.485241 7.828792
v -14.953139 7.485241 7.828792
v -14.953139 7.431042 7.823588
v -15.000838 6.106144 10.091587
v -15.000838 6.159641 10.097790
v -14.953139 6.159641 10.097790
v -14.953139 6.106144 10.091587
v -15.000838 6.588741 12.093486
v -15.000838 6.633343 12.076388
v -14.953139 6.633343 12.076388
v -14.953139 6.588741 12.093486
v -15.008132 8.469943 2.853893
v -15.008132 6.168243 2.854091
v -15.008132 6.168243 2.901889
v -15.008132 8.469943 2.901691
v -14.945830 6.168243 2.901889
v -14.945830 8.469943 2.901691
v -14.945830 6.168243 2.854091
v -14.945830 8.469943 2.853893
v -15.008132 7.478142 7.800792
v -15.008132 6.168243 7.800991
v -15.008132 6.168243 7.848789
v -15.008132 7.478142 7.848590
v -14.945830 6.168243 7.848789
v -14.945830 7.478142 7.848590
v -14.945830 6.168243 7.800991
v -14.945830 7.478142 7.800792
v -15.008132 6.622742 12.075992
v -15.008132 6.168243 12.076191
v -15.008132 6.168243 12.123989
v -15.008132 6.622742 12.123790
v -14.945830 6.168243 12.123989
v -14.945830 6.622742 12.123790
v -14.945830 6.168243 12.076191
v -14.945830 6.622742 12.075992
v -15.008132 9.109340 -0.311810
v -15.008132 6.168242 -0.311612
v -14.945830 6.168242 -0.311612
v -14.945830 9.109340 -0.311810
v -15.045730 6.066042 -15.944115
v -14.911941 6.066042 -15.944115
v -15.045730 6.168242 -14.919609
v -14.911941 6.168242 -14.919609
v -15.000838 6.155940 -0.370709
v -15.000838 6.214740 -0.370709
v -15.000838 8.502040 -3.565808
v -15.000838 8.440341 -3.561711
v -14.953139 6.214740 -0.370709
v -14.953139 8.502040 -3.565808
v -14.953139 6.155940 -0.370709
v -14.953139 8.440341 -3.561711
v -15.000838 6.185241 -6.029110
v -15.000838 6.129039 -6.019108
v -14.953139 6.185241 -6.029110
v -14.953139 6.129039 -6.019108
v -15.000838 7.485240 -8.511117
v -15.000838 7.431041 -8.505914
v -14.953139 7.485240 -8.511117
v -14.953139 7.431041 -8.505914
v -15.000838 6.159639 -10.780113
v -15.000838 6.106142 -10.774010
v -14.953139 6.159639 -10.780113
v -14.953139 6.106142 -10.774010
v -15.000838 6.633341 -12.758813
v -15.000838 6.588739 -12.775918
v -14.953139 6.633341 -12.758813
v -14.953139 6.588739 -12.775918
v -15.008132 8.469943 -3.536313
v -15.008132 8.469943 -3.584111
v -15.008132 6.168242 -3.584309
v -15.008132 6.168242 -3.536511
v -14.945830 8.469943 -3.584111
v -14.945830 6.168242 -3.584309
v -14.945830 8.469943 -3.536313
v -14.945830 6.168242 -3.536511
v -15.008132 7.478141 -8.483117
v -15.008132 7.478141 -8.530908
v -15.008132 6.168242 -8.531105
v -15.008132 6.168242 -8.483315
v -14.945830 7.478141 -8.530908
v -14.945830 6.168242 -8.531105
v -14.945830 7.478141 -8.483117
v -14.945830 6.168242 -8.483315
v -15.008132 6.622740 -12.758416
v -15.008132 6.622740 -12.806207
v -15.008132 6.168242 -12.806404
v -15.008132 6.168242 -12.758614
v -14.945830 6.622740 -12.806207
v -14.945830 6.168242 -12.806404
v -14.945830 6.622740 -12.758416
v -14.945830 6.168242 -12.758614
v -15.008132 9.109340 -0.370511
v -14.945830 9.109340 -0.370511
v -14.945830 6.168242 -0.370709
v -15.008132 6.168242 -0.370709
vn -0.7071 -0.7071 -0.0000
vn 0.5605 -0.0822 0.8241
vn -0.5605 -0.0822 0.8241
vn 0.6736 0.7391 -0.0000
vn -0.6652 0.7466 -0.0000
vn -0.6652 -0.1525 0.7309
vn -0.9987 0.0053 -0.0508
vn -0.5377 -0.0837 0.8390
vn 0.7071 0.0049 0.7071
vn 0.9987 0.0047 -0.0510
vn 0.5377 -0.0837 0.8390
vn 0.6652 0.7466 0.0032
vn 0.9987 0.0101 -0.0502
vn 0.7543 -0.6565 -0.0000
vn -0.7440 -0.6682 0.0002
vn 0.9882 0.0152 -0.1523
vn -0.9882 0.0150 -0.1524
vn -0.7071 -0.7071 0.0033
vn -0.9987 -0.0000 -0.0511
vn -0.7071 0.7071 0.0002
vn 0.7071 0.7071 -0.0000
vn -0.7071 0.7071 -0.0000
vn -0.8809 -0.4722 -0.0315
vn -0.8129 0.4736 -0.3390
vn -0.5173 -0.6959 0.4982
vn -0.5883 0.8068 0.0539
vn 0.8129 0.4736 -0.3390
vn 0.8809 -0.4722 -0.0315
vn 0.5173 -0.6959 0.4982
vn -0.8633 0.4999 0.0685
vn 0.5883 0.8069 0.0539
vn 0.8633 0.4999 0.0685
vn 0.5970 -0.7948 -0.1089
vn -0.8339 -0.5518 -0.0128
vn -0.5970 -0.7948 -0.1089
vn -0.6126 0.7902 0.0183
vn 0.8339 -0.5518 -0.0128
vn -0.8013 0.5918 0.0875
vn 0.6126 0.7902 0.0183
vn 0.8013 0.5918 0.0875
vn 0.6319 -0.7668 -0.1128
vn -0.6763 -0.7161 0.1727
vn -0.6319 -0.7668 -0.1128
vn -0.7348 0.6596 -0.1579
vn 0.6759 -0.7165 0.1727
vn -0.7071 -0.0001 -0.7071
vn -0.7071 0.0001 0.7071
vn 0.7071 0.0001 0.7071
vn 0.7071 -0.0001 -0.7071
vn -0.7072 -0.0003 -0.7070
vn -0.7072 0.0003 0.7070
vn -0.7070 -0.0003 -0.7072
vn -0.7070 0.0003 0.7072
vn 0.7072 0.0003 0.7070
vn 0.7072 -0.0003 -0.7070
vn 0.7070 -0.0003 -0.7072
vn -0.7071 -0.0000 0.7071
vn 0.7071 -0.0000 0.7071
vn 0.5605 -0.0821 -0.8241
vn -0.5605 -0.0823 -0.8241
vn -0.9987 0.0054 0.0508
vn -0.6652 -0.1474 -0.7319
vn -0.5377 -0.0836 -0.8390
vn 0.9987 0.0049 0.0509
vn 0.7073 -0.0000 -0.7070
vn 0.5377 -0.0837 -0.8390
vn 0.6653 -0.1524 -0.7308
vn 0.9987 0.0053 0.0508
vn 0.5377 -0.0838 -0.8390
vn 0.9882 0.0152 0.1523
vn -0.9882 0.0151 0.1523
vn -0.7071 0.0049 -0.7071
vn -0.9987 0.0046 0.0509
vn -0.5377 -0.0837 -0.8390
vn -0.8129 0.4736 0.3390
vn -0.8809 -0.4722 0.0316
vn -0.5173 -0.6959 -0.4982
vn 0.8129 0.4736 0.3390
vn -0.5883 0.8069 -0.0539
vn 0.8809 -0.4722 0.0316
vn 0.5883 0.8069 -0.0539
vn 0.5173 -0.6959 -0.4982
vn -0.8633 0.4999 -0.0685
vn -0.5970 -0.7948 0.1090
vn 0.8633 0.4999 -0.0685
vn 0.5970 -0.7948 0.1090
vn -0.8339 -0.5518 0.0128
vn -0.6126 0.7902 -0.0183
vn 0.8339 -0.5518 0.0128
vn 0.6126 0.7902 -0.0183
vn -0.8013 0.5918 -0.0875
vn -0.6319 -0.7668 0.1128
vn 0.8013 0.5918 -0.0875
vn 0.6319 -0.7668 0.1128
vn -0.6760 -0.7163 -0.1727
vn -0.7349 0.6596 0.1579
vn 0.6760 -0.7163 -0.1727
vn 0.7349 0.6596 0.1579
vn -0.7071 0.0001 -0.7071
vn -0.7071 -0.0001 0.7071
vn 0.7071 0.0001 -0.7071
vn 0.7071 -0.0001 0.7071
vn -0.7072 0.0003 -0.7070
vn -0.7072 -0.0003 0.7070
vn -0.7070 -0.0003 0.7072
vn 0.7072 0.0003 -0.7070
vn -0.7070 0.0003 -0.7072
vn 0.7072 -0.0003 0.7070
vn 0.7070 0.0003 -0.7072
vn 0.7070 -0.0003 0.7072
vn 0.7071 -0.0000 -0.7071
vn -0.7071 -0.0000 -0.7071
vn 0.7071 -0.7071 -0.0000
vn -0.6652 0.7466 0.0036
vn -0.7544 -0.6564 -0.0000
vn -0.9987 0.0104 -0.0501
vn 0.7071 -0.7071 0.0035
vn 0.9987 -0.0004 -0.0512
vn 0.6652 -0.1474 0.7319
vn 0.5377 -0.0836 0.8390
vn 0.9987 0.0055 -0.0509
vn -0.9987 0.0047 -0.0509
vn 0.7348 0.6596 -0.1579
vn 0.7070 0.0003 0.7072
vn -0.9987 0.0101 0.0501
vn -0.6652 0.7466 -0.0032
vn 0.9987 -0.0000 0.0512
vn 0.7070 0.7073 -0.0000
vn 0.7073 -0.7069 -0.0033
vn 0.6653 0.7465 -0.0032
vn 0.7542 -0.6566 -0.0000
vn 0.9987 0.0104 0.0501
vn -0.7071 -0.7071 -0.0035
vn -0.9987 -0.0004 0.0511
vt 0.105100 0.000500
vt 0.113500 0.979800
vt 0.105100 0.979800
vt 0.006900 0.000500
vt 0.015300 0.999500
vt 0.006900 0.999500
vt 0.000500 0.064800
vt 0.113500 0.000500
vt 0.120000 0.915500
vt 0.021700 0.064800
vt 0.021700 0.998200
vt 0.030100 0.998200
vt 0.030100 0.064800
vt 0.098700 0.915500
vt 0.098700 0.000500
vt 0.128400 0.915500
vt 0.120000 0.000500
vt 0.128400 0.000500
vt 0.133900 0.749800
vt 0.130100 0.503400
vt 0.133900 0.503400
vt 0.130100 0.000500
vt 0.133100 0.247100
vt 0.130100 0.247100
vt 0.133900 0.251900
vt 0.130100 0.498400
vt 0.130100 0.251900
vt 0.149800 0.000500
vt 0.152800 0.246800
vt 0.149800 0.246800
vt 0.171400 0.212500
vt 0.175100 0.000500
vt 0.175100 0.212500
vt 0.157600 0.000500
vt 0.160600 0.212700
vt 0.157600 0.212700
vt 0.169200 0.212500
vt 0.165500 0.000500
vt 0.169200 0.000500
vt 0.193000 0.000500
vt 0.196000 0.212200
vt 0.193000 0.212200
vt 0.231900 0.176500
vt 0.228400 0.000500
vt 0.231900 0.000500
vt 0.248000 0.000500
vt 0.251000 0.176400
vt 0.248000 0.176400
vt 0.235800 0.000500
vt 0.232300 0.176500
vt 0.232300 0.000500
vt 0.220500 0.000500
vt 0.223500 0.176700
vt 0.220500 0.176700
vt 0.271600 0.165400
vt 0.275000 0.000500
vt 0.275000 0.165400
vt 0.251900 0.000500
vt 0.254900 0.165400
vt 0.251900 0.165400
vt 0.267100 0.165400
vt 0.263700 0.000500
vt 0.267100 0.000500
vt 0.279400 0.000500
vt 0.282400 0.165400
vt 0.279400 0.165400
vt 0.331700 0.129000
vt 0.328500 0.000500
vt 0.331700 0.000500
vt 0.340300 0.000500
vt 0.343300 0.128200
vt 0.340300 0.128200
vt 0.327800 0.000500
vt 0.324600 0.129000
vt 0.324600 0.000500
vt 0.320700 0.000500
vt 0.323700 0.129700
vt 0.320700 0.129700
vt 0.300100 0.145000
vt 0.297100 0.000500
vt 0.300100 0.000500
vt 0.130100 0.754800
vt 0.134100 0.899200
vt 0.130100 0.899200
vt 0.296200 0.000500
vt 0.293200 0.145000
vt 0.293200 0.000500
vt 0.305000 0.000500
vt 0.308900 0.145000
vt 0.305000 0.145000
vt 0.370800 0.082700
vt 0.367800 0.000500
vt 0.370800 0.000500
vt 0.354100 0.000500
vt 0.358000 0.082700
vt 0.354100 0.082700
vt 0.366900 0.000500
vt 0.363900 0.082700
vt 0.363900 0.000500
vt 0.375700 0.000500
vt 0.379600 0.082700
vt 0.375700 0.082700
vt 0.363000 0.115500
vt 0.360000 0.086900
vt 0.363000 0.086900
vt 0.092800 0.917800
vt 0.096700 0.946300
vt 0.092800 0.946300
vt 0.359000 0.086900
vt 0.356000 0.115500
vt 0.356000 0.086900
vt 0.157600 0.218500
vt 0.161600 0.247100
vt 0.157600 0.247100
vt 0.214600 0.000500
vt 0.218500 0.185100
vt 0.214600 0.185100
vt 0.082100 0.979800
vt 0.073700 0.000500
vt 0.073700 0.979800
vt 0.050700 0.999500
vt 0.042300 0.000500
vt 0.042300 0.999500
vt 0.035900 0.064800
vt 0.088500 0.915500
vt 0.082100 0.000500
vt 0.057100 0.064800
vt 0.050700 0.000500
vt 0.065500 0.998200
vt 0.065500 0.064800
vt 0.067300 0.915500
vt 0.088500 0.000500
vt 0.096900 0.915500
vt 0.096900 0.000500
vt 0.138000 0.000500
vt 0.141800 0.247000
vt 0.141800 0.000500
vt 0.137100 0.247100
vt 0.134100 0.000500
vt 0.134100 0.247100
vt 0.147700 0.000500
vt 0.143900 0.247000
vt 0.147700 0.247000
vt 0.156700 0.246800
vt 0.153700 0.000500
vt 0.153700 0.246800
vt 0.177300 0.212500
vt 0.181000 0.000500
vt 0.177300 0.000500
vt 0.164600 0.212700
vt 0.161600 0.000500
vt 0.161600 0.212700
vt 0.183200 0.000500
vt 0.186900 0.212500
vt 0.186900 0.000500
vt 0.192100 0.212200
vt 0.189100 0.000500
vt 0.189100 0.212200
vt 0.240100 0.000500
vt 0.243600 0.176500
vt 0.243600 0.000500
vt 0.247100 0.176400
vt 0.244100 0.000500
vt 0.244100 0.176400
vt 0.239700 0.000500
vt 0.236200 0.176500
vt 0.239700 0.176500
vt 0.227400 0.176700
vt 0.224400 0.000500
vt 0.224400 0.176700
vt 0.267600 0.165400
vt 0.271000 0.000500
vt 0.267600 0.000500
vt 0.258900 0.165400
vt 0.255900 0.000500
vt 0.255900 0.165400
vt 0.259800 0.000500
vt 0.263200 0.165400
vt 0.263200 0.000500
vt 0.278500 0.165400
vt 0.275500 0.000500
vt 0.275500 0.165400
vt 0.332500 0.000500
vt 0.335700 0.129000
vt 0.335700 0.000500
vt 0.347200 0.128200
vt 0.344200 0.000500
vt 0.344200 0.128200
vt 0.339600 0.000500
vt 0.336400 0.129000
vt 0.339600 0.129000
vt 0.319700 0.129700
vt 0.316700 0.000500
vt 0.316700 0.129700
vt 0.301000 0.000500
vt 0.304000 0.145000
vt 0.304000 0.000500
vt 0.291200 0.145000
vt 0.287300 0.000500
vt 0.287300 0.145000
vt 0.286400 0.000500
vt 0.283400 0.145000
vt 0.286400 0.145000
vt 0.314800 0.145000
vt 0.310900 0.000500
vt 0.310900 0.145000
vt 0.371700 0.000500
vt 0.374700 0.082700
vt 0.374700 0.000500
vt 0.352100 0.082700
vt 0.348200 0.000500
vt 0.348200 0.082700
vt 0.363000 0.000500
vt 0.360000 0.082700
vt 0.363000 0.082700
vt 0.385500 0.082700
vt 0.381600 0.000500
vt 0.381600 0.082700
vt 0.348200 0.086900
vt 0.351200 0.115500
vt 0.351200 0.086900
vt 0.096700 0.975800
vt 0.092800 0.947300
vt 0.092800 0.975800
vt 0.355100 0.086900
vt 0.352100 0.115500
vt 0.355100 0.115500
vt 0.367800 0.115500
vt 0.363900 0.086900
vt 0.363900 0.115500
vt 0.202800 0.185100
vt 0.206700 0.000500
vt 0.206700 0.185100
vt 0.212400 0.000500
vt 0.208700 0.185100
vt 0.208700 0.000500
vt 0.196900 0.000500
vt 0.200600 0.185100
vt 0.196900 0.185100
vt 0.015300 0.000500
vt 0.000500 0.998200
vt 0.130100 0.749800
vt 0.133100 0.000500
vt 0.133900 0.498400
vt 0.152800 0.000500
vt 0.171400 0.000500
vt 0.160600 0.000500
vt 0.165500 0.212500
vt 0.196000 0.000500
vt 0.228400 0.176500
vt 0.251000 0.000500
vt 0.235800 0.176500
vt 0.223500 0.000500
vt 0.271600 0.000500
vt 0.254900 0.000500
vt 0.263700 0.165400
vt 0.282400 0.000500
vt 0.328500 0.129000
vt 0.343300 0.000500
vt 0.327800 0.129000
vt 0.323700 0.000500
vt 0.297100 0.145000
vt 0.134100 0.754800
vt 0.296200 0.145000
vt 0.308900 0.000500
vt 0.367800 0.082700
vt 0.358000 0.000500
vt 0.366900 0.082700
vt 0.379600 0.000500
vt 0.360000 0.115500
vt 0.096700 0.917800
vt 0.359000 0.115500
vt 0.161600 0.218500
vt 0.218500 0.000500
vt 0.035900 0.998200
vt 0.057100 0.998200
vt 0.067300 0.000500
vt 0.138000 0.247000
vt 0.137100 0.000500
vt 0.143900 0.000500
vt 0.156700 0.000500
vt 0.181000 0.212500
vt 0.164600 0.000500
vt 0.183200 0.212500
vt 0.192100 0.000500
vt 0.240100 0.176500
vt 0.247100 0.000500
vt 0.236200 0.000500
vt 0.227400 0.000500
vt 0.271000 0.165400
vt 0.258900 0.000500
vt 0.259800 0.165400
vt 0.278500 0.000500
vt 0.332500 0.129000
vt 0.347200 0.000500
vt 0.336400 0.000500
vt 0.319700 0.000500
vt 0.301000 0.145000
vt 0.291200 0.000500
vt 0.283400 0.000500
vt 0.314800 0.000500
vt 0.371700 0.082700
vt 0.352100 0.000500
vt 0.360000 0.000500
vt 0.385500 0.000500
vt 0.348200 0.115500
vt 0.096700 0.947300
vt 0.352100 0.086900
vt 0.367800 0.086900
vt 0.202800 0.000500
vt 0.212400 0.185100
vt 0.200600 0.000500
s 1
f 482/1249/527 484/1250/528 481/1251/529
f 481/1252/529 486/1253/530 485/1254/531
s 0
f 485/1254/532 488/1255/533 481/1252/534
f 483/1256/535 490/1257/536 484/1250/537
f 486/1253/538 490/1258/539 491/1259/540
s 1
f 487/1260/541 490/1258/542 488/1261/543
s 0
f 482/1249/544 488/1262/545 492/1263/546
s 1
f 488/1264/543 489/1265/547 492/1266/548
f 494/1267/549 496/1268/550 493/1269/551
f 495/1270/552 498/1271/553 496/1272/550
f 498/1273/553 499/1274/554 500/1275/555
f 499/1276/554 493/1277/551 500/1278/555
f 494/1279/549 502/1280/556 495/1281/552
f 502/1282/556 497/1283/557 495/1284/552
f 503/1285/558 499/1286/554 497/1287/557
f 504/1288/559 494/1289/549 499/1290/554
f 505/1291/560 502/1292/556 501/1293/561
f 506/1294/562 503/1295/558 502/1296/556
f 503/1297/558 508/1298/563 504/1299/559
f 508/1300/563 501/1301/561 504/1302/559
f 505/1303/560 510/1304/564 506/1305/562
f 510/1306/564 507/1307/565 506/1308/562
f 511/1309/566 508/1310/563 507/1311/565
f 512/1312/567 505/1313/560 508/1314/563
f 513/1315/568 510/1316/564 509/1317/569
f 514/1318/570 511/1319/566 510/1320/564
f 511/1321/566 516/1322/571 512/1323/567
f 516/1324/571 509/1325/569 512/1326/567
f 518/1327/572 520/1328/573 517/1329/572
f 519/1330/573 522/1331/574 520/1332/573
f 522/1333/574 523/1334/575 524/1335/575
f 523/1336/575 517/1337/572 524/1338/575
f 526/1339/572 528/1340/573 525/1341/572
f 527/1342/573 530/1343/574 528/1344/573
f 530/1345/574 531/1346/575 532/1347/575
f 531/1348/575 525/1349/572 532/1350/575
f 534/1351/576 536/1352/577 533/1353/578
f 535/1354/579 538/1355/580 536/1356/577
f 538/1357/580 539/1358/581 540/1359/582
f 539/1360/581 533/1361/578 540/1362/582
f 542/1363/583 544/1364/584 541/1365/583
f 546/1366/585 482/1367/527 545/1368/586
f 486/1369/530 545/1370/586 485/1371/531
s 0
f 547/1372/587 485/1371/588 545/1370/589
f 548/1373/590 483/1374/591 546/1366/592
f 486/1369/593 548/1375/594 546/1376/595
s 1
f 548/1375/596 487/1377/541 547/1378/597
s 0
f 482/1367/598 547/1379/599 545/1368/600
s 1
f 489/1380/547 547/1381/597 492/1382/548
f 550/1383/601 552/1384/602 549/1385/603
f 553/1386/604 551/1387/605 550/1388/601
f 553/1389/604 556/1390/606 554/1391/607
f 549/1392/603 556/1393/606 555/1394/608
f 552/1395/602 557/1396/609 558/1397/610
f 554/1398/607 557/1399/609 551/1400/605
f 556/1401/606 559/1402/611 554/1403/607
f 552/1404/602 560/1405/612 556/1406/606
f 557/1407/609 562/1408/613 558/1409/610
f 559/1410/611 561/1411/614 557/1412/609
f 559/1413/611 564/1414/615 563/1415/616
f 558/1416/610 564/1417/615 560/1418/612
f 562/1419/613 565/1420/617 566/1421/618
f 563/1422/616 565/1423/617 561/1424/614
f 564/1425/615 567/1426/619 563/1427/616
f 562/1428/613 568/1429/620 564/1430/615
f 565/1431/617 570/1432/621 566/1433/618
f 567/1434/619 569/1435/622 565/1436/617
f 567/1437/619 572/1438/623 571/1439/624
f 566/1440/618 572/1441/623 568/1442/620
f 574/1443/625 576/1444/626 573/1445/626
f 577/1446/627 575/1447/625 574/1448/625
f 577/1449/627 580/1450/628 578/1451/627
f 573/1452/626 580/1453/628 579/1454/628
f 582/1455/625 584/1456/626 581/1457/626
f 585/1458/627 583/1459/625 582/1460/625
f 585/1461/627 588/1462/628 586/1463/627
f 581/1464/626 588/1465/628 587/1466/628
f 590/1467/629 592/1468/630 589/1469/631
f 593/1470/632 591/1471/633 590/1472/629
f 593/1473/632 596/1474/634 594/1475/635
f 589/1476/631 596/1477/634 595/1478/636
f 598/1479/637 600/1480/638 597/1481/638
f 544/1482/584 599/1483/637 598/1484/637
f 541/1485/583 600/1486/638 542/1487/583
f 482/1249/527 483/1256/639 484/1250/528
f 481/1252/529 484/1488/528 486/1253/530
s 0
f 485/1254/640 487/1489/641 488/1255/642
f 483/1256/643 489/1265/547 490/1257/644
f 486/1253/645 484/1488/646 490/1258/647
s 1
f 487/1260/541 491/1259/540 490/1258/542
s 0
f 482/1249/583 481/1251/534 488/1262/648
s 1
f 488/1264/543 490/1257/542 489/1265/547
f 494/1267/549 495/1490/552 496/1268/550
f 495/1270/552 497/1491/557 498/1271/553
f 498/1273/553 497/1492/557 499/1274/554
f 499/1276/554 494/1493/549 493/1277/551
f 494/1279/549 501/1494/561 502/1280/556
f 502/1282/556 503/1495/558 497/1283/557
f 503/1285/558 504/1496/559 499/1286/554
f 504/1288/559 501/1497/561 494/1289/549
f 505/1291/560 506/1498/562 502/1292/556
f 506/1294/562 507/1499/565 503/1295/558
f 503/1297/558 507/1500/565 508/1298/563
f 508/1300/563 505/1501/560 501/1301/561
f 505/1303/560 509/1502/569 510/1304/564
f 510/1306/564 511/1503/566 507/1307/565
f 511/1309/566 512/1504/567 508/1310/563
f 512/1312/567 509/1505/569 505/1313/560
f 513/1315/568 514/1506/570 510/1316/564
f 514/1318/570 515/1507/649 511/1319/566
f 511/1321/566 515/1508/649 516/1322/571
f 516/1324/571 513/1509/568 509/1325/569
f 518/1327/572 519/1510/573 520/1328/573
f 519/1330/573 521/1511/574 522/1331/574
f 522/1333/574 521/1512/574 523/1334/575
f 523/1336/575 518/1513/572 517/1337/572
f 526/1339/572 527/1514/573 528/1340/573
f 527/1342/573 529/1515/574 530/1343/574
f 530/1345/574 529/1516/574 531/1346/575
f 531/1348/575 526/1517/572 525/1349/572
f 534/1351/576 535/1518/579 536/1352/577
f 535/1354/579 537/1519/650 538/1355/580
f 538/1357/580 537/1520/650 539/1358/581
f 539/1360/581 534/1521/576 533/1361/578
f 542/1363/583 543/1522/584 544/1364/584
f 546/1366/585 483/1374/639 482/1367/527
f 486/1369/530 546/1376/585 545/1370/586
s 0
f 547/1372/651 487/1523/641 485/1371/652
f 548/1373/653 489/1380/654 483/1374/655
f 486/1369/656 491/1524/657 548/1375/658
s 1
f 548/1375/596 491/1524/540 487/1377/541
s 0
f 482/1367/659 492/1525/548 547/1379/660
s 1
f 489/1380/547 548/1373/596 547/1381/597
f 550/1383/601 551/1526/605 552/1384/602
f 553/1386/604 554/1527/607 551/1387/605
f 553/1389/604 555/1528/608 556/1390/606
f 549/1392/603 552/1529/602 556/1393/606
f 552/1395/602 551/1530/605 557/1396/609
f 554/1398/607 559/1531/611 557/1399/609
f 556/1401/606 560/1532/612 559/1402/611
f 552/1404/602 558/1533/610 560/1405/612
f 557/1407/609 561/1534/614 562/1408/613
f 559/1410/611 563/1535/616 561/1411/614
f 559/1413/611 560/1536/612 564/1414/615
f 558/1416/610 562/1537/613 564/1417/615
f 562/1419/613 561/1538/614 565/1420/617
f 563/1422/616 567/1539/619 565/1423/617
f 564/1425/615 568/1540/620 567/1426/619
f 562/1428/613 566/1541/618 568/1429/620
f 565/1431/617 569/1542/622 570/1432/621
f 567/1434/619 571/1543/624 569/1435/622
f 567/1437/619 568/1544/620 572/1438/623
f 566/1440/618 570/1545/621 572/1441/623
f 574/1443/625 575/1546/625 576/1444/626
f 577/1446/627 578/1547/627 575/1447/625
f 577/1449/627 579/1548/628 580/1450/628
f 573/1452/626 576/1549/626 580/1453/628
f 582/1455/625 583/1550/625 584/1456/626
f 585/1458/627 586/1551/627 583/1459/625
f 585/1461/627 587/1552/628 588/1462/628
f 581/1464/626 584/1553/626 588/1465/628
f 590/1467/629 591/1554/633 592/1468/630
f 593/1470/632 594/1555/635 591/1471/633
f 593/1473/632 595/1556/636 596/1474/634
f 589/1476/631 592/1557/630 596/1477/634
f 598/1479/637 599/1558/637 600/1480/638
f 544/1482/584 543/1559/584 599/1483/637
f 541/1485/583 597/1560/638 600/1486/638
o frame005
v -7.399138 6.066044 15.261791
v -7.399138 6.066043 -0.341214
v -7.265334 6.066043 -0.341214
v -7.265334 6.066044 15.261791
v -7.399138 9.209239 -0.341214
v -7.265334 9.209239 -0.341214
v -7.399138 9.105044 -0.341214
v -7.399138 6.168243 14.237293
v -7.265334 6.168242 -0.341214
v -7.265334 6.168243 14.237293
v -7.265334 9.105044 -0.341214
v -7.399138 6.168242 -0.341214
v -7.354339 6.155940 -0.311612
v -7.354339 8.440341 2.879291
v -7.354339 8.502040 2.883487
v -7.354339 6.214740 -0.311612
v -7.306533 8.502040 2.883487
v -7.306533 6.214740 -0.311612
v -7.306533 8.440341 2.879291
v -7.306533 6.155940 -0.311612
v -7.354339 6.129040 5.336788
v -7.354339 6.185242 5.346790
v -7.306533 6.185242 5.346790
v -7.306533 6.129040 5.336788
v -7.354339 7.431042 7.823588
v -7.354339 7.485241 7.828792
v -7.306533 7.485241 7.828792
v -7.306533 7.431042 7.823588
v -7.354339 6.106144 10.091587
v -7.354339 6.159641 10.097790
v -7.306533 6.159641 10.097790
v -7.306533 6.106144 10.091587
v -7.354339 6.588741 12.093486
v -7.354339 6.633343 12.076388
v -7.306533 6.633343 12.076388
v -7.306533 6.588741 12.093486
v -7.361541 8.469943 2.853893
v -7.361541 6.168243 2.854091
v -7.361541 6.168243 2.901889
v -7.361541 8.469943 2.901691
v -7.299239 6.168243 2.901889
v -7.299239 8.469943 2.901691
v -7.299239 6.168243 2.854091
v -7.299239 8.469943 2.853893
v -7.361541 7.478142 7.800792
v -7.361541 6.168243 7.800991
v -7.361541 6.168243 7.848789
v -7.361541 7.478142 7.848590
v -7.299239 6.168243 7.848789
v -7.299239 7.478142 7.848590
v -7.299239 6.168243 7.800991
v -7.299239 7.478142 7.800792
v -7.361541 6.622742 12.075992
v -7.361541 6.168243 12.076191
v -7.361541 6.168243 12.123989
v -7.361541 6.622742 12.123790
v -7.299239 6.168243 12.123989
v -7.299239 6.622742 12.123790
v -7.299239 6.168243 12.076191
v -7.299239 6.622742 12.075992
v -7.361541 9.109340 -0.311810
v -7.361541 6.168242 -0.311612
v -7.299239 6.168242 -0.311612
v -7.299239 9.109340 -0.311810
v -7.399138 6.066042 -15.944115
v -7.265334 6.066042 -15.944115
v -7.399138 6.168242 -14.919609
v -7.265334 6.168242 -14.919609
v -7.354339 6.155940 -0.370709
v -7.354339 6.214740 -0.370709
v -7.354339 8.502040 -3.565808
v -7.354339 8.440341 -3.561711
v -7.306533 6.214740 -0.370709
v -7.306533 8.502040 -3.565808
v -7.306533 6.155940 -0.370709
v -7.306533 8.440341 -3.561711
v -7.354339 6.185241 -6.029110
v -7.354339 6.129039 -6.019108
v -7.306533 6.185241 -6.029110
v -7.306533 6.129039 -6.019108
v -7.354339 7.485240 -8.511117
v -7.354339 7.431041 -8.505914
v -7.306533 7.485240 -8.511117
v -7.306533 7.431041 -8.505914
v -7.354339 6.159639 -10.780113
v -7.354339 6.106142 -10.774010
v -7.306533 6.159639 -10.780113
v -7.306533 6.106142 -10.774010
v -7.354339 6.633341 -12.758813
v -7.354339 6.588739 -12.775918
v -7.306533 6.633341 -12.758813
v -7.306533 6.588739 -12.775918
v -7.361541 8.469943 -3.536313
v -7.361541 8.469943 -3.584111
v -7.361541 6.168242 -3.584309
v -7.361541 6.168242 -3.536511
v -7.299239 8.469943 -3.584111
v -7.299239 6.168242 -3.584309
v -7.299239 8.469943 -3.536313
v -7.299239 6.168242 -3.536511
v -7.361541 7.478141 -8.483117
v -7.361541 7.478141 -8.530908
v -7.361541 6.168242 -8.531105
v -7.361541 6.168242 -8.483315
v -7.299239 7.478141 -8.530908
v -7.299239 6.168242 -8.531105
v -7.299239 7.478141 -8.483117
v -7.299239 6.168242 -8.483315
v -7.361541 6.622740 -12.758416
v -7.361541 6.622740 -12.806207
v -7.361541 6.168242 -12.806404
v -7.361541 6.168242 -12.758614
v -7.299239 6.622740 -12.806207
v -7.299239 6.168242 -12.806404
v -7.299239 6.622740 -12.758416
v -7.299239 6.168242 -12.758614
v -7.361541 9.109340 -0.370511
v -7.299239 9.109340 -0.370511
v -7.299239 6.168242 -0.370709
v -7.361541 6.168242 -0.370709
vn -0.7071 -0.7071 -0.0000
vn 0.5605 -0.0822 0.8241
vn -0.5605 -0.0822 0.8241
vn 0.6736 0.7391 -0.0001
vn -0.6652 0.7466 0.0001
vn -0.6654 -0.1524 0.7308
vn -0.9987 0.0052 -0.0509
vn -0.5376 -0.0838 0.8390
vn 0.7071 0.0050 0.7071
vn 0.9987 0.0048 -0.0510
vn 0.5377 -0.0837 0.8390
vn 0.6652 0.7466 0.0032
vn 0.9987 0.0101 -0.0502
vn 0.7543 -0.6565 -0.0000
vn -0.7440 -0.6682 -0.0000
vn 0.9882 0.0152 -0.1523
vn -0.9882 0.0151 -0.1523
vn -0.7073 -0.7069 0.0033
vn -0.9987 -0.0000 -0.0512
vn -0.7070 0.7073 -0.0000
vn 0.7071 0.7071 -0.0000
vn -0.7071 0.7071 -0.0000
vn -0.8809 -0.4722 -0.0316
vn -0.8129 0.4736 -0.3391
vn -0.5173 -0.6959 0.4982
vn -0.5883 0.8069 0.0539
vn 0.8129 0.4736 -0.3391
vn 0.8809 -0.4722 -0.0316
vn 0.5173 -0.6959 0.4982
vn -0.8633 0.4999 0.0685
vn 0.5883 0.8068 0.0539
vn 0.8633 0.4999 0.0685
vn 0.5970 -0.7948 -0.1089
vn -0.8339 -0.5518 -0.0128
vn -0.5970 -0.7948 -0.1089
vn -0.6126 0.7902 0.0183
vn 0.8339 -0.5518 -0.0128
vn -0.8013 0.5918 0.0875
vn 0.6126 0.7902 0.0183
vn 0.8013 0.5918 0.0875
vn 0.6319 -0.7668 -0.1128
vn -0.6761 -0.7163 0.1727
vn -0.6319 -0.7668 -0.1128
vn -0.7348 0.6596 -0.1579
vn 0.6761 -0.7163 0.1727
vn -0.7071 -0.0001 -0.7071
vn -0.7071 0.0001 0.7071
vn 0.7071 0.0001 0.7071
vn 0.7071 -0.0001 -0.7071
vn -0.7072 -0.0003 -0.7070
vn -0.7072 0.0003 0.7070
vn -0.7070 -0.0003 -0.7072
vn -0.7070 0.0003 0.7072
vn 0.7072 0.0003 0.7070
vn 0.7072 -0.0003 -0.7070
vn 0.7070 -0.0003 -0.7072
vn -0.7071 -0.0000 0.7071
vn 0.7071 -0.0000 0.7071
vn 0.5605 -0.0822 -0.8241
vn -0.5605 -0.0822 -0.8241
vn -0.9987 0.0053 0.0508
vn -0.6652 -0.1474 -0.7319
vn -0.5377 -0.0837 -0.8390
vn 0.9987 0.0046 0.0509
vn 0.7070 -0.0000 -0.7073
vn 0.5377 -0.0837 -0.8390
vn 0.6651 -0.1525 -0.7310
vn 0.9987 0.0055 0.0509
vn 0.9882 0.0152 0.1523
vn -0.9882 0.0151 0.1523
vn -0.7071 0.0050 -0.7071
vn -0.9987 0.0047 0.0509
vn -0.8129 0.4736 0.3391
vn -0.8809 -0.4722 0.0316
vn -0.5173 -0.6959 -0.4982
vn 0.8129 0.4736 0.3391
vn -0.5883 0.8069 -0.0539
vn 0.8809 -0.4722 0.0316
vn 0.5883 0.8069 -0.0539
vn 0.5173 -0.6959 -0.4982
vn -0.8633 0.4999 -0.0685
vn -0.5970 -0.7948 0.1090
vn 0.8633 0.4999 -0.0685
vn 0.5970 -0.7948 0.1090
vn -0.8339 -0.5518 0.0128
vn -0.6126 0.7902 -0.0183
vn 0.8339 -0.5518 0.0128
vn 0.6126 0.7902 -0.0183
vn -0.8013 0.5918 -0.0875
vn -0.6319 -0.7668 0.1128
vn 0.8013 0.5918 -0.0875
vn 0.6319 -0.7668 0.1128
vn -0.6760 -0.7163 -0.1727
vn -0.7349 0.6596 0.1579
vn 0.6760 -0.7163 -0.1727
vn 0.7349 0.6596 0.1579
vn -0.7071 0.0001 -0.7071
vn -0.7071 -0.0001 0.7071
vn 0.7071 0.0001 -0.7071
vn 0.7071 -0.0001 0.7071
vn -0.7072 0.0003 -0.7070
vn -0.7072 -0.0003 0.7070
vn -0.7070 -0.0003 0.7072
vn 0.7072 0.0003 -0.7070
vn -0.7070 0.0003 -0.7072
vn 0.7072 -0.0003 0.7070
vn 0.7070 0.0003 -0.7072
vn 0.7070 -0.0003 0.7072
vn 0.7071 -0.0000 -0.7071
vn -0.7071 -0.0000 -0.7071
vn 0.7071 -0.7071 -0.0000
vn -0.6654 0.7465 0.0032
vn -0.7543 -0.6566 -0.0000
vn -0.9987 0.0104 -0.0501
vn 0.7071 -0.7071 0.0035
vn 0.9987 -0.0004 -0.0512
vn 0.6652 -0.1474 0.7319
vn 0.9987 0.0054 -0.0509
vn -0.7073 -0.0000 0.7070
vn -0.5377 -0.0837 0.8390
vn -0.9987 0.0048 -0.0509
vn 0.7348 0.6596 -0.1579
vn 0.7070 0.0003 0.7072
vn -0.9987 0.0101 0.0501
vn -0.7544 -0.6564 -0.0000
vn -0.6652 0.7466 -0.0032
vn 0.9987 -0.0000 0.0511
vn 0.7073 0.7070 -0.0000
vn 0.7070 -0.7073 -0.0033
vn 0.6651 0.7467 -0.0032
vn 0.7544 -0.6564 -0.0000
vn 0.9987 0.0105 0.0501
vn -0.7071 -0.7071 -0.0035
vn -0.9987 -0.0004 0.0511
vt 0.105100 0.000500
vt 0.113500 0.979800
vt 0.105100 0.979800
vt 0.006900 0.000500
vt 0.015300 0.999500
vt 0.006900 0.999500
vt 0.000500 0.064800
vt 0.113500 0.000500
vt 0.120000 0.915500
vt 0.021700 0.064800
vt 0.021700 0.998200
vt 0.030100 0.998200
vt 0.030100 0.064800
vt 0.098700 0.915500
vt 0.098700 0.000500
vt 0.128400 0.915500
vt 0.120000 0.000500
vt 0.128400 0.000500
vt 0.133900 0.749800
vt 0.130100 0.503400
vt 0.133900 0.503400
vt 0.130100 0.000500
vt 0.133100 0.247100
vt 0.130100 0.247100
vt 0.133900 0.251900
vt 0.130100 0.498400
vt 0.130100 0.251900
vt 0.149800 0.000500
vt 0.152800 0.246800
vt 0.149800 0.246800
vt 0.171400 0.212500
vt 0.175100 0.000500
vt 0.175100 0.212500
vt 0.157600 0.000500
vt 0.160600 0.212700
vt 0.157600 0.212700
vt 0.169200 0.212500
vt 0.165500 0.000500
vt 0.169200 0.000500
vt 0.193000 0.000500
vt 0.196000 0.212200
vt 0.193000 0.212200
vt 0.231900 0.176500
vt 0.228400 0.000500
vt 0.231900 0.000500
vt 0.248000 0.000500
vt 0.251000 0.176400
vt 0.248000 0.176400
vt 0.235800 0.000500
vt 0.232300 0.176500
vt 0.232300 0.000500
vt 0.220500 0.000500
vt 0.223500 0.176700
vt 0.220500 0.176700
vt 0.271600 0.165400
vt 0.275000 0.000500
vt 0.275000 0.165400
vt 0.251900 0.000500
vt 0.254900 0.165400
vt 0.251900 0.165400
vt 0.267100 0.165400
vt 0.263700 0.000500
vt 0.267100 0.000500
vt 0.279400 0.000500
vt 0.282400 0.165400
vt 0.279400 0.165400
vt 0.331700 0.129000
vt 0.328500 0.000500
vt 0.331700 0.000500
vt 0.340300 0.000500
vt 0.343300 0.128200
vt 0.340300 0.128200
vt 0.327800 0.000500
vt 0.324600 0.129000
vt 0.324600 0.000500
vt 0.320700 0.000500
vt 0.323700 0.129700
vt 0.320700 0.129700
vt 0.300100 0.145000
vt 0.297100 0.000500
vt 0.300100 0.000500
vt 0.130100 0.754800
vt 0.134100 0.899200
vt 0.130100 0.899200
vt 0.296200 0.000500
vt 0.293200 0.145000
vt 0.293200 0.000500
vt 0.305000 0.000500
vt 0.308900 0.145000
vt 0.305000 0.145000
vt 0.370800 0.082700
vt 0.367800 0.000500
vt 0.370800 0.000500
vt 0.354100 0.000500
vt 0.358000 0.082700
vt 0.354100 0.082700
vt 0.366900 0.000500
vt 0.363900 0.082700
vt 0.363900 0.000500
vt 0.375700 0.000500
vt 0.379600 0.082700
vt 0.375700 0.082700
vt 0.363000 0.115500
vt 0.360000 0.086900
vt 0.363000 0.086900
vt 0.092800 0.917800
vt 0.096700 0.946300
vt 0.092800 0.946300
vt 0.359000 0.086900
vt 0.356000 0.115500
vt 0.356000 0.086900
vt 0.157600 0.218500
vt 0.161600 0.247100
vt 0.157600 0.247100
vt 0.214600 0.000500
vt 0.218500 0.185100
vt 0.214600 0.185100
vt 0.082100 0.979800
vt 0.073700 0.000500
vt 0.073700 0.979800
vt 0.050700 0.999500
vt 0.042300 0.000500
vt 0.042300 0.999500
vt 0.035900 0.064800
vt 0.088500 0.915500
vt 0.082100 0.000500
vt 0.057100 0.064800
vt 0.050700 0.000500
vt 0.065500 0.998200
vt 0.065500 0.064800
vt 0.067300 0.915500
vt 0.088500 0.000500
vt 0.096900 0.915500
vt 0.096900 0.000500
vt 0.138000 0.000500
vt 0.141800 0.247000
vt 0.141800 0.000500
vt 0.137100 0.247100
vt 0.134100 0.000500
vt 0.134100 0.247100
vt 0.147700 0.000500
vt 0.143900 0.247000
vt 0.147700 0.247000
vt 0.156700 0.246800
vt 0.153700 0.000500
vt 0.153700 0.246800
vt 0.177300 0.212500
vt 0.181000 0.000500
vt 0.177300 0.000500
vt 0.164600 0.212700
vt 0.161600 0.000500
vt 0.161600 0.212700
vt 0.183200 0.000500
vt 0.186900 0.212500
vt 0.186900 0.000500
vt 0.192100 0.212200
vt 0.189100 0.000500
vt 0.189100 0.212200
vt 0.240100 0.000500
vt 0.243600 0.176500
vt 0.243600 0.000500
vt 0.247100 0.176400
vt 0.244100 0.000500
vt 0.244100 0.176400
vt 0.239700 0.000500
vt 0.236200 0.176500
vt 0.239700 0.176500
vt 0.227400 0.176700
vt 0.224400 0.000500
vt 0.224400 0.176700
vt 0.267600 0.165400
vt 0.271000 0.000500
vt 0.267600 0.000500
vt 0.258900 0.165400
vt 0.255900 0.000500
vt 0.255900 0.165400
vt 0.259800 0.000500
vt 0.263200 0.165400
vt 0.263200 0.000500
vt 0.278500 0.165400
vt 0.275500 0.000500
vt 0.275500 0.165400
vt 0.332500 0.000500
vt 0.335700 0.129000
vt 0.335700 0.000500
vt 0.347200 0.128200
vt 0.344200 0.000500
vt 0.344200 0.128200
vt 0.339600 0.000500
vt 0.336400 0.129000
vt 0.339600 0.129000
vt 0.319700 0.129700
vt 0.316700 0.000500
vt 0.316700 0.129700
vt 0.301000 0.000500
vt 0.304000 0.145000
vt 0.304000 0.000500
vt 0.291200 0.145000
vt 0.287300 0.000500
vt 0.287300 0.145000
vt 0.286400 0.000500
vt 0.283400 0.145000
vt 0.286400 0.145000
vt 0.314800 0.145000
vt 0.310900 0.000500
vt 0.310900 0.145000
vt 0.371700 0.000500
vt 0.374700 0.082700
vt 0.374700 0.000500
vt 0.352100 0.082700
vt 0.348200 0.000500
vt 0.348200 0.082700
vt 0.363000 0.000500
vt 0.360000 0.082700
vt 0.363000 0.082700
vt 0.385500 0.082700
vt 0.381600 0.000500
vt 0.381600 0.082700
vt 0.348200 0.086900
vt 0.351200 0.115500
vt 0.351200 0.086900
vt 0.096700 0.975800
vt 0.092800 0.947300
vt 0.092800 0.975800
vt 0.355100 0.086900
vt 0.352100 0.115500
vt 0.355100 0.115500
vt 0.367800 0.115500
vt 0.363900 0.086900
vt 0.363900 0.115500
vt 0.202800 0.185100
vt 0.206700 0.000500
vt 0.206700 0.185100
vt 0.212400 0.000500
vt 0.208700 0.185100
vt 0.208700 0.000500
vt 0.196900 0.000500
vt 0.200600 0.185100
vt 0.196900 0.185100
vt 0.015300 0.000500
vt 0.000500 0.998200
vt 0.130100 0.749800
vt 0.133100 0.000500
vt 0.133900 0.498400
vt 0.152800 0.000500
vt 0.171400 0.000500
vt 0.160600 0.000500
vt 0.165500 0.212500
vt 0.196000 0.000500
vt 0.228400 0.176500
vt 0.251000 0.000500
vt 0.235800 0.176500
vt 0.223500 0.000500
vt 0.271600 0.000500
vt 0.254900 0.000500
vt 0.263700 0.165400
vt 0.282400 0.000500
vt 0.328500 0.129000
vt 0.343300 0.000500
vt 0.327800 0.129000
vt 0.323700 0.000500
vt 0.297100 0.145000
vt 0.134100 0.754800
vt 0.296200 0.145000
vt 0.308900 0.000500
vt 0.367800 0.082700
vt 0.358000 0.000500
vt 0.366900 0.082700
vt 0.379600 0.000500
vt 0.360000 0.115500
vt 0.096700 0.917800
vt 0.359000 0.115500
vt 0.161600 0.218500
vt 0.218500 0.000500
vt 0.035900 0.998200
vt 0.057100 0.998200
vt 0.067300 0.000500
vt 0.138000 0.247000
vt 0.137100 0.000500
vt 0.143900 0.000500
vt 0.156700 0.000500
vt 0.181000 0.212500
vt 0.164600 0.000500
vt 0.183200 0.212500
vt 0.192100 0.000500
vt 0.240100 0.176500
vt 0.247100 0.000500
vt 0.236200 0.000500
vt 0.227400 0.000500
vt 0.271000 0.165400
vt 0.258900 0.000500
vt 0.259800 0.165400
vt 0.278500 0.000500
vt 0.332500 0.129000
vt 0.347200 0.000500
vt 0.336400 0.000500
vt 0.319700 0.000500
vt 0.301000 0.145000
vt 0.291200 0.000500
vt 0.283400 0.000500
vt 0.314800 0.000500
vt 0.371700 0.082700
vt 0.352100 0.000500
vt 0.360000 0.000500
vt 0.385500 0.000500
vt 0.348200 0.115500
vt 0.096700 0.947300
vt 0.352100 0.086900
vt 0.367800 0.086900
vt 0.202800 0.000500
vt 0.212400 0.185100
vt 0.200600 0.000500
s 1
f 602/1561/661 604/1562/662 601/1563/663
f 601/1564/663 606/1565/664 605/1566/665
s 0
f 605/1566/666 608/1567/667 601/1564/668
f 603/1568/669 610/1569/670 604/1562/671
f 606/1565/672 610/1570/673 611/1571/674
s 1
f 607/1572/675 610/1570/676 608/1573/677
s 0
f 602/1561/678 608/1574/679 612/1575/680
s 1
f 608/1576/677 609/1577/681 612/1578/682
f 614/1579/683 616/1580/684 613/1581/685
f 615/1582/686 618/1583/687 616/1584/684
f 618/1585/687 619/1586/688 620/1587/689
f 619/1588/688 613/1589/685 620/1590/689
f 614/1591/683 622/1592/690 615/1593/686
f 622/1594/690 617/1595/691 615/1596/686
f 623/1597/692 619/1598/688 617/1599/691
f 624/1600/693 614/1601/683 619/1602/688
f 625/1603/694 622/1604/690 621/1605/695
f 626/1606/696 623/1607/692 622/1608/690
f 623/1609/692 628/1610/697 624/1611/693
f 628/1612/697 621/1613/695 624/1614/693
f 625/1615/694 630/1616/698 626/1617/696
f 630/1618/698 627/1619/699 626/1620/696
f 631/1621/700 628/1622/697 627/1623/699
f 632/1624/701 625/1625/694 628/1626/697
f 633/1627/702 630/1628/698 629/1629/703
f 634/1630/704 631/1631/700 630/1632/698
f 631/1633/700 636/1634/705 632/1635/701
f 636/1636/705 629/1637/703 632/1638/701
f 638/1639/706 640/1640/707 637/1641/706
f 639/1642/707 642/1643/708 640/1644/707
f 642/1645/708 643/1646/709 644/1647/709
f 643/1648/709 637/1649/706 644/1650/709
f 646/1651/706 648/1652/707 645/1653/706
f 647/1654/707 650/1655/708 648/1656/707
f 650/1657/708 651/1658/709 652/1659/709
f 651/1660/709 645/1661/706 652/1662/709
f 654/1663/710 656/1664/711 653/1665/712
f 655/1666/713 658/1667/714 656/1668/711
f 658/1669/714 659/1670/715 660/1671/716
f 659/1672/715 653/1673/712 660/1674/716
f 662/1675/717 664/1676/718 661/1677/717
f 666/1678/719 602/1679/661 665/1680/720
f 606/1681/664 665/1682/720 605/1683/665
s 0
f 667/1684/721 605/1683/722 665/1682/723
f 668/1685/724 603/1686/725 666/1678/726
f 606/1681/727 668/1687/728 666/1688/726
s 1
f 668/1687/729 607/1689/675 667/1690/730
s 0
f 602/1679/731 667/1691/732 665/1680/723
s 1
f 609/1692/681 667/1693/730 612/1694/682
f 670/1695/733 672/1696/734 669/1697/735
f 673/1698/736 671/1699/737 670/1700/733
f 673/1701/736 676/1702/738 674/1703/739
f 669/1704/735 676/1705/738 675/1706/740
f 672/1707/734 677/1708/741 678/1709/742
f 674/1710/739 677/1711/741 671/1712/737
f 676/1713/738 679/1714/743 674/1715/739
f 672/1716/734 680/1717/744 676/1718/738
f 677/1719/741 682/1720/745 678/1721/742
f 679/1722/743 681/1723/746 677/1724/741
f 679/1725/743 684/1726/747 683/1727/748
f 678/1728/742 684/1729/747 680/1730/744
f 682/1731/745 685/1732/749 686/1733/750
f 683/1734/748 685/1735/749 681/1736/746
f 684/1737/747 687/1738/751 683/1739/748
f 682/1740/745 688/1741/752 684/1742/747
f 685/1743/749 690/1744/753 686/1745/750
f 687/1746/751 689/1747/754 685/1748/749
f 687/1749/751 692/1750/755 691/1751/756
f 686/1752/750 692/1753/755 688/1754/752
f 694/1755/757 696/1756/758 693/1757/758
f 697/1758/759 695/1759/757 694/1760/757
f 697/1761/759 700/1762/760 698/1763/759
f 693/1764/758 700/1765/760 699/1766/760
f 702/1767/757 704/1768/758 701/1769/758
f 705/1770/759 703/1771/757 702/1772/757
f 705/1773/759 708/1774/760 706/1775/759
f 701/1776/758 708/1777/760 707/1778/760
f 710/1779/761 712/1780/762 709/1781/763
f 713/1782/764 711/1783/765 710/1784/761
f 713/1785/764 716/1786/766 714/1787/767
f 709/1788/763 716/1789/766 715/1790/768
f 718/1791/769 720/1792/770 717/1793/770
f 664/1794/718 719/1795/769 718/1796/769
f 661/1797/717 720/1798/770 662/1799/717
f 602/1561/661 603/1568/771 604/1562/662
f 601/1564/663 604/1800/662 606/1565/664
s 0
f 605/1566/772 607/1801/773 608/1567/774
f 603/1568/775 609/1577/681 610/1569/776
f 606/1565/777 604/1800/671 610/1570/778
s 1
f 607/1572/675 611/1571/674 610/1570/676
s 0
f 602/1561/779 601/1563/780 608/1574/781
s 1
f 608/1576/677 610/1569/676 609/1577/681
f 614/1579/683 615/1802/686 616/1580/684
f 615/1582/686 617/1803/691 618/1583/687
f 618/1585/687 617/1804/691 619/1586/688
f 619/1588/688 614/1805/683 613/1589/685
f 614/1591/683 621/1806/695 622/1592/690
f 622/1594/690 623/1807/692 617/1595/691
f 623/1597/692 624/1808/693 619/1598/688
f 624/1600/693 621/1809/695 614/1601/683
f 625/1603/694 626/1810/696 622/1604/690
f 626/1606/696 627/1811/699 623/1607/692
f 623/1609/692 627/1812/699 628/1610/697
f 628/1612/697 625/1813/694 621/1613/695
f 625/1615/694 629/1814/703 630/1616/698
f 630/1618/698 631/1815/700 627/1619/699
f 631/1621/700 632/1816/701 628/1622/697
f 632/1624/701 629/1817/703 625/1625/694
f 633/1627/702 634/1818/704 630/1628/698
f 634/1630/704 635/1819/782 631/1631/700
f 631/1633/700 635/1820/782 636/1634/705
f 636/1636/705 633/1821/702 629/1637/703
f 638/1639/706 639/1822/707 640/1640/707
f 639/1642/707 641/1823/708 642/1643/708
f 642/1645/708 641/1824/708 643/1646/709
f 643/1648/709 638/1825/706 637/1649/706
f 646/1651/706 647/1826/707 648/1652/707
f 647/1654/707 649/1827/708 650/1655/708
f 650/1657/708 649/1828/708 651/1658/709
f 651/1660/709 646/1829/706 645/1661/706
f 654/1663/710 655/1830/713 656/1664/711
f 655/1666/713 657/1831/783 658/1667/714
f 658/1669/714 657/1832/783 659/1670/715
f 659/1672/715 654/1833/710 653/1673/712
f 662/1675/717 663/1834/718 664/1676/718
f 666/1678/719 603/1686/771 602/1679/661
f 606/1681/664 666/1688/719 665/1682/720
s 0
f 667/1684/784 607/1835/785 605/1683/786
f 668/1685/787 609/1692/788 603/1686/789
f 606/1681/790 611/1836/791 668/1687/792
s 1
f 668/1687/729 611/1836/674 607/1689/675
s 0
f 602/1679/793 612/1837/682 667/1691/794
s 1
f 609/1692/681 668/1685/729 667/1693/730
f 670/1695/733 671/1838/737 672/1696/734
f 673/1698/736 674/1839/739 671/1699/737
f 673/1701/736 675/1840/740 676/1702/738
f 669/1704/735 672/1841/734 676/1705/738
f 672/1707/734 671/1842/737 677/1708/741
f 674/1710/739 679/1843/743 677/1711/741
f 676/1713/738 680/1844/744 679/1714/743
f 672/1716/734 678/1845/742 680/1717/744
f 677/1719/741 681/1846/746 682/1720/745
f 679/1722/743 683/1847/748 681/1723/746
f 679/1725/743 680/1848/744 684/1726/747
f 678/1728/742 682/1849/745 684/1729/747
f 682/1731/745 681/1850/746 685/1732/749
f 683/1734/748 687/1851/751 685/1735/749
f 684/1737/747 688/1852/752 687/1738/751
f 682/1740/745 686/1853/750 688/1741/752
f 685/1743/749 689/1854/754 690/1744/753
f 687/1746/751 691/1855/756 689/1747/754
f 687/1749/751 688/1856/752 692/1750/755
f 686/1752/750 690/1857/753 692/1753/755
f 694/1755/757 695/1858/757 696/1756/758
f 697/1758/759 698/1859/759 695/1759/757
f 697/1761/759 699/1860/760 700/1762/760
f 693/1764/758 696/1861/758 700/1765/760
f 702/1767/757 703/1862/757 704/1768/758
f 705/1770/759 706/1863/759 703/1771/757
f 705/1773/759 707/1864/760 708/1774/760
f 701/1776/758 704/1865/758 708/1777/760
f 710/1779/761 711/1866/765 712/1780/762
f 713/1782/764 714/1867/767 711/1783/765
f 713/1785/764 715/1868/768 716/1786/766
f 709/1788/763 712/1869/762 716/1789/766
f 718/1791/769 719/1870/769 720/1792/770
f 664/1794/718 663/1871/718 719/1795/769
f 661/1797/717 717/1872/770 720/1798/770
o frame006
v 0.247361 6.066044 15.261791
v 0.247361 6.066043 -0.341214
v 0.381257 6.066043 -0.341214
v 0.381257 6.066044 15.261791
v 0.247361 9.209239 -0.341214
v 0.381257 9.209239 -0.341214
v 0.247361 9.105044 -0.341214
v 0.247361 6.168243 14.237293
v 0.381257 6.168242 -0.341214
v 0.381257 6.168243 14.237293
v 0.381257 9.105044 -0.341214
v 0.247361 6.168242 -0.341214
v 0.292268 6.155940 -0.311612
v 0.292268 8.440341 2.879291
v 0.292268 8.502040 2.883487
v 0.292268 6.214740 -0.311612
v 0.340058 8.502040 2.883487
v 0.340058 6.214740 -0.311612
v 0.340058 8.440341 2.879291
v 0.340058 6.155940 -0.311612
v 0.292268 6.129040 5.336788
v 0.292268 6.185242 5.346790
v 0.340058 6.185242 5.346790
v 0.340058 6.129040 5.336788
v 0.292268 7.431042 7.823588
v 0.292268 7.485241 7.828792
v 0.340058 7.485241 7.828792
v 0.340058 7.431042 7.823588
v 0.292268 6.106144 10.091587
v 0.292268 6.159641 10.097790
v 0.340058 6.159641 10.097790
v 0.340058 6.106144 10.091587
v 0.292268 6.588741 12.093486
v 0.292268 6.633343 12.076388
v 0.340058 6.633343 12.076388
v 0.340058 6.588741 12.093486
v 0.285066 8.469943 2.853893
v 0.285066 6.168243 2.854091
v 0.285066 6.168243 2.901889
v 0.285066 8.469943 2.901691
v 0.347260 6.168243 2.901889
v 0.347260 8.469943 2.901691
v 0.347260 6.168243 2.854091
v 0.347260 8.469943 2.853893
v 0.285066 7.478142 7.800792
v 0.285066 6.168243 7.800991
v 0.285066 6.168243 7.848789
v 0.285066 7.478142 7.848590
v 0.347260 6.168243 7.848789
v 0.347260 7.478142 7.848590
v 0.347260 6.168243 7.800991
v 0.347260 7.478142 7.800792
v 0.285066 6.622742 12.075992
v 0.285066 6.168243 12.076191
v 0.285066 6.168243 12.123989
v 0.285066 6.622742 12.123790
v 0.347260 6.168243 12.123989
v 0.347260 6.622742 12.123790
v 0.347260 6.168243 12.076191
v 0.347260 6.622742 12.075992
v 0.285066 9.109340 -0.311810
v 0.285066 6.168242 -0.311612
v 0.347260 6.168242 -0.311612
v 0.347260 9.109340 -0.311810
v 0.247361 6.066042 -15.944115
v 0.381257 6.066042 -15.944115
v 0.247361 6.168242 -14.919609
v 0.381257 6.168242 -14.919609
v 0.292268 6.155940 -0.370709
v 0.292268 6.214740 -0.370709
v 0.292268 8.502040 -3.565808
v 0.292268 8.440341 -3.561711
v 0.340058 6.214740 -0.370709
v 0.340058 8.502040 -3.565808
v 0.340058 6.155940 -0.370709
v 0.340058 8.440341 -3.561711
v 0.292268 6.185241 -6.029110
v 0.292268 6.129039 -6.019108
v 0.340058 6.185241 -6.029110
v 0.340058 6.129039 -6.019108
v 0.292268 7.485240 -8.511117
v 0.292268 7.431041 -8.505914
v 0.340058 7.485240 -8.511117
v 0.340058 7.431041 -8.505914
v 0.292268 6.159639 -10.780113
v 0.292268 6.106142 -10.774010
v 0.340058 6.159639 -10.780113
v 0.340058 6.106142 -10.774010
v 0.292268 6.633341 -12.758813
v 0.292268 6.588739 -12.775918
v 0.340058 6.633341 -12.758813
v 0.340058 6.588739 -12.775918
v 0.285066 8.469943 -3.536313
v 0.285066 8.469943 -3.584111
v 0.285066 6.168242 -3.584309
v 0.285066 6.168242 -3.536511
v 0.347260 8.469943 -3.584111
v 0.347260 6.168242 -3.584309
v 0.347260 8.469943 -3.536313
v 0.347260 6.168242 -3.536511
v 0.285066 7.478141 -8.483117
v 0.285066 7.478141 -8.530908
v 0.285066 6.168242 -8.531105
v 0.285066 6.168242 -8.483315
v 0.347260 7.478141 -8.530908
v 0.347260 6.168242 -8.531105
v 0.347260 7.478141 -8.483117
v 0.347260 6.168242 -8.483315
v 0.285066 6.622740 -12.758416
v 0.285066 6.622740 -12.806207
v 0.285066 6.168242 -12.806404
v 0.285066 6.168242 -12.758614
v 0.347260 6.622740 -12.806207
v 0.347260 6.168242 -12.806404
v 0.347260 6.622740 -12.758416
v 0.347260 6.168242 -12.758614
v 0.285066 9.109340 -0.370511
v 0.347260 9.109340 -0.370511
v 0.347260 6.168242 -0.370709
v 0.285066 6.168242 -0.370709
vn -0.7071 -0.7071 -0.0000
vn 0.5605 -0.0823 0.8241
vn -0.5605 -0.0822 0.8241
vn 0.6736 0.7391 0.0001
vn -0.6652 0.7466 -0.0000
vn -0.6652 -0.1525 0.7309
vn -0.9987 0.0053 -0.0508
vn -0.5377 -0.0837 0.8390
vn 0.7071 0.0050 0.7071
vn 0.9987 0.0048 -0.0510
vn 0.5377 -0.0837 0.8390
vn 0.6652 0.7466 0.0032
vn 0.9987 0.0101 -0.0502
vn 0.7543 -0.6565 -0.0000
vn -0.7440 -0.6682 -0.0000
vn 0.9882 0.0152 -0.1523
vn -0.9882 0.0150 -0.1524
vn -0.7071 -0.7071 0.0033
vn -0.9987 -0.0000 -0.0511
vn -0.7071 0.7071 0.0002
vn 0.7071 0.7071 -0.0000
vn -0.7071 0.7071 -0.0000
vn -0.8809 -0.4722 -0.0315
vn -0.8129 0.4736 -0.3391
vn -0.5173 -0.6959 0.4982
vn -0.5883 0.8069 0.0539
vn 0.8129 0.4736 -0.3391
vn 0.8809 -0.4722 -0.0315
vn 0.5173 -0.6959 0.4982
vn -0.8633 0.4999 0.0685
vn 0.5883 0.8069 0.0539
vn 0.8633 0.4999 0.0685
vn 0.5970 -0.7948 -0.1089
vn -0.8339 -0.5518 -0.0128
vn -0.5970 -0.7948 -0.1089
vn -0.6126 0.7902 0.0183
vn 0.8339 -0.5518 -0.0128
vn -0.8013 0.5918 0.0875
vn 0.6126 0.7902 0.0183
vn 0.8013 0.5918 0.0875
vn 0.6319 -0.7668 -0.1128
vn -0.6763 -0.7161 0.1727
vn -0.6319 -0.7668 -0.1128
vn -0.7348 0.6596 -0.1579
vn 0.6761 -0.7163 0.1727
vn -0.7071 -0.0001 -0.7071
vn -0.7071 0.0001 0.7071
vn 0.7071 0.0001 0.7071
vn 0.7071 -0.0001 -0.7071
vn -0.7072 -0.0003 -0.7070
vn -0.7072 0.0003 0.7070
vn -0.7070 -0.0003 -0.7072
vn -0.7070 0.0003 0.7072
vn 0.7072 0.0003 0.7070
vn 0.7072 -0.0003 -0.7070
vn 0.7070 -0.0003 -0.7072
vn -0.7071 -0.0000 0.7071
vn 0.7071 -0.0000 0.7071
vn 0.5605 -0.0821 -0.8241
vn -0.5605 -0.0823 -0.8241
vn -0.9987 0.0053 0.0508
vn -0.6652 -0.1474 -0.7319
vn -0.5377 -0.0837 -0.8390
vn 0.9987 0.0048 0.0510
vn 0.7071 -0.0000 -0.7071
vn 0.5377 -0.0837 -0.8390
vn 0.6653 -0.1525 -0.7309
vn 0.9987 0.0054 0.0508
vn 0.9882 0.0154 0.1523
vn -0.9882 0.0150 0.1524
vn -0.7071 0.0050 -0.7071
vn -0.9987 0.0046 0.0509
vn -0.8129 0.4736 0.3391
vn -0.8809 -0.4722 0.0316
vn -0.5173 -0.6959 -0.4982
vn 0.8129 0.4736 0.3391
vn -0.5883 0.8069 -0.0539
vn 0.8809 -0.4722 0.0316
vn 0.5883 0.8069 -0.0539
vn 0.5173 -0.6959 -0.4982
vn -0.8633 0.4999 -0.0685
vn -0.5970 -0.7948 0.1090
vn 0.8633 0.4999 -0.0685
vn 0.5970 -0.7948 0.1090
vn -0.8339 -0.5518 0.0128
vn -0.6126 0.7902 -0.0183
vn 0.8339 -0.5518 0.0128
vn 0.6126 0.7902 -0.0183
vn -0.8013 0.5918 -0.0875
vn -0.6319 -0.7668 0.1128
vn 0.8013 0.5918 -0.0875
vn 0.6319 -0.7668 0.1128
vn -0.6760 -0.7163 -0.1727
vn -0.7349 0.6596 0.1579
vn 0.6760 -0.7163 -0.1727
vn 0.7349 0.6596 0.1579
vn -0.7071 0.0001 -0.7071
vn -0.7071 -0.0001 0.7071
vn 0.7071 0.0001 -0.7071
vn 0.7071 -0.0001 0.7071
vn -0.7072 0.0003 -0.7070
vn -0.7072 -0.0003 0.7070
vn -0.7070 -0.0003 0.7072
vn 0.7072 0.0003 -0.7070
vn -0.7070 0.0003 -0.7072
vn 0.7072 -0.0003 0.7070
vn 0.7070 0.0003 -0.7072
vn 0.7070 -0.0003 0.7072
vn -0.7071 -0.0000 -0.7071
vn 0.7071 -0.7071 -0.0000
vn -0.6652 0.7466 0.0036
vn -0.7544 -0.6564 -0.0000
vn -0.9987 0.0104 -0.0501
vn 0.7071 -0.7071 0.0035
vn 0.9987 -0.0004 -0.0512
vn 0.6652 -0.1474 0.7319
vn 0.9987 0.0054 -0.0509
vn -0.9987 0.0047 -0.0509
vn 0.7348 0.6596 -0.1579
vn 0.7070 0.0003 0.7072
vn -0.9987 0.0101 0.0501
vn -0.6652 0.7466 -0.0032
vn 0.9987 -0.0000 0.0512
vn 0.7071 0.7071 -0.0002
vn 0.7071 -0.7071 -0.0033
vn 0.6653 0.7466 -0.0032
vn 0.9987 0.0104 0.0501
vn -0.7071 -0.7071 -0.0035
vn -0.7072 0.7071 -0.0000
vn -0.9987 -0.0004 0.0511
vt 0.105100 0.000500
vt 0.113500 0.979800
vt 0.105100 0.979800
vt 0.006900 0.000500
vt 0.015300 0.999500
vt 0.006900 0.999500
vt 0.000500 0.064800
vt 0.113500 0.000500
vt 0.120000 0.915500
vt 0.021700 0.064800
vt 0.021700 0.998200
vt 0.030100 0.998200
vt 0.030100 0.064800
vt 0.098700 0.915500
vt 0.098700 0.000500
vt 0.128400 0.915500
vt 0.120000 0.000500
vt 0.128400 0.000500
vt 0.133900 0.749800
vt 0.130100 0.503400
vt 0.133900 0.503400
vt 0.130100 0.000500
vt 0.133100 0.247100
vt 0.130100 0.247100
vt 0.133900 0.251900
vt 0.130100 0.498400
vt 0.130100 0.251900
vt 0.149800 0.000500
vt 0.152800 0.246800
vt 0.149800 0.246800
vt 0.171400 0.212500
vt 0.175100 0.000500
vt 0.175100 0.212500
vt 0.157600 0.000500
vt 0.160600 0.212700
vt 0.157600 0.212700
vt 0.169200 0.212500
vt 0.165500 0.000500
vt 0.169200 0.000500
vt 0.193000 0.000500
vt 0.196000 0.212200
vt 0.193000 0.212200
vt 0.231900 0.176500
vt 0.228400 0.000500
vt 0.231900 0.000500
vt 0.248000 0.000500
vt 0.251000 0.176400
vt 0.248000 0.176400
vt 0.235800 0.000500
vt 0.232300 0.176500
vt 0.232300 0.000500
vt 0.220500 0.000500
vt 0.223500 0.176700
vt 0.220500 0.176700
vt 0.271600 0.165400
vt 0.275000 0.000500
vt 0.275000 0.165400
vt 0.251900 0.000500
vt 0.254900 0.165400
vt 0.251900 0.165400
vt 0.267100 0.165400
vt 0.263700 0.000500
vt 0.267100 0.000500
vt 0.279400 0.000500
vt 0.282400 0.165400
vt 0.279400 0.165400
vt 0.331700 0.129000
vt 0.328500 0.000500
vt 0.331700 0.000500
vt 0.340300 0.000500
vt 0.343300 0.128200
vt 0.340300 0.128200
vt 0.327800 0.000500
vt 0.324600 0.129000
vt 0.324600 0.000500
vt 0.320700 0.000500
vt 0.323700 0.129700
vt 0.320700 0.129700
vt 0.300100 0.145000
vt 0.297100 0.000500
vt 0.300100 0.000500
vt 0.130100 0.754800
vt 0.134100 0.899200
vt 0.130100 0.899200
vt 0.296200 0.000500
vt 0.293200 0.145000
vt 0.293200 0.000500
vt 0.305000 0.000500
vt 0.308900 0.145000
vt 0.305000 0.145000
vt 0.370800 0.082700
vt 0.367800 0.000500
vt 0.370800 0.000500
vt 0.354100 0.000500
vt 0.358000 0.082700
vt 0.354100 0.082700
vt 0.366900 0.000500
vt 0.363900 0.082700
vt 0.363900 0.000500
vt 0.375700 0.000500
vt 0.379600 0.082700
vt 0.375700 0.082700
vt 0.363000 0.115500
vt 0.360000 0.086900
vt 0.363000 0.086900
vt 0.092800 0.917800
vt 0.096700 0.946300
vt 0.092800 0.946300
vt 0.359000 0.086900
vt 0.356000 0.115500
vt 0.356000 0.086900
vt 0.157600 0.218500
vt 0.161600 0.247100
vt 0.157600 0.247100
vt 0.214600 0.000500
vt 0.218500 0.185100
vt 0.214600 0.185100
vt 0.082100 0.979800
vt 0.073700 0.000500
vt 0.073700 0.979800
vt 0.050700 0.999500
vt 0.042300 0.000500
vt 0.042300 0.999500
vt 0.035900 0.064800
vt 0.088500 0.915500
vt 0.082100 0.000500
vt 0.057100 0.064800
vt 0.050700 0.000500
vt 0.065500 0.998200
vt 0.065500 0.064800
vt 0.067300 0.915500
vt 0.088500 0.000500
vt 0.096900 0.915500
vt 0.096900 0.000500
vt 0.138000 0.000500
vt 0.141800 0.247000
vt 0.141800 0.000500
vt 0.137100 0.247100
vt 0.134100 0.000500
vt 0.134100 0.247100
vt 0.147700 0.000500
vt 0.143900 0.247000
vt 0.147700 0.247000
vt 0.156700 0.246800
vt 0.153700 0.000500
vt 0.153700 0.246800
vt 0.177300 0.212500
vt 0.181000 0.000500
vt 0.177300 0.000500
vt 0.164600 0.212700
vt 0.161600 0.000500
vt 0.161600 0.212700
vt 0.183200 0.000500
vt 0.186900 0.212500
vt 0.186900 0.000500
vt 0.192100 0.212200
vt 0.189100 0.000500
vt 0.189100 0.212200
vt 0.240100 0.000500
vt 0.243600 0.176500
vt 0.243600 0.000500
vt 0.247100 0.176400
vt 0.244100 0.000500
vt 0.244100 0.176400
vt 0.239700 0.000500
vt 0.236200 0.176500
vt 0.239700 0.176500
vt 0.227400 0.176700
vt 0.224400 0.000500
vt 0.224400 0.176700
vt 0.267600 0.165400
vt 0.271000 0.000500
vt 0.267600 0.000500
vt 0.258900 0.165400
vt 0.255900 0.000500
vt 0.255900 0.165400
vt 0.259800 0.000500
vt 0.263200 0.165400
vt 0.263200 0.000500
vt 0.278500 0.165400
vt 0.275500 0.000500
vt 0.275500 0.165400
vt 0.332500 0.000500
vt 0.335700 0.129000
vt 0.335700 0.000500
vt 0.347200 0.128200
vt 0.344200 0.000500
vt 0.344200 0.128200
vt 0.339600 0.000500
vt 0.336400 0.129000
vt 0.339600 0.129000
vt 0.319700 0.129700
vt 0.316700 0.000500
vt 0.316700 0.129700
vt 0.301000 0.000500
vt 0.304000 0.145000
vt 0.304000 0.000500
vt 0.291200 0.145000
vt 0.287300 0.000500
vt 0.287300 0.145000
vt 0.286400 0.000500
vt 0.283400 0.145000
vt 0.286400 0.145000
vt 0.314800 0.145000
vt 0.310900 0.000500
vt 0.310900 0.145000
vt 0.371700 0.000500
vt 0.374700 0.082700
vt 0.374700 0.000500
vt 0.352100 0.082700
vt 0.348200 0.000500
vt 0.348200 0.082700
vt 0.363000 0.000500
vt 0.360000 0.082700
vt 0.363000 0.082700
vt 0.385500 0.082700
vt 0.381600 0.000500
vt 0.381600 0.082700
vt 0.348200 0.086900
vt 0.351200 0.115500
vt 0.351200 0.086900
vt 0.096700 0.975800
vt 0.092800 0.947300
vt 0.092800 0.975800
vt 0.355100 0.086900
vt 0.352100 0.115500
vt 0.355100 0.115500
vt 0.367800 0.115500
vt 0.363900 0.086900
vt 0.363900 0.115500
vt 0.202800 0.185100
vt 0.206700 0.000500
vt 0.206700 0.185100
vt 0.212400 0.000500
vt 0.208700 0.185100
vt 0.208700 0.000500
vt 0.196900 0.000500
vt 0.200600 0.185100
vt 0.196900 0.185100
vt 0.015300 0.000500
vt 0.000500 0.998200
vt 0.130100 0.749800
vt 0.133100 0.000500
vt 0.133900 0.498400
vt 0.152800 0.000500
vt 0.171400 0.000500
vt 0.160600 0.000500
vt 0.165500 0.212500
vt 0.196000 0.000500
vt 0.228400 0.176500
vt 0.251000 0.000500
vt 0.235800 0.176500
vt 0.223500 0.000500
vt 0.271600 0.000500
vt 0.254900 0.000500
vt 0.263700 0.165400
vt 0.282400 0.000500
vt 0.328500 0.129000
vt 0.343300 0.000500
vt 0.327800 0.129000
vt 0.323700 0.000500
vt 0.297100 0.145000
vt 0.134100 0.754800
vt 0.296200 0.145000
vt 0.308900 0.000500
vt 0.367800 0.082700
vt 0.358000 0.000500
vt 0.366900 0.082700
vt 0.379600 0.000500
vt 0.360000 0.115500
vt 0.096700 0.917800
vt 0.359000 0.115500
vt 0.161600 0.218500
vt 0.218500 0.000500
vt 0.035900 0.998200
vt 0.057100 0.998200
vt 0.067300 0.000500
vt 0.138000 0.247000
vt 0.137100 0.000500
vt 0.143900 0.000500
vt 0.156700 0.000500
vt 0.181000 0.212500
vt 0.164600 0.000500
vt 0.183200 0.212500
vt 0.192100 0.000500
vt 0.240100 0.176500
vt 0.247100 0.000500
vt 0.236200 0.000500
vt 0.227400 0.000500
vt 0.271000 0.165400
vt 0.258900 0.000500
vt 0.259800 0.165400
vt 0.278500 0.000500
vt 0.332500 0.129000
vt 0.347200 0.000500
vt 0.336400 0.000500
vt 0.319700 0.000500
vt 0.301000 0.145000
vt 0.291200 0.000500
vt 0.283400 0.000500
vt 0.314800 0.000500
vt 0.371700 0.082700
vt 0.352100 0.000500
vt 0.360000 0.000500
vt 0.385500 0.000500
vt 0.348200 0.115500
vt 0.096700 0.947300
vt 0.352100 0.086900
vt 0.367800 0.086900
vt 0.202800 0.000500
vt 0.212400 0.185100
vt 0.200600 0.000500
s 1
f 722/1873/795 724/1874/796 721/1875/797
f 721/1876/797 726/1877/798 725/1878/799
s 0
f 725/1878/800 728/1879/801 721/1876/802
f 723/1880/803 730/1881/804 724/1874/805
f 726/1877/806 730/1882/807 731/1883/808
s 1
f 727/1884/809 730/1882/810 728/1885/811
s 0
f 722/1873/812 728/1886/813 732/1887/814
s 1
f 728/1888/811 729/1889/815 732/1890/816
f 734/1891/817 736/1892/818 733/1893/819
f 735/1894/820 738/1895/821 736/1896/818
f 738/1897/821 739/1898/822 740/1899/823
f 739/1900/822 733/1901/819 740/1902/823
f 734/1903/817 742/1904/824 735/1905/820
f 742/1906/824 737/1907/825 735/1908/820
f 743/1909/826 739/1910/822 737/1911/825
f 744/1912/827 734/1913/817 739/1914/822
f 745/1915/828 742/1916/824 741/1917/829
f 746/1918/830 743/1919/826 742/1920/824
f 743/1921/826 748/1922/831 744/1923/827
f 748/1924/831 741/1925/829 744/1926/827
f 745/1927/828 750/1928/832 746/1929/830
f 750/1930/832 747/1931/833 746/1932/830
f 751/1933/834 748/1934/831 747/1935/833
f 752/1936/835 745/1937/828 748/1938/831
f 753/1939/836 750/1940/832 749/1941/837
f 754/1942/838 751/1943/834 750/1944/832
f 751/1945/834 756/1946/839 752/1947/835
f 756/1948/839 749/1949/837 752/1950/835
f 758/1951/840 760/1952/841 757/1953/840
f 759/1954/841 762/1955/842 760/1956/841
f 762/1957/842 763/1958/843 764/1959/843
f 763/1960/843 757/1961/840 764/1962/843
f 766/1963/840 768/1964/841 765/1965/840
f 767/1966/841 770/1967/842 768/1968/841
f 770/1969/842 771/1970/843 772/1971/843
f 771/1972/843 765/1973/840 772/1974/843
f 774/1975/844 776/1976/845 773/1977/846
f 775/1978/847 778/1979/848 776/1980/845
f 778/1981/848 779/1982/849 780/1983/850
f 779/1984/849 773/1985/846 780/1986/850
f 782/1987/851 784/1988/852 781/1989/851
f 786/1990/853 722/1991/795 785/1992/854
f 726/1993/798 785/1994/854 725/1995/799
s 0
f 787/1996/855 725/1995/856 785/1994/857
f 788/1997/858 723/1998/859 786/1990/860
f 726/1993/861 788/1999/862 786/2000/860
s 1
f 788/1999/863 727/2001/809 787/2002/864
s 0
f 722/1991/865 787/2003/866 785/1992/857
s 1
f 729/2004/815 787/2005/864 732/2006/816
f 790/2007/867 792/2008/868 789/2009/869
f 793/2010/870 791/2011/871 790/2012/867
f 793/2013/870 796/2014/872 794/2015/873
f 789/2016/869 796/2017/872 795/2018/874
f 792/2019/868 797/2020/875 798/2021/876
f 794/2022/873 797/2023/875 791/2024/871
f 796/2025/872 799/2026/877 794/2027/873
f 792/2028/868 800/2029/878 796/2030/872
f 797/2031/875 802/2032/879 798/2033/876
f 799/2034/877 801/2035/880 797/2036/875
f 799/2037/877 804/2038/881 803/2039/882
f 798/2040/876 804/2041/881 800/2042/878
f 802/2043/879 805/2044/883 806/2045/884
f 803/2046/882 805/2047/883 801/2048/880
f 804/2049/881 807/2050/885 803/2051/882
f 802/2052/879 808/2053/886 804/2054/881
f 805/2055/883 810/2056/887 806/2057/884
f 807/2058/885 809/2059/888 805/2060/883
f 807/2061/885 812/2062/889 811/2063/890
f 806/2064/884 812/2065/889 808/2066/886
f 814/2067/891 816/2068/892 813/2069/892
f 817/2070/893 815/2071/891 814/2072/891
f 817/2073/893 820/2074/894 818/2075/893
f 813/2076/892 820/2077/894 819/2078/894
f 822/2079/891 824/2080/892 821/2081/892
f 825/2082/893 823/2083/891 822/2084/891
f 825/2085/893 828/2086/894 826/2087/893
f 821/2088/892 828/2089/894 827/2090/894
f 830/2091/895 832/2092/896 829/2093/897
f 833/2094/898 831/2095/899 830/2096/895
f 833/2097/898 836/2098/900 834/2099/901
f 829/2100/897 836/2101/900 835/2102/902
f 838/2103/859 840/2104/903 837/2105/903
f 784/2106/852 839/2107/859 838/2108/859
f 781/2109/851 840/2110/903 782/2111/851
f 722/1873/795 723/1880/904 724/1874/796
f 721/1876/797 724/2112/796 726/1877/798
s 0
f 725/1878/905 727/2113/906 728/1879/907
f 723/1880/908 729/1889/815 730/1881/909
f 726/1877/910 724/2112/805 730/1882/911
s 1
f 727/1884/809 731/1883/808 730/1882/810
s 0
f 722/1873/851 721/1875/802 728/1886/912
s 1
f 728/1888/811 730/1881/810 729/1889/815
f 734/1891/817 735/2114/820 736/1892/818
f 735/1894/820 737/2115/825 738/1895/821
f 738/1897/821 737/2116/825 739/1898/822
f 739/1900/822 734/2117/817 733/1901/819
f 734/1903/817 741/2118/829 742/1904/824
f 742/1906/824 743/2119/826 737/1907/825
f 743/1909/826 744/2120/827 739/1910/822
f 744/1912/827 741/2121/829 734/1913/817
f 745/1915/828 746/2122/830 742/1916/824
f 746/1918/830 747/2123/833 743/1919/826
f 743/1921/826 747/2124/833 748/1922/831
f 748/1924/831 745/2125/828 741/1925/829
f 745/1927/828 749/2126/837 750/1928/832
f 750/1930/832 751/2127/834 747/1931/833
f 751/1933/834 752/2128/835 748/1934/831
f 752/1936/835 749/2129/837 745/1937/828
f 753/1939/836 754/2130/838 750/1940/832
f 754/1942/838 755/2131/913 751/1943/834
f 751/1945/834 755/2132/913 756/1946/839
f 756/1948/839 753/2133/836 749/1949/837
f 758/1951/840 759/2134/841 760/1952/841
f 759/1954/841 761/2135/842 762/1955/842
f 762/1957/842 761/2136/842 763/1958/843
f 763/1960/843 758/2137/840 757/1961/840
f 766/1963/840 767/2138/841 768/1964/841
f 767/1966/841 769/2139/842 770/1967/842
f 770/1969/842 769/2140/842 771/1970/843
f 771/1972/843 766/2141/840 765/1973/840
f 774/1975/844 775/2142/847 776/1976/845
f 775/1978/847 777/2143/914 778/1979/848
f 778/1981/848 777/2144/914 779/1982/849
f 779/1984/849 774/2145/844 773/1985/846
f 782/1987/851 783/2146/852 784/1988/852
f 786/1990/853 723/1998/904 722/1991/795
f 726/1993/798 786/2000/853 785/1994/854
s 0
f 787/1996/915 727/2147/906 725/1995/916
f 788/1997/917 729/2004/918 723/1998/919
f 726/1993/920 731/2148/808 788/1999/921
s 1
f 788/1999/863 731/2148/808 727/2001/809
s 0
f 722/1991/922 732/2149/923 787/2003/924
s 1
f 729/2004/815 788/1997/863 787/2005/864
f 790/2007/867 791/2150/871 792/2008/868
f 793/2010/870 794/2151/873 791/2011/871
f 793/2013/870 795/2152/874 796/2014/872
f 789/2016/869 792/2153/868 796/2017/872
f 792/2019/868 791/2154/871 797/2020/875
f 794/2022/873 799/2155/877 797/2023/875
f 796/2025/872 800/2156/878 799/2026/877
f 792/2028/868 798/2157/876 800/2029/878
f 797/2031/875 801/2158/880 802/2032/879
f 799/2034/877 803/2159/882 801/2035/880
f 799/2037/877 800/2160/878 804/2038/881
f 798/2040/876 802/2161/879 804/2041/881
f 802/2043/879 801/2162/880 805/2044/883
f 803/2046/882 807/2163/885 805/2047/883
f 804/2049/881 808/2164/886 807/2050/885
f 802/2052/879 806/2165/884 808/2053/886
f 805/2055/883 809/2166/888 810/2056/887
f 807/2058/885 811/2167/890 809/2059/888
f 807/2061/885 808/2168/886 812/2062/889
f 806/2064/884 810/2169/887 812/2065/889
f 814/2067/891 815/2170/891 816/2068/892
f 817/2070/893 818/2171/893 815/2071/891
f 817/2073/893 819/2172/894 820/2074/894
f 813/2076/892 816/2173/892 820/2077/894
f 822/2079/891 823/2174/891 824/2080/892
f 825/2082/893 826/2175/893 823/2083/891
f 825/2085/893 827/2176/894 828/2086/894
f 821/2088/892 824/2177/892 828/2089/894
f 830/2091/895 831/2178/899 832/2092/896
f 833/2094/898 834/2179/901 831/2095/899
f 833/2097/898 835/2180/902 836/2098/900
f 829/2100/897 832/2181/896 836/2101/900
f 838/2103/859 839/2182/859 840/2104/903
f 784/2106/852 783/2183/852 839/2107/859
f 781/2109/851 837/2184/903 840/2110/903
o frame007
v 7.893968 6.066044 15.261791
v 7.893968 6.066043 -0.341214
v 8.027757 6.066043 -0.341214
v 8.027757 6.066044 15.261791
v 7.893968 9.209239 -0.341214
v 8.027757 9.209239 -0.341214
v 7.893968 9.105044 -0.341214
v 7.893968 6.168243 14.237293
v 8.027757 6.168242 -0.341214
v 8.027757 6.168243 14.237293
v 8.027757 9.105044 -0.341214
v 7.893968 6.168242 -0.341214
v 7.938767 6.155940 -0.311612
v 7.938767 8.440341 2.879291
v 7.938767 8.502040 2.883487
v 7.938767 6.214740 -0.311612
v 7.986558 8.502040 2.883487
v 7.986558 6.214740 -0.311612
v 7.986558 8.440341 2.879291
v 7.986558 6.155940 -0.311612
v 7.938767 6.129040 5.336788
v 7.938767 6.185242 5.346790
v 7.986558 6.185242 5.346790
v 7.986558 6.129040 5.336788
v 7.938767 7.431042 7.823588
v 7.938767 7.485241 7.828792
v 7.986558 7.485241 7.828792
v 7.986558 7.431042 7.823588
v 7.938767 6.106144 10.091587
v 7.938767 6.159641 10.097790
v 7.986558 6.159641 10.097790
v 7.986558 6.106144 10.091587
v 7.938767 6.588741 12.093486
v 7.938767 6.633343 12.076388
v 7.986558 6.633343 12.076388
v 7.986558 6.588741 12.093486
v 7.931565 8.469943 2.853893
v 7.931565 6.168243 2.854091
v 7.931565 6.168243 2.901889
v 7.931565 8.469943 2.901691
v 7.993867 6.168243 2.901889
v 7.993867 8.469943 2.901691
v 7.993867 6.168243 2.854091
v 7.993867 8.469943 2.853893
v 7.931565 7.478142 7.800792
v 7.931565 6.168243 7.800991
v 7.931565 6.168243 7.848789
v 7.931565 7.478142 7.848590
v 7.993867 6.168243 7.848789
v 7.993867 7.478142 7.848590
v 7.993867 6.168243 7.800991
v 7.993867 7.478142 7.800792
v 7.931565 6.622742 12.075992
v 7.931565 6.168243 12.076191
v 7.931565 6.168243 12.123989
v 7.931565 6.622742 12.123790
v 7.993867 6.168243 12.123989
v 7.993867 6.622742 12.123790
v 7.993867 6.168243 12.076191
v 7.993867 6.622742 12.075992
v 7.931565 9.109340 -0.311810
v 7.931565 6.168242 -0.311612
v 7.993867 6.168242 -0.311612
v 7.993867 9.109340 -0.311810
v 7.893968 6.066042 -15.944115
v 8.027757 6.066042 -15.944115
v 7.893968 6.168242 -14.919609
v 8.027757 6.168242 -14.919609
v 7.938767 6.155940 -0.370709
v 7.938767 6.214740 -0.370709
v 7.938767 8.502040 -3.565808
v 7.938767 8.440341 -3.561711
v 7.986558 6.214740 -0.370709
v 7.986558 8.502040 -3.565808
v 7.986558 6.155940 -0.370709
v 7.986558 8.440341 -3.561711
v 7.938767 6.185241 -6.029110
v 7.938767 6.129039 -6.019108
v 7.986558 6.185241 -6.029110
v 7.986558 6.129039 -6.019108
v 7.938767 7.485240 -8.511117
v 7.938767 7.431041 -8.505914
v 7.986558 7.485240 -8.511117
v 7.986558 7.431041 -8.505914
v 7.938767 6.159639 -10.780113
v 7.938767 6.106142 -10.774010
v 7.986558 6.159639 -10.780113
v 7.986558 6.106142 -10.774010
v 7.938767 6.633341 -12.758813
v 7.938767 6.588739 -12.775918
v 7.986558 6.633341 -12.758813
v 7.986558 6.588739 -12.775918
v 7.931565 8.469943 -3.536313
v 7.931565 8.469943 -3.584111
v 7.931565 6.168242 -3.584309
v 7.931565 6.168242 -3.536511
v 7.993867 8.469943 -3.584111
v 7.993867 6.168242 -3.584309
v 7.993867 8.469943 -3.536313
v 7.993867 6.168242 -3.536511
v 7.931565 7.478141 -8.483117
v 7.931565 7.478141 -8.530908
v 7.931565 6.168242 -8.531105
v 7.931565 6.168242 -8.483315
v 7.993867 7.478141 -8.530908
v 7.993867 6.168242 -8.531105
v 7.993867 7.478141 -8.483117
v 7.993867 6.168242 -8.483315
v 7.931565 6.622740 -12.758416
v 7.931565 6.622740 -12.806207
v 7.931565 6.168242 -12.806404
v 7.931565 6.168242 -12.758614
v 7.993867 6.622740 -12.806207
v 7.993867 6.168242 -12.806404
v 7.993867 6.622740 -12.758416
v 7.993867 6.168242 -12.758614
v 7.931565 9.109340 -0.370511
v 7.993867 9.109340 -0.370511
v 7.993867 6.168242 -0.370709
v 7.931565 6.168242 -0.370709
vn -0.7071 -0.7071 -0.0000
vn 0.5605 -0.0822 0.8241
vn -0.5605 -0.0821 0.8241
vn 0.6736 0.7391 -0.0000
vn -0.6652 0.7466 -0.0000
vn -0.6652 -0.1525 0.7309
vn -0.9987 0.0053 -0.0508
vn -0.5377 -0.0837 0.8390
vn 0.7071 0.0050 0.7071
vn 0.9987 0.0048 -0.0510
vn 0.5377 -0.0837 0.8390
vn 0.6652 0.7466 0.0032
vn 0.9987 0.0101 -0.0502
vn 0.7543 -0.6565 -0.0000
vn -0.7440 -0.6682 -0.0000
vn 0.9882 0.0152 -0.1523
vn -0.9882 0.0151 -0.1523
vn -0.7071 -0.7071 0.0033
vn -0.9987 -0.0000 -0.0511
vn -0.7071 0.7071 0.0002
vn 0.7071 0.7071 -0.0000
vn -0.7071 0.7071 -0.0000
vn -0.8809 -0.4722 -0.0315
vn -0.8129 0.4736 -0.3391
vn -0.5173 -0.6959 0.4982
vn -0.5883 0.8069 0.0539
vn 0.8129 0.4736 -0.3391
vn 0.8809 -0.4722 -0.0315
vn 0.5173 -0.6959 0.4982
vn -0.8633 0.4999 0.0685
vn 0.5883 0.8069 0.0539
vn 0.8631 0.5003 0.0686
vn 0.5970 -0.7948 -0.1089
vn -0.8339 -0.5518 -0.0128
vn -0.5970 -0.7948 -0.1089
vn -0.6126 0.7902 0.0183
vn 0.8339 -0.5518 -0.0128
vn -0.8013 0.5918 0.0875
vn 0.6126 0.7902 0.0183
vn 0.8013 0.5918 0.0875
vn 0.6319 -0.7668 -0.1128
vn -0.6763 -0.7161 0.1727
vn -0.6319 -0.7668 -0.1128
vn -0.7348 0.6596 -0.1579
vn 0.6757 -0.7166 0.1727
vn -0.7071 -0.0001 -0.7071
vn -0.7071 0.0001 0.7071
vn 0.7071 0.0001 0.7071
vn 0.7071 -0.0001 -0.7071
vn -0.7072 -0.0003 -0.7070
vn -0.7072 0.0003 0.7070
vn -0.7070 -0.0003 -0.7072
vn -0.7070 0.0003 0.7072
vn 0.7072 0.0003 0.7070
vn 0.7072 -0.0003 -0.7070
vn 0.7070 -0.0003 -0.7072
vn -0.7071 -0.0000 0.7071
vn 0.7071 -0.0000 0.7071
vn 0.5605 -0.0821 -0.8241
vn -0.5605 -0.0823 -0.8241
vn -0.9987 0.0053 0.0508
vn -0.6652 -0.1474 -0.7319
vn -0.5377 -0.0837 -0.8390
vn 0.9987 0.0048 0.0510
vn 0.7071 -0.0000 -0.7071
vn 0.5377 -0.0837 -0.8390
vn 0.6653 -0.1525 -0.7308
vn 0.9987 0.0054 0.0508
vn 0.9882 0.0152 0.1523
vn -0.9882 0.0151 0.1523
vn -0.7071 0.0050 -0.7071
vn -0.9987 0.0046 0.0509
vn -0.8129 0.4736 0.3391
vn -0.8809 -0.4722 0.0316
vn -0.5173 -0.6959 -0.4982
vn 0.8129 0.4736 0.3391
vn -0.5883 0.8069 -0.0539
vn 0.8809 -0.4722 0.0316
vn 0.5883 0.8069 -0.0539
vn 0.5173 -0.6959 -0.4982
vn -0.8633 0.4999 -0.0685
vn -0.5970 -0.7948 0.1090
vn 0.8633 0.4999 -0.0685
vn 0.5970 -0.7948 0.1090
vn -0.8339 -0.5518 0.0128
vn -0.6126 0.7902 -0.0183
vn 0.8339 -0.5518 0.0128
vn 0.6126 0.7902 -0.0183
vn -0.8013 0.5918 -0.0875
vn -0.6319 -0.7668 0.1128
vn 0.8013 0.5918 -0.0875
vn 0.6319 -0.7668 0.1128
vn -0.6760 -0.7163 -0.1727
vn -0.7349 0.6596 0.1579
vn 0.6760 -0.7163 -0.1727
vn 0.7349 0.6596 0.1579
vn -0.7071 0.0001 -0.7071
vn -0.7071 -0.0001 0.7071
vn 0.7071 0.0001 -0.7071
vn 0.7071 -0.0001 0.7071
vn -0.7072 0.0003 -0.7070
vn -0.7072 -0.0003 0.7070
vn -0.7070 -0.0003 0.7072
vn 0.7072 0.0003 -0.7070
vn -0.7070 0.0003 -0.7072
vn 0.7072 -0.0003 0.7070
vn 0.7070 0.0003 -0.7072
vn 0.7070 -0.0003 0.7072
vn -0.7071 -0.0000 -0.7071
vn 0.7071 -0.7071 -0.0000
vn -0.6652 0.7466 0.0036
vn -0.7544 -0.6564 -0.0000
vn -0.9987 0.0104 -0.0501
vn 0.7071 -0.7071 0.0035
vn 0.9987 -0.0004 -0.0512
vn 0.6652 -0.1474 0.7319
vn 0.9987 0.0054 -0.0509
vn -0.9987 0.0047 -0.0509
vn 0.7348 0.6596 -0.1579
vn 0.7070 0.0003 0.7072
vn -0.9987 0.0101 0.0501
vn -0.6652 0.7466 -0.0032
vn 0.9987 -0.0000 0.0512
vn 0.7071 0.7071 -0.0002
vn 0.7071 -0.7071 -0.0033
vn 0.6653 0.7466 -0.0032
vn 0.7543 -0.6566 -0.0000
vn 0.9987 0.0104 0.0501
vn -0.7071 -0.7071 -0.0035
vn -0.9987 -0.0004 0.0511
vt 0.105100 0.000500
vt 0.113500 0.979800
vt 0.105100 0.979800
vt 0.006900 0.000500
vt 0.015300 0.999500
vt 0.006900 0.999500
vt 0.000500 0.064800
vt 0.113500 0.000500
vt 0.120000 0.915500
vt 0.021700 0.064800
vt 0.021700 0.998200
vt 0.030100 0.998200
vt 0.030100 0.064800
vt 0.098700 0.915500
vt 0.098700 0.000500
vt 0.128400 0.915500
vt 0.120000 0.000500
vt 0.128400 0.000500
vt 0.133900 0.749800
vt 0.130100 0.503400
vt 0.133900 0.503400
vt 0.130100 0.000500
vt 0.133100 0.247100
vt 0.130100 0.247100
vt 0.133900 0.251900
vt 0.130100 0.498400
vt 0.130100 0.251900
vt 0.149800 0.000500
vt 0.152800 0.246800
vt 0.149800 0.246800
vt 0.171400 0.212500
vt 0.175100 0.000500
vt 0.175100 0.212500
vt 0.157600 0.000500
vt 0.160600 0.212700
vt 0.157600 0.212700
vt 0.169200 0.212500
vt 0.165500 0.000500
vt 0.169200 0.000500
vt 0.193000 0.000500
vt 0.196000 0.212200
vt 0.193000 0.212200
vt 0.231900 0.176500
vt 0.228400 0.000500
vt 0.231900 0.000500
vt 0.248000 0.000500
vt 0.251000 0.176400
vt 0.248000 0.176400
vt 0.235800 0.000500
vt 0.232300 0.176500
vt 0.232300 0.000500
vt 0.220500 0.000500
vt 0.223500 0.176700
vt 0.220500 0.176700
vt 0.271600 0.165400
vt 0.275000 0.000500
vt 0.275000 0.165400
vt 0.251900 0.000500
vt 0.254900 0.165400
vt 0.251900 0.165400
vt 0.267100 0.165400
vt 0.263700 0.000500
vt 0.267100 0.000500
vt 0.279400 0.000500
vt 0.282400 0.165400
vt 0.279400 0.165400
vt 0.331700 0.129000
vt 0.328500 0.000500
vt 0.331700 0.000500
vt 0.340300 0.000500
vt 0.343300 0.128200
vt 0.340300 0.128200
vt 0.327800 0.000500
vt 0.324600 0.129000
vt 0.324600 0.000500
vt 0.320700 0.000500
vt 0.323700 0.129700
vt 0.320700 0.129700
vt 0.300100 0.145000
vt 0.297100 0.000500
vt 0.300100 0.000500
vt 0.130100 0.754800
vt 0.134100 0.899200
vt 0.130100 0.899200
vt 0.296200 0.000500
vt 0.293200 0.145000
vt 0.293200 0.000500
vt 0.305000 0.000500
vt 0.308900 0.145000
vt 0.305000 0.145000
vt 0.370800 0.082700
vt 0.367800 0.000500
vt 0.370800 0.000500
vt 0.354100 0.000500
vt 0.358000 0.082700
vt 0.354100 0.082700
vt 0.366900 0.000500
vt 0.363900 0.082700
vt 0.363900 0.000500
vt 0.375700 0.000500
vt 0.379600 0.082700
vt 0.375700 0.082700
vt 0.363000 0.115500
vt 0.360000 0.086900
vt 0.363000 0.086900
vt 0.092800 0.917800
vt 0.096700 0.946300
vt 0.092800 0.946300
vt 0.359000 0.086900
vt 0.356000 0.115500
vt 0.356000 0.086900
vt 0.157600 0.218500
vt 0.161600 0.247100
vt 0.157600 0.247100
vt 0.214600 0.000500
vt 0.218500 0.185100
vt 0.214600 0.185100
vt 0.082100 0.979800
vt 0.073700 0.000500
vt 0.073700 0.979800
vt 0.050700 0.999500
vt 0.042300 0.000500
vt 0.042300 0.999500
vt 0.035900 0.064800
vt 0.088500 0.915500
vt 0.082100 0.000500
vt 0.057100 0.064800
vt 0.050700 0.000500
vt 0.065500 0.998200
vt 0.065500 0.064800
vt 0.067300 0.915500
vt 0.088500 0.000500
vt 0.096900 0.915500
vt 0.096900 0.000500
vt 0.138000 0.000500
vt 0.141800 0.247000
vt 0.141800 0.000500
vt 0.137100 0.247100
vt 0.134100 0.000500
vt 0.134100 0.247100
vt 0.147700 0.000500
vt 0.143900 0.247000
vt 0.147700 0.247000
vt 0.156700 0.246800
vt 0.153700 0.000500
vt 0.153700 0.246800
vt 0.177300 0.212500
vt 0.181000 0.000500
vt 0.177300 0.000500
vt 0.164600 0.212700
vt 0.161600 0.000500
vt 0.161600 0.212700
vt 0.183200 0.000500
vt 0.186900 0.212500
vt 0.186900 0.000500
vt 0.192100 0.212200
vt 0.189100 0.000500
vt 0.189100 0.212200
vt 0.240100 0.000500
vt 0.243600 0.176500
vt 0.243600 0.000500
vt 0.247100 0.176400
vt 0.244100 0.000500
vt 0.244100 0.176400
vt 0.239700 0.000500
vt 0.236200 0.176500
vt 0.239700 0.176500
vt 0.227400 0.176700
vt 0.224400 0.000500
vt 0.224400 0.176700
vt 0.267600 0.165400
vt 0.271000 0.000500
vt 0.267600 0.000500
vt 0.258900 0.165400
vt 0.255900 0.000500
vt 0.255900 0.165400
vt 0.259800 0.000500
vt 0.263200 0.165400
vt 0.263200 0.000500
vt 0.278500 0.165400
vt 0.275500 0.000500
vt 0.275500 0.165400
vt 0.332500 0.000500
vt 0.335700 0.129000
vt 0.335700 0.000500
vt 0.347200 0.128200
vt 0.344200 0.000500
vt 0.344200 0.128200
vt 0.339600 0.000500
vt 0.336400 0.129000
vt 0.339600 0.129000
vt 0.319700 0.129700
vt 0.316700 0.000500
vt 0.316700 0.129700
vt 0.301000 0.000500
vt 0.304000 0.145000
vt 0.304000 0.000500
vt 0.291200 0.145000
vt 0.287300 0.000500
vt 0.287300 0.145000
vt 0.286400 0.000500
vt 0.283400 0.145000
vt 0.286400 0.145000
vt 0.314800 0.145000
vt 0.310900 0.000500
vt 0.310900 0.145000
vt 0.371700 0.000500
vt 0.374700 0.082700
vt 0.374700 0.000500
vt 0.352100 0.082700
vt 0.348200 0.000500
vt 0.348200 0.082700
vt 0.363000 0.000500
vt 0.360000 0.082700
vt 0.363000 0.082700
vt 0.385500 0.082700
vt 0.381600 0.000500
vt 0.381600 0.082700
vt 0.348200 0.086900
vt 0.351200 0.115500
vt 0.351200 0.086900
vt 0.096700 0.975800
vt 0.092800 0.947300
vt 0.092800 0.975800
vt 0.355100 0.086900
vt 0.352100 0.115500
vt 0.355100 0.115500
vt 0.367800 0.115500
vt 0.363900 0.086900
vt 0.363900 0.115500
vt 0.202800 0.185100
vt 0.206700 0.000500
vt 0.206700 0.185100
vt 0.212400 0.000500
vt 0.208700 0.185100
vt 0.208700 0.000500
vt 0.196900 0.000500
vt 0.200600 0.185100
vt 0.196900 0.185100
vt 0.015300 0.000500
vt 0.000500 0.998200
vt 0.130100 0.749800
vt 0.133100 0.000500
vt 0.133900 0.498400
vt 0.152800 0.000500
vt 0.171400 0.000500
vt 0.160600 0.000500
vt 0.165500 0.212500
vt 0.196000 0.000500
vt 0.228400 0.176500
vt 0.251000 0.000500
vt 0.235800 0.176500
vt 0.223500 0.000500
vt 0.271600 0.000500
vt 0.254900 0.000500
vt 0.263700 0.165400
vt 0.282400 0.000500
vt 0.328500 0.129000
vt 0.343300 0.000500
vt 0.327800 0.129000
vt 0.323700 0.000500
vt 0.297100 0.145000
vt 0.134100 0.754800
vt 0.296200 0.145000
vt 0.308900 0.000500
vt 0.367800 0.082700
vt 0.358000 0.000500
vt 0.366900 0.082700
vt 0.379600 0.000500
vt 0.360000 0.115500
vt 0.096700 0.917800
vt 0.359000 0.115500
vt 0.161600 0.218500
vt 0.218500 0.000500
vt 0.035900 0.998200
vt 0.057100 0.998200
vt 0.067300 0.000500
vt 0.138000 0.247000
vt 0.137100 0.000500
vt 0.143900 0.000500
vt 0.156700 0.000500
vt 0.181000 0.212500
vt 0.164600 0.000500
vt 0.183200 0.212500
vt 0.192100 0.000500
vt 0.240100 0.176500
vt 0.247100 0.000500
vt 0.236200 0.000500
vt 0.227400 0.000500
vt 0.271000 0.165400
vt 0.258900 0.000500
vt 0.259800 0.165400
vt 0.278500 0.000500
vt 0.332500 0.129000
vt 0.347200 0.000500
vt 0.336400 0.000500
vt 0.319700 0.000500
vt 0.301000 0.145000
vt 0.291200 0.000500
vt 0.283400 0.000500
vt 0.314800 0.000500
vt 0.371700 0.082700
vt 0.352100 0.000500
vt 0.360000 0.000500
vt 0.385500 0.000500
vt 0.348200 0.115500
vt 0.096700 0.947300
vt 0.352100 0.086900
vt 0.367800 0.086900
vt 0.202800 0.000500
vt 0.212400 0.185100
vt 0.200600 0.000500
s 1
f 842/2185/925 844/2186/926 841/2187/927
f 841/2188/927 846/2189/928 845/2190/929
s 0
f 845/2190/930 848/2191/931 841/2188/932
f 843/2192/933 850/2193/934 844/2186/935
f 846/2189/936 850/2194/937 851/2195/938
s 1
f 847/2196/939 850/2194/940 848/2197/941
s 0
f 842/2185/942 848/2198/943 852/2199/944
s 1
f 848/2200/941 849/2201/945 852/2202/946
f 854/2203/947 856/2204/948 853/2205/949
f 855/2206/950 858/2207/951 856/2208/948
f 858/2209/951 859/2210/952 860/2211/953
f 859/2212/952 853/2213/949 860/2214/953
f 854/2215/947 862/2216/954 855/2217/950
f 862/2218/954 857/2219/955 855/2220/950
f 863/2221/956 859/2222/952 857/2223/955
f 864/2224/957 854/2225/947 859/2226/952
f 865/2227/958 862/2228/954 861/2229/959
f 866/2230/960 863/2231/956 862/2232/954
f 863/2233/956 868/2234/961 864/2235/957
f 868/2236/961 861/2237/959 864/2238/957
f 865/2239/958 870/2240/962 866/2241/960
f 870/2242/962 867/2243/963 866/2244/960
f 871/2245/964 868/2246/961 867/2247/963
f 872/2248/965 865/2249/958 868/2250/961
f 873/2251/966 870/2252/962 869/2253/967
f 874/2254/968 871/2255/964 870/2256/962
f 871/2257/964 876/2258/969 872/2259/965
f 876/2260/969 869/2261/967 872/2262/965
f 878/2263/970 880/2264/971 877/2265/970
f 879/2266/971 882/2267/972 880/2268/971
f 882/2269/972 883/2270/973 884/2271/973
f 883/2272/973 877/2273/970 884/2274/973
f 886/2275/970 888/2276/971 885/2277/970
f 887/2278/971 890/2279/972 888/2280/971
f 890/2281/972 891/2282/973 892/2283/973
f 891/2284/973 885/2285/970 892/2286/973
f 894/2287/974 896/2288/975 893/2289/976
f 895/2290/977 898/2291/978 896/2292/975
f 898/2293/978 899/2294/979 900/2295/980
f 899/2296/979 893/2297/976 900/2298/980
f 902/2299/981 904/2300/982 901/2301/981
f 906/2302/983 842/2303/925 905/2304/984
f 846/2305/928 905/2306/984 845/2307/929
s 0
f 907/2308/985 845/2307/986 905/2306/987
f 908/2309/988 843/2310/989 906/2302/990
f 846/2305/991 908/2311/992 906/2312/990
s 1
f 908/2311/993 847/2313/939 907/2314/994
s 0
f 842/2303/995 907/2315/996 905/2304/987
s 1
f 849/2316/945 907/2317/994 852/2318/946
f 910/2319/997 912/2320/998 909/2321/999
f 913/2322/1000 911/2323/1001 910/2324/997
f 913/2325/1000 916/2326/1002 914/2327/1003
f 909/2328/999 916/2329/1002 915/2330/1004
f 912/2331/998 917/2332/1005 918/2333/1006
f 914/2334/1003 917/2335/1005 911/2336/1001
f 916/2337/1002 919/2338/1007 914/2339/1003
f 912/2340/998 920/2341/1008 916/2342/1002
f 917/2343/1005 922/2344/1009 918/2345/1006
f 919/2346/1007 921/2347/1010 917/2348/1005
f 919/2349/1007 924/2350/1011 923/2351/1012
f 918/2352/1006 924/2353/1011 920/2354/1008
f 922/2355/1009 925/2356/1013 926/2357/1014
f 923/2358/1012 925/2359/1013 921/2360/1010
f 924/2361/1011 927/2362/1015 923/2363/1012
f 922/2364/1009 928/2365/1016 924/2366/1011
f 925/2367/1013 930/2368/1017 926/2369/1014
f 927/2370/1015 929/2371/1018 925/2372/1013
f 927/2373/1015 932/2374/1019 931/2375/1020
f 926/2376/1014 932/2377/1019 928/2378/1016
f 934/2379/1021 936/2380/1022 933/2381/1022
f 937/2382/1023 935/2383/1021 934/2384/1021
f 937/2385/1023 940/2386/1024 938/2387/1023
f 933/2388/1022 940/2389/1024 939/2390/1024
f 942/2391/1021 944/2392/1022 941/2393/1022
f 945/2394/1023 943/2395/1021 942/2396/1021
f 945/2397/1023 948/2398/1024 946/2399/1023
f 941/2400/1022 948/2401/1024 947/2402/1024
f 950/2403/1025 952/2404/1026 949/2405/1027
f 953/2406/1028 951/2407/1029 950/2408/1025
f 953/2409/1028 956/2410/1030 954/2411/1031
f 949/2412/1027 956/2413/1030 955/2414/1032
f 958/2415/989 960/2416/1033 957/2417/1033
f 904/2418/982 959/2419/989 958/2420/989
f 901/2421/981 960/2422/1033 902/2423/981
f 842/2185/925 843/2192/1034 844/2186/926
f 841/2188/927 844/2424/926 846/2189/928
s 0
f 845/2190/1035 847/2425/1036 848/2191/1037
f 843/2192/1038 849/2201/945 850/2193/1039
f 846/2189/1040 844/2424/935 850/2194/1041
s 1
f 847/2196/939 851/2195/938 850/2194/940
s 0
f 842/2185/981 841/2187/932 848/2198/1042
s 1
f 848/2200/941 850/2193/940 849/2201/945
f 854/2203/947 855/2426/950 856/2204/948
f 855/2206/950 857/2427/955 858/2207/951
f 858/2209/951 857/2428/955 859/2210/952
f 859/2212/952 854/2429/947 853/2213/949
f 854/2215/947 861/2430/959 862/2216/954
f 862/2218/954 863/2431/956 857/2219/955
f 863/2221/956 864/2432/957 859/2222/952
f 864/2224/957 861/2433/959 854/2225/947
f 865/2227/958 866/2434/960 862/2228/954
f 866/2230/960 867/2435/963 863/2231/956
f 863/2233/956 867/2436/963 868/2234/961
f 868/2236/961 865/2437/958 861/2237/959
f 865/2239/958 869/2438/967 870/2240/962
f 870/2242/962 871/2439/964 867/2243/963
f 871/2245/964 872/2440/965 868/2246/961
f 872/2248/965 869/2441/967 865/2249/958
f 873/2251/966 874/2442/968 870/2252/962
f 874/2254/968 875/2443/1043 871/2255/964
f 871/2257/964 875/2444/1043 876/2258/969
f 876/2260/969 873/2445/966 869/2261/967
f 878/2263/970 879/2446/971 880/2264/971
f 879/2266/971 881/2447/972 882/2267/972
f 882/2269/972 881/2448/972 883/2270/973
f 883/2272/973 878/2449/970 877/2273/970
f 886/2275/970 887/2450/971 888/2276/971
f 887/2278/971 889/2451/972 890/2279/972
f 890/2281/972 889/2452/972 891/2282/973
f 891/2284/973 886/2453/970 885/2285/970
f 894/2287/974 895/2454/977 896/2288/975
f 895/2290/977 897/2455/1044 898/2291/978
f 898/2293/978 897/2456/1044 899/2294/979
f 899/2296/979 894/2457/974 893/2297/976
f 902/2299/981 903/2458/982 904/2300/982
f 906/2302/983 843/2310/1034 842/2303/925
f 846/2305/928 906/2312/983 905/2306/984
s 0
f 907/2308/1045 847/2459/1036 845/2307/1046
f 908/2309/1047 849/2316/1048 843/2310/1049
f 846/2305/1050 851/2460/1051 908/2311/1052
s 1
f 908/2311/993 851/2460/938 847/2313/939
s 0
f 842/2303/1053 852/2461/946 907/2315/1054
s 1
f 849/2316/945 908/2309/993 907/2317/994
f 910/2319/997 911/2462/1001 912/2320/998
f 913/2322/1000 914/2463/1003 911/2323/1001
f 913/2325/1000 915/2464/1004 916/2326/1002
f 909/2328/999 912/2465/998 916/2329/1002
f 912/2331/998 911/2466/1001 917/2332/1005
f 914/2334/1003 919/2467/1007 917/2335/1005
f 916/2337/1002 920/2468/1008 919/2338/1007
f 912/2340/998 918/2469/1006 920/2341/1008
f 917/2343/1005 921/2470/1010 922/2344/1009
f 919/2346/1007 923/2471/1012 921/2347/1010
f 919/2349/1007 920/2472/1008 924/2350/1011
f 918/2352/1006 922/2473/1009 924/2353/1011
f 922/2355/1009 921/2474/1010 925/2356/1013
f 923/2358/1012 927/2475/1015 925/2359/1013
f 924/2361/1011 928/2476/1016 927/2362/1015
f 922/2364/1009 926/2477/1014 928/2365/1016
f 925/2367/1013 929/2478/1018 930/2368/1017
f 927/2370/1015 931/2479/1020 929/2371/1018
f 927/2373/1015 928/2480/1016 932/2374/1019
f 926/2376/1014 930/2481/1017 932/2377/1019
f 934/2379/1021 935/2482/1021 936/2380/1022
f 937/2382/1023 938/2483/1023 935/2383/1021
f 937/2385/1023 939/2484/1024 940/2386/1024
f 933/2388/1022 936/2485/1022 940/2389/1024
f 942/2391/1021 943/2486/1021 944/2392/1022
f 945/2394/1023 946/2487/1023 943/2395/1021
f 945/2397/1023 947/2488/1024 948/2398/1024
f 941/2400/1022 944/2489/1022 948/2401/1024
f 950/2403/1025 951/2490/1029 952/2404/1026
f 953/2406/1028 954/2491/1031 951/2407/1029
f 953/2409/1028 955/2492/1032 956/2410/1030
f 949/2412/1027 952/2493/1026 956/2413/1030
f 958/2415/989 959/2494/989 960/2416/1033
f 904/2418/982 903/2495/982 959/2419/989
f 901/2421/981 957/2496/1033 960/2422/1033
o frame008
v 15.540467 6.066044 15.261791
v 15.540467 6.066043 -0.341214
v 15.674363 6.066043 -0.341214
v 15.674363 6.066044 15.261791
v 15.540467 9.209239 -0.341214
v 15.674363 9.209239 -0.341214
v 15.540467 9.105044 -0.341214
v 15.540467 6.168243 14.237293
v 15.674363 6.168242 -0.341214
v 15.674363 6.168243 14.237293
v 15.674363 9.105044 -0.341214
v 15.540467 6.168242 -0.341214
v 15.585359 6.155940 -0.311612
v 15.585359 8.440341 2.879291
v 15.585359 8.502040 2.883487
v 15.585359 6.214740 -0.311612
v 15.633164 8.502040 2.883487
v 15.633164 6.214740 -0.311612
v 15.633164 8.440341 2.879291
v 15.633164 6.155940 -0.311612
v 15.585359 6.129040 5.336788
v 15.585359 6.185242 5.346790
v 15.633164 6.185242 5.346790
v 15.633164 6.129040 5.336788
v 15.585359 7.431042 7.823588
v 15.585359 7.485241 7.828792
v 15.633164 7.485241 7.828792
v 15.633164 7.431042 7.823588
v 15.585359 6.106144 10.091587
v 15.585359 6.159641 10.097790
v 15.633164 6.159641 10.097790
v 15.633164 6.106144 10.091587
v 15.585359 6.588741 12.093486
v 15.585359 6.633343 12.076388
v 15.633164 6.633343 12.076388
v 15.633164 6.588741 12.093486
v 15.578065 8.469943 2.853893
v 15.578065 6.168243 2.854091
v 15.578065 6.168243 2.901889
v 15.578065 8.469943 2.901691
v 15.640367 6.168243 2.901889
v 15.640367 8.469943 2.901691
v 15.640367 6.168243 2.854091
v 15.640367 8.469943 2.853893
v 15.578065 7.478142 7.800792
v 15.578065 6.168243 7.800991
v 15.578065 6.168243 7.848789
v 15.578065 7.478142 7.848590
v 15.640367 6.168243 7.848789
v 15.640367 7.478142 7.848590
v 15.640367 6.168243 7.800991
v 15.640367 7.478142 7.800792
v 15.578065 6.622742 12.075992
v 15.578065 6.168243 12.076191
v 15.578065 6.168243 12.123989
v 15.578065 6.622742 12.123790
v 15.640367 6.168243 12.123989
v 15.640367 6.622742 12.123790
v 15.640367 6.168243 12.076191
v 15.640367 6.622742 12.075992
v 15.578065 9.109340 -0.311810
v 15.578065 6.168242 -0.311612
v 15.640367 6.168242 -0.311612
v 15.640367 9.109340 -0.311810
v 15.540467 6.066042 -15.944115
v 15.674363 6.066042 -15.944115
v 15.540467 6.168242 -14.919609
v 15.674363 6.168242 -14.919609
v 15.585359 6.155940 -0.370709
v 15.585359 6.214740 -0.370709
v 15.585359 8.502040 -3.565808
v 15.585359 8.440341 -3.561711
v 15.633164 6.214740 -0.370709
v 15.633164 8.502040 -3.565808
v 15.633164 6.155940 -0.370709
v 15.633164 8.440341 -3.561711
v 15.585359 6.185241 -6.029110
v 15.585359 6.129039 -6.019108
v 15.633164 6.185241 -6.029110
v 15.633164 6.129039 -6.019108
v 15.585359 7.485240 -8.511117
v 15.585359 7.431041 -8.505914
v 15.633164 7.485240 -8.511117
v 15.633164 7.431041 -8.505914
v 15.585359 6.159639 -10.780113
v 15.585359 6.106142 -10.774010
v 15.633164 6.159639 -10.780113
v 15.633164 6.106142 -10.774010
v 15.585359 6.633341 -12.758813
v 15.585359 6.588739 -12.775918
v 15.633164 6.633341 -12.758813
v 15.633164 6.588739 -12.775918
v 15.578065 8.469943 -3.536313
v 15.578065 8.469943 -3.584111
v 15.578065 6.168242 -3.584309
v 15.578065 6.168242 -3.536511
v 15.640367 8.469943 -3.584111
v 15.640367 6.168242 -3.584309
v 15.640367 8.469943 -3.536313
v 15.640367 6.168242 -3.536511
v 15.578065 7.478141 -8.483117
v 15.578065 7.478141 -8.530908
v 15.578065 6.168242 -8.531105
v 15.578065 6.168242 -8.483315
v 15.640367 7.478141 -8.530908
v 15.640367 6.168242 -8.531105
v 15.640367 7.478141 -8.483117
v 15.640367 6.168242 -8.483315
v 15.578065 6.622740 -12.758416
v 15.578065 6.622740 -12.806207
v 15.578065 6.168242 -12.806404
v 15.578065 6.168242 -12.758614
v 15.640367 6.622740 -12.806207
v 15.640367 6.168242 -12.806404
v 15.640367 6.622740 -12.758416
v 15.640367 6.168242 -12.758614
v 15.578065 9.109340 -0.370511
v 15.640367 9.109340 -0.370511
v 15.640367 6.168242 -0.370709
v 15.578065 6.168242 -0.370709
vn -0.7071 -0.7071 -0.0000
vn 0.5605 -0.0822 0.8241
vn -0.5605 -0.0822 0.8241
vn 0.6736 0.7391 -0.0000
vn -0.6652 0.7466 -0.0000
vn -0.6654 -0.1524 0.7308
vn -0.9987 0.0052 -0.0509
vn -0.5376 -0.0838 0.8390
vn 0.7071 0.0050 0.7071
vn 0.9987 0.0048 -0.0510
vn 0.5377 -0.0837 0.8390
vn 0.6652 0.7466 0.0032
vn 0.9987 0.0101 -0.0502
vn 0.7543 -0.6565 -0.0000
vn -0.7440 -0.6682 -0.0002
vn 0.9882 0.0152 -0.1523
vn -0.9882 0.0151 -0.1523
vn -0.7073 -0.7069 0.0033
vn -0.9987 -0.0000 -0.0512
vn -0.7070 0.7073 -0.0000
vn 0.7071 0.7071 -0.0000
vn -0.7071 0.7071 -0.0000
vn -0.8809 -0.4722 -0.0316
vn -0.8129 0.4736 -0.3391
vn -0.5173 -0.6959 0.4982
vn -0.5883 0.8069 0.0539
vn 0.8129 0.4736 -0.3391
vn 0.8809 -0.4722 -0.0316
vn 0.5173 -0.6959 0.4982
vn -0.8633 0.4999 0.0685
vn 0.5883 0.8069 0.0539
vn 0.8633 0.5000 0.0685
vn 0.5970 -0.7948 -0.1089
vn -0.8339 -0.5518 -0.0128
vn -0.5970 -0.7948 -0.1089
vn -0.6126 0.7902 0.0183
vn 0.8339 -0.5518 -0.0128
vn -0.8013 0.5918 0.0875
vn 0.6126 0.7902 0.0183
vn 0.8013 0.5918 0.0875
vn 0.6319 -0.7668 -0.1128
vn -0.6761 -0.7163 0.1727
vn -0.6319 -0.7668 -0.1128
vn -0.7348 0.6596 -0.1579
vn 0.6759 -0.7165 0.1727
vn -0.7071 -0.0001 -0.7071
vn -0.7071 0.0001 0.7071
vn 0.7071 0.0001 0.7071
vn 0.7071 -0.0001 -0.7071
vn -0.7072 -0.0003 -0.7070
vn -0.7072 0.0003 0.7070
vn -0.7070 -0.0003 -0.7072
vn -0.7070 0.0003 0.7072
vn 0.7072 0.0003 0.7070
vn 0.7072 -0.0003 -0.7070
vn 0.7070 -0.0003 -0.7072
vn -0.7071 -0.0000 0.7071
vn 0.7071 -0.0000 0.7071
vn 0.5605 -0.0823 -0.8241
vn -0.5605 -0.0821 -0.8241
vn -0.9987 0.0053 0.0508
vn -0.6652 -0.1474 -0.7319
vn -0.5377 -0.0837 -0.8390
vn 0.9987 0.0046 0.0509
vn 0.7070 -0.0000 -0.7073
vn 0.5377 -0.0837 -0.8390
vn 0.6651 -0.1525 -0.7310
vn 0.9987 0.0056 0.0509
vn 0.5377 -0.0836 -0.8390
vn 0.9882 0.0154 0.1523
vn -0.9882 0.0150 0.1524
vn -0.7071 0.0050 -0.7071
vn -0.9987 0.0046 0.0509
vn -0.8129 0.4736 0.3391
vn -0.8809 -0.4722 0.0316
vn -0.5173 -0.6959 -0.4982
vn 0.8129 0.4736 0.3391
vn -0.5883 0.8069 -0.0539
vn 0.8808 -0.4724 0.0316
vn 0.5883 0.8069 -0.0539
vn 0.5173 -0.6959 -0.4982
vn -0.8633 0.4999 -0.0685
vn -0.5970 -0.7948 0.1090
vn 0.8633 0.4999 -0.0685
vn 0.5970 -0.7948 0.1090
vn -0.8339 -0.5518 0.0128
vn -0.6126 0.7902 -0.0183
vn 0.8339 -0.5518 0.0128
vn 0.6126 0.7902 -0.0183
vn -0.8013 0.5918 -0.0875
vn -0.6319 -0.7668 0.1128
vn 0.8013 0.5918 -0.0875
vn 0.6319 -0.7668 0.1128
vn -0.6760 -0.7163 -0.1727
vn -0.7349 0.6596 0.1579
vn 0.6760 -0.7163 -0.1727
vn 0.7349 0.6596 0.1579
vn -0.7071 0.0001 -0.7071
vn -0.7071 -0.0001 0.7071
vn 0.7071 0.0001 -0.7071
vn 0.7071 -0.0001 0.7071
vn -0.7072 0.0003 -0.7070
vn -0.7072 -0.0003 0.7070
vn -0.7070 -0.0003 0.7072
vn 0.7072 0.0003 -0.7070
vn -0.7070 0.0003 -0.7072
vn 0.7072 -0.0003 0.7070
vn 0.7070 0.0003 -0.7072
vn 0.7070 -0.0003 0.7072
vn 0.7071 -0.0000 -0.7071
vn -0.7071 -0.0000 -0.7071
vn 0.7071 -0.7071 -0.0000
vn -0.6654 0.7465 0.0032
vn -0.7543 -0.6566 -0.0000
vn -0.9987 0.0104 -0.0501
vn 0.7071 -0.7071 0.0035
vn 0.9987 -0.0004 -0.0512
vn 0.6652 -0.1474 0.7319
vn 0.9987 0.0054 -0.0509
vn 0.7543 -0.6565 0.0002
vn -0.7073 -0.0000 0.7070
vn -0.5377 -0.0837 0.8390
vn -0.9987 0.0048 -0.0509
vn 0.7348 0.6596 -0.1579
vn 0.7070 0.0003 0.7072
vn -0.9987 0.0101 0.0501
vn -0.7544 -0.6564 -0.0000
vn -0.6652 0.7466 -0.0032
vn 0.9987 -0.0000 0.0511
vn 0.7073 0.7070 -0.0000
vn 0.7070 -0.7073 -0.0033
vn 0.6651 0.7467 -0.0032
vn 0.7544 -0.6564 -0.0000
vn 0.9987 0.0105 0.0501
vn -0.7071 -0.7071 -0.0035
vn -0.7072 0.7071 -0.0000
vn -0.9987 -0.0004 0.0511
vt 0.105100 0.000500
vt 0.113500 0.979800
vt 0.105100 0.979800
vt 0.006900 0.000500
vt 0.015300 0.999500
vt 0.006900 0.999500
vt 0.000500 0.064800
vt 0.113500 0.000500
vt 0.120000 0.915500
vt 0.021700 0.064800
vt 0.021700 0.998200
vt 0.030100 0.998200
vt 0.030100 0.064800
vt 0.098700 0.915500
vt 0.098700 0.000500
vt 0.128400 0.915500
vt 0.120000 0.000500
vt 0.128400 0.000500
vt 0.133900 0.749800
vt 0.130100 0.503400
vt 0.133900 0.503400
vt 0.130100 0.000500
vt 0.133100 0.247100
vt 0.130100 0.247100
vt 0.133900 0.251900
vt 0.130100 0.498400
vt 0.130100 0.251900
vt 0.149800 0.000500
vt 0.152800 0.246800
vt 0.149800 0.246800
vt 0.171400 0.212500
vt 0.175100 0.000500
vt 0.175100 0.212500
vt 0.157600 0.000500
vt 0.160600 0.212700
vt 0.157600 0.212700
vt 0.169200 0.212500
vt 0.165500 0.000500
vt 0.169200 0.000500
vt 0.193000 0.000500
vt 0.196000 0.212200
vt 0.193000 0.212200
vt 0.231900 0.176500
vt 0.228400 0.000500
vt 0.231900 0.000500
vt 0.248000 0.000500
vt 0.251000 0.176400
vt 0.248000 0.176400
vt 0.235800 0.000500
vt 0.232300 0.176500
vt 0.232300 0.000500
vt 0.220500 0.000500
vt 0.223500 0.176700
vt 0.220500 0.176700
vt 0.271600 0.165400
vt 0.275000 0.000500
vt 0.275000 0.165400
vt 0.251900 0.000500
vt 0.254900 0.165400
vt 0.251900 0.165400
vt 0.267100 0.165400
vt 0.263700 0.000500
vt 0.267100 0.000500
vt 0.279400 0.000500
vt 0.282400 0.165400
vt 0.279400 0.165400
vt 0.331700 0.129000
vt 0.328500 0.000500
vt 0.331700 0.000500
vt 0.340300 0.000500
vt 0.343300 0.128200
vt 0.340300 0.128200
vt 0.327800 0.000500
vt 0.324600 0.129000
vt 0.324600 0.000500
vt 0.320700 0.000500
vt 0.323700 0.129700
vt 0.320700 0.129700
vt 0.300100 0.145000
vt 0.297100 0.000500
vt 0.300100 0.000500
vt 0.130100 0.754800
vt 0.134100 0.899200
vt 0.130100 0.899200
vt 0.296200 0.000500
vt 0.293200 0.145000
vt 0.293200 0.000500
vt 0.305000 0.000500
vt 0.308900 0.145000
vt 0.305000 0.145000
vt 0.370800 0.082700
vt 0.367800 0.000500
vt 0.370800 0.000500
vt 0.354100 0.000500
vt 0.358000 0.082700
vt 0.354100 0.082700
vt 0.366900 0.000500
vt 0.363900 0.082700
vt 0.363900 0.000500
vt 0.375700 0.000500
vt 0.379600 0.082700
vt 0.375700 0.082700
vt 0.363000 0.115500
vt 0.360000 0.086900
vt 0.363000 0.086900
vt 0.092800 0.917800
vt 0.096700 0.946300
vt 0.092800 0.946300
vt 0.359000 0.086900
vt 0.356000 0.115500
vt 0.356000 0.086900
vt 0.157600 0.218500
vt 0.161600 0.247100
vt 0.157600 0.247100
vt 0.214600 0.000500
vt 0.218500 0.185100
vt 0.214600 0.185100
vt 0.082100 0.979800
vt 0.073700 0.000500
vt 0.073700 0.979800
vt 0.050700 0.999500
vt 0.042300 0.000500
vt 0.042300 0.999500
vt 0.035900 0.064800
vt 0.088500 0.915500
vt 0.082100 0.000500
vt 0.057100 0.064800
vt 0.050700 0.000500
vt 0.065500 0.998200
vt 0.065500 0.064800
vt 0.067300 0.915500
vt 0.088500 0.000500
vt 0.096900 0.915500
vt 0.096900 0.000500
vt 0.138000 0.000500
vt 0.141800 0.247000
vt 0.141800 0.000500
vt 0.137100 0.247100
vt 0.134100 0.000500
vt 0.134100 0.247100
vt 0.147700 0.000500
vt 0.143900 0.247000
vt 0.147700 0.247000
vt 0.156700 0.246800
vt 0.153700 0.000500
vt 0.153700 0.246800
vt 0.177300 0.212500
vt 0.181000 0.000500
vt 0.177300 0.000500
vt 0.164600 0.212700
vt 0.161600 0.000500
vt 0.161600 0.212700
vt 0.183200 0.000500
vt 0.186900 0.212500
vt 0.186900 0.000500
vt 0.192100 0.212200
vt 0.189100 0.000500
vt 0.189100 0.212200
vt 0.240100 0.000500
vt 0.243600 0.176500
vt 0.243600 0.000500
vt 0.247100 0.176400
vt 0.244100 0.000500
vt 0.244100 0.176400
vt 0.239700 0.000500
vt 0.236200 0.176500
vt 0.239700 0.176500
vt 0.227400 0.176700
vt 0.224400 0.000500
vt 0.224400 0.176700
vt 0.267600 0.165400
vt 0.271000 0.000500
vt 0.267600 0.000500
vt 0.258900 0.165400
vt 0.255900 0.000500
vt 0.255900 0.165400
vt 0.259800 0.000500
vt 0.263200 0.165400
vt 0.263200 0.000500
vt 0.278500 0.165400
vt 0.275500 0.000500
vt 0.275500 0.165400
vt 0.332500 0.000500
vt 0.335700 0.129000
vt 0.335700 0.000500
vt 0.347200 0.128200
vt 0.344200 0.000500
vt 0.344200 0.128200
vt 0.339600 0.000500
vt 0.336400 0.129000
vt 0.339600 0.129000
vt 0.319700 0.129700
vt 0.316700 0.000500
vt 0.316700 0.129700
vt 0.301000 0.000500
vt 0.304000 0.145000
vt 0.304000 0.000500
vt 0.291200 0.145000
vt 0.287300 0.000500
vt 0.287300 0.145000
vt 0.286400 0.000500
vt 0.283400 0.145000
vt 0.286400 0.145000
vt 0.314800 0.145000
vt 0.310900 0.000500
vt 0.310900 0.145000
vt 0.371700 0.000500
vt 0.374700 0.082700
vt 0.374700 0.000500
vt 0.352100 0.082700
vt 0.348200 0.000500
vt 0.348200 0.082700
vt 0.363000 0.000500
vt 0.360000 0.082700
vt 0.363000 0.082700
vt 0.385500 0.082700
vt 0.381600 0.000500
vt 0.381600 0.082700
vt 0.348200 0.086900
vt 0.351200 0.115500
vt 0.351200 0.086900
vt 0.096700 0.975800
vt 0.092800 0.947300
vt 0.092800 0.975800
vt 0.355100 0.086900
vt 0.352100 0.115500
vt 0.355100 0.115500
vt 0.367800 0.115500
vt 0.363900 0.086900
vt 0.363900 0.115500
vt 0.202800 0.185100
vt 0.206700 0.000500
vt 0.206700 0.185100
vt 0.212400 0.000500
vt 0.208700 0.185100
vt 0.208700 0.000500
vt 0.196900 0.000500
vt 0.200600 0.185100
vt 0.196900 0.185100
vt 0.015300 0.000500
vt 0.000500 0.998200
vt 0.130100 0.749800
vt 0.133100 0.000500
vt 0.133900 0.498400
vt 0.152800 0.000500
vt 0.171400 0.000500
vt 0.160600 0.000500
vt 0.165500 0.212500
vt 0.196000 0.000500
vt 0.228400 0.176500
vt 0.251000 0.000500
vt 0.235800 0.176500
vt 0.223500 0.000500
vt 0.271600 0.000500
vt 0.254900 0.000500
vt 0.263700 0.165400
vt 0.282400 0.000500
vt 0.328500 0.129000
vt 0.343300 0.000500
vt 0.327800 0.129000
vt 0.323700 0.000500
vt 0.297100 0.145000
vt 0.134100 0.754800
vt 0.296200 0.145000
vt 0.308900 0.000500
vt 0.367800 0.082700
vt 0.358000 0.000500
vt 0.366900 0.082700
vt 0.379600 0.000500
vt 0.360000 0.115500
vt 0.096700 0.917800
vt 0.359000 0.115500
vt 0.161600 0.218500
vt 0.218500 0.000500
vt 0.035900 0.998200
vt 0.057100 0.998200
vt 0.067300 0.000500
vt 0.138000 0.247000
vt 0.137100 0.000500
vt 0.143900 0.000500
vt 0.156700 0.000500
vt 0.181000 0.212500
vt 0.164600 0.000500
vt 0.183200 0.212500
vt 0.192100 0.000500
vt 0.240100 0.176500
vt 0.247100 0.000500
vt 0.236200 0.000500
vt 0.227400 0.000500
vt 0.271000 0.165400
vt 0.258900 0.000500
vt 0.259800 0.165400
vt 0.278500 0.000500
vt 0.332500 0.129000
vt 0.347200 0.000500
vt 0.336400 0.000500
vt 0.319700 0.000500
vt 0.301000 0.145000
vt 0.291200 0.000500
vt 0.283400 0.000500
vt 0.314800 0.000500
vt 0.371700 0.082700
vt 0.352100 0.000500
vt 0.360000 0.000500
vt 0.385500 0.000500
vt 0.348200 0.115500
vt 0.096700 0.947300
vt 0.352100 0.086900
vt 0.367800 0.086900
vt 0.202800 0.000500
vt 0.212400 0.185100
vt 0.200600 0.000500
s 1
f 962/2497/1055 964/2498/1056 961/2499/1057
f 961/2500/1057 966/2501/1058 965/2502/1059
s 0
f 965/2502/1060 968/2503/1061 961/2500/1062
f 963/2504/1063 970/2505/1064 964/2498/1065
f 966/2501/1066 970/2506/1067 971/2507/1068
s 1
f 967/2508/1069 970/2506/1070 968/2509/1071
s 0
f 962/2497/1072 968/2510/1073 972/2511/1074
s 1
f 968/2512/1071 969/2513/1075 972/2514/1076
f 974/2515/1077 976/2516/1078 973/2517/1079
f 975/2518/1080 978/2519/1081 976/2520/1078
f 978/2521/1081 979/2522/1082 980/2523/1083
f 979/2524/1082 973/2525/1079 980/2526/1083
f 974/2527/1077 982/2528/1084 975/2529/1080
f 982/2530/1084 977/2531/1085 975/2532/1080
f 983/2533/1086 979/2534/1082 977/2535/1085
f 984/2536/1087 974/2537/1077 979/2538/1082
f 985/2539/1088 982/2540/1084 981/2541/1089
f 986/2542/1090 983/2543/1086 982/2544/1084
f 983/2545/1086 988/2546/1091 984/2547/1087
f 988/2548/1091 981/2549/1089 984/2550/1087
f 985/2551/1088 990/2552/1092 986/2553/1090
f 990/2554/1092 987/2555/1093 986/2556/1090
f 991/2557/1094 988/2558/1091 987/2559/1093
f 992/2560/1095 985/2561/1088 988/2562/1091
f 993/2563/1096 990/2564/1092 989/2565/1097
f 994/2566/1098 991/2567/1094 990/2568/1092
f 991/2569/1094 996/2570/1099 992/2571/1095
f 996/2572/1099 989/2573/1097 992/2574/1095
f 998/2575/1100 1000/2576/1101 997/2577/1100
f 999/2578/1101 1002/2579/1102 1000/2580/1101
f 1002/2581/1102 1003/2582/1103 1004/2583/1103
f 1003/2584/1103 997/2585/1100 1004/2586/1103
f 1006/2587/1100 1008/2588/1101 1005/2589/1100
f 1007/2590/1101 1010/2591/1102 1008/2592/1101
f 1010/2593/1102 1011/2594/1103 1012/2595/1103
f 1011/2596/1103 1005/2597/1100 1012/2598/1103
f 1014/2599/1104 1016/2600/1105 1013/2601/1106
f 1015/2602/1107 1018/2603/1108 1016/2604/1105
f 1018/2605/1108 1019/2606/1109 1020/2607/1110
f 1019/2608/1109 1013/2609/1106 1020/2610/1110
f 1022/2611/1111 1024/2612/1112 1021/2613/1111
f 1026/2614/1113 962/2615/1055 1025/2616/1114
f 966/2617/1058 1025/2618/1114 965/2619/1059
s 0
f 1027/2620/1115 965/2619/1116 1025/2618/1117
f 1028/2621/1118 963/2622/1119 1026/2614/1120
f 966/2617/1121 1028/2623/1122 1026/2624/1123
s 1
f 1028/2623/1124 967/2625/1069 1027/2626/1125
s 0
f 962/2615/1126 1027/2627/1127 1025/2616/1117
s 1
f 969/2628/1075 1027/2629/1125 972/2630/1076
f 1030/2631/1128 1032/2632/1129 1029/2633/1130
f 1033/2634/1131 1031/2635/1132 1030/2636/1128
f 1033/2637/1131 1036/2638/1133 1034/2639/1134
f 1029/2640/1130 1036/2641/1133 1035/2642/1135
f 1032/2643/1129 1037/2644/1136 1038/2645/1137
f 1034/2646/1134 1037/2647/1136 1031/2648/1132
f 1036/2649/1133 1039/2650/1138 1034/2651/1134
f 1032/2652/1129 1040/2653/1139 1036/2654/1133
f 1037/2655/1136 1042/2656/1140 1038/2657/1137
f 1039/2658/1138 1041/2659/1141 1037/2660/1136
f 1039/2661/1138 1044/2662/1142 1043/2663/1143
f 1038/2664/1137 1044/2665/1142 1040/2666/1139
f 1042/2667/1140 1045/2668/1144 1046/2669/1145
f 1043/2670/1143 1045/2671/1144 1041/2672/1141
f 1044/2673/1142 1047/2674/1146 1043/2675/1143
f 1042/2676/1140 1048/2677/1147 1044/2678/1142
f 1045/2679/1144 1050/2680/1148 1046/2681/1145
f 1047/2682/1146 1049/2683/1149 1045/2684/1144
f 1047/2685/1146 1052/2686/1150 1051/2687/1151
f 1046/2688/1145 1052/2689/1150 1048/2690/1147
f 1054/2691/1152 1056/2692/1153 1053/2693/1153
f 1057/2694/1154 1055/2695/1152 1054/2696/1152
f 1057/2697/1154 1060/2698/1155 1058/2699/1154
f 1053/2700/1153 1060/2701/1155 1059/2702/1155
f 1062/2703/1152 1064/2704/1153 1061/2705/1153
f 1065/2706/1154 1063/2707/1152 1062/2708/1152
f 1065/2709/1154 1068/2710/1155 1066/2711/1154
f 1061/2712/1153 1068/2713/1155 1067/2714/1155
f 1070/2715/1156 1072/2716/1157 1069/2717/1158
f 1073/2718/1159 1071/2719/1160 1070/2720/1156
f 1073/2721/1159 1076/2722/1161 1074/2723/1162
f 1069/2724/1158 1076/2725/1161 1075/2726/1163
f 1078/2727/1164 1080/2728/1165 1077/2729/1165
f 1024/2730/1112 1079/2731/1164 1078/2732/1164
f 1021/2733/1111 1080/2734/1165 1022/2735/1111
f 962/2497/1055 963/2504/1166 964/2498/1056
f 961/2500/1057 964/2736/1056 966/2501/1058
s 0
f 965/2502/1167 967/2737/1168 968/2503/1169
f 963/2504/1170 969/2513/1075 970/2505/1171
f 966/2501/1172 964/2736/1065 970/2506/1173
s 1
f 967/2508/1069 971/2507/1174 970/2506/1070
s 0
f 962/2497/1175 961/2499/1176 968/2510/1177
s 1
f 968/2512/1071 970/2505/1070 969/2513/1075
f 974/2515/1077 975/2738/1080 976/2516/1078
f 975/2518/1080 977/2739/1085 978/2519/1081
f 978/2521/1081 977/2740/1085 979/2522/1082
f 979/2524/1082 974/2741/1077 973/2525/1079
f 974/2527/1077 981/2742/1089 982/2528/1084
f 982/2530/1084 983/2743/1086 977/2531/1085
f 983/2533/1086 984/2744/1087 979/2534/1082
f 984/2536/1087 981/2745/1089 974/2537/1077
f 985/2539/1088 986/2746/1090 982/2540/1084
f 986/2542/1090 987/2747/1093 983/2543/1086
f 983/2545/1086 987/2748/1093 988/2546/1091
f 988/2548/1091 985/2749/1088 981/2549/1089
f 985/2551/1088 989/2750/1097 990/2552/1092
f 990/2554/1092 991/2751/1094 987/2555/1093
f 991/2557/1094 992/2752/1095 988/2558/1091
f 992/2560/1095 989/2753/1097 985/2561/1088
f 993/2563/1096 994/2754/1098 990/2564/1092
f 994/2566/1098 995/2755/1178 991/2567/1094
f 991/2569/1094 995/2756/1178 996/2570/1099
f 996/2572/1099 993/2757/1096 989/2573/1097
f 998/2575/1100 999/2758/1101 1000/2576/1101
f 999/2578/1101 1001/2759/1102 1002/2579/1102
f 1002/2581/1102 1001/2760/1102 1003/2582/1103
f 1003/2584/1103 998/2761/1100 997/2585/1100
f 1006/2587/1100 1007/2762/1101 1008/2588/1101
f 1007/2590/1101 1009/2763/1102 1010/2591/1102
f 1010/2593/1102 1009/2764/1102 1011/2594/1103
f 1011/2596/1103 1006/2765/1100 1005/2597/1100
f 1014/2599/1104 1015/2766/1107 1016/2600/1105
f 1015/2602/1107 1017/2767/1179 1018/2603/1108
f 1018/2605/1108 1017/2768/1179 1019/2606/1109
f 1019/2608/1109 1014/2769/1104 1013/2609/1106
f 1022/2611/1111 1023/2770/1112 1024/2612/1112
f 1026/2614/1113 963/2622/1166 962/2615/1055
f 966/2617/1058 1026/2624/1113 1025/2618/1114
s 0
f 1027/2620/1180 967/2771/1181 965/2619/1182
f 1028/2621/1183 969/2628/1184 963/2622/1185
f 966/2617/1186 971/2772/1187 1028/2623/1188
s 1
f 1028/2623/1124 971/2772/1174 967/2625/1069
s 0
f 962/2615/1189 972/2773/1190 1027/2627/1191
s 1
f 969/2628/1075 1028/2621/1124 1027/2629/1125
f 1030/2631/1128 1031/2774/1132 1032/2632/1129
f 1033/2634/1131 1034/2775/1134 1031/2635/1132
f 1033/2637/1131 1035/2776/1135 1036/2638/1133
f 1029/2640/1130 1032/2777/1129 1036/2641/1133
f 1032/2643/1129 1031/2778/1132 1037/2644/1136
f 1034/2646/1134 1039/2779/1138 1037/2647/1136
f 1036/2649/1133 1040/2780/1139 1039/2650/1138
f 1032/2652/1129 1038/2781/1137 1040/2653/1139
f 1037/2655/1136 1041/2782/1141 1042/2656/1140
f 1039/2658/1138 1043/2783/1143 1041/2659/1141
f 1039/2661/1138 1040/2784/1139 1044/2662/1142
f 1038/2664/1137 1042/2785/1140 1044/2665/1142
f 1042/2667/1140 1041/2786/1141 1045/2668/1144
f 1043/2670/1143 1047/2787/1146 1045/2671/1144
f 1044/2673/1142 1048/2788/1147 1047/2674/1146
f 1042/2676/1140 1046/2789/1145 1048/2677/1147
f 1045/2679/1144 1049/2790/1149 1050/2680/1148
f 1047/2682/1146 1051/2791/1151 1049/2683/1149
f 1047/2685/1146 1048/2792/1147 1052/2686/1150
f 1046/2688/1145 1050/2793/1148 1052/2689/1150
f 1054/2691/1152 1055/2794/1152 1056/2692/1153
f 1057/2694/1154 1058/2795/1154 1055/2695/1152
f 1057/2697/1154 1059/2796/1155 1060/2698/1155
f 1053/2700/1153 1056/2797/1153 1060/2701/1155
f 1062/2703/1152 1063/2798/1152 1064/2704/1153
f 1065/2706/1154 1066/2799/1154 1063/2707/1152
f 1065/2709/1154 1067/2800/1155 1068/2710/1155
f 1061/2712/1153 1064/2801/1153 1068/2713/1155
f 1070/2715/1156 1071/2802/1160 1072/2716/1157
f 1073/2718/1159 1074/2803/1162 1071/2719/1160
f 1073/2721/1159 1075/2804/1163 1076/2722/1161
f 1069/2724/1158 1072/2805/1157 1076/2725/1161
f 1078/2727/1164 1079/2806/1164 1080/2728/1165
f 1024/2730/1112 1023/2807/1112 1079/2731/1164
f 1021/2733/1111 1077/2808/1165 1080/2734/1165
o frame009
v 23.187057 6.066044 15.261791
v 23.187057 6.066043 -0.341214
v 23.320862 6.066043 -0.341214
v 23.320862 6.066044 15.261791
v 23.187057 9.209239 -0.341214
v 23.320862 9.209239 -0.341214
v 23.187057 9.105044 -0.341214
v 23.187057 6.168243 14.237293
v 23.320862 6.168242 -0.341214
v 23.320862 6.168243 14.237293
v 23.320862 9.105044 -0.341214
v 23.187057 6.168242 -0.341214
v 23.231857 6.155940 -0.311612
v 23.231857 8.440341 2.879291
v 23.231857 8.502040 2.883487
v 23.231857 6.214740 -0.311612
v 23.279663 8.502040 2.883487
v 23.279663 6.214740 -0.311612
v 23.279663 8.440341 2.879291
v 23.279663 6.155940 -0.311612
v 23.231857 6.129040 5.336788
v 23.231857 6.185242 5.346790
v 23.279663 6.185242 5.346790
v 23.279663 6.129040 5.336788
v 23.231857 7.431042 7.823588
v 23.231857 7.485241 7.828792
v 23.279663 7.485241 7.828792
v 23.279663 7.431042 7.823588
v 23.231857 6.106144 10.091587
v 23.231857 6.159641 10.097790
v 23.279663 6.159641 10.097790
v 23.279663 6.106144 10.091587
v 23.231857 6.588741 12.093486
v 23.231857 6.633343 12.076388
v 23.279663 6.633343 12.076388
v 23.279663 6.588741 12.093486
v 23.224655 8.469943 2.853893
v 23.224655 6.168243 2.854091
v 23.224655 6.168243 2.901889
v 23.224655 8.469943 2.901691
v 23.286957 6.168243 2.901889
v 23.286957 8.469943 2.901691
v 23.286957 6.168243 2.854091
v 23.286957 8.469943 2.853893
v 23.224655 7.478142 7.800792
v 23.224655 6.168243 7.800991
v 23.224655 6.168243 7.848789
v 23.224655 7.478142 7.848590
v 23.286957 6.168243 7.848789
v 23.286957 7.478142 7.848590
v 23.286957 6.168243 7.800991
v 23.286957 7.478142 7.800792
v 23.224655 6.622742 12.075992
v 23.224655 6.168243 12.076191
v 23.224655 6.168243 12.123989
v 23.224655 6.622742 12.123790
v 23.286957 6.168243 12.123989
v 23.286957 6.622742 12.123790
v 23.286957 6.168243 12.076191
v 23.286957 6.622742 12.075992
v 23.224655 9.109340 -0.311810
v 23.224655 6.168242 -0.311612
v 23.286957 6.168242 -0.311612
v 23.286957 9.109340 -0.311810
v 23.187057 6.066042 -15.944115
v 23.320862 6.066042 -15.944115
v 23.187057 6.168242 -14.919609
v 23.320862 6.168242 -14.919609
v 23.231857 6.155940 -0.370709
v 23.231857 6.214740 -0.370709
v 23.231857 8.502040 -3.565808
v 23.231857 8.440341 -3.561711
v 23.279663 6.214740 -0.370709
v 23.279663 8.502040 -3.565808
v 23.279663 6.155940 -0.370709
v 23.279663 8.440341 -3.561711
v 23.231857 6.185241 -6.029110
v 23.231857 6.129039 -6.019108
v 23.279663 6.185241 -6.029110
v 23.279663 6.129039 -6.019108
v 23.231857 7.485240 -8.511117
v 23.231857 7.431041 -8.505914
v 23.279663 7.485240 -8.511117
v 23.279663 7.431041 -8.505914
v 23.231857 6.159639 -10.780113
v 23.231857 6.106142 -10.774010
v 23.279663 6.159639 -10.780113
v 23.279663 6.106142 -10.774010
v 23.231857 6.633341 -12.758813
v 23.231857 6.588739 -12.775918
v 23.279663 6.633341 -12.758813
v 23.279663 6.588739 -12.775918
v 23.224655 8.469943 -3.536313
v 23.224655 8.469943 -3.584111
v 23.224655 6.168242 -3.584309
v 23.224655 6.168242 -3.536511
v 23.286957 8.469943 -3.584111
v 23.286957 6.168242 -3.584309
v 23.286957 8.469943 -3.536313
v 23.286957 6.168242 -3.536511
v 23.224655 7.478141 -8.483117
v 23.224655 7.478141 -8.530908
v 23.224655 6.168242 -8.531105
v 23.224655 6.168242 -8.483315
v 23.286957 7.478141 -8.530908
v 23.286957 6.168242 -8.531105
v 23.286957 7.478141 -8.483117
v 23.286957 6.168242 -8.483315
v 23.224655 6.622740 -12.758416
v 23.224655 6.622740 -12.806207
v 23.224655 6.168242 -12.806404
v 23.224655 6.168242 -12.758614
v 23.286957 6.622740 -12.806207
v 23.286957 6.168242 -12.806404
v 23.286957 6.622740 -12.758416
v 23.286957 6.168242 -12.758614
v 23.224655 9.109340 -0.370511
v 23.286957 9.109340 -0.370511
v 23.286957 6.168242 -0.370709
v 23.224655 6.168242 -0.370709
vn -0.7071 -0.7071 -0.0000
vn 0.5605 -0.0822 0.8241
vn -0.5605 -0.0821 0.8241
vn 0.6736 0.7391 0.0001
vn -0.6652 0.7466 -0.0000
vn -0.6652 -0.1525 0.7309
vn -0.9987 0.0053 -0.0508
vn -0.5377 -0.0837 0.8390
vn 0.7071 0.0050 0.7071
vn 0.9987 0.0048 -0.0510
vn 0.5377 -0.0837 0.8390
vn 0.6652 0.7466 0.0032
vn 0.9987 0.0101 -0.0502
vn 0.7543 -0.6565 -0.0000
vn -0.7440 -0.6682 0.0002
vn 0.9882 0.0152 -0.1523
vn -0.9882 0.0150 -0.1524
vn -0.7071 -0.7071 0.0033
vn -0.9987 -0.0000 -0.0511
vn -0.7071 0.7071 0.0002
vn 0.7071 0.7071 -0.0000
vn -0.7071 0.7071 -0.0000
vn -0.8809 -0.4722 -0.0316
vn -0.8129 0.4736 -0.3391
vn -0.5173 -0.6959 0.4981
vn -0.5883 0.8069 0.0539
vn 0.8129 0.4736 -0.3391
vn 0.8809 -0.4722 -0.0316
vn 0.5173 -0.6959 0.4981
vn -0.8633 0.5000 0.0685
vn 0.5883 0.8069 0.0539
vn 0.8633 0.4999 0.0685
vn 0.5970 -0.7948 -0.1089
vn -0.8339 -0.5518 -0.0128
vn -0.5970 -0.7948 -0.1089
vn -0.6126 0.7902 0.0183
vn 0.8339 -0.5518 -0.0128
vn -0.8013 0.5918 0.0875
vn 0.6126 0.7902 0.0183
vn 0.8013 0.5918 0.0875
vn 0.6319 -0.7668 -0.1128
vn -0.6761 -0.7163 0.1727
vn -0.6319 -0.7668 -0.1128
vn -0.7348 0.6596 -0.1579
vn 0.6759 -0.7165 0.1727
vn -0.7071 -0.0001 -0.7071
vn -0.7071 0.0001 0.7071
vn 0.7071 0.0001 0.7071
vn 0.7071 -0.0001 -0.7071
vn -0.7072 -0.0003 -0.7070
vn -0.7072 0.0003 0.7070
vn -0.7070 -0.0003 -0.7072
vn -0.7070 0.0003 0.7072
vn 0.7072 0.0003 0.7070
vn 0.7072 -0.0003 -0.7070
vn 0.7070 -0.0003 -0.7072
vn -0.7071 -0.0000 0.7071
vn 0.7071 -0.0000 0.7071
vn 0.5605 -0.0822 -0.8241
vn -0.5605 -0.0821 -0.8241
vn -0.9987 0.0053 0.0508
vn -0.6652 -0.1474 -0.7319
vn -0.5377 -0.0837 -0.8390
vn 0.9987 0.0049 0.0509
vn 0.7073 -0.0000 -0.7070
vn 0.5377 -0.0837 -0.8390
vn 0.6653 -0.1524 -0.7308
vn 0.9987 0.0053 0.0508
vn 0.5377 -0.0838 -0.8390
vn 0.9882 0.0152 0.1523
vn -0.9882 0.0151 0.1523
vn -0.7071 0.0050 -0.7071
vn -0.9987 0.0046 0.0509
vn -0.8129 0.4736 0.3391
vn -0.8809 -0.4722 0.0316
vn -0.5173 -0.6959 -0.4981
vn 0.8129 0.4736 0.3391
vn -0.5883 0.8069 -0.0539
vn 0.8809 -0.4722 0.0316
vn 0.5883 0.8069 -0.0539
vn 0.5173 -0.6959 -0.4981
vn -0.8633 0.4999 -0.0685
vn -0.5970 -0.7948 0.1090
vn 0.8633 0.4999 -0.0685
vn 0.5970 -0.7948 0.1090
vn -0.8339 -0.5518 0.0128
vn -0.6126 0.7902 -0.0183
vn 0.8339 -0.5518 0.0128
vn 0.6126 0.7902 -0.0183
vn -0.8013 0.5918 -0.0875
vn -0.6319 -0.7668 0.1128
vn 0.8013 0.5918 -0.0875
vn 0.6319 -0.7668 0.1128
vn -0.6761 -0.7163 -0.1727
vn -0.7349 0.6596 0.1579
vn 0.6762 -0.7161 -0.1727
vn 0.7349 0.6596 0.1579
vn -0.7071 0.0001 -0.7071
vn -0.7071 -0.0001 0.7071
vn 0.7071 0.0001 -0.7071
vn 0.7071 -0.0001 0.7071
vn -0.7072 0.0003 -0.7070
vn -0.7072 -0.0003 0.7070
vn -0.7070 -0.0003 0.7072
vn 0.7072 0.0003 -0.7070
vn -0.7070 0.0003 -0.7072
vn 0.7072 -0.0003 0.7070
vn 0.7070 0.0003 -0.7072
vn 0.7070 -0.0003 0.7072
vn 0.7071 -0.0000 -0.7071
vn -0.7071 -0.0000 -0.7071
vn 0.7071 -0.7071 -0.0000
vn -0.6652 0.7466 0.0036
vn -0.7544 -0.6564 -0.0000
vn -0.9987 0.0104 -0.0501
vn 0.7071 -0.7071 0.0035
vn 0.9987 -0.0004 -0.0512
vn 0.6652 -0.1475 0.7319
vn 0.9987 0.0054 -0.0509
vn 0.7543 -0.6565 -0.0002
vn -0.9987 0.0047 -0.0509
vn 0.7348 0.6596 -0.1579
vn 0.7070 0.0003 0.7072
vn -0.9987 0.0101 0.0501
vn -0.6652 0.7466 -0.0032
vn 0.9987 -0.0000 0.0512
vn 0.7070 0.7073 -0.0000
vn 0.7073 -0.7069 -0.0033
vn 0.6653 0.7465 -0.0032
vn 0.7542 -0.6566 -0.0000
vn 0.9987 0.0104 0.0501
vn -0.7071 -0.7071 -0.0035
vn -0.9987 -0.0004 0.0511
vt 0.105100 0.000500
vt 0.113500 0.979800
vt 0.105100 0.979800
vt 0.006900 0.000500
vt 0.015300 0.999500
vt 0.006900 0.999500
vt 0.000500 0.064800
vt 0.113500 0.000500
vt 0.120000 0.915500
vt 0.021700 0.064800
vt 0.021700 0.998200
vt 0.030100 0.998200
vt 0.030100 0.064800
vt 0.098700 0.915500
vt 0.098700 0.000500
vt 0.128400 0.915500
vt 0.120000 0.000500
vt 0.128400 0.000500
vt 0.133900 0.749800
vt 0.130100 0.503400
vt 0.133900 0.503400
vt 0.130100 0.000500
vt 0.133100 0.247100
vt 0.130100 0.247100
vt 0.133900 0.251900
vt 0.130100 0.498400
vt 0.130100 0.251900
vt 0.149800 0.000500
vt 0.152800 0.246800
vt 0.149800 0.246800
vt 0.171400 0.212500
vt 0.175100 0.000500
vt 0.175100 0.212500
vt 0.157600 0.000500
vt 0.160600 0.212700
vt 0.157600 0.212700
vt 0.169200 0.212500
vt 0.165500 0.000500
vt 0.169200 0.000500
vt 0.193000 0.000500
vt 0.196000 0.212200
vt 0.193000 0.212200
vt 0.231900 0.176500
vt 0.228400 0.000500
vt 0.231900 0.000500
vt 0.248000 0.000500
vt 0.251000 0.176400
vt 0.248000 0.176400
vt 0.235800 0.000500
vt 0.232300 0.176500
vt 0.232300 0.000500
vt 0.220500 0.000500
vt 0.223500 0.176700
vt 0.220500 0.176700
vt 0.271600 0.165400
vt 0.275000 0.000500
vt 0.275000 0.165400
vt 0.251900 0.000500
vt 0.254900 0.165400
vt 0.251900 0.165400
vt 0.267100 0.165400
vt 0.263700 0.000500
vt 0.267100 0.000500
vt 0.279400 0.000500
vt 0.282400 0.165400
vt 0.279400 0.165400
vt 0.331700 0.129000
vt 0.328500 0.000500
vt 0.331700 0.000500
vt 0.340300 0.000500
vt 0.343300 0.128200
vt 0.340300 0.128200
vt 0.327800 0.000500
vt 0.324600 0.129000
vt 0.324600 0.000500
vt 0.320700 0.000500
vt 0.323700 0.129700
vt 0.320700 0.129700
vt 0.300100 0.145000
vt 0.297100 0.000500
vt 0.300100 0.000500
vt 0.130100 0.754800
vt 0.134100 0.899200
vt 0.130100 0.899200
vt 0.296200 0.000500
vt 0.293200 0.145000
vt 0.293200 0.000500
vt 0.305000 0.000500
vt 0.308900 0.145000
vt 0.305000 0.145000
vt 0.370800 0.082700
vt 0.367800 0.000500
vt 0.370800 0.000500
vt 0.354100 0.000500
vt 0.358000 0.082700
vt 0.354100 0.082700
vt 0.366900 0.000500
vt 0.363900 0.082700
vt 0.363900 0.000500
vt 0.375700 0.000500
vt 0.379600 0.082700
vt 0.375700 0.082700
vt 0.363000 0.115500
vt 0.360000 0.086900
vt 0.363000 0.086900
vt 0.092800 0.917800
vt 0.096700 0.946300
vt 0.092800 0.946300
vt 0.359000 0.086900
vt 0.356000 0.115500
vt 0.356000 0.086900
vt 0.157600 0.218500
vt 0.161600 0.247100
vt 0.157600 0.247100
vt 0.214600 0.000500
vt 0.218500 0.185100
vt 0.214600 0.185100
vt 0.082100 0.979800
vt 0.073700 0.000500
vt 0.073700 0.979800
vt 0.050700 0.999500
vt 0.042300 0.000500
vt 0.042300 0.999500
vt 0.035900 0.064800
vt 0.088500 0.915500
vt 0.082100 0.000500
vt 0.057100 0.064800
vt 0.050700 0.000500
vt 0.065500 0.998200
vt 0.065500 0.064800
vt 0.067300 0.915500
vt 0.088500 0.000500
vt 0.096900 0.915500
vt 0.096900 0.000500
vt 0.138000 0.000500
vt 0.141800 0.247000
vt 0.141800 0.000500
vt 0.137100 0.247100
vt 0.134100 0.000500
vt 0.134100 0.247100
vt 0.147700 0.000500
vt 0.143900 0.247000
vt 0.147700 0.247000
vt 0.156700 0.246800
vt 0.153700 0.000500
vt 0.153700 0.246800
vt 0.177300 0.212500
vt 0.181000 0.000500
vt 0.177300 0.000500
vt 0.164600 0.212700
vt 0.161600 0.000500
vt 0.161600 0.212700
vt 0.183200 0.000500
vt 0.186900 0.212500
vt 0.186900 0.000500
vt 0.192100 0.212200
vt 0.189100 0.000500
vt 0.189100 0.212200
vt 0.240100 0.000500
vt 0.243600 0.176500
vt 0.243600 0.000500
vt 0.247100 0.176400
vt 0.244100 0.000500
vt 0.244100 0.176400
vt 0.239700 0.000500
vt 0.236200 0.176500
vt 0.239700 0.176500
vt 0.227400 0.176700
vt 0.224400 0.000500
vt 0.224400 0.176700
vt 0.267600 0.165400
vt 0.271000 0.000500
vt 0.267600 0.000500
vt 0.258900 0.165400
vt 0.255900 0.000500
vt 0.255900 0.165400
vt 0.259800 0.000500
vt 0.263200 0.165400
vt 0.263200 0.000500
vt 0.278500 0.165400
vt 0.275500 0.000500
vt 0.275500 0.165400
vt 0.332500 0.000500
vt 0.335700 0.129000
vt 0.335700 0.000500
vt 0.347200 0.128200
vt 0.344200 0.000500
vt 0.344200 0.128200
vt 0.339600 0.000500
vt 0.336400 0.129000
vt 0.339600 0.129000
vt 0.319700 0.129700
vt 0.316700 0.000500
vt 0.316700 0.129700
vt 0.301000 0.000500
vt 0.304000 0.145000
vt 0.304000 0.000500
vt 0.291200 0.145000
vt 0.287300 0.000500
vt 0.287300 0.145000
vt 0.286400 0.000500
vt 0.283400 0.145000
vt 0.286400 0.145000
vt 0.314800 0.145000
vt 0.310900 0.000500
vt 0.310900 0.145000
vt 0.371700 0.000500
vt 0.374700 0.082700
vt 0.374700 0.000500
vt 0.352100 0.082700
vt 0.348200 0.000500
vt 0.348200 0.082700
vt 0.363000 0.000500
vt 0.360000 0.082700
vt 0.363000 0.082700
vt 0.385500 0.082700
vt 0.381600 0.000500
vt 0.381600 0.082700
vt 0.348200 0.086900
vt 0.351200 0.115500
vt 0.351200 0.086900
vt 0.096700 0.975800
vt 0.092800 0.947300
vt 0.092800 0.975800
vt 0.355100 0.086900
vt 0.352100 0.115500
vt 0.355100 0.115500
vt 0.367800 0.115500
vt 0.363900 0.086900
vt 0.363900 0.115500
vt 0.202800 0.185100
vt 0.206700 0.000500
vt 0.206700 0.185100
vt 0.212400 0.000500
vt 0.208700 0.185100
vt 0.208700 0.000500
vt 0.196900 0.000500
vt 0.200600 0.185100
vt 0.196900 0.185100
vt 0.015300 0.000500
vt 0.000500 0.998200
vt 0.130100 0.749800
vt 0.133100 0.000500
vt 0.133900 0.498400
vt 0.152800 0.000500
vt 0.171400 0.000500
vt 0.160600 0.000500
vt 0.165500 0.212500
vt 0.196000 0.000500
vt 0.228400 0.176500
vt 0.251000 0.000500
vt 0.235800 0.176500
vt 0.223500 0.000500
vt 0.271600 0.000500
vt 0.254900 0.000500
vt 0.263700 0.165400
vt 0.282400 0.000500
vt 0.328500 0.129000
vt 0.343300 0.000500
vt 0.327800 0.129000
vt 0.323700 0.000500
vt 0.297100 0.145000
vt 0.134100 0.754800
vt 0.296200 0.145000
vt 0.308900 0.000500
vt 0.367800 0.082700
vt 0.358000 0.000500
vt 0.366900 0.082700
vt 0.379600 0.000500
vt 0.360000 0.115500
vt 0.096700 0.917800
vt 0.359000 0.115500
vt 0.161600 0.218500
vt 0.218500 0.000500
vt 0.035900 0.998200
vt 0.057100 0.998200
vt 0.067300 0.000500
vt 0.138000 0.247000
vt 0.137100 0.000500
vt 0.143900 0.000500
vt 0.156700 0.000500
vt 0.181000 0.212500
vt 0.164600 0.000500
vt 0.183200 0.212500
vt 0.192100 0.000500
vt 0.240100 0.176500
vt 0.247100 0.000500
vt 0.236200 0.000500
vt 0.227400 0.000500
vt 0.271000 0.165400
vt 0.258900 0.000500
vt 0.259800 0.165400
vt 0.278500 0.000500
vt 0.332500 0.129000
vt 0.347200 0.000500
vt 0.336400 0.000500
vt 0.319700 0.000500
vt 0.301000 0.145000
vt 0.291200 0.000500
vt 0.283400 0.000500
vt 0.314800 0.000500
vt 0.371700 0.082700
vt 0.352100 0.000500
vt 0.360000 0.000500
vt 0.385500 0.000500
vt 0.348200 0.115500
vt 0.096700 0.947300
vt 0.352100 0.086900
vt 0.367800 0.086900
vt 0.202800 0.000500
vt 0.212400 0.185100
vt 0.200600 0.000500
s 1
f 1082/2809/1192 1084/2810/1193 1081/2811/1194
f 1081/2812/1194 1086/2813/1195 1085/2814/1196
s 0
f 1085/2814/1197 1088/2815/1198 1081/2812/1199
f 1083/2816/1200 1090/2817/1201 1084/2810/1202
f 1086/2813/1203 1090/2818/1204 1091/2819/1205
s 1
f 1087/2820/1206 1090/2818/1207 1088/2821/1208
s 0
f 1082/2809/1209 1088/2822/1210 1092/2823/1211
s 1
f 1088/2824/1208 1089/2825/1212 1092/2826/1213
f 1094/2827/1214 1096/2828/1215 1093/2829/1216
f 1095/2830/1217 1098/2831/1218 1096/2832/1215
f 1098/2833/1218 1099/2834/1219 1100/2835/1220
f 1099/2836/1219 1093/2837/1216 1100/2838/1220
f 1094/2839/1214 1102/2840/1221 1095/2841/1217
f 1102/2842/1221 1097/2843/1222 1095/2844/1217
f 1103/2845/1223 1099/2846/1219 1097/2847/1222
f 1104/2848/1224 1094/2849/1214 1099/2850/1219
f 1105/2851/1225 1102/2852/1221 1101/2853/1226
f 1106/2854/1227 1103/2855/1223 1102/2856/1221
f 1103/2857/1223 1108/2858/1228 1104/2859/1224
f 1108/2860/1228 1101/2861/1226 1104/2862/1224
f 1105/2863/1225 1110/2864/1229 1106/2865/1227
f 1110/2866/1229 1107/2867/1230 1106/2868/1227
f 1111/2869/1231 1108/2870/1228 1107/2871/1230
f 1112/2872/1232 1105/2873/1225 1108/2874/1228
f 1113/2875/1233 1110/2876/1229 1109/2877/1234
f 1114/2878/1235 1111/2879/1231 1110/2880/1229
f 1111/2881/1231 1116/2882/1236 1112/2883/1232
f 1116/2884/1236 1109/2885/1234 1112/2886/1232
f 1118/2887/1237 1120/2888/1238 1117/2889/1237
f 1119/2890/1238 1122/2891/1239 1120/2892/1238
f 1122/2893/1239 1123/2894/1240 1124/2895/1240
f 1123/2896/1240 1117/2897/1237 1124/2898/1240
f 1126/2899/1237 1128/2900/1238 1125/2901/1237
f 1127/2902/1238 1130/2903/1239 1128/2904/1238
f 1130/2905/1239 1131/2906/1240 1132/2907/1240
f 1131/2908/1240 1125/2909/1237 1132/2910/1240
f 1134/2911/1241 1136/2912/1242 1133/2913/1243
f 1135/2914/1244 1138/2915/1245 1136/2916/1242
f 1138/2917/1245 1139/2918/1246 1140/2919/1247
f 1139/2920/1246 1133/2921/1243 1140/2922/1247
f 1142/2923/1248 1144/2924/1249 1141/2925/1248
f 1146/2926/1250 1082/2927/1192 1145/2928/1251
f 1086/2929/1195 1145/2930/1251 1085/2931/1196
s 0
f 1147/2932/1252 1085/2931/1253 1145/2930/1254
f 1148/2933/1255 1083/2934/1256 1146/2926/1257
f 1086/2929/1258 1148/2935/1259 1146/2936/1260
s 1
f 1148/2935/1261 1087/2937/1206 1147/2938/1262
s 0
f 1082/2927/1263 1147/2939/1264 1145/2928/1254
s 1
f 1089/2940/1212 1147/2941/1262 1092/2942/1213
f 1150/2943/1265 1152/2944/1266 1149/2945/1267
f 1153/2946/1268 1151/2947/1269 1150/2948/1265
f 1153/2949/1268 1156/2950/1270 1154/2951/1271
f 1149/2952/1267 1156/2953/1270 1155/2954/1272
f 1152/2955/1266 1157/2956/1273 1158/2957/1274
f 1154/2958/1271 1157/2959/1273 1151/2960/1269
f 1156/2961/1270 1159/2962/1275 1154/2963/1271
f 1152/2964/1266 1160/2965/1276 1156/2966/1270
f 1157/2967/1273 1162/2968/1277 1158/2969/1274
f 1159/2970/1275 1161/2971/1278 1157/2972/1273
f 1159/2973/1275 1164/2974/1279 1163/2975/1280
f 1158/2976/1274 1164/2977/1279 1160/2978/1276
f 1162/2979/1277 1165/2980/1281 1166/2981/1282
f 1163/2982/1280 1165/2983/1281 1161/2984/1278
f 1164/2985/1279 1167/2986/1283 1163/2987/1280
f 1162/2988/1277 1168/2989/1284 1164/2990/1279
f 1165/2991/1281 1170/2992/1285 1166/2993/1282
f 1167/2994/1283 1169/2995/1286 1165/2996/1281
f 1167/2997/1283 1172/2998/1287 1171/2999/1288
f 1166/3000/1282 1172/3001/1287 1168/3002/1284
f 1174/3003/1289 1176/3004/1290 1173/3005/1290
f 1177/3006/1291 1175/3007/1289 1174/3008/1289
f 1177/3009/1291 1180/3010/1292 1178/3011/1291
f 1173/3012/1290 1180/3013/1292 1179/3014/1292
f 1182/3015/1289 1184/3016/1290 1181/3017/1290
f 1185/3018/1291 1183/3019/1289 1182/3020/1289
f 1185/3021/1291 1188/3022/1292 1186/3023/1291
f 1181/3024/1290 1188/3025/1292 1187/3026/1292
f 1190/3027/1293 1192/3028/1294 1189/3029/1295
f 1193/3030/1296 1191/3031/1297 1190/3032/1293
f 1193/3033/1296 1196/3034/1298 1194/3035/1299
f 1189/3036/1295 1196/3037/1298 1195/3038/1300
f 1198/3039/1301 1200/3040/1302 1197/3041/1302
f 1144/3042/1249 1199/3043/1301 1198/3044/1301
f 1141/3045/1248 1200/3046/1302 1142/3047/1248
f 1082/2809/1192 1083/2816/1303 1084/2810/1193
f 1081/2812/1194 1084/3048/1193 1086/2813/1195
s 0
f 1085/2814/1304 1087/3049/1305 1088/2815/1306
f 1083/2816/1307 1089/2825/1212 1090/2817/1308
f 1086/2813/1309 1084/3048/1202 1090/2818/1310
s 1
f 1087/2820/1206 1091/2819/1311 1090/2818/1207
s 0
f 1082/2809/1248 1081/2811/1199 1088/2822/1312
s 1
f 1088/2824/1208 1090/2817/1207 1089/2825/1212
f 1094/2827/1214 1095/3050/1217 1096/2828/1215
f 1095/2830/1217 1097/3051/1222 1098/2831/1218
f 1098/2833/1218 1097/3052/1222 1099/2834/1219
f 1099/2836/1219 1094/3053/1214 1093/2837/1216
f 1094/2839/1214 1101/3054/1226 1102/2840/1221
f 1102/2842/1221 1103/3055/1223 1097/2843/1222
f 1103/2845/1223 1104/3056/1224 1099/2846/1219
f 1104/2848/1224 1101/3057/1226 1094/2849/1214
f 1105/2851/1225 1106/3058/1227 1102/2852/1221
f 1106/2854/1227 1107/3059/1230 1103/2855/1223
f 1103/2857/1223 1107/3060/1230 1108/2858/1228
f 1108/2860/1228 1105/3061/1225 1101/2861/1226
f 1105/2863/1225 1109/3062/1234 1110/2864/1229
f 1110/2866/1229 1111/3063/1231 1107/2867/1230
f 1111/2869/1231 1112/3064/1232 1108/2870/1228
f 1112/2872/1232 1109/3065/1234 1105/2873/1225
f 1113/2875/1233 1114/3066/1235 1110/2876/1229
f 1114/2878/1235 1115/3067/1313 1111/2879/1231
f 1111/2881/1231 1115/3068/1313 1116/2882/1236
f 1116/2884/1236 1113/3069/1233 1109/2885/1234
f 1118/2887/1237 1119/3070/1238 1120/2888/1238
f 1119/2890/1238 1121/3071/1239 1122/2891/1239
f 1122/2893/1239 1121/3072/1239 1123/2894/1240
f 1123/2896/1240 1118/3073/1237 1117/2897/1237
f 1126/2899/1237 1127/3074/1238 1128/2900/1238
f 1127/2902/1238 1129/3075/1239 1130/2903/1239
f 1130/2905/1239 1129/3076/1239 1131/2906/1240
f 1131/2908/1240 1126/3077/1237 1125/2909/1237
f 1134/2911/1241 1135/3078/1244 1136/2912/1242
f 1135/2914/1244 1137/3079/1314 1138/2915/1245
f 1138/2917/1245 1137/3080/1314 1139/2918/1246
f 1139/2920/1246 1134/3081/1241 1133/2921/1243
f 1142/2923/1248 1143/3082/1249 1144/2924/1249
f 1146/2926/1250 1083/2934/1303 1082/2927/1192
f 1086/2929/1195 1146/2936/1250 1145/2930/1251
s 0
f 1147/2932/1315 1087/3083/1305 1085/2931/1316
f 1148/2933/1317 1089/2940/1318 1083/2934/1319
f 1086/2929/1320 1091/3084/1321 1148/2935/1322
s 1
f 1148/2935/1261 1091/3084/1311 1087/2937/1206
s 0
f 1082/2927/1323 1092/3085/1213 1147/2939/1324
s 1
f 1089/2940/1212 1148/2933/1261 1147/2941/1262
f 1150/2943/1265 1151/3086/1269 1152/2944/1266
f 1153/2946/1268 1154/3087/1271 1151/2947/1269
f 1153/2949/1268 1155/3088/1272 1156/2950/1270
f 1149/2952/1267 1152/3089/1266 1156/2953/1270
f 1152/2955/1266 1151/3090/1269 1157/2956/1273
f 1154/2958/1271 1159/3091/1275 1157/2959/1273
f 1156/2961/1270 1160/3092/1276 1159/2962/1275
f 1152/2964/1266 1158/3093/1274 1160/2965/1276
f 1157/2967/1273 1161/3094/1278 1162/2968/1277
f 1159/2970/1275 1163/3095/1280 1161/2971/1278
f 1159/2973/1275 1160/3096/1276 1164/2974/1279
f 1158/2976/1274 1162/3097/1277 1164/2977/1279
f 1162/2979/1277 1161/3098/1278 1165/2980/1281
f 1163/2982/1280 1167/3099/1283 1165/2983/1281
f 1164/2985/1279 1168/3100/1284 1167/2986/1283
f 1162/2988/1277 1166/3101/1282 1168/2989/1284
f 1165/2991/1281 1169/3102/1286 1170/2992/1285
f 1167/2994/1283 1171/3103/1288 1169/2995/1286
f 1167/2997/1283 1168/3104/1284 1172/2998/1287
f 1166/3000/1282 1170/3105/1285 1172/3001/1287
f 1174/3003/1289 1175/3106/1289 1176/3004/1290
f 1177/3006/1291 1178/3107/1291 1175/3007/1289
f 1177/3009/1291 1179/3108/1292 1180/3010/1292
f 1173/3012/1290 1176/3109/1290 1180/3013/1292
f 1182/3015/1289 1183/3110/1289 1184/3016/1290
f 1185/3018/1291 1186/3111/1291 1183/3019/1289
f 1185/3021/1291 1187/3112/1292 1188/3022/1292
f 1181/3024/1290 1184/3113/1290 1188/3025/1292
f 1190/3027/1293 1191/3114/1297 1192/3028/1294
f 1193/3030/1296 1194/3115/1299 1191/3031/1297
f 1193/3033/1296 1195/3116/1300 1196/3034/1298
f 1189/3036/1295 1192/3117/1294 1196/3037/1298
f 1198/3039/1301 1199/3118/1301 1200/3040/1302
f 1144/3042/1249 1143/3119/1249 1199/3043/1301
f 1141/3045/1248 1197/3120/1302 1200/3046/1302
o frame010
v 30.833664 6.066044 15.261791
v 30.833664 6.066043 -0.341214
v 30.967468 6.066043 -0.341214
v 30.967468 6.066044 15.261791
v 30.833664 9.209239 -0.341214
v 30.967468 9.209239 -0.341214
v 30.833664 9.105044 -0.341214
v 30.833664 6.168243 14.237293
v 30.967468 6.168242 -0.341214
v 30.967468 6.168243 14.237293
v 30.967468 9.105044 -0.341214
v 30.833664 6.168242 -0.341214
v 30.878464 6.155940 -0.311612
v 30.878464 8.440341 2.879291
v 30.878464 8.502040 2.883487
v 30.878464 6.214740 -0.311612
v 30.926270 8.502040 2.883487
v 30.926270 6.214740 -0.311612
v 30.926270 8.440341 2.879291
v 30.926270 6.155940 -0.311612
v 30.878464 6.129040 5.336788
v 30.878464 6.185242 5.346790
v 30.926270 6.185242 5.346790
v 30.926270 6.129040 5.336788
v 30.878464 7.431042 7.823588
v 30.878464 7.485241 7.828792
v 30.926270 7.485241 7.828792
v 30.926270 7.431042 7.823588
v 30.878464 6.106144 10.091587
v 30.878464 6.159641 10.097790
v 30.926270 6.159641 10.097790
v 30.926270 6.106144 10.091587
v 30.878464 6.588741 12.093486
v 30.878464 6.633343 12.076388
v 30.926270 6.633343 12.076388
v 30.926270 6.588741 12.093486
v 30.871262 8.469943 2.853893
v 30.871262 6.168243 2.854091
v 30.871262 6.168243 2.901889
v 30.871262 8.469943 2.901691
v 30.933456 6.168243 2.901889
v 30.933456 8.469943 2.901691
v 30.933456 6.168243 2.854091
v 30.933456 8.469943 2.853893
v 30.871262 7.478142 7.800792
v 30.871262 6.168243 7.800991
v 30.871262 6.168243 7.848789
v 30.871262 7.478142 7.848590
v 30.933456 6.168243 7.848789
v 30.933456 7.478142 7.848590
v 30.933456 6.168243 7.800991
v 30.933456 7.478142 7.800792
v 30.871262 6.622742 12.075992
v 30.871262 6.168243 12.076191
v 30.871262 6.168243 12.123989
v 30.871262 6.622742 12.123790
v 30.933456 6.168243 12.123989
v 30.933456 6.622742 12.123790
v 30.933456 6.168243 12.076191
v 30.933456 6.622742 12.075992
v 30.871262 9.109340 -0.311810
v 30.871262 6.168242 -0.311612
v 30.933456 6.168242 -0.311612
v 30.933456 9.109340 -0.311810
v 30.833664 6.066042 -15.944115
v 30.967468 6.066042 -15.944115
v 30.833664 6.168242 -14.919609
v 30.967468 6.168242 -14.919609
v 30.878464 6.155940 -0.370709
v 30.878464 6.214740 -0.370709
v 30.878464 8.502040 -3.565808
v 30.878464 8.440341 -3.561711
v 30.926270 6.214740 -0.370709
v 30.926270 8.502040 -3.565808
v 30.926270 6.155940 -0.370709
v 30.926270 8.440341 -3.561711
v 30.878464 6.185241 -6.029110
v 30.878464 6.129039 -6.019108
v 30.926270 6.185241 -6.029110
v 30.926270 6.129039 -6.019108
v 30.878464 7.485240 -8.511117
v 30.878464 7.431041 -8.505914
v 30.926270 7.485240 -8.511117
v 30.926270 7.431041 -8.505914
v 30.878464 6.159639 -10.780113
v 30.878464 6.106142 -10.774010
v 30.926270 6.159639 -10.780113
v 30.926270 6.106142 -10.774010
v 30.878464 6.633341 -12.758813
v 30.878464 6.588739 -12.775918
v 30.926270 6.633341 -12.758813
v 30.926270 6.588739 -12.775918
v 30.871262 8.469943 -3.536313
v 30.871262 8.469943 -3.584111
v 30.871262 6.168242 -3.584309
v 30.871262 6.168242 -3.536511
v 30.933456 8.469943 -3.584111
v 30.933456 6.168242 -3.584309
v 30.933456 8.469943 -3.536313
v 30.933456 6.168242 -3.536511
v 30.871262 7.478141 -8.483117
v 30.871262 7.478141 -8.530908
v 30.871262 6.168242 -8.531105
v 30.871262 6.168242 -8.483315
v 30.933456 7.478141 -8.530908
v 30.933456 6.168242 -8.531105
v 30.933456 7.478141 -8.483117
v 30.933456 6.168242 -8.483315
v 30.871262 6.622740 -12.758416
v 30.871262 6.622740 -12.806207
v 30.871262 6.168242 -12.806404
v 30.871262 6.168242 -12.758614
v 30.933456 6.622740 -12.806207
v 30.933456 6.168242 -12.806404
v 30.933456 6.622740 -12.758416
v 30.933456 6.168242 -12.758614
v 30.871262 9.109340 -0.370511
v 30.933456 9.109340 -0.370511
v 30.933456 6.168242 -0.370709
v 30.871262 6.168242 -0.370709
vn -0.7071 -0.7071 -0.0000
vn 0.5605 -0.0822 0.8241
vn -0.5605 -0.0822 0.8241
vn 0.6736 0.7391 0.0002
vn -0.6652 0.7466 -0.0001
vn -0.6651 -0.1525 0.7310
vn -0.9987 0.0055 -0.0509
vn -0.5377 -0.0836 0.8390
vn 0.7070 0.0050 0.7072
vn 0.9987 0.0046 -0.0509
vn 0.5377 -0.0837 0.8390
vn 0.6651 0.7468 0.0032
vn 0.9987 0.0101 -0.0502
vn 0.7544 -0.6564 -0.0000
vn -0.7440 -0.6682 -0.0000
vn 0.9882 0.0150 -0.1524
vn -0.9882 0.0152 -0.1523
vn -0.7070 -0.7073 0.0033
vn -0.9987 -0.0000 -0.0511
vn -0.7073 0.7070 -0.0000
vn 0.7071 0.7071 -0.0000
vn -0.7071 0.7071 -0.0000
vn -0.8809 -0.4722 -0.0316
vn -0.8129 0.4736 -0.3391
vn -0.5173 -0.6959 0.4982
vn -0.5883 0.8068 0.0539
vn 0.8129 0.4736 -0.3391
vn 0.8809 -0.4722 -0.0316
vn 0.5173 -0.6959 0.4982
vn -0.8633 0.5000 0.0685
vn 0.5883 0.8069 0.0539
vn 0.8633 0.4999 0.0685
vn 0.5970 -0.7948 -0.1089
vn -0.8339 -0.5518 -0.0128
vn -0.5970 -0.7948 -0.1089
vn -0.6126 0.7902 0.0183
vn 0.8339 -0.5518 -0.0128
vn -0.8014 0.5917 0.0876
vn 0.6126 0.7902 0.0183
vn 0.8013 0.5918 0.0876
vn 0.6319 -0.7668 -0.1128
vn -0.6761 -0.7163 0.1727
vn -0.6319 -0.7668 -0.1128
vn -0.7348 0.6596 -0.1579
vn 0.6759 -0.7165 0.1727
vn -0.7071 -0.0001 -0.7071
vn -0.7071 0.0001 0.7071
vn 0.7071 0.0001 0.7071
vn 0.7071 -0.0001 -0.7071
vn -0.7072 -0.0003 -0.7070
vn -0.7072 0.0003 0.7070
vn -0.7070 -0.0003 -0.7072
vn -0.7070 0.0003 0.7072
vn 0.7072 0.0003 0.7070
vn 0.7072 -0.0003 -0.7070
vn 0.7070 -0.0003 -0.7072
vn -0.7071 -0.0000 0.7071
vn 0.7071 -0.0000 0.7071
vn 0.5605 -0.0822 -0.8241
vn -0.5605 -0.0821 -0.8241
vn -0.9987 0.0053 0.0508
vn -0.6652 -0.1474 -0.7319
vn -0.5377 -0.0837 -0.8390
vn 0.9987 0.0048 0.0510
vn 0.7071 -0.0000 -0.7071
vn 0.5377 -0.0837 -0.8390
vn 0.6653 -0.1524 -0.7308
vn 0.9987 0.0054 0.0508
vn 0.5377 -0.0836 -0.8390
vn 0.9882 0.0152 0.1523
vn -0.9882 0.0153 0.1523
vn -0.7071 0.0050 -0.7071
vn -0.9987 0.0047 0.0509
vn -0.8129 0.4736 0.3391
vn -0.8809 -0.4722 0.0316
vn -0.5173 -0.6959 -0.4982
vn 0.8129 0.4736 0.3391
vn -0.5883 0.8069 -0.0539
vn 0.8809 -0.4722 0.0316
vn 0.5883 0.8069 -0.0539
vn 0.5173 -0.6959 -0.4982
vn -0.8633 0.5000 -0.0685
vn -0.5970 -0.7948 0.1090
vn 0.8633 0.4999 -0.0685
vn 0.5970 -0.7948 0.1090
vn -0.8339 -0.5518 0.0128
vn -0.6126 0.7902 -0.0183
vn 0.8339 -0.5518 0.0128
vn 0.6126 0.7902 -0.0183
vn -0.8013 0.5918 -0.0876
vn -0.6319 -0.7668 0.1128
vn 0.8014 0.5917 -0.0876
vn 0.6319 -0.7668 0.1128
vn -0.6760 -0.7163 -0.1727
vn -0.7349 0.6596 0.1579
vn 0.6761 -0.7163 -0.1727
vn 0.7348 0.6596 0.1579
vn -0.7071 0.0001 -0.7071
vn -0.7071 -0.0001 0.7071
vn 0.7071 0.0001 -0.7071
vn 0.7071 -0.0001 0.7071
vn -0.7072 0.0003 -0.7070
vn -0.7072 -0.0003 0.7070
vn -0.7070 -0.0003 0.7072
vn 0.7072 0.0003 -0.7070
vn -0.7070 0.0003 -0.7072
vn 0.7072 -0.0003 0.7070
vn 0.7070 0.0003 -0.7072
vn 0.7070 -0.0003 0.7072
vn -0.7071 -0.0000 -0.7071
vn 0.7071 -0.7071 -0.0000
vn -0.6651 0.7468 0.0032
vn -0.7545 -0.6563 -0.0000
vn -0.9987 0.0105 -0.0501
vn 0.7070 -0.7073 0.0033
vn 0.7073 0.7070 -0.0000
vn 0.9987 -0.0004 -0.0511
vn 0.6651 -0.1475 0.7321
vn 0.9987 0.0056 -0.0509
vn 0.7543 -0.6565 -0.0000
vn -0.7070 -0.0000 0.7073
vn -0.5377 -0.0837 0.8390
vn -0.9987 0.0045 -0.0509
vn 0.7348 0.6596 -0.1579
vn 0.7070 0.0003 0.7072
vn -0.9987 0.0101 0.0501
vn -0.7544 -0.6564 -0.0000
vn -0.6652 0.7466 -0.0032
vn 0.9987 -0.0000 0.0512
vn 0.7071 0.7071 -0.0002
vn 0.7071 -0.7071 -0.0033
vn 0.6653 0.7466 -0.0036
vn 0.7543 -0.6566 -0.0000
vn 0.9987 0.0104 0.0501
vn -0.7071 -0.7071 -0.0035
vn -0.9987 -0.0004 0.0511
vt 0.105100 0.000500
vt 0.113500 0.979800
vt 0.105100 0.979800
vt 0.006900 0.000500
vt 0.015300 0.999500
vt 0.006900 0.999500
vt 0.000500 0.064800
vt 0.113500 0.000500
vt 0.120000 0.915500
vt 0.021700 0.064800
vt 0.021700 0.998200
vt 0.030100 0.998200
vt 0.030100 0.064800
vt 0.098700 0.915500
vt 0.098700 0.000500
vt 0.128400 0.915500
vt 0.120000 0.000500
vt 0.128400 0.000500
vt 0.133900 0.749800
vt 0.130100 0.503400
vt 0.133900 0.503400
vt 0.130100 0.000500
vt 0.133100 0.247100
vt 0.130100 0.247100
vt 0.133900 0.251900
vt 0.130100 0.498400
vt 0.130100 0.251900
vt 0.149800 0.000500
vt 0.152800 0.246800
vt 0.149800 0.246800
vt 0.171400 0.212500
vt 0.175100 0.000500
vt 0.175100 0.212500
vt 0.157600 0.000500
vt 0.160600 0.212700
vt 0.157600 0.212700
vt 0.169200 0.212500
vt 0.165500 0.000500
vt 0.169200 0.000500
vt 0.193000 0.000500
vt 0.196000 0.212200
vt 0.193000 0.212200
vt 0.231900 0.176500
vt 0.228400 0.000500
vt 0.231900 0.000500
vt 0.248000 0.000500
vt 0.251000 0.176400
vt 0.248000 0.176400
vt 0.235800 0.000500
vt 0.232300 0.176500
vt 0.232300 0.000500
vt 0.220500 0.000500
vt 0.223500 0.176700
vt 0.220500 0.176700
vt 0.271600 0.165400
vt 0.275000 0.000500
vt 0.275000 0.165400
vt 0.251900 0.000500
vt 0.254900 0.165400
vt 0.251900 0.165400
vt 0.267100 0.165400
vt 0.263700 0.000500
vt 0.267100 0.000500
vt 0.279400 0.000500
vt 0.282400 0.165400
vt 0.279400 0.165400
vt 0.331700 0.129000
vt 0.328500 0.000500
vt 0.331700 0.000500
vt 0.340300 0.000500
vt 0.343300 0.128200
vt 0.340300 0.128200
vt 0.327800 0.000500
vt 0.324600 0.129000
vt 0.324600 0.000500
vt 0.320700 0.000500
vt 0.323700 0.129700
vt 0.320700 0.129700
vt 0.300100 0.145000
vt 0.297100 0.000500
vt 0.300100 0.000500
vt 0.130100 0.754800
vt 0.134100 0.899200
vt 0.130100 0.899200
vt 0.296200 0.000500
vt 0.293200 0.145000
vt 0.293200 0.000500
vt 0.305000 0.000500
vt 0.308900 0.145000
vt 0.305000 0.145000
vt 0.370800 0.082700
vt 0.367800 0.000500
vt 0.370800 0.000500
vt 0.354100 0.000500
vt 0.358000 0.082700
vt 0.354100 0.082700
vt 0.366900 0.000500
vt 0.363900 0.082700
vt 0.363900 0.000500
vt 0.375700 0.000500
vt 0.379600 0.082700
vt 0.375700 0.082700
vt 0.363000 0.115500
vt 0.360000 0.086900
vt 0.363000 0.086900
vt 0.092800 0.917800
vt 0.096700 0.946300
vt 0.092800 0.946300
vt 0.359000 0.086900
vt 0.356000 0.115500
vt 0.356000 0.086900
vt 0.157600 0.218500
vt 0.161600 0.247100
vt 0.157600 0.247100
vt 0.214600 0.000500
vt 0.218500 0.185100
vt 0.214600 0.185100
vt 0.082100 0.979800
vt 0.073700 0.000500
vt 0.073700 0.979800
vt 0.050700 0.999500
vt 0.042300 0.000500
vt 0.042300 0.999500
vt 0.035900 0.064800
vt 0.088500 0.915500
vt 0.082100 0.000500
vt 0.057100 0.064800
vt 0.050700 0.000500
vt 0.065500 0.998200
vt 0.065500 0.064800
vt 0.067300 0.915500
vt 0.088500 0.000500
vt 0.096900 0.915500
vt 0.096900 0.000500
vt 0.138000 0.000500
vt 0.141800 0.247000
vt 0.141800 0.000500
vt 0.137100 0.247100
vt 0.134100 0.000500
vt 0.134100 0.247100
vt 0.147700 0.000500
vt 0.143900 0.247000
vt 0.147700 0.247000
vt 0.156700 0.246800
vt 0.153700 0.000500
vt 0.153700 0.246800
vt 0.177300 0.212500
vt 0.181000 0.000500
vt 0.177300 0.000500
vt 0.164600 0.212700
vt 0.161600 0.000500
vt 0.161600 0.212700
vt 0.183200 0.000500
vt 0.186900 0.212500
vt 0.186900 0.000500
vt 0.192100 0.212200
vt 0.189100 0.000500
vt 0.189100 0.212200
vt 0.240100 0.000500
vt 0.243600 0.176500
vt 0.243600 0.000500
vt 0.247100 0.176400
vt 0.244100 0.000500
vt 0.244100 0.176400
vt 0.239700 0.000500
vt 0.236200 0.176500
vt 0.239700 0.176500
vt 0.227400 0.176700
vt 0.224400 0.000500
vt 0.224400 0.176700
vt 0.267600 0.165400
vt 0.271000 0.000500
vt 0.267600 0.000500
vt 0.258900 0.165400
vt 0.255900 0.000500
vt 0.255900 0.165400
vt 0.259800 0.000500
vt 0.263200 0.165400
vt 0.263200 0.000500
vt 0.278500 0.165400
vt 0.275500 0.000500
vt 0.275500 0.165400
vt 0.332500 0.000500
vt 0.335700 0.129000
vt 0.335700 0.000500
vt 0.347200 0.128200
vt 0.344200 0.000500
vt 0.344200 0.128200
vt 0.339600 0.000500
vt 0.336400 0.129000
vt 0.339600 0.129000
vt 0.319700 0.129700
vt 0.316700 0.000500
vt 0.316700 0.129700
vt 0.301000 0.000500
vt 0.304000 0.145000
vt 0.304000 0.000500
vt 0.291200 0.145000
vt 0.287300 0.000500
vt 0.287300 0.145000
vt 0.286400 0.000500
vt 0.283400 0.145000
vt 0.286400 0.145000
vt 0.314800 0.145000
vt 0.310900 0.000500
vt 0.310900 0.145000
vt 0.371700 0.000500
vt 0.374700 0.082700
vt 0.374700 0.000500
vt 0.352100 0.082700
vt 0.348200 0.000500
vt 0.348200 0.082700
vt 0.363000 0.000500
vt 0.360000 0.082700
vt 0.363000 0.082700
vt 0.385500 0.082700
vt 0.381600 0.000500
vt 0.381600 0.082700
vt 0.348200 0.086900
vt 0.351200 0.115500
vt 0.351200 0.086900
vt 0.096700 0.975800
vt 0.092800 0.947300
vt 0.092800 0.975800
vt 0.355100 0.086900
vt 0.352100 0.115500
vt 0.355100 0.115500
vt 0.367800 0.115500
vt 0.363900 0.086900
vt 0.363900 0.115500
vt 0.202800 0.185100
vt 0.206700 0.000500
vt 0.206700 0.185100
vt 0.212400 0.000500
vt 0.208700 0.185100
vt 0.208700 0.000500
vt 0.196900 0.000500
vt 0.200600 0.185100
vt 0.196900 0.185100
vt 0.015300 0.000500
vt 0.000500 0.998200
vt 0.130100 0.749800
vt 0.133100 0.000500
vt 0.133900 0.498400
vt 0.152800 0.000500
vt 0.171400 0.000500
vt 0.160600 0.000500
vt 0.165500 0.212500
vt 0.196000 0.000500
vt 0.228400 0.176500
vt 0.251000 0.000500
vt 0.235800 0.176500
vt 0.223500 0.000500
vt 0.271600 0.000500
vt 0.254900 0.000500
vt 0.263700 0.165400
vt 0.282400 0.000500
vt 0.328500 0.129000
vt 0.343300 0.000500
vt 0.327800 0.129000
vt 0.323700 0.000500
vt 0.297100 0.145000
vt 0.134100 0.754800
vt 0.296200 0.145000
vt 0.308900 0.000500
vt 0.367800 0.082700
vt 0.358000 0.000500
vt 0.366900 0.082700
vt 0.379600 0.000500
vt 0.360000 0.115500
vt 0.096700 0.917800
vt 0.359000 0.115500
vt 0.161600 0.218500
vt 0.218500 0.000500
vt 0.035900 0.998200
vt 0.057100 0.998200
vt 0.067300 0.000500
vt 0.138000 0.247000
vt 0.137100 0.000500
vt 0.143900 0.000500
vt 0.156700 0.000500
vt 0.181000 0.212500
vt 0.164600 0.000500
vt 0.183200 0.212500
vt 0.192100 0.000500
vt 0.240100 0.176500
vt 0.247100 0.000500
vt 0.236200 0.000500
vt 0.227400 0.000500
vt 0.271000 0.165400
vt 0.258900 0.000500
vt 0.259800 0.165400
vt 0.278500 0.000500
vt 0.332500 0.129000
vt 0.347200 0.000500
vt 0.336400 0.000500
vt 0.319700 0.000500
vt 0.301000 0.145000
vt 0.291200 0.000500
vt 0.283400 0.000500
vt 0.314800 0.000500
vt 0.371700 0.082700
vt 0.352100 0.000500
vt 0.360000 0.000500
vt 0.385500 0.000500
vt 0.348200 0.115500
vt 0.096700 0.947300
vt 0.352100 0.086900
vt 0.367800 0.086900
vt 0.202800 0.000500
vt 0.212400 0.185100
vt 0.200600 0.000500
s 1
f 1202/3121/1325 1204/3122/1326 1201/3123/1327
f 1201/3124/1327 1206/3125/1328 1205/3126/1329
s 0
f 1205/3126/1330 1208/3127/1331 1201/3124/1332
f 1203/3128/1333 1210/3129/1334 1204/3122/1335
f 1206/3125/1336 1210/3130/1337 1211/3131/1338
s 1
f 1207/3132/1339 1210/3130/1340 1208/3133/1341
s 0
f 1202/3121/1342 1208/3134/1343 1212/3135/1344
s 1
f 1208/3136/1341 1209/3137/1345 1212/3138/1346
f 1214/3139/1347 1216/3140/1348 1213/3141/1349
f 1215/3142/1350 1218/3143/1351 1216/3144/1348
f 1218/3145/1351 1219/3146/1352 1220/3147/1353
f 1219/3148/1352 1213/3149/1349 1220/3150/1353
f 1214/3151/1347 1222/3152/1354 1215/3153/1350
f 1222/3154/1354 1217/3155/1355 1215/3156/1350
f 1223/3157/1356 1219/3158/1352 1217/3159/1355
f 1224/3160/1357 1214/3161/1347 1219/3162/1352
f 1225/3163/1358 1222/3164/1354 1221/3165/1359
f 1226/3166/1360 1223/3167/1356 1222/3168/1354
f 1223/3169/1356 1228/3170/1361 1224/3171/1357
f 1228/3172/1361 1221/3173/1359 1224/3174/1357
f 1225/3175/1358 1230/3176/1362 1226/3177/1360
f 1230/3178/1362 1227/3179/1363 1226/3180/1360
f 1231/3181/1364 1228/3182/1361 1227/3183/1363
f 1232/3184/1365 1225/3185/1358 1228/3186/1361
f 1233/3187/1366 1230/3188/1362 1229/3189/1367
f 1234/3190/1368 1231/3191/1364 1230/3192/1362
f 1231/3193/1364 1236/3194/1369 1232/3195/1365
f 1236/3196/1369 1229/3197/1367 1232/3198/1365
f 1238/3199/1370 1240/3200/1371 1237/3201/1370
f 1239/3202/1371 1242/3203/1372 1240/3204/1371
f 1242/3205/1372 1243/3206/1373 1244/3207/1373
f 1243/3208/1373 1237/3209/1370 1244/3210/1373
f 1246/3211/1370 1248/3212/1371 1245/3213/1370
f 1247/3214/1371 1250/3215/1372 1248/3216/1371
f 1250/3217/1372 1251/3218/1373 1252/3219/1373
f 1251/3220/1373 1245/3221/1370 1252/3222/1373
f 1254/3223/1374 1256/3224/1375 1253/3225/1376
f 1255/3226/1377 1258/3227/1378 1256/3228/1375
f 1258/3229/1378 1259/3230/1379 1260/3231/1380
f 1259/3232/1379 1253/3233/1376 1260/3234/1380
f 1262/3235/1381 1264/3236/1382 1261/3237/1381
f 1266/3238/1383 1202/3239/1325 1265/3240/1384
f 1206/3241/1328 1265/3242/1384 1205/3243/1329
s 0
f 1267/3244/1385 1205/3243/1386 1265/3242/1387
f 1268/3245/1388 1203/3246/1389 1266/3238/1390
f 1206/3241/1391 1268/3247/1392 1266/3248/1393
s 1
f 1268/3247/1394 1207/3249/1339 1267/3250/1395
s 0
f 1202/3239/1396 1267/3251/1397 1265/3240/1387
s 1
f 1209/3252/1345 1267/3253/1395 1212/3254/1346
f 1270/3255/1398 1272/3256/1399 1269/3257/1400
f 1273/3258/1401 1271/3259/1402 1270/3260/1398
f 1273/3261/1401 1276/3262/1403 1274/3263/1404
f 1269/3264/1400 1276/3265/1403 1275/3266/1405
f 1272/3267/1399 1277/3268/1406 1278/3269/1407
f 1274/3270/1404 1277/3271/1406 1271/3272/1402
f 1276/3273/1403 1279/3274/1408 1274/3275/1404
f 1272/3276/1399 1280/3277/1409 1276/3278/1403
f 1277/3279/1406 1282/3280/1410 1278/3281/1407
f 1279/3282/1408 1281/3283/1411 1277/3284/1406
f 1279/3285/1408 1284/3286/1412 1283/3287/1413
f 1278/3288/1407 1284/3289/1412 1280/3290/1409
f 1282/3291/1410 1285/3292/1414 1286/3293/1415
f 1283/3294/1413 1285/3295/1414 1281/3296/1411
f 1284/3297/1412 1287/3298/1416 1283/3299/1413
f 1282/3300/1410 1288/3301/1417 1284/3302/1412
f 1285/3303/1414 1290/3304/1418 1286/3305/1415
f 1287/3306/1416 1289/3307/1419 1285/3308/1414
f 1287/3309/1416 1292/3310/1420 1291/3311/1421
f 1286/3312/1415 1292/3313/1420 1288/3314/1417
f 1294/3315/1422 1296/3316/1423 1293/3317/1423
f 1297/3318/1424 1295/3319/1422 1294/3320/1422
f 1297/3321/1424 1300/3322/1425 1298/3323/1424
f 1293/3324/1423 1300/3325/1425 1299/3326/1425
f 1302/3327/1422 1304/3328/1423 1301/3329/1423
f 1305/3330/1424 1303/3331/1422 1302/3332/1422
f 1305/3333/1424 1308/3334/1425 1306/3335/1424
f 1301/3336/1423 1308/3337/1425 1307/3338/1425
f 1310/3339/1426 1312/3340/1427 1309/3341/1428
f 1313/3342/1429 1311/3343/1430 1310/3344/1426
f 1313/3345/1429 1316/3346/1431 1314/3347/1432
f 1309/3348/1428 1316/3349/1431 1315/3350/1433
f 1318/3351/1389 1320/3352/1434 1317/3353/1434
f 1264/3354/1382 1319/3355/1389 1318/3356/1389
f 1261/3357/1381 1320/3358/1434 1262/3359/1381
f 1202/3121/1325 1203/3128/1435 1204/3122/1326
f 1201/3124/1327 1204/3360/1326 1206/3125/1328
s 0
f 1205/3126/1436 1207/3361/1437 1208/3127/1438
f 1203/3128/1439 1209/3137/1440 1210/3129/1441
f 1206/3125/1442 1204/3360/1335 1210/3130/1443
s 1
f 1207/3132/1339 1211/3131/1444 1210/3130/1340
s 0
f 1202/3121/1445 1201/3123/1446 1208/3134/1447
s 1
f 1208/3136/1341 1210/3129/1340 1209/3137/1345
f 1214/3139/1347 1215/3362/1350 1216/3140/1348
f 1215/3142/1350 1217/3363/1355 1218/3143/1351
f 1218/3145/1351 1217/3364/1355 1219/3146/1352
f 1219/3148/1352 1214/3365/1347 1213/3149/1349
f 1214/3151/1347 1221/3366/1359 1222/3152/1354
f 1222/3154/1354 1223/3367/1356 1217/3155/1355
f 1223/3157/1356 1224/3368/1357 1219/3158/1352
f 1224/3160/1357 1221/3369/1359 1214/3161/1347
f 1225/3163/1358 1226/3370/1360 1222/3164/1354
f 1226/3166/1360 1227/3371/1363 1223/3167/1356
f 1223/3169/1356 1227/3372/1363 1228/3170/1361
f 1228/3172/1361 1225/3373/1358 1221/3173/1359
f 1225/3175/1358 1229/3374/1367 1230/3176/1362
f 1230/3178/1362 1231/3375/1364 1227/3179/1363
f 1231/3181/1364 1232/3376/1365 1228/3182/1361
f 1232/3184/1365 1229/3377/1367 1225/3185/1358
f 1233/3187/1366 1234/3378/1368 1230/3188/1362
f 1234/3190/1368 1235/3379/1448 1231/3191/1364
f 1231/3193/1364 1235/3380/1448 1236/3194/1369
f 1236/3196/1369 1233/3381/1366 1229/3197/1367
f 1238/3199/1370 1239/3382/1371 1240/3200/1371
f 1239/3202/1371 1241/3383/1372 1242/3203/1372
f 1242/3205/1372 1241/3384/1372 1243/3206/1373
f 1243/3208/1373 1238/3385/1370 1237/3209/1370
f 1246/3211/1370 1247/3386/1371 1248/3212/1371
f 1247/3214/1371 1249/3387/1372 1250/3215/1372
f 1250/3217/1372 1249/3388/1372 1251/3218/1373
f 1251/3220/1373 1246/3389/1370 1245/3221/1370
f 1254/3223/1374 1255/3390/1377 1256/3224/1375
f 1255/3226/1377 1257/3391/1449 1258/3227/1378
f 1258/3229/1378 1257/3392/1449 1259/3230/1379
f 1259/3232/1379 1254/3393/1374 1253/3233/1376
f 1262/3235/1381 1263/3394/1382 1264/3236/1382
f 1266/3238/1383 1203/3246/1435 1202/3239/1325
f 1206/3241/1328 1266/3248/1383 1265/3242/1384
s 0
f 1267/3244/1450 1207/3395/1451 1205/3243/1452
f 1268/3245/1453 1209/3252/1454 1203/3246/1455
f 1206/3241/1456 1211/3396/1457 1268/3247/1458
s 1
f 1268/3247/1394 1211/3396/1444 1207/3249/1339
s 0
f 1202/3239/1459 1212/3397/1346 1267/3251/1460
s 1
f 1209/3252/1345 1268/3245/1394 1267/3253/1395
f 1270/3255/1398 1271/3398/1402 1272/3256/1399
f 1273/3258/1401 1274/3399/1404 1271/3259/1402
f 1273/3261/1401 1275/3400/1405 1276/3262/1403
f 1269/3264/1400 1272/3401/1399 1276/3265/1403
f 1272/3267/1399 1271/3402/1402 1277/3268/1406
f 1274/3270/1404 1279/3403/1408 1277/3271/1406
f 1276/3273/1403 1280/3404/1409 1279/3274/1408
f 1272/3276/1399 1278/3405/1407 1280/3277/1409
f 1277/3279/1406 1281/3406/1411 1282/3280/1410
f 1279/3282/1408 1283/3407/1413 1281/3283/1411
f 1279/3285/1408 1280/3408/1409 1284/3286/1412
f 1278/3288/1407 1282/3409/1410 1284/3289/1412
f 1282/3291/1410 1281/3410/1411 1285/3292/1414
f 1283/3294/1413 1287/3411/1416 1285/3295/1414
f 1284/3297/1412 1288/3412/1417 1287/3298/1416
f 1282/3300/1410 1286/3413/1415 1288/3301/1417
f 1285/3303/1414 1289/3414/1419 1290/3304/1418
f 1287/3306/1416 1291/3415/1421 1289/3307/1419
f 1287/3309/1416 1288/3416/1417 1292/3310/1420
f 1286/3312/1415 1290/3417/1418 1292/3313/1420
f 1294/3315/1422 1295/3418/1422 1296/3316/1423
f 1297/3318/1424 1298/3419/1424 1295/3319/1422
f 1297/3321/1424 1299/3420/1425 1300/3322/1425
f 1293/3324/1423 1296/3421/1423 1300/3325/1425
f 1302/3327/1422 1303/3422/1422 1304/3328/1423
f 1305/3330/1424 1306/3423/1424 1303/3331/1422
f 1305/3333/1424 1307/3424/1425 1308/3334/1425
f 1301/3336/1423 1304/3425/1423 1308/3337/1425
f 1310/3339/1426 1311/3426/1430 1312/3340/1427
f 1313/3342/1429 1314/3427/1432 1311/3343/1430
f 1313/3345/1429 1315/3428/1433 1316/3346/1431
f 1309/3348/1428 1312/3429/1427 1316/3349/1431
f 1318/3351/1389 1319/3430/1389 1320/3352/1434
f 1264/3354/1382 1263/3431/1382 1319/3355/1389
f 1261/3357/1381 1317/3432/1434 1320/3358/1434
o frame011
v 38.446259 6.066044 15.261791
v 38.446259 6.066043 -0.341214
v 38.580063 6.066043 -0.341214
v 38.580063 6.066044 15.261791
v 38.446259 9.209239 -0.341214
v 38.580063 9.209239 -0.341214
v 38.446259 9.105044 -0.341214
v 38.446259 6.168243 14.237293
v 38.580063 6.168242 -0.341214
v 38.580063 6.168243 14.237293
v 38.580063 9.105044 -0.341214
v 38.446259 6.168242 -0.341214
v 38.491058 6.155940 -0.311612
v 38.491058 8.440341 2.879291
v 38.491058 8.502040 2.883487
v 38.491058 6.214740 -0.311612
v 38.538864 8.502040 2.883487
v 38.538864 6.214740 -0.311612
v 38.538864 8.440341 2.879291
v 38.538864 6.155940 -0.311612
v 38.491058 6.129040 5.336788
v 38.491058 6.185242 5.346790
v 38.538864 6.185242 5.346790
v 38.538864 6.129040 5.336788
v 38.491058 7.431042 7.823588
v 38.491058 7.485241 7.828792
v 38.538864 7.485241 7.828792
v 38.538864 7.431042 7.823588
v 38.491058 6.106144 10.091587
v 38.491058 6.159641 10.097790
v 38.538864 6.159641 10.097790
v 38.538864 6.106144 10.091587
v 38.491058 6.588741 12.093486
v 38.491058 6.633343 12.076388
v 38.538864 6.633343 12.076388
v 38.538864 6.588741 12.093486
v 38.483856 8.469943 2.853893
v 38.483856 6.168243 2.854091
v 38.483856 6.168243 2.901889
v 38.483856 8.469943 2.901691
v 38.546066 6.168243 2.901889
v 38.546066 8.469943 2.901691
v 38.546066 6.168243 2.854091
v 38.546066 8.469943 2.853893
v 38.483856 7.478142 7.800792
v 38.483856 6.168243 7.800991
v 38.483856 6.168243 7.848789
v 38.483856 7.478142 7.848590
v 38.546066 6.168243 7.848789
v 38.546066 7.478142 7.848590
v 38.546066 6.168243 7.800991
v 38.546066 7.478142 7.800792
v 38.483856 6.622742 12.075992
v 38.483856 6.168243 12.076191
v 38.483856 6.168243 12.123989
v 38.483856 6.622742 12.123790
v 38.546066 6.168243 12.123989
v 38.546066 6.622742 12.123790
v 38.546066 6.168243 12.076191
v 38.546066 6.622742 12.075992
v 38.483856 9.109340 -0.311810
v 38.483856 6.168242 -0.311612
v 38.546066 6.168242 -0.311612
v 38.546066 9.109340 -0.311810
v 38.446259 6.066042 -15.944115
v 38.580063 6.066042 -15.944115
v 38.446259 6.168242 -14.919609
v 38.580063 6.168242 -14.919609
v 38.491058 6.155940 -0.370709
v 38.491058 6.214740 -0.370709
v 38.491058 8.502040 -3.565808
v 38.491058 8.440341 -3.561711
v 38.538864 6.214740 -0.370709
v 38.538864 8.502040 -3.565808
v 38.538864 6.155940 -0.370709
v 38.538864 8.440341 -3.561711
v 38.491058 6.185241 -6.029110
v 38.491058 6.129039 -6.019108
v 38.538864 6.185241 -6.029110
v 38.538864 6.129039 -6.019108
v 38.491058 7.485240 -8.511117
v 38.491058 7.431041 -8.505914
v 38.538864 7.485240 -8.511117
v 38.538864 7.431041 -8.505914
v 38.491058 6.159639 -10.780113
v 38.491058 6.106142 -10.774010
v 38.538864 6.159639 -10.780113
v 38.538864 6.106142 -10.774010
v 38.491058 6.633341 -12.758813
v 38.491058 6.588739 -12.775918
v 38.538864 6.633341 -12.758813
v 38.538864 6.588739 -12.775918
v 38.483856 8.469943 -3.536313
v 38.483856 8.469943 -3.584111
v 38.483856 6.168242 -3.584309
v 38.483856 6.168242 -3.536511
v 38.546066 8.469943 -3.584111
v 38.546066 6.168242 -3.584309
v 38.546066 8.469943 -3.536313
v 38.546066 6.168242 -3.536511
v 38.483856 7.478141 -8.483117
v 38.483856 7.478141 -8.530908
v 38.483856 6.168242 -8.531105
v 38.483856 6.168242 -8.483315
v 38.546066 7.478141 -8.530908
v 38.546066 6.168242 -8.531105
v 38.546066 7.478141 -8.483117
v 38.546066 6.168242 -8.483315
v 38.483856 6.622740 -12.758416
v 38.483856 6.622740 -12.806207
v 38.483856 6.168242 -12.806404
v 38.483856 6.168242 -12.758614
v 38.546066 6.622740 -12.806207
v 38.546066 6.168242 -12.806404
v 38.546066 6.622740 -12.758416
v 38.546066 6.168242 -12.758614
v 38.483856 9.109340 -0.370511
v 38.546066 9.109340 -0.370511
v 38.546066 6.168242 -0.370709
v 38.483856 6.168242 -0.370709
vn -0.7071 -0.7071 -0.0000
vn 0.5605 -0.0822 0.8241
vn -0.5605 -0.0821 0.8241
vn 0.6736 0.7391 -0.0001
vn -0.6652 0.7466 0.0001
vn -0.6652 -0.1525 0.7309
vn -0.9987 0.0053 -0.0508
vn -0.5377 -0.0837 0.8390
vn 0.7073 0.0050 0.7069
vn 0.9987 0.0049 -0.0509
vn 0.5377 -0.0835 0.8390
vn 0.6654 0.7465 0.0032
vn 0.9987 0.0101 -0.0501
vn 0.7542 -0.6567 -0.0000
vn -0.7440 -0.6682 -0.0000
vn 0.9882 0.0154 -0.1523
vn -0.9882 0.0151 -0.1523
vn -0.7071 -0.7071 0.0033
vn -0.9987 -0.0000 -0.0511
vn -0.7071 0.7071 0.0002
vn 0.7071 0.7071 -0.0000
vn -0.7071 0.7071 -0.0000
vn -0.8809 -0.4722 -0.0316
vn -0.8129 0.4736 -0.3390
vn -0.5173 -0.6959 0.4982
vn -0.5883 0.8068 0.0539
vn 0.8129 0.4736 -0.3390
vn 0.8809 -0.4722 -0.0316
vn 0.5173 -0.6959 0.4982
vn -0.8633 0.4999 0.0685
vn 0.5883 0.8068 0.0539
vn 0.8633 0.5000 0.0685
vn 0.5970 -0.7948 -0.1089
vn -0.8339 -0.5518 -0.0128
vn -0.5970 -0.7948 -0.1089
vn -0.6126 0.7902 0.0183
vn 0.8339 -0.5518 -0.0128
vn -0.8013 0.5918 0.0875
vn 0.6126 0.7902 0.0183
vn 0.8013 0.5918 0.0875
vn 0.6319 -0.7668 -0.1128
vn -0.6760 -0.7164 0.1727
vn -0.6320 -0.7668 -0.1128
vn -0.7349 0.6595 -0.1579
vn 0.6761 -0.7163 0.1727
vn -0.7071 -0.0001 -0.7071
vn -0.7071 0.0001 0.7071
vn 0.7071 0.0001 0.7071
vn 0.7071 -0.0001 -0.7071
vn -0.7072 -0.0003 -0.7070
vn -0.7072 0.0003 0.7070
vn -0.7070 -0.0003 -0.7072
vn -0.7070 0.0003 0.7072
vn 0.7072 0.0003 0.7070
vn 0.7072 -0.0003 -0.7070
vn 0.7070 -0.0003 -0.7072
vn -0.7071 -0.0000 0.7071
vn 0.7071 -0.0000 0.7071
vn 0.5605 -0.0822 -0.8241
vn -0.5605 -0.0822 -0.8241
vn -0.9987 0.0054 0.0508
vn -0.6652 -0.1474 -0.7319
vn -0.5377 -0.0836 -0.8390
vn 0.9987 0.0046 0.0509
vn 0.7070 -0.0000 -0.7073
vn 0.5377 -0.0837 -0.8390
vn 0.6652 -0.1525 -0.7310
vn 0.9987 0.0056 0.0509
vn 0.5377 -0.0836 -0.8390
vn 0.9882 0.0152 0.1523
vn -0.9882 0.0151 0.1523
vn -0.7071 0.0049 -0.7071
vn -0.9987 0.0046 0.0509
vn -0.5377 -0.0837 -0.8390
vn -0.8129 0.4736 0.3390
vn -0.8809 -0.4722 0.0316
vn -0.5173 -0.6959 -0.4981
vn 0.8129 0.4736 0.3390
vn -0.5883 0.8068 -0.0539
vn 0.8809 -0.4722 0.0316
vn 0.5883 0.8068 -0.0539
vn 0.5173 -0.6959 -0.4981
vn -0.8634 0.4999 -0.0685
vn -0.5969 -0.7949 0.1089
vn 0.8633 0.5000 -0.0685
vn 0.5970 -0.7948 0.1090
vn -0.8339 -0.5518 0.0128
vn -0.6126 0.7902 -0.0183
vn 0.8339 -0.5518 0.0128
vn 0.6126 0.7902 -0.0183
vn -0.8013 0.5918 -0.0875
vn -0.6320 -0.7667 0.1128
vn 0.8013 0.5918 -0.0876
vn 0.6319 -0.7668 0.1128
vn -0.6760 -0.7164 -0.1727
vn -0.7349 0.6595 0.1579
vn 0.6760 -0.7164 -0.1727
vn 0.7349 0.6595 0.1579
vn -0.7071 0.0001 -0.7071
vn -0.7071 -0.0001 0.7071
vn 0.7071 0.0001 -0.7071
vn 0.7071 -0.0001 0.7071
vn -0.7072 0.0003 -0.7070
vn -0.7072 -0.0003 0.7070
vn -0.7070 -0.0003 0.7072
vn 0.7072 0.0003 -0.7070
vn -0.7070 0.0003 -0.7072
vn 0.7072 -0.0003 0.7070
vn 0.7070 0.0003 -0.7072
vn 0.7070 -0.0003 0.7072
vn 0.7071 -0.0000 -0.7071
vn -0.7071 -0.0000 -0.7071
vn 0.7071 -0.7071 -0.0000
vn -0.6652 0.7466 0.0036
vn -0.7544 -0.6564 -0.0000
vn -0.9987 0.0104 -0.0501
vn 0.7073 -0.7069 0.0033
vn 0.7070 0.7073 -0.0000
vn 0.9987 -0.0004 -0.0512
vn 0.6654 -0.1474 0.7318
vn 0.5376 -0.0837 0.8390
vn 0.9987 0.0052 -0.0509
vn 0.7543 -0.6565 -0.0000
vn -0.9987 0.0047 -0.0509
vn 0.7348 0.6597 -0.1579
vn 0.7070 0.0003 0.7072
vn -0.9987 0.0101 0.0501
vn -0.6652 0.7466 -0.0032
vn 0.9987 -0.0000 0.0511
vn 0.7073 0.7070 -0.0000
vn 0.7070 -0.7073 -0.0033
vn 0.6652 0.7467 -0.0032
vn 0.7544 -0.6565 -0.0000
vn 0.9987 0.0105 0.0501
vn -0.7071 -0.7071 -0.0035
vn -0.9987 -0.0004 0.0511
vt 0.105100 0.000500
vt 0.113500 0.979800
vt 0.105100 0.979800
vt 0.006900 0.000500
vt 0.015300 0.999500
vt 0.006900 0.999500
vt 0.000500 0.064800
vt 0.113500 0.000500
vt 0.120000 0.915500
vt 0.021700 0.064800
vt 0.021700 0.998200
vt 0.030100 0.998200
vt 0.030100 0.064800
vt 0.098700 0.915500
vt 0.098700 0.000500
vt 0.128400 0.915500
vt 0.120000 0.000500
vt 0.128400 0.000500
vt 0.133900 0.749800
vt 0.130100 0.503400
vt 0.133900 0.503400
vt 0.130100 0.000500
vt 0.133100 0.247100
vt 0.130100 0.247100
vt 0.133900 0.251900
vt 0.130100 0.498400
vt 0.130100 0.251900
vt 0.149800 0.000500
vt 0.152800 0.246800
vt 0.149800 0.246800
vt 0.171400 0.212500
vt 0.175100 0.000500
vt 0.175100 0.212500
vt 0.157600 0.000500
vt 0.160600 0.212700
vt 0.157600 0.212700
vt 0.169200 0.212500
vt 0.165500 0.000500
vt 0.169200 0.000500
vt 0.193000 0.000500
vt 0.196000 0.212200
vt 0.193000 0.212200
vt 0.231900 0.176500
vt 0.228400 0.000500
vt 0.231900 0.000500
vt 0.248000 0.000500
vt 0.251000 0.176400
vt 0.248000 0.176400
vt 0.235800 0.000500
vt 0.232300 0.176500
vt 0.232300 0.000500
vt 0.220500 0.000500
vt 0.223500 0.176700
vt 0.220500 0.176700
vt 0.271600 0.165400
vt 0.275000 0.000500
vt 0.275000 0.165400
vt 0.251900 0.000500
vt 0.254900 0.165400
vt 0.251900 0.165400
vt 0.267100 0.165400
vt 0.263700 0.000500
vt 0.267100 0.000500
vt 0.279400 0.000500
vt 0.282400 0.165400
vt 0.279400 0.165400
vt 0.331700 0.129000
vt 0.328500 0.000500
vt 0.331700 0.000500
vt 0.340300 0.000500
vt 0.343300 0.128200
vt 0.340300 0.128200
vt 0.327800 0.000500
vt 0.324600 0.129000
vt 0.324600 0.000500
vt 0.320700 0.000500
vt 0.323700 0.129700
vt 0.320700 0.129700
vt 0.300100 0.145000
vt 0.297100 0.000500
vt 0.300100 0.000500
vt 0.130100 0.754800
vt 0.134100 0.899200
vt 0.130100 0.899200
vt 0.296200 0.000500
vt 0.293200 0.145000
vt 0.293200 0.000500
vt 0.305000 0.000500
vt 0.308900 0.145000
vt 0.305000 0.145000
vt 0.370800 0.082700
vt 0.367800 0.000500
vt 0.370800 0.000500
vt 0.354100 0.000500
vt 0.358000 0.082700
vt 0.354100 0.082700
vt 0.366900 0.000500
vt 0.363900 0.082700
vt 0.363900 0.000500
vt 0.375700 0.000500
vt 0.379600 0.082700
vt 0.375700 0.082700
vt 0.363000 0.115500
vt 0.360000 0.086900
vt 0.363000 0.086900
vt 0.092800 0.917800
vt 0.096700 0.946300
vt 0.092800 0.946300
vt 0.359000 0.086900
vt 0.356000 0.115500
vt 0.356000 0.086900
vt 0.157600 0.218500
vt 0.161600 0.247100
vt 0.157600 0.247100
vt 0.214600 0.000500
vt 0.218500 0.185100
vt 0.214600 0.185100
vt 0.082100 0.979800
vt 0.073700 0.000500
vt 0.073700 0.979800
vt 0.050700 0.999500
vt 0.042300 0.000500
vt 0.042300 0.999500
vt 0.035900 0.064800
vt 0.088500 0.915500
vt 0.082100 0.000500
vt 0.057100 0.064800
vt 0.050700 0.000500
vt 0.065500 0.998200
vt 0.065500 0.064800
vt 0.067300 0.915500
vt 0.088500 0.000500
vt 0.096900 0.915500
vt 0.096900 0.000500
vt 0.138000 0.000500
vt 0.141800 0.247000
vt 0.141800 0.000500
vt 0.137100 0.247100
vt 0.134100 0.000500
vt 0.134100 0.247100
vt 0.147700 0.000500
vt 0.143900 0.247000
vt 0.147700 0.247000
vt 0.156700 0.246800
vt 0.153700 0.000500
vt 0.153700 0.246800
vt 0.177300 0.212500
vt 0.181000 0.000500
vt 0.177300 0.000500
vt 0.164600 0.212700
vt 0.161600 0.000500
vt 0.161600 0.212700
vt 0.183200 0.000500
vt 0.186900 0.212500
vt 0.186900 0.000500
vt 0.192100 0.212200
vt 0.189100 0.000500
vt 0.189100 0.212200
vt 0.240100 0.000500
vt 0.243600 0.176500
vt 0.243600 0.000500
vt 0.247100 0.176400
vt 0.244100 0.000500
vt 0.244100 0.176400
vt 0.239700 0.000500
vt 0.236200 0.176500
vt 0.239700 0.176500
vt 0.227400 0.176700
vt 0.224400 0.000500
vt 0.224400 0.176700
vt 0.267600 0.165400
vt 0.271000 0.000500
vt 0.267600 0.000500
vt 0.258900 0.165400
vt 0.255900 0.000500
vt 0.255900 0.165400
vt 0.259800 0.000500
vt 0.263200 0.165400
vt 0.263200 0.000500
vt 0.278500 0.165400
vt 0.275500 0.000500
vt 0.275500 0.165400
vt 0.332500 0.000500
vt 0.335700 0.129000
vt 0.335700 0.000500
vt 0.347200 0.128200
vt 0.344200 0.000500
vt 0.344200 0.128200
vt 0.339600 0.000500
vt 0.336400 0.129000
vt 0.339600 0.129000
vt 0.319700 0.129700
vt 0.316700 0.000500
vt 0.316700 0.129700
vt 0.301000 0.000500
vt 0.304000 0.145000
vt 0.304000 0.000500
vt 0.291200 0.145000
vt 0.287300 0.000500
vt 0.287300 0.145000
vt 0.286400 0.000500
vt 0.283400 0.145000
vt 0.286400 0.145000
vt 0.314800 0.145000
vt 0.310900 0.000500
vt 0.310900 0.145000
vt 0.371700 0.000500
vt 0.374700 0.082700
vt 0.374700 0.000500
vt 0.352100 0.082700
vt 0.348200 0.000500
vt 0.348200 0.082700
vt 0.363000 0.000500
vt 0.360000 0.082700
vt 0.363000 0.082700
vt 0.385500 0.082700
vt 0.381600 0.000500
vt 0.381600 0.082700
vt 0.348200 0.086900
vt 0.351200 0.115500
vt 0.351200 0.086900
vt 0.096700 0.975800
vt 0.092800 0.947300
vt 0.092800 0.975800
vt 0.355100 0.086900
vt 0.352100 0.115500
vt 0.355100 0.115500
vt 0.367800 0.115500
vt 0.363900 0.086900
vt 0.363900 0.115500
vt 0.202800 0.185100
vt 0.206700 0.000500
vt 0.206700 0.185100
vt 0.212400 0.000500
vt 0.208700 0.185100
vt 0.208700 0.000500
vt 0.196900 0.000500
vt 0.200600 0.185100
vt 0.196900 0.185100
vt 0.015300 0.000500
vt 0.000500 0.998200
vt 0.130100 0.749800
vt 0.133100 0.000500
vt 0.133900 0.498400
vt 0.152800 0.000500
vt 0.171400 0.000500
vt 0.160600 0.000500
vt 0.165500 0.212500
vt 0.196000 0.000500
vt 0.228400 0.176500
vt 0.251000 0.000500
vt 0.235800 0.176500
vt 0.223500 0.000500
vt 0.271600 0.000500
vt 0.254900 0.000500
vt 0.263700 0.165400
vt 0.282400 0.000500
vt 0.328500 0.129000
vt 0.343300 0.000500
vt 0.327800 0.129000
vt 0.323700 0.000500
vt 0.297100 0.145000
vt 0.134100 0.754800
vt 0.296200 0.145000
vt 0.308900 0.000500
vt 0.367800 0.082700
vt 0.358000 0.000500
vt 0.366900 0.082700
vt 0.379600 0.000500
vt 0.360000 0.115500
vt 0.096700 0.917800
vt 0.359000 0.115500
vt 0.161600 0.218500
vt 0.218500 0.000500
vt 0.035900 0.998200
vt 0.057100 0.998200
vt 0.067300 0.000500
vt 0.138000 0.247000
vt 0.137100 0.000500
vt 0.143900 0.000500
vt 0.156700 0.000500
vt 0.181000 0.212500
vt 0.164600 0.000500
vt 0.183200 0.212500
vt 0.192100 0.000500
vt 0.240100 0.176500
vt 0.247100 0.000500
vt 0.236200 0.000500
vt 0.227400 0.000500
vt 0.271000 0.165400
vt 0.258900 0.000500
vt 0.259800 0.165400
vt 0.278500 0.000500
vt 0.332500 0.129000
vt 0.347200 0.000500
vt 0.336400 0.000500
vt 0.319700 0.000500
vt 0.301000 0.145000
vt 0.291200 0.000500
vt 0.283400 0.000500
vt 0.314800 0.000500
vt 0.371700 0.082700
vt 0.352100 0.000500
vt 0.360000 0.000500
vt 0.385500 0.000500
vt 0.348200 0.115500
vt 0.096700 0.947300
vt 0.352100 0.086900
vt 0.367800 0.086900
vt 0.202800 0.000500
vt 0.212400 0.185100
vt 0.200600 0.000500
s 1
f 1322/3433/1461 1324/3434/1462 1321/3435/1463
f 1321/3436/1463 1326/3437/1464 1325/3438/1465
s 0
f 1325/3438/1466 1328/3439/1467 1321/3436/1468
f 1323/3440/1469 1330/3441/1470 1324/3434/1471
f 1326/3437/1472 1330/3442/1473 1331/3443/1474
s 1
f 1327/3444/1475 1330/3442/1476 1328/3445/1477
s 0
f 1322/3433/1478 1328/3446/1479 1332/3447/1480
s 1
f 1328/3448/1477 1329/3449/1481 1332/3450/1482
f 1334/3451/1483 1336/3452/1484 1333/3453/1485
f 1335/3454/1486 1338/3455/1487 1336/3456/1484
f 1338/3457/1487 1339/3458/1488 1340/3459/1489
f 1339/3460/1488 1333/3461/1485 1340/3462/1489
f 1334/3463/1483 1342/3464/1490 1335/3465/1486
f 1342/3466/1490 1337/3467/1491 1335/3468/1486
f 1343/3469/1492 1339/3470/1488 1337/3471/1491
f 1344/3472/1493 1334/3473/1483 1339/3474/1488
f 1345/3475/1494 1342/3476/1490 1341/3477/1495
f 1346/3478/1496 1343/3479/1492 1342/3480/1490
f 1343/3481/1492 1348/3482/1497 1344/3483/1493
f 1348/3484/1497 1341/3485/1495 1344/3486/1493
f 1345/3487/1494 1350/3488/1498 1346/3489/1496
f 1350/3490/1498 1347/3491/1499 1346/3492/1496
f 1351/3493/1500 1348/3494/1497 1347/3495/1499
f 1352/3496/1501 1345/3497/1494 1348/3498/1497
f 1353/3499/1502 1350/3500/1498 1349/3501/1503
f 1354/3502/1504 1351/3503/1500 1350/3504/1498
f 1351/3505/1500 1356/3506/1505 1352/3507/1501
f 1356/3508/1505 1349/3509/1503 1352/3510/1501
f 1358/3511/1506 1360/3512/1507 1357/3513/1506
f 1359/3514/1507 1362/3515/1508 1360/3516/1507
f 1362/3517/1508 1363/3518/1509 1364/3519/1509
f 1363/3520/1509 1357/3521/1506 1364/3522/1509
f 1366/3523/1506 1368/3524/1507 1365/3525/1506
f 1367/3526/1507 1370/3527/1508 1368/3528/1507
f 1370/3529/1508 1371/3530/1509 1372/3531/1509
f 1371/3532/1509 1365/3533/1506 1372/3534/1509
f 1374/3535/1510 1376/3536/1511 1373/3537/1512
f 1375/3538/1513 1378/3539/1514 1376/3540/1511
f 1378/3541/1514 1379/3542/1515 1380/3543/1516
f 1379/3544/1515 1373/3545/1512 1380/3546/1516
f 1382/3547/1517 1384/3548/1518 1381/3549/1517
f 1386/3550/1519 1322/3551/1461 1385/3552/1520
f 1326/3553/1464 1385/3554/1520 1325/3555/1465
s 0
f 1387/3556/1521 1325/3555/1522 1385/3554/1523
f 1388/3557/1524 1323/3558/1525 1386/3550/1526
f 1326/3553/1527 1388/3559/1528 1386/3560/1529
s 1
f 1388/3559/1530 1327/3561/1475 1387/3562/1531
s 0
f 1322/3551/1532 1387/3563/1533 1385/3552/1534
s 1
f 1329/3564/1481 1387/3565/1531 1332/3566/1482
f 1390/3567/1535 1392/3568/1536 1389/3569/1537
f 1393/3570/1538 1391/3571/1539 1390/3572/1535
f 1393/3573/1538 1396/3574/1540 1394/3575/1541
f 1389/3576/1537 1396/3577/1540 1395/3578/1542
f 1392/3579/1536 1397/3580/1543 1398/3581/1544
f 1394/3582/1541 1397/3583/1543 1391/3584/1539
f 1396/3585/1540 1399/3586/1545 1394/3587/1541
f 1392/3588/1536 1400/3589/1546 1396/3590/1540
f 1397/3591/1543 1402/3592/1547 1398/3593/1544
f 1399/3594/1545 1401/3595/1548 1397/3596/1543
f 1399/3597/1545 1404/3598/1549 1403/3599/1550
f 1398/3600/1544 1404/3601/1549 1400/3602/1546
f 1402/3603/1547 1405/3604/1551 1406/3605/1552
f 1403/3606/1550 1405/3607/1551 1401/3608/1548
f 1404/3609/1549 1407/3610/1553 1403/3611/1550
f 1402/3612/1547 1408/3613/1554 1404/3614/1549
f 1405/3615/1551 1410/3616/1555 1406/3617/1552
f 1407/3618/1553 1409/3619/1556 1405/3620/1551
f 1407/3621/1553 1412/3622/1557 1411/3623/1558
f 1406/3624/1552 1412/3625/1557 1408/3626/1554
f 1414/3627/1559 1416/3628/1560 1413/3629/1560
f 1417/3630/1561 1415/3631/1559 1414/3632/1559
f 1417/3633/1561 1420/3634/1562 1418/3635/1561
f 1413/3636/1560 1420/3637/1562 1419/3638/1562
f 1422/3639/1559 1424/3640/1560 1421/3641/1560
f 1425/3642/1561 1423/3643/1559 1422/3644/1559
f 1425/3645/1561 1428/3646/1562 1426/3647/1561
f 1421/3648/1560 1428/3649/1562 1427/3650/1562
f 1430/3651/1563 1432/3652/1564 1429/3653/1565
f 1433/3654/1566 1431/3655/1567 1430/3656/1563
f 1433/3657/1566 1436/3658/1568 1434/3659/1569
f 1429/3660/1565 1436/3661/1568 1435/3662/1570
f 1438/3663/1571 1440/3664/1572 1437/3665/1572
f 1384/3666/1518 1439/3667/1571 1438/3668/1571
f 1381/3669/1517 1440/3670/1572 1382/3671/1517
f 1322/3433/1461 1323/3440/1573 1324/3434/1462
f 1321/3436/1463 1324/3672/1462 1326/3437/1464
s 0
f 1325/3438/1574 1327/3673/1575 1328/3439/1576
f 1323/3440/1577 1329/3449/1578 1330/3441/1579
f 1326/3437/1580 1324/3672/1581 1330/3442/1582
s 1
f 1327/3444/1475 1331/3443/1583 1330/3442/1476
s 0
f 1322/3433/1517 1321/3435/1468 1328/3446/1584
s 1
f 1328/3448/1477 1330/3441/1476 1329/3449/1481
f 1334/3451/1483 1335/3674/1486 1336/3452/1484
f 1335/3454/1486 1337/3675/1491 1338/3455/1487
f 1338/3457/1487 1337/3676/1491 1339/3458/1488
f 1339/3460/1488 1334/3677/1483 1333/3461/1485
f 1334/3463/1483 1341/3678/1495 1342/3464/1490
f 1342/3466/1490 1343/3679/1492 1337/3467/1491
f 1343/3469/1492 1344/3680/1493 1339/3470/1488
f 1344/3472/1493 1341/3681/1495 1334/3473/1483
f 1345/3475/1494 1346/3682/1496 1342/3476/1490
f 1346/3478/1496 1347/3683/1499 1343/3479/1492
f 1343/3481/1492 1347/3684/1499 1348/3482/1497
f 1348/3484/1497 1345/3685/1494 1341/3485/1495
f 1345/3487/1494 1349/3686/1503 1350/3488/1498
f 1350/3490/1498 1351/3687/1500 1347/3491/1499
f 1351/3493/1500 1352/3688/1501 1348/3494/1497
f 1352/3496/1501 1349/3689/1503 1345/3497/1494
f 1353/3499/1502 1354/3690/1504 1350/3500/1498
f 1354/3502/1504 1355/3691/1585 1351/3503/1500
f 1351/3505/1500 1355/3692/1585 1356/3506/1505
f 1356/3508/1505 1353/3693/1502 1349/3509/1503
f 1358/3511/1506 1359/3694/1507 1360/3512/1507
f 1359/3514/1507 1361/3695/1508 1362/3515/1508
f 1362/3517/1508 1361/3696/1508 1363/3518/1509
f 1363/3520/1509 1358/3697/1506 1357/3521/1506
f 1366/3523/1506 1367/3698/1507 1368/3524/1507
f 1367/3526/1507 1369/3699/1508 1370/3527/1508
f 1370/3529/1508 1369/3700/1508 1371/3530/1509
f 1371/3532/1509 1366/3701/1506 1365/3533/1506
f 1374/3535/1510 1375/3702/1513 1376/3536/1511
f 1375/3538/1513 1377/3703/1586 1378/3539/1514
f 1378/3541/1514 1377/3704/1586 1379/3542/1515
f 1379/3544/1515 1374/3705/1510 1373/3545/1512
f 1382/3547/1517 1383/3706/1518 1384/3548/1518
f 1386/3550/1519 1323/3558/1573 1322/3551/1461
f 1326/3553/1464 1386/3560/1519 1385/3554/1520
s 0
f 1387/3556/1587 1327/3707/1575 1325/3555/1588
f 1388/3557/1589 1329/3564/1590 1323/3558/1591
f 1326/3553/1592 1331/3708/1593 1388/3559/1594
s 1
f 1388/3559/1530 1331/3708/1583 1327/3561/1475
s 0
f 1322/3551/1595 1332/3709/1482 1387/3563/1596
s 1
f 1329/3564/1481 1388/3557/1530 1387/3565/1531
f 1390/3567/1535 1391/3710/1539 1392/3568/1536
f 1393/3570/1538 1394/3711/1541 1391/3571/1539
f 1393/3573/1538 1395/3712/1542 1396/3574/1540
f 1389/3576/1537 1392/3713/1536 1396/3577/1540
f 1392/3579/1536 1391/3714/1539 1397/3580/1543
f 1394/3582/1541 1399/3715/1545 1397/3583/1543
f 1396/3585/1540 1400/3716/1546 1399/3586/1545
f 1392/3588/1536 1398/3717/1544 1400/3589/1546
f 1397/3591/1543 1401/3718/1548 1402/3592/1547
f 1399/3594/1545 1403/3719/1550 1401/3595/1548
f 1399/3597/1545 1400/3720/1546 1404/3598/1549
f 1398/3600/1544 1402/3721/1547 1404/3601/1549
f 1402/3603/1547 1401/3722/1548 1405/3604/1551
f 1403/3606/1550 1407/3723/1553 1405/3607/1551
f 1404/3609/1549 1408/3724/1554 1407/3610/1553
f 1402/3612/1547 1406/3725/1552 1408/3613/1554
f 1405/3615/1551 1409/3726/1556 1410/3616/1555
f 1407/3618/1553 1411/3727/1558 1409/3619/1556
f 1407/3621/1553 1408/3728/1554 1412/3622/1557
f 1406/3624/1552 1410/3729/1555 1412/3625/1557
f 1414/3627/1559 1415/3730/1559 1416/3628/1560
f 1417/3630/1561 1418/3731/1561 1415/3631/1559
f 1417/3633/1561 1419/3732/1562 1420/3634/1562
f 1413/3636/1560 1416/3733/1560 1420/3637/1562
f 1422/3639/1559 1423/3734/1559 1424/3640/1560
f 1425/3642/1561 1426/3735/1561 1423/3643/1559
f 1425/3645/1561 1427/3736/1562 1428/3646/1562
f 1421/3648/1560 1424/3737/1560 1428/3649/1562
f 1430/3651/1563 1431/3738/1567 1432/3652/1564
f 1433/3654/1566 1434/3739/1569 1431/3655/1567
f 1433/3657/1566 1435/3740/1570 1436/3658/1568
f 1429/3660/1565 1432/3741/1564 1436/3661/1568
f 1438/3663/1571 1439/3742/1571 1440/3664/1572
f 1384/3666/1518 1383/3743/1518 1439/3667/1571
f 1381/3669/1517 1437/3744/1572 1440/3670/1572
o frame012
v 46.092758 6.066044 15.261791
v 46.092758 6.066043 -0.341214
v 46.226562 6.066043 -0.341214
v 46.226562 6.066044 15.261791
v 46.092758 9.209239 -0.341214
v 46.226562 9.209239 -0.341214
v 46.092758 9.105044 -0.341214
v 46.092758 6.168243 14.237293
v 46.226562 6.168242 -0.341214
v 46.226562 6.168243 14.237293
v 46.226562 9.105044 -0.341214
v 46.092758 6.168242 -0.341214
v 46.137665 6.155940 -0.311612
v 46.137665 8.440341 2.879291
v 46.137665 8.502040 2.883487
v 46.137665 6.214740 -0.311612
v 46.185364 8.502040 2.883487
v 46.185364 6.214740 -0.311612
v 46.185364 8.440341 2.879291
v 46.185364 6.155940 -0.311612
v 46.137665 6.129040 5.336788
v 46.137665 6.185242 5.346790
v 46.185364 6.185242 5.346790
v 46.185364 6.129040 5.336788
v 46.137665 7.431042 7.823588
v 46.137665 7.485241 7.828792
v 46.185364 7.485241 7.828792
v 46.185364 7.431042 7.823588
v 46.137665 6.106144 10.091587
v 46.137665 6.159641 10.097790
v 46.185364 6.159641 10.097790
v 46.185364 6.106144 10.091587
v 46.137665 6.588741 12.093486
v 46.137665 6.633343 12.076388
v 46.185364 6.633343 12.076388
v 46.185364 6.588741 12.093486
v 46.130356 8.469943 2.853893
v 46.130356 6.168243 2.854091
v 46.130356 6.168243 2.901889
v 46.130356 8.469943 2.901691
v 46.192657 6.168243 2.901889
v 46.192657 8.469943 2.901691
v 46.192657 6.168243 2.854091
v 46.192657 8.469943 2.853893
v 46.130356 7.478142 7.800792
v 46.130356 6.168243 7.800991
v 46.130356 6.168243 7.848789
v 46.130356 7.478142 7.848590
v 46.192657 6.168243 7.848789
v 46.192657 7.478142 7.848590
v 46.192657 6.168243 7.800991
v 46.192657 7.478142 7.800792
v 46.130356 6.622742 12.075992
v 46.130356 6.168243 12.076191
v 46.130356 6.168243 12.123989
v 46.130356 6.622742 12.123790
v 46.192657 6.168243 12.123989
v 46.192657 6.622742 12.123790
v 46.192657 6.168243 12.076191
v 46.192657 6.622742 12.075992
v 46.130356 9.109340 -0.311810
v 46.130356 6.168242 -0.311612
v 46.192657 6.168242 -0.311612
v 46.192657 9.109340 -0.311810
v 46.092758 6.066042 -15.944115
v 46.226562 6.066042 -15.944115
v 46.092758 6.168242 -14.919609
v 46.226562 6.168242 -14.919609
v 46.137665 6.155940 -0.370709
v 46.137665 6.214740 -0.370709
v 46.137665 8.502040 -3.565808
v 46.137665 8.440341 -3.561711
v 46.185364 6.214740 -0.370709
v 46.185364 8.502040 -3.565808
v 46.185364 6.155940 -0.370709
v 46.185364 8.440341 -3.561711
v 46.137665 6.185241 -6.029110
v 46.137665 6.129039 -6.019108
v 46.185364 6.185241 -6.029110
v 46.185364 6.129039 -6.019108
v 46.137665 7.485240 -8.511117
v 46.137665 7.431041 -8.505914
v 46.185364 7.485240 -8.511117
v 46.185364 7.431041 -8.505914
v 46.137665 6.159639 -10.780113
v 46.137665 6.106142 -10.774010
v 46.185364 6.159639 -10.780113
v 46.185364 6.106142 -10.774010
v 46.137665 6.633341 -12.758813
v 46.137665 6.588739 -12.775918
v 46.185364 6.633341 -12.758813
v 46.185364 6.588739 -12.775918
v 46.130356 8.469943 -3.536313
v 46.130356 8.469943 -3.584111
v 46.130356 6.168242 -3.584309
v 46.130356 6.168242 -3.536511
v 46.192657 8.469943 -3.584111
v 46.192657 6.168242 -3.584309
v 46.192657 8.469943 -3.536313
v 46.192657 6.168242 -3.536511
v 46.130356 7.478141 -8.483117
v 46.130356 7.478141 -8.530908
v 46.130356 6.168242 -8.531105
v 46.130356 6.168242 -8.483315
v 46.192657 7.478141 -8.530908
v 46.192657 6.168242 -8.531105
v 46.192657 7.478141 -8.483117
v 46.192657 6.168242 -8.483315
v 46.130356 6.622740 -12.758416
v 46.130356 6.622740 -12.806207
v 46.130356 6.168242 -12.806404
v 46.130356 6.168242 -12.758614
v 46.192657 6.622740 -12.806207
v 46.192657 6.168242 -12.806404
v 46.192657 6.622740 -12.758416
v 46.192657 6.168242 -12.758614
v 46.130356 9.109340 -0.370511
v 46.192657 9.109340 -0.370511
v 46.192657 6.168242 -0.370709
v 46.130356 6.168242 -0.370709
vn -0.7071 -0.7071 -0.0000
vn 0.5605 -0.0822 0.8241
vn -0.5605 -0.0821 0.8241
vn 0.6736 0.7391 -0.0000
vn -0.6652 0.7466 0.0001
vn -0.6652 -0.1525 0.7309
vn -0.9987 0.0053 -0.0508
vn -0.5377 -0.0837 0.8390
vn 0.7071 0.0050 0.7071
vn 0.9987 0.0048 -0.0510
vn 0.5377 -0.0837 0.8390
vn 0.6652 0.7466 0.0032
vn 0.9987 0.0101 -0.0502
vn 0.7543 -0.6565 -0.0000
vn -0.7440 -0.6682 -0.0000
vn 0.9882 0.0154 -0.1523
vn -0.9882 0.0151 -0.1523
vn -0.7071 -0.7071 0.0033
vn -0.9987 -0.0000 -0.0511
vn -0.7071 0.7071 0.0002
vn 0.7071 0.7071 -0.0000
vn -0.7071 0.7071 -0.0000
vn -0.8809 -0.4722 -0.0315
vn -0.8129 0.4736 -0.3390
vn -0.5173 -0.6959 0.4981
vn -0.5883 0.8069 0.0539
vn 0.8129 0.4736 -0.3390
vn 0.8810 -0.4721 -0.0315
vn 0.5173 -0.6959 0.4981
vn -0.8633 0.4999 0.0685
vn 0.5883 0.8069 0.0539
vn 0.8632 0.5002 0.0685
vn 0.5970 -0.7948 -0.1090
vn -0.8339 -0.5518 -0.0128
vn -0.5970 -0.7948 -0.1090
vn -0.6126 0.7902 0.0183
vn 0.8339 -0.5518 -0.0128
vn -0.8013 0.5918 0.0876
vn 0.6126 0.7902 0.0183
vn 0.8013 0.5918 0.0876
vn 0.6319 -0.7668 -0.1128
vn -0.6763 -0.7161 0.1727
vn -0.6319 -0.7668 -0.1128
vn -0.7348 0.6596 -0.1579
vn 0.6761 -0.7163 0.1727
vn -0.7071 -0.0001 -0.7071
vn -0.7071 0.0001 0.7071
vn 0.7071 0.0001 0.7071
vn 0.7071 -0.0001 -0.7071
vn -0.7072 -0.0003 -0.7070
vn -0.7072 0.0003 0.7070
vn -0.7070 -0.0003 -0.7072
vn -0.7070 0.0003 0.7072
vn 0.7072 0.0003 0.7070
vn 0.7072 -0.0003 -0.7070
vn 0.7070 -0.0003 -0.7072
vn -0.7071 -0.0000 0.7071
vn 0.7071 -0.0000 0.7071
vn 0.5605 -0.0822 -0.8241
vn -0.5605 -0.0822 -0.8241
vn -0.9987 0.0053 0.0508
vn -0.6652 -0.1474 -0.7319
vn -0.5377 -0.0837 -0.8390
vn 0.9987 0.0048 0.0510
vn 0.7071 -0.0000 -0.7071
vn 0.5377 -0.0837 -0.8390
vn 0.6652 -0.1525 -0.7309
vn 0.9987 0.0054 0.0509
vn 0.9882 0.0152 0.1523
vn -0.9882 0.0151 0.1523
vn -0.7071 0.0049 -0.7071
vn -0.9987 0.0046 0.0509
vn -0.8129 0.4736 0.3390
vn -0.8809 -0.4722 0.0315
vn -0.5173 -0.6959 -0.4981
vn 0.8129 0.4736 0.3390
vn -0.5883 0.8069 -0.0539
vn 0.8809 -0.4722 0.0315
vn 0.5883 0.8069 -0.0539
vn 0.5173 -0.6959 -0.4981
vn -0.8633 0.4999 -0.0685
vn -0.5970 -0.7948 0.1090
vn 0.8633 0.5000 -0.0685
vn 0.5970 -0.7948 0.1090
vn -0.8339 -0.5518 0.0128
vn -0.6126 0.7902 -0.0183
vn 0.8339 -0.5518 0.0128
vn 0.6126 0.7902 -0.0183
vn -0.8013 0.5918 -0.0876
vn -0.6319 -0.7668 0.1128
vn 0.8013 0.5918 -0.0876
vn 0.6319 -0.7668 0.1128
vn -0.6760 -0.7163 -0.1727
vn -0.7349 0.6596 0.1579
vn 0.6760 -0.7163 -0.1727
vn 0.7349 0.6596 0.1579
vn -0.7071 0.0001 -0.7071
vn -0.7071 -0.0001 0.7071
vn 0.7071 0.0001 -0.7071
vn 0.7071 -0.0001 0.7071
vn -0.7072 0.0003 -0.7070
vn -0.7072 -0.0003 0.7070
vn -0.7070 -0.0003 0.7072
vn 0.7072 0.0003 -0.7070
vn -0.7070 0.0003 -0.7072
vn 0.7072 -0.0003 0.7070
vn 0.7070 0.0003 -0.7072
vn 0.7070 -0.0003 0.7072
vn -0.7071 -0.0000 -0.7071
vn 0.7071 -0.7071 -0.0000
vn -0.6652 0.7466 0.0036
vn -0.7544 -0.6564 -0.0000
vn -0.9987 0.0104 -0.0501
vn 0.7071 -0.7071 0.0035
vn 0.9987 -0.0004 -0.0512
vn 0.6652 -0.1475 0.7319
vn 0.9987 0.0054 -0.0509
vn -0.9987 0.0046 -0.0509
vn 0.7348 0.6596 -0.1579
vn 0.7070 0.0003 0.7072
vn -0.9987 0.0101 0.0501
vn -0.6652 0.7466 -0.0032
vn 0.9987 -0.0000 0.0512
vn 0.7071 0.7071 -0.0002
vn 0.7071 -0.7071 -0.0033
vn 0.6652 0.7467 -0.0032
vn 0.9987 0.0105 0.0501
vn -0.7071 -0.7071 -0.0035
vn -0.7072 0.7071 -0.0000
vn -0.9987 -0.0004 0.0511
vt 0.105100 0.000500
vt 0.113500 0.979800
vt 0.105100 0.979800
vt 0.006900 0.000500
vt 0.015300 0.999500
vt 0.006900 0.999500
vt 0.000500 0.064800
vt 0.113500 0.000500
vt 0.120000 0.915500
vt 0.021700 0.064800
vt 0.021700 0.998200
vt 0.030100 0.998200
vt 0.030100 0.064800
vt 0.098700 0.915500
vt 0.098700 0.000500
vt 0.128400 0.915500
vt 0.120000 0.000500
vt 0.128400 0.000500
vt 0.133900 0.749800
vt 0.130100 0.503400
vt 0.133900 0.503400
vt 0.130100 0.000500
vt 0.133100 0.247100
vt 0.130100 0.247100
vt 0.133900 0.251900
vt 0.130100 0.498400
vt 0.130100 0.251900
vt 0.149800 0.000500
vt 0.152800 0.246800
vt 0.149800 0.246800
vt 0.171400 0.212500
vt 0.175100 0.000500
vt 0.175100 0.212500
vt 0.157600 0.000500
vt 0.160600 0.212700
vt 0.157600 0.212700
vt 0.169200 0.212500
vt 0.165500 0.000500
vt 0.169200 0.000500
vt 0.193000 0.000500
vt 0.196000 0.212200
vt 0.193000 0.212200
vt 0.231900 0.176500
vt 0.228400 0.000500
vt 0.231900 0.000500
vt 0.248000 0.000500
vt 0.251000 0.176400
vt 0.248000 0.176400
vt 0.235800 0.000500
vt 0.232300 0.176500
vt 0.232300 0.000500
vt 0.220500 0.000500
vt 0.223500 0.176700
vt 0.220500 0.176700
vt 0.271600 0.165400
vt 0.275000 0.000500
vt 0.275000 0.165400
vt 0.251900 0.000500
vt 0.254900 0.165400
vt 0.251900 0.165400
vt 0.267100 0.165400
vt 0.263700 0.000500
vt 0.267100 0.000500
vt 0.279400 0.000500
vt 0.282400 0.165400
vt 0.279400 0.165400
vt 0.331700 0.129000
vt 0.328500 0.000500
vt 0.331700 0.000500
vt 0.340300 0.000500
vt 0.343300 0.128200
vt 0.340300 0.128200
vt 0.327800 0.000500
vt 0.324600 0.129000
vt 0.324600 0.000500
vt 0.320700 0.000500
vt 0.323700 0.129700
vt 0.320700 0.129700
vt 0.300100 0.145000
vt 0.297100 0.000500
vt 0.300100 0.000500
vt 0.130100 0.754800
vt 0.134100 0.899200
vt 0.130100 0.899200
vt 0.296200 0.000500
vt 0.293200 0.145000
vt 0.293200 0.000500
vt 0.305000 0.000500
vt 0.308900 0.145000
vt 0.305000 0.145000
vt 0.370800 0.082700
vt 0.367800 0.000500
vt 0.370800 0.000500
vt 0.354100 0.000500
vt 0.358000 0.082700
vt 0.354100 0.082700
vt 0.366900 0.000500
vt 0.363900 0.082700
vt 0.363900 0.000500
vt 0.375700 0.000500
vt 0.379600 0.082700
vt 0.375700 0.082700
vt 0.363000 0.115500
vt 0.360000 0.086900
vt 0.363000 0.086900
vt 0.092800 0.917800
vt 0.096700 0.946300
vt 0.092800 0.946300
vt 0.359000 0.086900
vt 0.356000 0.115500
vt 0.356000 0.086900
vt 0.157600 0.218500
vt 0.161600 0.247100
vt 0.157600 0.247100
vt 0.214600 0.000500
vt 0.218500 0.185100
vt 0.214600 0.185100
vt 0.082100 0.979800
vt 0.073700 0.000500
vt 0.073700 0.979800
vt 0.050700 0.999500
vt 0.042300 0.000500
vt 0.042300 0.999500
vt 0.035900 0.064800
vt 0.088500 0.915500
vt 0.082100 0.000500
vt 0.057100 0.064800
vt 0.050700 0.000500
vt 0.065500 0.998200
vt 0.065500 0.064800
vt 0.067300 0.915500
vt 0.088500 0.000500
vt 0.096900 0.915500
vt 0.096900 0.000500
vt 0.138000 0.000500
vt 0.141800 0.247000
vt 0.141800 0.000500
vt 0.137100 0.247100
vt 0.134100 0.000500
vt 0.134100 0.247100
vt 0.147700 0.000500
vt 0.143900 0.247000
vt 0.147700 0.247000
vt 0.156700 0.246800
vt 0.153700 0.000500
vt 0.153700 0.246800
vt 0.177300 0.212500
vt 0.181000 0.000500
vt 0.177300 0.000500
vt 0.164600 0.212700
vt 0.161600 0.000500
vt 0.161600 0.212700
vt 0.183200 0.000500
vt 0.186900 0.212500
vt 0.186900 0.000500
vt 0.192100 0.212200
vt 0.189100 0.000500
vt 0.189100 0.212200
vt 0.240100 0.000500
vt 0.243600 0.176500
vt 0.243600 0.000500
vt 0.247100 0.176400
vt 0.244100 0.000500
vt 0.244100 0.176400
vt 0.239700 0.000500
vt 0.236200 0.176500
vt 0.239700 0.176500
vt 0.227400 0.176700
vt 0.224400 0.000500
vt 0.224400 0.176700
vt 0.267600 0.165400
vt 0.271000 0.000500
vt 0.267600 0.000500
vt 0.258900 0.165400
vt 0.255900 0.000500
vt 0.255900 0.165400
vt 0.259800 0.000500
vt 0.263200 0.165400
vt 0.263200 0.000500
vt 0.278500 0.165400
vt 0.275500 0.000500
vt 0.275500 0.165400
vt 0.332500 0.000500
vt 0.335700 0.129000
vt 0.335700 0.000500
vt 0.347200 0.128200
vt 0.344200 0.000500
vt 0.344200 0.128200
vt 0.339600 0.000500
vt 0.336400 0.129000
vt 0.339600 0.129000
vt 0.319700 0.129700
vt 0.316700 0.000500
vt 0.316700 0.129700
vt 0.301000 0.000500
vt 0.304000 0.145000
vt 0.304000 0.000500
vt 0.291200 0.145000
vt 0.287300 0.000500
vt 0.287300 0.145000
vt 0.286400 0.000500
vt 0.283400 0.145000
vt 0.286400 0.145000
vt 0.314800 0.145000
vt 0.310900 0.000500
vt 0.310900 0.145000
vt 0.371700 0.000500
vt 0.374700 0.082700
vt 0.374700 0.000500
vt 0.352100 0.082700
vt 0.348200 0.000500
vt 0.348200 0.082700
vt 0.363000 0.000500
vt 0.360000 0.082700
vt 0.363000 0.082700
vt 0.385500 0.082700
vt 0.381600 0.000500
vt 0.381600 0.082700
vt 0.348200 0.086900
vt 0.351200 0.115500
vt 0.351200 0.086900
vt 0.096700 0.975800
vt 0.092800 0.947300
vt 0.092800 0.975800
vt 0.355100 0.086900
vt 0.352100 0.115500
vt 0.355100 0.115500
vt 0.367800 0.115500
vt 0.363900 0.086900
vt 0.363900 0.115500
vt 0.202800 0.185100
vt 0.206700 0.000500
vt 0.206700 0.185100
vt 0.212400 0.000500
vt 0.208700 0.185100
vt 0.208700 0.000500
vt 0.196900 0.000500
vt 0.200600 0.185100
vt 0.196900 0.185100
vt 0.015300 0.000500
vt 0.000500 0.998200
vt 0.130100 0.749800
vt 0.133100 0.000500
vt 0.133900 0.498400
vt 0.152800 0.000500
vt 0.171400 0.000500
vt 0.160600 0.000500
vt 0.165500 0.212500
vt 0.196000 0.000500
vt 0.228400 0.176500
vt 0.251000 0.000500
vt 0.235800 0.176500
vt 0.223500 0.000500
vt 0.271600 0.000500
vt 0.254900 0.000500
vt 0.263700 0.165400
vt 0.282400 0.000500
vt 0.328500 0.129000
vt 0.343300 0.000500
vt 0.327800 0.129000
vt 0.323700 0.000500
vt 0.297100 0.145000
vt 0.134100 0.754800
vt 0.296200 0.145000
vt 0.308900 0.000500
vt 0.367800 0.082700
vt 0.358000 0.000500
vt 0.366900 0.082700
vt 0.379600 0.000500
vt 0.360000 0.115500
vt 0.096700 0.917800
vt 0.359000 0.115500
vt 0.161600 0.218500
vt 0.218500 0.000500
vt 0.035900 0.998200
vt 0.057100 0.998200
vt 0.067300 0.000500
vt 0.138000 0.247000
vt 0.137100 0.000500
vt 0.143900 0.000500
vt 0.156700 0.000500
vt 0.181000 0.212500
vt 0.164600 0.000500
vt 0.183200 0.212500
vt 0.192100 0.000500
vt 0.240100 0.176500
vt 0.247100 0.000500
vt 0.236200 0.000500
vt 0.227400 0.000500
vt 0.271000 0.165400
vt 0.258900 0.000500
vt 0.259800 0.165400
vt 0.278500 0.000500
vt 0.332500 0.129000
vt 0.347200 0.000500
vt 0.336400 0.000500
vt 0.319700 0.000500
vt 0.301000 0.145000
vt 0.291200 0.000500
vt 0.283400 0.000500
vt 0.314800 0.000500
vt 0.371700 0.082700
vt 0.352100 0.000500
vt 0.360000 0.000500
vt 0.385500 0.000500
vt 0.348200 0.115500
vt 0.096700 0.947300
vt 0.352100 0.086900
vt 0.367800 0.086900
vt 0.202800 0.000500
vt 0.212400 0.185100
vt 0.200600 0.000500
s 1
f 1442/3745/1597 1444/3746/1598 1441/3747/1599
f 1441/3748/1599 1446/3749/1600 1445/3750/1601
s 0
f 1445/3750/1602 1448/3751/1603 1441/3748/1604
f 1443/3752/1605 1450/3753/1606 1444/3746/1607
f 1446/3749/1608 1450/3754/1609 1451/3755/1610
s 1
f 1447/3756/1611 1450/3754/1612 1448/3757/1613
s 0
f 1442/3745/1614 1448/3758/1615 1452/3759/1616
s 1
f 1448/3760/1613 1449/3761/1617 1452/3762/1618
f 1454/3763/1619 1456/3764/1620 1453/3765/1621
f 1455/3766/1622 1458/3767/1623 1456/3768/1620
f 1458/3769/1623 1459/3770/1624 1460/3771/1625
f 1459/3772/1624 1453/3773/1621 1460/3774/1625
f 1454/3775/1619 1462/3776/1626 1455/3777/1622
f 1462/3778/1626 1457/3779/1627 1455/3780/1622
f 1463/3781/1628 1459/3782/1624 1457/3783/1627
f 1464/3784/1629 1454/3785/1619 1459/3786/1624
f 1465/3787/1630 1462/3788/1626 1461/3789/1631
f 1466/3790/1632 1463/3791/1628 1462/3792/1626
f 1463/3793/1628 1468/3794/1633 1464/3795/1629
f 1468/3796/1633 1461/3797/1631 1464/3798/1629
f 1465/3799/1630 1470/3800/1634 1466/3801/1632
f 1470/3802/1634 1467/3803/1635 1466/3804/1632
f 1471/3805/1636 1468/3806/1633 1467/3807/1635
f 1472/3808/1637 1465/3809/1630 1468/3810/1633
f 1473/3811/1638 1470/3812/1634 1469/3813/1639
f 1474/3814/1640 1471/3815/1636 1470/3816/1634
f 1471/3817/1636 1476/3818/1641 1472/3819/1637
f 1476/3820/1641 1469/3821/1639 1472/3822/1637
f 1478/3823/1642 1480/3824/1643 1477/3825/1642
f 1479/3826/1643 1482/3827/1644 1480/3828/1643
f 1482/3829/1644 1483/3830/1645 1484/3831/1645
f 1483/3832/1645 1477/3833/1642 1484/3834/1645
f 1486/3835/1642 1488/3836/1643 1485/3837/1642
f 1487/3838/1643 1490/3839/1644 1488/3840/1643
f 1490/3841/1644 1491/3842/1645 1492/3843/1645
f 1491/3844/1645 1485/3845/1642 1492/3846/1645
f 1494/3847/1646 1496/3848/1647 1493/3849/1648
f 1495/3850/1649 1498/3851/1650 1496/3852/1647
f 1498/3853/1650 1499/3854/1651 1500/3855/1652
f 1499/3856/1651 1493/3857/1648 1500/3858/1652
f 1502/3859/1653 1504/3860/1654 1501/3861/1653
f 1506/3862/1655 1442/3863/1597 1505/3864/1656
f 1446/3865/1600 1505/3866/1656 1445/3867/1601
s 0
f 1507/3868/1657 1445/3867/1658 1505/3866/1659
f 1508/3869/1660 1443/3870/1661 1506/3862/1662
f 1446/3865/1663 1508/3871/1664 1506/3872/1662
s 1
f 1508/3871/1665 1447/3873/1611 1507/3874/1666
s 0
f 1442/3863/1667 1507/3875/1668 1505/3864/1659
s 1
f 1449/3876/1617 1507/3877/1666 1452/3878/1618
f 1510/3879/1669 1512/3880/1670 1509/3881/1671
f 1513/3882/1672 1511/3883/1673 1510/3884/1669
f 1513/3885/1672 1516/3886/1674 1514/3887/1675
f 1509/3888/1671 1516/3889/1674 1515/3890/1676
f 1512/3891/1670 1517/3892/1677 1518/3893/1678
f 1514/3894/1675 1517/3895/1677 1511/3896/1673
f 1516/3897/1674 1519/3898/1679 1514/3899/1675
f 1512/3900/1670 1520/3901/1680 1516/3902/1674
f 1517/3903/1677 1522/3904/1681 1518/3905/1678
f 1519/3906/1679 1521/3907/1682 1517/3908/1677
f 1519/3909/1679 1524/3910/1683 1523/3911/1684
f 1518/3912/1678 1524/3913/1683 1520/3914/1680
f 1522/3915/1681 1525/3916/1685 1526/3917/1686
f 1523/3918/1684 1525/3919/1685 1521/3920/1682
f 1524/3921/1683 1527/3922/1687 1523/3923/1684
f 1522/3924/1681 1528/3925/1688 1524/3926/1683
f 1525/3927/1685 1530/3928/1689 1526/3929/1686
f 1527/3930/1687 1529/3931/1690 1525/3932/1685
f 1527/3933/1687 1532/3934/1691 1531/3935/1692
f 1526/3936/1686 1532/3937/1691 1528/3938/1688
f 1534/3939/1693 1536/3940/1694 1533/3941/1694
f 1537/3942/1695 1535/3943/1693 1534/3944/1693
f 1537/3945/1695 1540/3946/1696 1538/3947/1695
f 1533/3948/1694 1540/3949/1696 1539/3950/1696
f 1542/3951/1693 1544/3952/1694 1541/3953/1694
f 1545/3954/1695 1543/3955/1693 1542/3956/1693
f 1545/3957/1695 1548/3958/1696 1546/3959/1695
f 1541/3960/1694 1548/3961/1696 1547/3962/1696
f 1550/3963/1697 1552/3964/1698 1549/3965/1699
f 1553/3966/1700 1551/3967/1701 1550/3968/1697
f 1553/3969/1700 1556/3970/1702 1554/3971/1703
f 1549/3972/1699 1556/3973/1702 1555/3974/1704
f 1558/3975/1661 1560/3976/1705 1557/3977/1705
f 1504/3978/1654 1559/3979/1661 1558/3980/1661
f 1501/3981/1653 1560/3982/1705 1502/3983/1653
f 1442/3745/1597 1443/3752/1706 1444/3746/1598
f 1441/3748/1599 1444/3984/1598 1446/3749/1600
s 0
f 1445/3750/1707 1447/3985/1708 1448/3751/1709
f 1443/3752/1710 1449/3761/1617 1450/3753/1711
f 1446/3749/1712 1444/3984/1607 1450/3754/1713
s 1
f 1447/3756/1611 1451/3755/1610 1450/3754/1612
s 0
f 1442/3745/1653 1441/3747/1604 1448/3758/1714
s 1
f 1448/3760/1613 1450/3753/1612 1449/3761/1617
f 1454/3763/1619 1455/3986/1622 1456/3764/1620
f 1455/3766/1622 1457/3987/1627 1458/3767/1623
f 1458/3769/1623 1457/3988/1627 1459/3770/1624
f 1459/3772/1624 1454/3989/1619 1453/3773/1621
f 1454/3775/1619 1461/3990/1631 1462/3776/1626
f 1462/3778/1626 1463/3991/1628 1457/3779/1627
f 1463/3781/1628 1464/3992/1629 1459/3782/1624
f 1464/3784/1629 1461/3993/1631 1454/3785/1619
f 1465/3787/1630 1466/3994/1632 1462/3788/1626
f 1466/3790/1632 1467/3995/1635 1463/3791/1628
f 1463/3793/1628 1467/3996/1635 1468/3794/1633
f 1468/3796/1633 1465/3997/1630 1461/3797/1631
f 1465/3799/1630 1469/3998/1639 1470/3800/1634
f 1470/3802/1634 1471/3999/1636 1467/3803/1635
f 1471/3805/1636 1472/4000/1637 1468/3806/1633
f 1472/3808/1637 1469/4001/1639 1465/3809/1630
f 1473/3811/1638 1474/4002/1640 1470/3812/1634
f 1474/3814/1640 1475/4003/1715 1471/3815/1636
f 1471/3817/1636 1475/4004/1715 1476/3818/1641
f 1476/3820/1641 1473/4005/1638 1469/3821/1639
f 1478/3823/1642 1479/4006/1643 1480/3824/1643
f 1479/3826/1643 1481/4007/1644 1482/3827/1644
f 1482/3829/1644 1481/4008/1644 1483/3830/1645
f 1483/3832/1645 1478/4009/1642 1477/3833/1642
f 1486/3835/1642 1487/4010/1643 1488/3836/1643
f 1487/3838/1643 1489/4011/1644 1490/3839/1644
f 1490/3841/1644 1489/4012/1644 1491/3842/1645
f 1491/3844/1645 1486/4013/1642 1485/3845/1642
f 1494/3847/1646 1495/4014/1649 1496/3848/1647
f 1495/3850/1649 1497/4015/1716 1498/3851/1650
f 1498/3853/1650 1497/4016/1716 1499/3854/1651
f 1499/3856/1651 1494/4017/1646 1493/3857/1648
f 1502/3859/1653 1503/4018/1654 1504/3860/1654
f 1506/3862/1655 1443/3870/1706 1442/3863/1597
f 1446/3865/1600 1506/3872/1655 1505/3866/1656
s 0
f 1507/3868/1717 1447/4019/1708 1445/3867/1718
f 1508/3869/1719 1449/3876/1720 1443/3870/1721
f 1446/3865/1722 1451/4020/1610 1508/3871/1723
s 1
f 1508/3871/1665 1451/4020/1610 1447/3873/1611
s 0
f 1442/3863/1724 1452/4021/1725 1507/3875/1726
s 1
f 1449/3876/1617 1508/3869/1665 1507/3877/1666
f 1510/3879/1669 1511/4022/1673 1512/3880/1670
f 1513/3882/1672 1514/4023/1675 1511/3883/1673
f 1513/3885/1672 1515/4024/1676 1516/3886/1674
f 1509/3888/1671 1512/4025/1670 1516/3889/1674
f 1512/3891/1670 1511/4026/1673 1517/3892/1677
f 1514/3894/1675 1519/4027/1679 1517/3895/1677
f 1516/3897/1674 1520/4028/1680 1519/3898/1679
f 1512/3900/1670 1518/4029/1678 1520/3901/1680
f 1517/3903/1677 1521/4030/1682 1522/3904/1681
f 1519/3906/1679 1523/4031/1684 1521/3907/1682
f 1519/3909/1679 1520/4032/1680 1524/3910/1683
f 1518/3912/1678 1522/4033/1681 1524/3913/1683
f 1522/3915/1681 1521/4034/1682 1525/3916/1685
f 1523/3918/1684 1527/4035/1687 1525/3919/1685
f 1524/3921/1683 1528/4036/1688 1527/3922/1687
f 1522/3924/1681 1526/4037/1686 1528/3925/1688
f 1525/3927/1685 1529/4038/1690 1530/3928/1689
f 1527/3930/1687 1531/4039/1692 1529/3931/1690
f 1527/3933/1687 1528/4040/1688 1532/3934/1691
f 1526/3936/1686 1530/4041/1689 1532/3937/1691
f 1534/3939/1693 1535/4042/1693 1536/3940/1694
f 1537/3942/1695 1538/4043/1695 1535/3943/1693
f 1537/3945/1695 1539/4044/1696 1540/3946/1696
f 1533/3948/1694 1536/4045/1694 1540/3949/1696
f 1542/3951/1693 1543/4046/1693 1544/3952/1694
f 1545/3954/1695 1546/4047/1695 1543/3955/1693
f 1545/3957/1695 1547/4048/1696 1548/3958/1696
f 1541/3960/1694 1544/4049/1694 1548/3961/1696
f 1550/3963/1697 1551/4050/1701 1552/3964/1698
f 1553/3966/1700 1554/4051/1703 1551/3967/1701
f 1553/3969/1700 1555/4052/1704 1556/3970/1702
f 1549/3972/1699 1552/4053/1698 1556/3973/1702
f 1558/3975/1661 1559/4054/1661 1560/3976/1705
f 1504/3978/1654 1503/4055/1654 1559/3979/1661
f 1501/3981/1653 1557/4056/1705 1560/3982/1705
