# Blender 4.0.2
# www.blender.org
mtllib opened_gates.mtl
o Gates_closed001
v -30.555740 0.064743 14.869495
v -30.555740 4.209743 14.869495
v -30.463943 4.209743 14.869495
v -30.463943 0.064743 14.869495
v -30.463943 4.211643 14.957394
v -30.463943 0.064743 14.957394
v -30.555740 4.211643 14.957394
v -30.555740 0.064743 14.957394
v -30.555740 4.277843 14.866489
v -30.463943 4.277843 14.866489
v -30.463943 4.283543 14.954189
v -30.555740 4.283543 14.954189
v -30.555740 4.345043 14.860691
v -30.463943 4.345043 14.860691
v -30.463943 4.356144 14.947994
v -30.555740 4.356144 14.947994
v -30.555740 4.410542 14.849590
v -30.463943 4.410542 14.849590
v -30.463943 4.430340 14.935390
v -30.555740 4.430340 14.935390
v -30.555740 4.474545 14.830692
v -30.463943 4.474545 14.830692
v -30.463943 4.505642 14.913189
v -30.555740 4.505642 14.913189
v -30.555740 4.537945 14.801289
v -30.463943 4.537945 14.801289
v -30.463943 4.581341 14.878094
v -30.555740 4.581341 14.878094
v -30.555740 4.601444 14.758396
v -30.463943 4.601444 14.758396
v -30.463943 4.656345 14.827389
v -30.555740 4.656345 14.827389
v -30.541931 4.568844 14.855991
v -30.541931 4.640442 14.807491
v -30.541931 4.617245 14.778294
v -30.541931 4.550442 14.823391
v -30.555740 4.665241 14.698994
v -30.463943 4.665241 14.698994
v -30.463943 4.730442 14.758396
v -30.555740 4.730442 14.758396
v -30.541931 4.711643 14.741192
v -30.541931 4.684040 14.716091
v -30.555740 4.711643 14.638691
v -30.463943 4.711643 14.638691
v -30.463943 4.786045 14.686192
v -30.555740 4.786045 14.686192
v -30.541931 4.764645 14.672489
v -30.541931 4.733143 14.652393
v -30.555740 4.745842 14.572994
v -30.463943 4.745842 14.572994
v -30.463943 4.826942 14.607693
v -30.555740 4.826942 14.607693
v -30.541931 4.803543 14.597691
v -30.541931 4.769245 14.582989
v -30.555740 4.770142 14.501690
v -30.463943 4.770142 14.501690
v -30.463943 4.855145 14.525089
v -30.555740 4.855145 14.525089
v -30.541931 4.830643 14.518391
v -30.541931 4.794643 14.508396
v -30.555740 4.786442 14.425190
v -30.463943 4.786442 14.425190
v -30.463943 4.873241 14.439793
v -30.555740 4.873241 14.439793
v -30.541931 4.848240 14.435589
v -30.541931 4.811443 14.429394
v -30.555740 4.796543 14.344494
v -30.463943 4.796543 14.344494
v -30.463943 4.884045 14.352993
v -30.555740 4.884045 14.352993
v -30.541931 4.858845 14.350491
v -30.541931 4.821743 14.346889
v -30.555740 4.802341 14.260593
v -30.463943 4.802341 14.260593
v -30.463943 4.890141 14.265491
v -30.555740 4.890141 14.265491
v -30.541931 4.864841 14.263996
v -30.541931 4.827641 14.261990
v -30.555740 4.805943 14.175396
v -30.463943 4.805943 14.175396
v -30.463943 4.893940 14.177189
v -30.555740 4.893940 14.177189
v -30.541931 4.868542 14.176693
v -30.541931 4.831341 14.175892
v -30.555740 4.805943 10.931194
v -30.463943 4.805943 10.854687
v -30.463943 4.893940 10.854687
v -30.555740 4.893940 10.931194
v -30.541931 4.868542 10.922787
v -30.541931 4.831341 10.922787
v -30.555740 0.064743 14.894794
v -30.555740 4.210243 14.894794
v -30.555740 4.211143 14.932095
v -30.555740 0.064743 14.932095
v -30.555740 4.281841 14.928890
v -30.555740 4.352943 14.922794
v -30.555740 4.424641 14.910694
v -30.555740 4.496742 14.889393
v -30.555740 4.568844 14.855991
v -30.555740 4.640442 14.807491
v -30.555740 4.711643 14.741192
v -30.555740 4.764645 14.672489
v -30.555740 4.803543 14.597691
v -30.555740 4.830643 14.518391
v -30.555740 4.848240 14.435589
v -30.555740 4.858845 14.350491
v -30.555740 4.864841 14.263996
v -30.555740 4.868542 14.176693
v -30.555740 4.868542 10.931194
v -30.555740 4.831341 14.175892
v -30.555740 4.831341 10.931194
v -30.555740 4.827641 14.261990
v -30.555740 4.821743 14.346889
v -30.555740 4.811443 14.429394
v -30.555740 4.794643 14.508396
v -30.555740 4.769245 14.582989
v -30.555740 4.733143 14.652393
v -30.555740 4.684040 14.716091
v -30.555740 4.617245 14.778294
v -30.555740 4.550442 14.823391
v -30.555740 4.483543 14.854496
v -30.555740 4.416241 14.874294
v -30.555740 4.348240 14.885792
v -30.555740 4.279442 14.891796
v -30.541931 0.064743 14.894794
v -30.541931 4.210243 14.894794
v -30.541931 4.211143 14.932095
v -30.541931 0.064743 14.932095
v -30.541931 4.281841 14.928890
v -30.541931 4.352943 14.922794
v -30.541931 4.424641 14.910694
v -30.541931 4.496742 14.889393
v -30.541931 4.483543 14.854496
v -30.541931 4.416241 14.874294
v -30.541931 4.348240 14.885792
v -30.541931 4.279442 14.891796
v -34.104645 4.805943 10.854687
v -34.104645 4.893940 10.854687
v -34.104645 4.893940 10.931194
v -34.104645 4.868542 10.922787
v -34.104645 4.831341 10.922787
v -34.104645 4.868542 10.931194
v -34.104645 4.805943 10.931194
v -34.104645 4.831341 10.931194
v -37.653641 0.064743 14.869495
v -37.745338 0.064743 14.869495
v -37.745338 4.209743 14.869495
v -37.653641 4.209743 14.869495
v -37.745338 0.064743 14.957394
v -37.745338 4.211643 14.957394
v -37.653641 0.064743 14.957394
v -37.653641 4.211643 14.957394
v -37.745338 4.277843 14.866489
v -37.653641 4.277843 14.866489
v -37.745338 4.283543 14.954189
v -37.653641 4.283543 14.954189
v -37.745338 4.345043 14.860691
v -37.653641 4.345043 14.860691
v -37.745338 4.356144 14.947994
v -37.653641 4.356144 14.947994
v -37.745338 4.410542 14.849590
v -37.653641 4.410542 14.849590
v -37.745338 4.430340 14.935390
v -37.653641 4.430340 14.935390
v -37.745338 4.474545 14.830692
v -37.653641 4.474545 14.830692
v -37.745338 4.505642 14.913189
v -37.653641 4.505642 14.913189
v -37.745338 4.537945 14.801289
v -37.653641 4.537945 14.801289
v -37.745338 4.581341 14.878094
v -37.653641 4.581341 14.878094
v -37.745338 4.601444 14.758396
v -37.653641 4.601444 14.758396
v -37.745338 4.656345 14.827389
v -37.653641 4.656345 14.827389
v -37.667336 4.568844 14.855991
v -37.667336 4.550442 14.823391
v -37.667336 4.617245 14.778294
v -37.667336 4.640442 14.807491
v -37.745338 4.665241 14.698994
v -37.653641 4.665241 14.698994
v -37.745338 4.730442 14.758396
v -37.653641 4.730442 14.758396
v -37.667336 4.684040 14.716091
v -37.667336 4.711643 14.741192
v -37.745338 4.711643 14.638691
v -37.653641 4.711643 14.638691
v -37.745338 4.786045 14.686192
v -37.653641 4.786045 14.686192
v -37.667336 4.733143 14.652393
v -37.667336 4.764645 14.672489
v -37.745338 4.745842 14.572994
v -37.653641 4.745842 14.572994
v -37.745338 4.826942 14.607693
v -37.653641 4.826942 14.607693
v -37.667336 4.769245 14.582989
v -37.667336 4.803543 14.597691
v -37.745338 4.770142 14.501690
v -37.653641 4.770142 14.501690
v -37.745338 4.855145 14.525089
v -37.653641 4.855145 14.525089
v -37.667336 4.794643 14.508396
v -37.667336 4.830643 14.518391
v -37.745338 4.786442 14.425190
v -37.653641 4.786442 14.425190
v -37.745338 4.873241 14.439793
v -37.653641 4.873241 14.439793
v -37.667336 4.811443 14.429394
v -37.667336 4.848240 14.435589
v -37.745338 4.796543 14.344494
v -37.653641 4.796543 14.344494
v -37.745338 4.884045 14.352993
v -37.653641 4.884045 14.352993
v -37.667336 4.821743 14.346889
v -37.667336 4.858845 14.350491
v -37.745338 4.802341 14.260593
v -37.653641 4.802341 14.260593
v -37.745338 4.890141 14.265491
v -37.653641 4.890141 14.265491
v -37.667336 4.827641 14.261990
v -37.667336 4.864841 14.263996
v -37.745338 4.805943 14.175396
v -37.653641 4.805943 14.175396
v -37.745338 4.893940 14.177189
v -37.653641 4.893940 14.177189
v -37.667336 4.831341 14.175892
v -37.667336 4.868542 14.176693
v -37.745338 4.805943 10.854687
v -37.653641 4.805943 10.931194
v -37.745338 4.893940 10.854687
v -37.653641 4.893940 10.931194
v -37.667336 4.831341 10.922787
v -37.667336 4.868542 10.922787
v -37.653641 4.210243 14.894794
v -37.653641 0.064743 14.894794
v -37.653641 0.064743 14.932095
v -37.653641 4.211143 14.932095
v -37.653641 4.281841 14.928890
v -37.653641 4.352943 14.922794
v -37.653641 4.424641 14.910694
v -37.653641 4.496742 14.889393
v -37.653641 4.568844 14.855991
v -37.653641 4.640442 14.807491
v -37.653641 4.711643 14.741192
v -37.653641 4.764645 14.672489
v -37.653641 4.803543 14.597691
v -37.653641 4.830643 14.518391
v -37.653641 4.848240 14.435589
v -37.653641 4.858845 14.350491
v -37.653641 4.864841 14.263996
v -37.653641 4.868542 14.176693
v -37.653641 4.868542 10.931194
v -37.653641 4.831341 10.931194
v -37.653641 4.831341 14.175892
v -37.653641 4.827641 14.261990
v -37.653641 4.821743 14.346889
v -37.653641 4.811443 14.429394
v -37.653641 4.794643 14.508396
v -37.653641 4.769245 14.582989
v -37.653641 4.733143 14.652393
v -37.653641 4.684040 14.716091
v -37.653641 4.617245 14.778294
v -37.653641 4.550442 14.823391
v -37.653641 4.483543 14.854496
v -37.653641 4.416241 14.874294
v -37.653641 4.348240 14.885792
v -37.653641 4.279442 14.891796
v -37.667336 4.210243 14.894794
v -37.667336 0.064743 14.894794
v -37.667336 0.064743 14.932095
v -37.667336 4.211143 14.932095
v -37.667336 4.281841 14.928890
v -37.667336 4.352943 14.922794
v -37.667336 4.424641 14.910694
v -37.667336 4.496742 14.889393
v -37.667336 4.483543 14.854496
v -37.667336 4.416241 14.874294
v -37.667336 4.348240 14.885792
v -37.667336 4.279442 14.891796
v -30.456238 4.943542 14.957394
v -30.456238 4.893940 14.957394
v -30.456238 4.893940 10.854687
v -30.456238 4.943542 10.854687
v -30.505035 4.943542 10.897488
v -30.505035 4.943542 14.957394
v -30.505035 4.893940 14.957394
v -30.505035 4.893940 10.897488
v -37.704338 4.893940 10.897488
v -37.753036 4.893940 10.854687
v -37.753036 4.943542 14.957394
v -37.753036 4.943542 10.854687
v -37.753036 4.893940 14.957394
v -37.704338 4.943542 14.957394
v -37.704338 4.943542 10.897488
v -37.704338 4.893940 14.957394
v -30.541931 4.348240 14.885891
vn -0.7115 -0.0156 -0.7025
vn 0.7071 -0.0000 -0.7071
vn -0.7071 -0.0000 -0.7071
vn 0.7121 -0.0155 -0.7019
vn 0.7071 -0.0000 0.7071
vn 0.7021 0.0158 0.7119
vn -0.7071 0.0002 0.7071
vn -0.7119 -0.0457 -0.7008
vn 0.7026 0.0461 0.7101
vn -0.7021 0.0158 0.7119
vn -0.7168 -0.0882 -0.6917
vn 0.7119 -0.0457 -0.7008
vn 0.7164 -0.0879 -0.6922
vn 0.6979 0.0905 0.7105
vn -0.7024 0.0462 0.7103
vn -0.7212 -0.1562 -0.6749
vn 0.7208 -0.1563 -0.6753
vn 0.6940 0.1624 0.7014
vn -0.6979 0.0905 0.7105
vn -0.7246 -0.2432 -0.6449
vn 0.7240 -0.2434 -0.6454
vn 0.6909 0.2550 0.6765
vn -0.6938 0.1623 0.7016
vn -0.7260 -0.3380 -0.5989
vn 0.7255 -0.3384 -0.5992
vn 0.6895 0.3560 0.6308
vn -0.6910 0.2551 0.6764
vn -0.7252 -0.4288 -0.5387
vn 0.6901 0.4506 0.5663
vn -0.6898 0.3561 0.6304
vn -0.6900 -0.4507 -0.5664
vn -0.4663 0.4349 0.7704
vn -0.4299 -0.4439 -0.7862
vn -0.7259 -0.5086 -0.4631
vn 0.7250 -0.4287 -0.5390
vn 0.7262 -0.5084 -0.4628
vn 0.6890 0.5359 0.4879
vn -0.6905 0.4505 0.5659
vn -0.7260 0.5085 0.4630
vn -0.7251 0.4288 0.5389
vn -0.7278 -0.5779 -0.3693
vn 0.7275 -0.5782 -0.3695
vn 0.6879 0.6118 0.3906
vn -0.6894 0.5356 0.4877
vn -0.6892 -0.5357 -0.4879
vn -0.7275 0.5782 0.3693
vn -0.7248 -0.6334 -0.2710
vn 0.6905 0.6649 0.2848
vn -0.6880 0.6115 0.3908
vn -0.6904 -0.6651 -0.2845
vn -0.6878 -0.6118 -0.3907
vn -0.7210 -0.6680 -0.1843
vn 0.7245 -0.6337 -0.2711
vn 0.6939 0.6942 0.1914
vn -0.6907 0.6649 0.2845
vn -0.6940 -0.6941 -0.1915
vn -0.7247 0.6335 0.2711
vn -0.7170 -0.6874 -0.1157
vn 0.7207 -0.6683 -0.1844
vn 0.6976 0.7065 0.1191
vn -0.6941 0.6940 0.1914
vn -0.6976 -0.7065 -0.1191
vn -0.7208 0.6682 0.1844
vn -0.7133 -0.6976 -0.0674
vn 0.7168 -0.6875 -0.1161
vn 0.7010 0.7098 0.0688
vn -0.6977 0.7064 0.1191
vn -0.7009 -0.7099 -0.0688
vn -0.7169 0.6875 0.1158
vn -0.7101 -0.7030 -0.0393
vn 0.7134 -0.6975 -0.0677
vn 0.7041 0.7090 0.0396
vn -0.7010 0.7098 0.0688
vn -0.7041 -0.7090 -0.0396
vn -0.7134 0.6975 0.0676
vn -0.7119 -0.7021 -0.0150
vn 0.7101 -0.7030 -0.0391
vn 0.7119 -0.7021 -0.0148
vn 0.7023 0.7117 0.0153
vn -0.7041 0.7090 0.0396
vn -0.7119 0.7021 0.0149
vn -0.7101 0.7030 0.0393
vn -0.3015 -0.9045 0.3015
vn 0.5999 0.5789 -0.5523
vn -0.3015 0.9045 0.3015
vn -0.7024 0.7117 0.0150
vn -0.5773 -0.5774 0.5773
vn -0.7024 -0.7116 -0.0151
vn -0.7122 -0.0184 -0.7017
vn -0.7071 0.7071 -0.0000
vn -0.7022 0.0157 0.7118
vn -0.7071 0.0029 0.7071
vn -0.7121 -0.7021 -0.0000
vn -0.7071 0.0002 -0.7071
vn -0.7025 0.3228 0.6343
vn -0.7121 0.1441 -0.6871
vn -0.7022 0.0158 0.7118
vn -0.7025 0.2037 0.6819
vn -0.7165 0.1994 -0.6685
vn -0.7118 -0.0456 -0.7009
vn -0.6980 0.2424 0.6739
vn -0.7208 0.1338 -0.6801
vn -0.7165 -0.0881 -0.6920
vn -0.6939 0.3053 0.6522
vn -0.7240 0.0457 -0.6882
vn -0.7209 -0.1560 -0.6753
vn -0.6909 0.3831 0.6131
vn -0.7255 -0.0550 -0.6860
vn -0.7240 -0.2435 -0.6454
vn -0.6901 0.6413 0.3353
vn -0.7254 -0.2199 -0.6523
vn -0.6896 0.3560 0.6306
vn -0.6900 0.5373 0.4850
vn -0.7260 -0.2564 -0.6380
vn -0.7251 -0.4288 -0.5388
vn -0.6889 0.6154 0.3830
vn -0.7278 -0.3641 -0.5812
vn -0.7263 -0.5080 -0.4630
vn -0.6904 0.7234 -0.0083
vn -0.7276 -0.4958 -0.4740
vn -0.6877 0.6119 0.3907
vn -0.6943 0.7119 -0.1056
vn -0.7242 -0.5693 -0.3891
vn -0.6908 0.6647 0.2845
vn -0.6972 0.6938 -0.1802
vn -0.7210 -0.6198 -0.3097
vn -0.6936 0.6944 0.1915
vn -0.7009 0.6751 -0.2301
vn -0.7169 -0.6527 -0.2449
vn -0.6976 0.7065 0.1191
vn -0.7041 0.6614 -0.2586
vn -0.7134 -0.6721 -0.1983
vn -0.7009 0.7099 0.0688
vn -0.7041 0.7040 -0.0931
vn -0.7119 -0.6308 -0.3086
vn -0.3015 -0.0075 0.9534
vn -0.7119 -0.7020 -0.0185
vn -0.7024 0.7117 0.0151
vn -0.7122 0.0055 -0.7019
vn -0.3011 0.9029 0.3068
vn -0.3020 -0.9044 0.3015
vn -0.7119 -0.6920 0.1198
vn -0.7041 0.6294 0.3288
vn -0.7134 -0.6622 0.2293
vn -0.7040 0.6882 0.1752
vn -0.7102 -0.7029 -0.0392
vn -0.7168 -0.6733 0.1814
vn -0.7011 0.6823 0.2073
vn -0.7132 -0.6977 -0.0676
vn -0.7209 -0.6843 0.1097
vn -0.6974 0.6678 0.2602
vn -0.7170 -0.6873 -0.1158
vn -0.7244 -0.6892 0.0164
vn -0.6941 0.6387 0.3320
vn -0.7207 -0.6683 -0.1845
vn -0.7276 -0.6793 -0.0959
vn -0.6904 0.5905 0.4179
vn -0.7245 -0.6337 -0.2711
vn -0.7276 -0.6431 -0.2389
vn -0.6891 0.2999 0.6596
vn -0.6878 0.6118 0.3907
vn -0.7261 -0.5858 -0.3599
vn -0.6900 0.1819 0.7006
vn -0.6891 0.5359 0.4878
vn -0.7255 -0.5580 -0.4029
vn -0.6901 0.3262 0.6460
vn -0.7250 -0.4289 -0.5389
vn -0.7256 -0.4664 -0.5060
vn -0.6910 -0.0272 0.7224
vn -0.6896 0.3561 0.6306
vn -0.7240 -0.3901 -0.5689
vn -0.6940 -0.1198 0.7099
vn -0.6910 0.2551 0.6763
vn -0.7208 -0.3137 -0.6181
vn -0.6980 -0.1912 0.6901
vn -0.6940 0.1623 0.7014
vn -0.7165 -0.2502 -0.6512
vn -0.7025 -0.2344 0.6720
vn -0.6981 0.0905 0.7103
vn -0.7122 -0.2940 -0.6374
vn -0.7025 -0.1198 0.7015
vn 0.0024 0.7071 0.7071
vn -0.0000 0.0221 0.9998
vn 0.0024 -0.7123 -0.7019
vn -0.0000 -0.0000 -1.0000
vn -0.6459 0.2674 -0.7151
vn -0.0044 -0.0226 -0.9997
vn -0.7121 -0.0156 -0.7019
vn -0.6582 0.2240 -0.7188
vn -0.0039 -0.0653 -0.9979
vn -0.6688 0.1530 -0.7275
vn -0.0075 -0.1271 -0.9919
vn -0.7165 -0.0882 -0.6920
vn -0.6760 0.0584 -0.7346
vn -0.0108 -0.2267 -0.9739
vn -0.7208 -0.1564 -0.6752
vn -0.6790 -0.0510 -0.7323
vn -0.0125 -0.3539 -0.9352
vn -0.7240 -0.2434 -0.6454
vn -0.6761 -0.1637 -0.7184
vn -0.4310 -0.4500 -0.7822
vn -0.7255 -0.3385 -0.5993
vn -0.6775 -0.2717 -0.6835
vn -0.6904 -0.4544 -0.5630
vn -0.7251 -0.4288 -0.5389
vn -0.6826 -0.3833 -0.6222
vn -0.6897 -0.5396 -0.4829
vn -0.7261 -0.5085 -0.4627
vn -0.6755 -0.4865 -0.5541
vn -0.6884 -0.6149 -0.3848
vn -0.7275 -0.5782 -0.3693
vn -0.6665 -0.5652 -0.4861
vn -0.6910 -0.6668 -0.2791
vn -0.7245 -0.6337 -0.2710
vn -0.6562 -0.6211 -0.4285
vn -0.6942 -0.6950 -0.1871
vn -0.7207 -0.6683 -0.1844
vn -0.6470 -0.6580 -0.3854
vn -0.6977 -0.7069 -0.1160
vn -0.7169 -0.6875 -0.1159
vn -0.6383 -0.6808 -0.3592
vn -0.7010 -0.7100 -0.0668
vn -0.7133 -0.6975 -0.0676
vn -0.6429 -0.6885 -0.3356
vn -0.7042 -0.7094 -0.0301
vn 0.0018 -0.9045 0.4264
vn -0.7024 -0.7117 -0.0150
vn -0.7119 -0.7021 -0.0149
vn -0.3005 0.9045 0.3026
vn -0.0000 0.7021 -0.7121
vn -0.5773 0.5774 0.5773
vn -0.6222 0.6952 0.3600
vn -0.7119 0.7021 0.0144
vn -0.6134 0.6877 0.3885
vn -0.7102 0.7023 0.0488
vn -0.7041 0.7090 0.0395
vn -0.6040 0.6669 0.4363
vn -0.7133 0.6977 0.0669
vn -0.7010 0.7099 0.0687
vn -0.5938 0.6277 0.5034
vn -0.7169 0.6877 0.1148
vn -0.5836 0.5626 0.5856
vn -0.7207 0.6687 0.1829
vn -0.6940 0.6940 0.1915
vn -0.5754 0.4651 0.6727
vn -0.7244 0.6345 0.2694
vn -0.6904 0.6651 0.2845
vn -0.5791 0.3408 0.7406
vn -0.7273 0.5794 0.3679
vn -0.6877 0.6117 0.3910
vn -0.5795 0.2148 0.7862
vn -0.7260 0.5099 0.4615
vn -0.6892 0.5359 0.4876
vn -0.5806 0.0919 0.8090
vn -0.7249 0.4304 0.5378
vn -0.6900 0.4507 0.5664
vn -0.5862 -0.0314 0.8095
vn -0.4659 0.4375 0.7691
vn -0.5974 -0.1383 0.7899
vn 0.0048 0.3530 0.9356
vn -0.6910 0.2552 0.6763
vn -0.6092 -0.2179 0.7625
vn 0.0039 0.2254 0.9743
vn -0.6940 0.1624 0.7014
vn -0.6211 -0.2654 0.7374
vn 0.0026 0.1265 0.9920
vn -0.6980 0.0907 0.7103
vn -0.6211 -0.2968 0.7254
vn 0.0014 0.0649 0.9979
vn -0.7025 0.0462 0.7102
vn 0.5704 -0.5842 -0.5774
vn -0.3486 0.6152 -0.7071
vn 0.5773 0.5774 -0.5773
vn -0.1214 0.9045 0.4088
vn 0.0104 0.7071 -0.7070
vn -0.0000 0.7071 0.7071
vn -0.5743 -0.5804 0.5773
vn -0.3021 -0.9045 0.3009
vn 0.7071 -0.7071 -0.0000
vn -0.5774 -0.5774 0.5773
vn 0.0102 -0.7071 -0.7070
vn -0.1215 -0.9045 0.4087
vn 0.0002 -0.7071 0.7071
vn -0.9534 0.0068 0.3015
vn 0.0036 0.7071 0.7071
vn -0.0000 -0.7071 0.7071
vn -0.4264 0.9045 -0.0010
vn 0.7115 -0.0155 -0.7025
vn 0.7071 0.0002 -0.7071
vn -0.7071 -0.0000 0.7071
vn -0.7121 -0.0155 -0.7019
vn 0.7119 -0.0456 -0.7008
vn -0.7026 0.0461 0.7101
vn 0.7168 -0.0881 -0.6917
vn -0.7161 -0.0881 -0.6924
vn 0.7024 0.0462 0.7102
vn 0.7212 -0.1562 -0.6749
vn -0.7208 -0.1563 -0.6753
vn 0.6979 0.0906 0.7104
vn 0.7246 -0.2432 -0.6449
vn 0.6938 0.1624 0.7016
vn -0.6909 0.2550 0.6765
vn 0.7260 -0.3382 -0.5988
vn -0.7255 -0.3385 -0.5992
vn 0.6910 0.2551 0.6764
vn -0.6895 0.3563 0.6306
vn 0.7252 -0.4287 -0.5387
vn -0.6901 0.4506 0.5663
vn -0.7252 -0.4284 -0.5390
vn 0.6898 0.3560 0.6304
vn 0.4663 0.4352 0.7702
vn 0.6900 -0.4506 -0.5664
vn 0.4299 -0.4438 -0.7863
vn 0.7259 -0.5086 -0.4631
vn -0.7260 -0.5087 -0.4627
vn 0.6905 0.4503 0.5661
vn -0.6890 0.5359 0.4879
vn 0.7261 0.5084 0.4630
vn 0.6891 -0.5358 -0.4879
vn 0.7278 -0.5780 -0.3691
vn -0.7274 -0.5785 -0.3691
vn 0.6894 0.5356 0.4878
vn -0.6879 0.6118 0.3906
vn 0.7276 0.5781 0.3692
vn 0.6878 -0.6118 -0.3907
vn 0.7248 -0.6334 -0.2710
vn -0.6905 0.6649 0.2848
vn 0.6880 0.6116 0.3906
vn 0.6906 -0.6650 -0.2845
vn 0.7209 -0.6681 -0.1843
vn -0.6939 0.6942 0.1914
vn 0.6907 0.6649 0.2844
vn 0.7246 0.6337 0.2711
vn 0.6941 -0.6940 -0.1915
vn 0.7170 -0.6874 -0.1158
vn -0.6976 0.7065 0.1192
vn -0.7168 -0.6875 -0.1161
vn 0.6941 0.6939 0.1914
vn 0.7206 0.6684 0.1844
vn 0.6976 -0.7065 -0.1191
vn 0.7133 -0.6976 -0.0675
vn -0.7011 0.7098 0.0688
vn -0.7136 -0.6973 -0.0674
vn 0.6977 0.7064 0.1190
vn 0.7169 0.6875 0.1158
vn 0.7009 -0.7099 -0.0688
vn 0.7101 -0.7030 -0.0393
vn -0.7101 -0.7030 -0.0391
vn 0.7011 0.7098 0.0687
vn 0.7133 0.6976 0.0676
vn 0.7042 -0.7089 -0.0396
vn 0.7119 -0.7021 -0.0147
vn -0.7119 -0.7021 -0.0148
vn -0.7023 0.7117 0.0153
vn 0.7119 0.7021 0.0149
vn 0.7024 -0.7116 -0.0151
vn 0.3015 -0.9045 0.3015
vn -0.5999 0.5789 -0.5523
vn -0.5774 -0.5773 -0.5774
vn 0.3015 0.9045 0.3015
vn 0.5773 -0.5774 0.5773
vn 0.7122 -0.7020 0.0043
vn 0.7071 0.0031 0.7071
vn 0.7071 0.7071 -0.0043
vn 0.7122 -0.0184 -0.7017
vn 0.7022 0.0157 0.7118
vn 0.7122 0.1440 -0.6871
vn 0.7025 0.3228 0.6342
vn 0.7026 -0.2392 0.6702
vn 0.7166 -0.2424 -0.6541
vn 0.6980 0.0907 0.7104
vn 0.6980 -0.1977 0.6883
vn 0.7208 -0.3022 -0.6238
vn 0.6939 0.1624 0.7015
vn 0.6939 -0.1288 0.7085
vn 0.7240 -0.3759 -0.5783
vn 0.6909 0.2550 0.6764
vn 0.6909 -0.0354 0.7221
vn 0.7255 -0.4533 -0.5179
vn 0.6896 0.3561 0.6306
vn 0.7255 -0.2195 -0.6523
vn 0.6901 0.6414 0.3353
vn 0.6896 0.3562 0.6305
vn 0.6900 0.1747 0.7024
vn 0.7261 -0.5793 -0.3703
vn 0.6890 0.5358 0.4880
vn 0.6892 0.2925 0.6629
vn 0.7275 -0.6374 -0.2540
vn 0.6879 0.6117 0.3907
vn 0.7280 -0.4955 -0.4739
vn 0.6900 0.7237 -0.0084
vn 0.6874 0.6121 0.3908
vn 0.7240 -0.5695 -0.3892
vn 0.6945 0.7117 -0.1056
vn 0.6910 0.6646 0.2843
vn 0.7205 -0.6204 -0.3098
vn 0.6977 0.6934 -0.1799
vn 0.6941 0.6939 0.1915
vn 0.7171 -0.6526 -0.2448
vn 0.7009 0.6751 -0.2302
vn 0.6975 0.7067 0.1190
vn 0.7131 -0.6724 -0.1983
vn 0.7043 0.6612 -0.2585
vn 0.7012 0.7097 0.0688
vn 0.7041 0.6292 0.3293
vn 0.7119 -0.6925 0.1166
vn 0.7023 0.7117 0.0151
vn 0.7116 -0.7024 -0.0186
vn 0.3020 -0.0000 0.9533
vn 0.7027 0.7113 0.0151
vn 0.3013 0.9028 0.3067
vn 0.7121 -0.0000 -0.7021
vn 0.3017 -0.9045 0.3015
vn 0.7120 -0.6314 -0.3071
vn 0.7040 0.7036 -0.0964
vn 0.7102 -0.7029 -0.0392
vn 0.7041 0.6881 0.1751
vn 0.7133 -0.6623 0.2293
vn 0.7101 -0.7030 -0.0392
vn 0.7010 0.6823 0.2073
vn 0.7169 -0.6733 0.1813
vn 0.7132 -0.6977 -0.0676
vn 0.6976 0.6676 0.2602
vn 0.7207 -0.6845 0.1097
vn 0.7169 -0.6875 -0.1157
vn 0.6945 0.6384 0.3318
vn 0.7240 -0.6896 0.0165
vn 0.7202 -0.6688 -0.1845
vn 0.6902 0.5908 0.4179
vn 0.7278 -0.6790 -0.0960
vn 0.7248 -0.6334 -0.2711
vn 0.7275 -0.3706 -0.5773
vn 0.6892 0.6241 0.3680
vn 0.7260 -0.5084 -0.4630
vn 0.7260 -0.2611 -0.6362
vn 0.6900 0.5455 0.4758
vn 0.7251 -0.4288 -0.5389
vn 0.6898 0.3266 0.6461
vn 0.7257 -0.5574 -0.4033
vn 0.7252 -0.4284 -0.5390
vn 0.7255 -0.0634 -0.6852
vn 0.6910 0.3981 0.6034
vn 0.7239 -0.2435 -0.6454
vn 0.7240 0.0385 -0.6887
vn 0.6939 0.3208 0.6446
vn 0.7208 0.1279 -0.6813
vn 0.6980 0.2549 0.6692
vn 0.7165 -0.0881 -0.6920
vn 0.7165 0.1956 -0.6696
vn 0.7025 0.2111 0.6797
vn 0.7118 -0.0455 -0.7009
vn 0.7025 -0.1198 0.7015
vn 0.7122 -0.2940 -0.6374
vn 0.7118 -0.0456 -0.7009
vn -0.0000 -0.7124 -0.7018
vn 0.0044 -0.0226 -0.9997
vn 0.6458 0.2678 -0.7150
vn 0.7122 -0.0156 -0.7018
vn 0.0039 -0.0652 -0.9979
vn 0.6581 0.2244 -0.7188
vn 0.0075 -0.1272 -0.9918
vn 0.6687 0.1533 -0.7276
vn 0.7165 -0.0882 -0.6919
vn 0.0107 -0.2263 -0.9740
vn 0.6759 0.0590 -0.7347
vn 0.7208 -0.1562 -0.6753
vn 0.0124 -0.3540 -0.9352
vn 0.6788 -0.0508 -0.7325
vn 0.7241 -0.2435 -0.6453
vn 0.4310 -0.4501 -0.7821
vn 0.6760 -0.1637 -0.7185
vn 0.7256 -0.3384 -0.5992
vn 0.6904 -0.4543 -0.5630
vn 0.6774 -0.2715 -0.6837
vn 0.6895 -0.5393 -0.4834
vn 0.6825 -0.3825 -0.6228
vn 0.7260 -0.5083 -0.4632
vn 0.6884 -0.6148 -0.3849
vn 0.6754 -0.4864 -0.5544
vn 0.7275 -0.5782 -0.3693
vn 0.6909 -0.6668 -0.2792
vn 0.6663 -0.5651 -0.4865
vn 0.6942 -0.6950 -0.1872
vn 0.6561 -0.6210 -0.4288
vn 0.6977 -0.7069 -0.1160
vn 0.6468 -0.6579 -0.3857
vn 0.7169 -0.6875 -0.1160
vn 0.7010 -0.7100 -0.0668
vn 0.6382 -0.6808 -0.3595
vn 0.7041 -0.7090 -0.0387
vn 0.6428 -0.6885 -0.3357
vn 0.7024 -0.7117 -0.0150
vn -0.0000 -0.9045 0.4264
vn 0.7119 -0.7021 -0.0149
vn -0.0018 0.9045 0.4264
vn 0.7119 0.7021 0.0150
vn 0.7024 0.7117 0.0151
vn 0.7119 0.7021 0.0144
vn 0.6220 0.6952 0.3602
vn 0.7101 0.7030 0.0390
vn 0.6132 0.6877 0.3887
vn 0.7041 0.7090 0.0395
vn 0.7133 0.6977 0.0669
vn 0.6038 0.6669 0.4366
vn 0.7010 0.7098 0.0687
vn 0.7168 0.6877 0.1148
vn 0.5935 0.6276 0.5038
vn 0.6976 0.7065 0.1192
vn 0.7206 0.6688 0.1829
vn 0.5835 0.5625 0.5858
vn 0.6940 0.6941 0.1914
vn 0.7244 0.6345 0.2696
vn 0.5753 0.4648 0.6731
vn 0.6905 0.6650 0.2846
vn 0.7274 0.5794 0.3677
vn 0.5790 0.3407 0.7407
vn 0.6878 0.6116 0.3910
vn 0.7259 0.5098 0.4616
vn 0.5792 0.2146 0.7864
vn 0.6892 0.5359 0.4877
vn 0.7249 0.4303 0.5379
vn 0.5803 0.0916 0.8092
vn 0.6900 0.4506 0.5665
vn 0.4659 0.4375 0.7691
vn 0.5860 -0.0315 0.8097
vn -0.0048 0.3527 0.9357
vn 0.5971 -0.1387 0.7901
vn 0.6909 0.2551 0.6764
vn -0.0039 0.2254 0.9743
vn 0.6090 -0.2182 0.7625
vn -0.0026 0.1265 0.9920
vn 0.6209 -0.2659 0.7374
vn 0.6980 0.0906 0.7103
vn -0.0014 0.0648 0.9979
vn 0.6209 -0.2972 0.7254
vn 0.7025 0.0462 0.7102
vn 0.3483 0.6153 -0.7071
vn -0.5704 -0.5842 -0.5774
vn -0.5773 0.5774 -0.5773
vn 0.3066 0.9045 0.2963
vn 0.3491 0.7071 -0.6149
vn -0.7071 0.0074 0.7071
vn 0.5743 -0.5804 0.5773
vn 0.5773 0.5774 0.5773
vn -0.7072 -0.7070 0.0017
vn 0.3021 -0.9045 0.3012
vn 0.5773 -0.5773 0.5774
vn 0.3489 -0.7071 -0.6151
vn 0.3066 -0.9045 0.2963
vn -0.0034 0.7071 0.7071
vn 0.9535 -0.0000 0.3015
vn -0.0002 -0.7071 0.7071
vn -0.0000 0.7072 0.7070
vn 0.4263 0.9046 -0.0000
vn -0.0000 0.7073 0.7070
vn 0.7071 -0.7071 -0.0057
vn 0.5774 -0.0000 0.8165
vn 0.7071 0.7071 -0.0002
vn 0.7071 0.7071 -0.0057
vn -0.0000 0.9045 0.4264
vn -0.7071 0.7071 -0.0002
vn -0.0085 -0.7071 -0.7070
vn -0.2986 -0.9045 0.3044
vn 0.5773 -0.5774 -0.5774
vn -0.7071 -0.7071 -0.0002
vn -0.3658 0.8559 0.3656
vn -0.3014 -0.9045 0.3016
vn -0.3029 -0.9045 0.3001
vn 0.8165 -0.5773 -0.0000
vn 0.5774 -0.5773 -0.5774
vn -0.5774 -0.0099 0.8164
vn -0.7071 -0.7071 -0.0059
vn 0.0085 0.7071 -0.7070
vn 0.2986 0.9045 0.3044
vn -0.5774 0.5774 -0.5773
vn 0.8165 0.5774 0.0048
vn -0.3029 0.9045 0.3001
vn 0.5774 0.5774 -0.5773
vn 0.2986 -0.9045 0.3044
vn -0.0000 -0.7071 -0.7071
vn -0.5774 -0.5774 -0.5773
vn 0.3421 0.8752 0.3420
vn 0.3420 -0.8752 0.3421
vn -0.5773 0.5774 -0.5774
vn 0.5774 0.5773 -0.5774
vn -0.0000 0.0222 0.9998
vn -0.0000 0.0649 0.9979
vn -0.0000 0.1265 0.9920
vn -0.0000 0.2253 0.9743
vn -0.0000 0.3528 0.9357
vn -0.0000 0.9520 0.3061
vn -0.0000 0.3061 -0.9520
vn -0.0000 0.9520 0.3062
vn -0.0000 -0.3529 -0.9357
vn -0.0000 0.3060 -0.9520
vn -0.0000 -0.2255 -0.9742
vn -0.0000 -0.1263 -0.9920
vn -0.0000 -0.2249 -0.9744
vn -0.0000 -0.0651 -0.9979
vn -0.0000 -0.0216 -0.9998
vn -0.0000 -0.0644 -0.9979
vn -0.7122 -0.7020 -0.0000
vn -0.7121 -0.0184 -0.7018
vn -0.7025 -0.1142 0.7025
vn -0.7121 -0.2967 -0.6363
vn -0.7025 -0.2394 0.6702
vn -0.6980 0.0905 0.7104
vn -0.7165 -0.2424 -0.6541
vn -0.6979 -0.1976 0.6883
vn -0.6939 0.1623 0.7015
vn -0.7208 -0.3023 -0.6238
vn -0.6939 -0.1285 0.7085
vn -0.6909 0.2552 0.6764
vn -0.7241 -0.3759 -0.5783
vn -0.6909 -0.0354 0.7221
vn -0.6895 0.3564 0.6305
vn -0.7255 -0.4532 -0.5179
vn -0.6901 0.3402 0.6387
vn -0.7250 -0.4290 -0.5389
vn -0.7254 -0.5624 -0.3969
vn -0.6900 0.1746 0.7025
vn -0.6891 0.5357 0.4879
vn -0.7260 -0.5794 -0.3703
vn -0.6889 0.2928 0.6631
vn -0.6874 0.6121 0.3908
vn -0.7278 -0.6370 -0.2542
vn -0.6905 0.6004 0.4034
vn -0.7275 -0.6805 -0.0874
vn -0.6944 0.6450 0.3192
vn -0.7204 -0.6686 -0.1844
vn -0.7241 -0.6893 0.0233
vn -0.6970 0.6719 0.2504
vn -0.7174 -0.6869 -0.1159
vn -0.7212 -0.6832 0.1144
vn -0.7010 0.6843 0.2011
vn -0.7133 -0.6975 -0.0677
vn -0.7169 -0.6724 0.1842
vn -0.7041 0.6891 0.1715
vn -0.7101 -0.7030 -0.0392
vn -0.7133 -0.6613 0.2319
vn -0.7041 0.6291 0.3293
vn -0.7024 0.7116 0.0150
vn -0.7119 -0.6925 0.1166
vn -0.3015 0.9028 0.3067
vn -0.7119 0.0055 -0.7022
vn -0.7122 -0.7017 -0.0185
vn -0.7020 0.7120 0.0151
vn -0.3011 -0.0075 0.9536
vn -0.7119 -0.6316 -0.3071
vn -0.7100 -0.7031 -0.0393
vn -0.7042 0.7035 -0.0963
vn -0.7133 -0.6712 -0.2018
vn -0.7010 0.7099 0.0688
vn -0.7041 0.6624 -0.2558
vn -0.7169 -0.6505 -0.2508
vn -0.7010 0.6765 -0.2258
vn -0.7206 -0.6157 -0.3189
vn -0.6942 0.6938 0.1915
vn -0.6978 0.6947 -0.1746
vn -0.7245 -0.5610 -0.4005
vn -0.6940 0.7132 -0.0986
vn -0.7276 -0.4841 -0.4861
vn -0.6904 0.7234 0.0009
vn -0.7276 -0.3705 -0.5774
vn -0.7261 -0.5084 -0.4629
vn -0.6891 0.6242 0.3682
vn -0.7260 -0.2611 -0.6362
vn -0.7251 -0.4289 -0.5389
vn -0.6900 0.5455 0.4757
vn -0.7255 -0.2055 -0.6569
vn -0.6901 0.6378 0.3419
vn -0.7256 -0.0632 -0.6852
vn -0.6910 0.3981 0.6034
vn -0.7240 0.0386 -0.6887
vn -0.7208 -0.1561 -0.6753
vn -0.6940 0.3209 0.6445
vn -0.7208 0.1278 -0.6813
vn -0.6980 0.2550 0.6692
vn -0.7165 0.1955 -0.6696
vn -0.7118 -0.0457 -0.7009
vn -0.7025 0.2110 0.6797
vn -0.7122 0.1496 -0.6859
vn -0.7025 0.3211 0.6351
vn -0.7071 0.0018 0.7071
vn -0.0000 -0.0000 1.0000
vn -0.0001 -0.0221 0.9998
vn -0.7121 -0.0171 -0.7019
vn -0.0000 -0.0221 -0.9998
vn -0.7041 -0.1372 -0.6968
vn -0.0000 -0.0650 -0.9979
vn -0.7068 -0.1798 -0.6842
vn -0.0000 -0.1265 -0.9920
vn -0.0000 -0.0649 -0.9979
vn -0.7097 -0.2463 -0.6601
vn -0.0000 -0.1264 -0.9920
vn -0.7122 -0.3289 -0.6201
vn -0.0000 -0.3530 -0.9356
vn -0.0000 -0.2256 -0.9742
vn -0.7140 -0.4154 -0.5636
vn -0.4298 -0.4442 -0.7861
vn -0.0000 -0.3531 -0.9356
vn -0.7152 -0.4932 -0.4952
vn -0.0614 -0.1474 -0.9872
vn -0.7172 -0.5593 -0.4156
vn -0.6891 -0.5358 -0.4879
vn -0.0923 0.0103 -0.9957
vn -0.7166 -0.6262 -0.3073
vn -0.6877 -0.6120 -0.3905
vn -0.1029 -0.1541 -0.9827
vn -0.7143 -0.6706 -0.2002
vn -0.6905 -0.6651 -0.2844
vn -0.1051 -0.3265 -0.9393
vn -0.7117 -0.6940 -0.1092
vn -0.1070 -0.4612 -0.8808
vn -0.7094 -0.7037 -0.0396
vn -0.1076 -0.5602 -0.8213
vn -0.7072 -0.7070 0.0081
vn -0.7010 -0.7099 -0.0688
vn -0.1079 -0.6250 -0.7731
vn -0.7051 -0.7082 0.0354
vn -0.1084 -0.6633 -0.7405
vn -0.7064 -0.7053 0.0596
vn -0.1099 -0.6799 -0.7250
vn -0.3005 -0.9045 0.3026
vn 0.0573 -0.7117 -0.7002
vn -0.7119 0.7021 0.0150
vn -0.7012 0.7122 -0.0346
vn -0.1322 0.6714 0.7292
vn -0.6991 0.7150 -0.0055
vn -0.7133 0.6976 0.0676
vn -0.1137 0.6538 0.7481
vn -0.6968 0.7159 0.0441
vn -0.7169 0.6875 0.1157
vn -0.1417 0.6086 0.7808
vn -0.6945 0.7100 0.1162
vn -0.1587 0.5358 0.8293
vn -0.6922 0.6903 0.2105
vn -0.7246 0.6337 0.2710
vn -0.1765 0.4294 0.8857
vn -0.6907 0.6477 0.3216
vn -0.1919 0.2864 0.9387
vn -0.6916 0.5820 0.4277
vn -0.7261 0.5081 0.4632
vn -0.1998 0.1127 0.9733
vn -0.6921 0.5004 0.5202
vn -0.7250 0.4291 0.5387
vn -0.1815 -0.0492 0.9822
vn -0.6917 0.4193 0.5880
vn -0.4663 0.4351 0.7702
vn -0.1911 -0.1973 0.9615
vn -0.6925 0.3306 0.6412
vn -0.0000 0.3529 0.9357
vn -0.1736 -0.0256 0.9845
vn -0.6937 0.2472 0.6765
vn -0.0000 0.2256 0.9742
vn -0.0593 0.3249 0.9439
vn -0.6959 0.1800 0.6952
vn -0.0000 0.1264 0.9920
vn -0.0475 0.2024 0.9782
vn -0.6985 0.1376 0.7022
vn -0.0000 0.0650 0.9979
vn -0.0316 0.1110 0.9933
vn -0.6982 0.1070 0.7079
vn -0.0172 0.0565 0.9983
vn 0.8164 -0.0098 -0.5774
vn 0.0002 -0.7071 -0.7071
vn 0.0114 0.7070 -0.7071
vn -0.3066 0.9045 0.2964
vn -0.3489 0.7071 -0.6150
vn 0.8165 0.0002 0.5773
vn -0.4264 -0.9045 -0.0000
vn -0.3491 -0.7071 -0.6149
vn -0.3066 -0.9045 0.2963
vn -0.3063 -0.9029 0.3015
vn 0.7071 -0.0051 0.7071
vn -0.3021 0.9045 0.3009
vn -0.5774 0.5774 0.5773
vn 0.7071 0.7071 0.0017
vn 0.7251 0.4288 0.5389
vn 0.7100 0.7031 0.0393
vn 0.7122 -0.2968 -0.6362
vn 0.7025 -0.1142 0.7024
vn 0.7026 0.2039 0.6818
vn 0.7119 -0.0455 -0.7008
vn 0.7166 0.1994 -0.6684
vn 0.6980 0.2423 0.6739
vn 0.7166 -0.0882 -0.6919
vn 0.7208 0.1340 -0.6801
vn 0.6939 0.3051 0.6523
vn 0.7240 0.0457 -0.6882
vn 0.6908 0.3834 0.6130
vn 0.7242 -0.2431 -0.6453
vn 0.7255 -0.0547 -0.6860
vn 0.7255 -0.5620 -0.3973
vn 0.7250 -0.4289 -0.5389
vn 0.6901 0.3402 0.6388
vn 0.6901 0.5372 0.4850
vn 0.7260 -0.2565 -0.6380
vn 0.6894 0.6149 0.3831
vn 0.7257 -0.5088 -0.4631
vn 0.7274 -0.3648 -0.5813
vn 0.7277 -0.6803 -0.0875
vn 0.7247 -0.6336 -0.2710
vn 0.6903 0.6006 0.4034
vn 0.7243 -0.6891 0.0231
vn 0.7205 -0.6685 -0.1844
vn 0.6942 0.6451 0.3192
vn 0.7208 -0.6836 0.1146
vn 0.7170 -0.6874 -0.1159
vn 0.6975 0.6714 0.2505
vn 0.7169 -0.6724 0.1843
vn 0.7133 -0.6976 -0.0677
vn 0.7011 0.6842 0.2010
vn 0.7131 -0.6615 0.2321
vn 0.7100 -0.7032 -0.0392
vn 0.7043 0.6889 0.1715
vn 0.7040 0.7040 -0.0931
vn 0.7102 -0.7029 -0.0393
vn 0.7120 -0.6307 -0.3086
vn 0.7116 -0.0000 -0.7026
vn 0.3011 -0.9047 0.3016
vn 0.3020 0.9026 0.3067
vn 0.3013 -0.0000 0.9535
vn 0.7022 0.7118 0.0151
vn 0.7120 -0.7019 -0.0185
vn 0.7120 -0.6919 0.1198
vn 0.7023 0.7118 0.0151
vn 0.7040 0.6295 0.3288
vn 0.7042 0.6624 -0.2558
vn 0.7132 -0.6713 -0.2018
vn 0.7011 0.6764 -0.2258
vn 0.6977 0.7064 0.1191
vn 0.7168 -0.6506 -0.2509
vn 0.6976 0.6949 -0.1746
vn 0.6940 0.6940 0.1916
vn 0.7207 -0.6156 -0.3189
vn 0.6943 0.7129 -0.0985
vn 0.6908 0.6649 0.2840
vn 0.7242 -0.5613 -0.4006
vn 0.6905 0.7233 0.0008
vn 0.6878 0.6117 0.3907
vn 0.7275 -0.4841 -0.4861
vn 0.7274 -0.6434 -0.2388
vn 0.6881 0.6115 0.3908
vn 0.6892 0.2999 0.6596
vn 0.7260 -0.5860 -0.3599
vn 0.6893 0.5357 0.4878
vn 0.6900 0.1817 0.7006
vn 0.6898 0.6383 0.3417
vn 0.6895 0.3565 0.6305
vn 0.7257 -0.2048 -0.6568
vn 0.7256 -0.4663 -0.5060
vn 0.6895 0.3563 0.6306
vn 0.6910 -0.0269 0.7224
vn 0.7240 -0.3901 -0.5689
vn 0.6939 -0.1199 0.7100
vn 0.7208 -0.3136 -0.6182
vn 0.6939 0.1623 0.7015
vn 0.6980 -0.1913 0.6901
vn 0.7165 -0.2501 -0.6512
vn 0.6980 0.0907 0.7103
vn 0.7025 -0.2343 0.6720
vn 0.7025 0.3212 0.6351
vn 0.7122 0.1497 -0.6858
vn -0.0000 -0.0221 0.9998
vn 0.7071 0.0016 0.7071
vn 0.7122 -0.0171 -0.7018
vn 0.7043 -0.1365 -0.6967
vn -0.0000 -0.0648 -0.9979
vn 0.7070 -0.1790 -0.6842
vn 0.7098 -0.2456 -0.6602
vn -0.0000 -0.2254 -0.9743
vn -0.0000 -0.3528 -0.9357
vn 0.7125 -0.3280 -0.6203
vn 0.4298 -0.4440 -0.7862
vn 0.7142 -0.4146 -0.5639
vn 0.0609 -0.1473 -0.9872
vn 0.6900 -0.4507 -0.5664
vn 0.7153 -0.4927 -0.4956
vn 0.0915 0.0104 -0.9957
vn 0.7173 -0.5589 -0.4160
vn 0.1020 -0.1540 -0.9828
vn 0.6878 -0.6117 -0.3908
vn 0.7169 -0.6254 -0.3081
vn 0.1042 -0.3264 -0.9395
vn 0.6905 -0.6650 -0.2845
vn 0.7145 -0.6702 -0.2009
vn 0.1062 -0.4612 -0.8809
vn 0.6940 -0.6940 -0.1916
vn 0.7118 -0.6937 -0.1099
vn 0.1067 -0.5602 -0.8215
vn 0.7095 -0.7036 -0.0403
vn 0.1070 -0.6250 -0.7733
vn 0.7010 -0.7099 -0.0688
vn 0.7072 -0.7069 0.0075
vn 0.1075 -0.6633 -0.7406
vn 0.7042 -0.7083 -0.0491
vn 0.7052 -0.7081 0.0348
vn 0.1081 -0.6799 -0.7253
vn 0.7024 -0.7117 -0.0151
vn 0.7065 -0.7053 0.0591
vn -0.0603 -0.7117 -0.6999
vn 0.3005 -0.9045 0.3025
vn 0.3005 0.9045 0.3025
vn 0.0030 0.7021 -0.7120
vn 0.1313 0.6714 0.7294
vn 0.7102 0.7034 0.0302
vn 0.7012 0.7121 -0.0340
vn 0.1250 0.6539 0.7462
vn 0.6991 0.7150 -0.0049
vn 0.1407 0.6085 0.7810
vn 0.6969 0.7158 0.0447
vn 0.1578 0.5358 0.8295
vn 0.7207 0.6683 0.1844
vn 0.6945 0.7099 0.1170
vn 0.1755 0.4294 0.8859
vn 0.7246 0.6336 0.2711
vn 0.6923 0.6900 0.2112
vn 0.1908 0.2863 0.9389
vn 0.7277 0.5781 0.3692
vn 0.6907 0.6474 0.3221
vn 0.1991 0.1124 0.9735
vn 0.7260 0.5084 0.4630
vn 0.6916 0.5818 0.4281
vn 0.1803 -0.0494 0.9824
vn 0.6922 0.4997 0.5208
vn 0.1899 -0.1975 0.9617
vn 0.4664 0.4348 0.7704
vn 0.6918 0.4185 0.5884
vn 0.1730 -0.0260 0.9846
vn -0.0000 0.3526 0.9358
vn 0.6925 0.3299 0.6416
vn 0.0592 0.3247 0.9440
vn -0.0000 0.2255 0.9742
vn 0.6937 0.2464 0.6768
vn 0.0476 0.2024 0.9782
vn 0.6960 0.1793 0.6953
vn 0.0316 0.1110 0.9933
vn 0.6986 0.1368 0.7023
vn 0.0172 0.0564 0.9983
vn 0.6983 0.1062 0.7079
vn -0.0116 0.7070 -0.7071
vn -0.8164 -0.0098 -0.5774
vn 0.1216 0.9045 0.4087
vn -0.0002 0.7071 0.7071
vn -0.0102 0.7071 -0.7070
vn -0.8165 0.0088 0.5773
vn -0.0000 -0.7070 0.7072
vn -0.0000 -0.7069 0.7073
vn 0.4266 -0.9045 -0.0010
vn -0.0104 -0.7071 -0.7070
vn 0.1216 -0.9045 0.4087
vn 0.3063 -0.9029 0.3015
vn -0.7070 0.7072 -0.0001
vn 0.5773 0.5775 0.5772
vn 0.3020 0.9046 0.3007
vn 0.5774 0.5809 -0.5738
vn -0.0000 0.7071 -0.7071
vn 0.5773 0.5774 -0.5774
vn -0.2986 0.9045 0.3044
vn 0.7071 -0.7071 -0.0059
vn -0.7071 -0.7071 -0.0000
vn 0.0051 -0.9045 0.4264
vn -0.5754 -0.5773 -0.5794
vn -0.5774 0.5808 -0.5739
vn -0.7071 0.0085 -0.7070
vn -0.7071 0.7071 -0.0059
vn 0.7071 0.7071 -0.0000
vn -0.0051 0.9045 0.4264
vn -0.5754 0.5774 -0.5793
vn 0.3015 0.9045 0.3016
vn -0.4264 0.9045 -0.0025
vn 0.7071 -0.7071 -0.0002
vn -0.7071 -0.7071 -0.0057
vn -0.0000 0.9519 0.3063
vt 0.110500 0.410600
vt 0.101700 0.010000
vt 0.110500 0.010100
vt 0.101700 0.410500
vt 0.093200 0.009900
vt 0.129700 0.405700
vt 0.120800 0.005200
vt 0.129700 0.005200
vt 0.110500 0.417300
vt 0.093200 0.417000
vt 0.093200 0.410400
vt 0.129700 0.412400
vt 0.120800 0.405900
vt 0.110500 0.424000
vt 0.101700 0.417200
vt 0.101700 0.423900
vt 0.129700 0.419200
vt 0.120800 0.412800
vt 0.110500 0.430600
vt 0.101700 0.430600
vt 0.093200 0.423600
vt 0.129700 0.426200
vt 0.120800 0.419800
vt 0.110500 0.437200
vt 0.101700 0.437300
vt 0.093200 0.430400
vt 0.129700 0.433500
vt 0.120800 0.426900
vt 0.110500 0.444300
vt 0.101700 0.444500
vt 0.093200 0.437300
vt 0.129700 0.441300
vt 0.120800 0.434300
vt 0.110500 0.452000
vt 0.093200 0.452500
vt 0.093200 0.444600
vt 0.129700 0.449900
vt 0.120800 0.442100
vt 0.117000 0.451000
vt 0.114300 0.444000
vt 0.117000 0.442700
vt 0.110500 0.460900
vt 0.101700 0.452300
vt 0.101700 0.461100
vt 0.129700 0.459600
vt 0.120800 0.450500
vt 0.114300 0.460600
vt 0.114300 0.451600
vt 0.110500 0.468700
vt 0.101700 0.468900
vt 0.093200 0.461300
vt 0.129700 0.468300
vt 0.120800 0.459900
vt 0.117000 0.460300
vt 0.114300 0.468600
vt 0.110500 0.476400
vt 0.093200 0.476700
vt 0.093200 0.469100
vt 0.129700 0.476500
vt 0.120800 0.468300
vt 0.117000 0.476400
vt 0.117000 0.468500
vt 0.110500 0.484100
vt 0.101700 0.476500
vt 0.093200 0.484400
vt 0.129700 0.484500
vt 0.120800 0.476500
vt 0.117000 0.484400
vt 0.114300 0.476400
vt 0.110500 0.492000
vt 0.101700 0.484200
vt 0.093200 0.492200
vt 0.129700 0.492600
vt 0.120800 0.484500
vt 0.117000 0.492400
vt 0.114300 0.484200
vt 0.110500 0.500200
vt 0.101700 0.492000
vt 0.093200 0.500300
vt 0.129700 0.500800
vt 0.120800 0.492600
vt 0.117000 0.500600
vt 0.114300 0.492200
vt 0.110500 0.508500
vt 0.101700 0.500200
vt 0.093200 0.508500
vt 0.129700 0.509100
vt 0.120800 0.500800
vt 0.117000 0.508900
vt 0.114300 0.500400
vt 0.110500 0.516900
vt 0.101700 0.508500
vt 0.101700 0.516800
vt 0.129700 0.517600
vt 0.120800 0.509100
vt 0.114300 0.517100
vt 0.114300 0.508700
vt 0.110500 0.830400
vt 0.093200 0.837700
vt 0.093200 0.516800
vt 0.120800 0.831100
vt 0.120800 0.517500
vt 0.117000 0.831600
vt 0.117000 0.517300
vt 0.113000 0.010100
vt 0.113000 0.410700
vt 0.118400 0.406000
vt 0.118400 0.005400
vt 0.118400 0.420000
vt 0.118400 0.413000
vt 0.118400 0.427100
vt 0.118400 0.434600
vt 0.118400 0.442400
vt 0.118400 0.460100
vt 0.118400 0.450800
vt 0.118400 0.468400
vt 0.118400 0.476400
vt 0.118400 0.484400
vt 0.118400 0.492500
vt 0.118400 0.500700
vt 0.118400 0.517400
vt 0.118400 0.509000
vt 0.113000 0.830500
vt 0.113000 0.508600
vt 0.113000 0.517000
vt 0.113000 0.500300
vt 0.113000 0.492100
vt 0.113000 0.484200
vt 0.113000 0.476400
vt 0.113000 0.460800
vt 0.113000 0.468700
vt 0.113000 0.451900
vt 0.113000 0.437200
vt 0.113000 0.444200
vt 0.113000 0.430500
vt 0.113000 0.424000
vt 0.113000 0.417300
vt 0.114300 0.410700
vt 0.117000 0.005400
vt 0.117000 0.406100
vt 0.117000 0.413100
vt 0.117000 0.420100
vt 0.117000 0.427300
vt 0.117000 0.434700
vt 0.118400 0.831000
vt 0.114300 0.831400
vt 0.114300 0.437100
vt 0.114300 0.430500
vt 0.114300 0.424000
vt 0.114300 0.417300
vt 0.920000 0.996200
vt 0.934600 0.394300
vt 0.934600 0.996200
vt 0.890100 0.981100
vt 0.877500 0.394300
vt 0.890100 0.394300
vt 0.895700 0.983300
vt 0.901800 0.394300
vt 0.901800 0.983300
vt 0.894300 0.981100
vt 0.895700 0.394300
vt 0.920000 0.394300
vt 0.907400 0.981000
vt 0.907400 0.394300
vt 0.894300 0.394300
vt 0.903200 0.394300
vt 0.903200 0.981100
vt 0.073400 0.009100
vt 0.064400 0.416300
vt 0.064400 0.009200
vt 0.082000 0.009000
vt 0.073400 0.416200
vt 0.053900 0.004200
vt 0.044900 0.411200
vt 0.044900 0.004100
vt 0.064400 0.423100
vt 0.082000 0.422900
vt 0.073400 0.423000
vt 0.053900 0.411500
vt 0.044900 0.418000
vt 0.064400 0.429900
vt 0.073400 0.429800
vt 0.053900 0.418500
vt 0.044900 0.424900
vt 0.064400 0.436600
vt 0.082000 0.429600
vt 0.073400 0.436600
vt 0.053900 0.425600
vt 0.044900 0.432000
vt 0.064400 0.443300
vt 0.082000 0.436500
vt 0.073400 0.443500
vt 0.053900 0.432800
vt 0.044900 0.439400
vt 0.064400 0.450500
vt 0.082000 0.443500
vt 0.073400 0.450700
vt 0.053900 0.440300
vt 0.044900 0.447300
vt 0.064400 0.458400
vt 0.082000 0.459000
vt 0.073400 0.458700
vt 0.053900 0.448200
vt 0.044900 0.456100
vt 0.060500 0.450100
vt 0.057800 0.457300
vt 0.057800 0.448800
vt 0.064400 0.467300
vt 0.073400 0.467700
vt 0.053900 0.456800
vt 0.044900 0.466000
vt 0.060500 0.467000
vt 0.057800 0.466700
vt 0.064400 0.475300
vt 0.082000 0.467900
vt 0.073400 0.475600
vt 0.053900 0.466300
vt 0.044900 0.474800
vt 0.060500 0.475200
vt 0.057800 0.475000
vt 0.064400 0.483100
vt 0.082000 0.483500
vt 0.073400 0.483200
vt 0.053900 0.474800
vt 0.044900 0.483100
vt 0.057800 0.483100
vt 0.064400 0.491000
vt 0.082000 0.491200
vt 0.073400 0.491000
vt 0.053900 0.483100
vt 0.044900 0.491400
vt 0.060500 0.483100
vt 0.057800 0.491200
vt 0.064400 0.499000
vt 0.082000 0.499200
vt 0.073400 0.499000
vt 0.053900 0.491300
vt 0.044900 0.499600
vt 0.060500 0.491100
vt 0.057800 0.499300
vt 0.064400 0.507300
vt 0.082000 0.507400
vt 0.073400 0.507300
vt 0.053900 0.499600
vt 0.044900 0.507900
vt 0.060500 0.499200
vt 0.057800 0.507700
vt 0.064400 0.515700
vt 0.082000 0.515700
vt 0.073400 0.515700
vt 0.053900 0.507900
vt 0.044900 0.516400
vt 0.060500 0.507500
vt 0.057800 0.516100
vt 0.064400 0.524200
vt 0.073400 0.524200
vt 0.053900 0.516300
vt 0.044900 0.524900
vt 0.060500 0.524500
vt 0.057800 0.524600
vt 0.064400 0.842900
vt 0.082000 0.850400
vt 0.073400 0.850400
vt 0.053900 0.843600
vt 0.044900 0.851200
vt 0.057800 0.844200
vt 0.061900 0.009200
vt 0.056400 0.411600
vt 0.056400 0.425800
vt 0.056400 0.433000
vt 0.056400 0.440600
vt 0.056400 0.448500
vt 0.056400 0.466500
vt 0.056400 0.474900
vt 0.056400 0.483100
vt 0.056400 0.491300
vt 0.056400 0.499500
vt 0.056400 0.507800
vt 0.056400 0.524800
vt 0.053900 0.524900
vt 0.061900 0.843000
vt 0.061900 0.515800
vt 0.061900 0.507400
vt 0.061900 0.499100
vt 0.061900 0.491000
vt 0.061900 0.483100
vt 0.061900 0.467200
vt 0.061900 0.458200
vt 0.061900 0.443300
vt 0.061900 0.436500
vt 0.061900 0.429800
vt 0.061900 0.423100
vt 0.060500 0.416300
vt 0.061900 0.416300
vt 0.057800 0.004400
vt 0.056400 0.004300
vt 0.057800 0.411700
vt 0.056400 0.418700
vt 0.057800 0.418700
vt 0.057800 0.425900
vt 0.057800 0.433200
vt 0.057800 0.440700
vt 0.056400 0.457000
vt 0.056400 0.516200
vt 0.056400 0.843500
vt 0.061900 0.524300
vt 0.060500 0.515900
vt 0.061900 0.475200
vt 0.060500 0.457900
vt 0.061900 0.450400
vt 0.060500 0.443200
vt 0.060500 0.436500
vt 0.060500 0.429800
vt 0.060500 0.423100
vt 0.941000 0.394200
vt 0.955600 0.996200
vt 0.941000 0.996200
vt 0.985500 0.981000
vt 0.998100 0.394300
vt 0.998100 0.996200
vt 0.973700 0.394300
vt 0.979900 0.983300
vt 0.973700 0.983300
vt 0.979900 0.394300
vt 0.981300 0.981000
vt 0.955600 0.394200
vt 0.968200 0.981000
vt 0.985500 0.394300
vt 0.981300 0.394300
vt 0.972400 0.394200
vt 0.968200 0.394200
vt 0.972400 0.981000
vt 0.951000 0.387400
vt 0.955600 0.004700
vt 0.955600 0.387400
vt 0.940500 0.004700
vt 0.936000 0.383400
vt 0.936000 0.004700
vt 0.910900 0.004700
vt 0.915500 0.383400
vt 0.910900 0.387400
vt 0.933900 0.383400
vt 0.929300 0.004700
vt 0.933900 0.004700
vt 0.148200 0.009200
vt 0.144200 0.685300
vt 0.144200 0.004700
vt 0.879200 0.004700
vt 0.883800 0.387400
vt 0.879200 0.387400
vt 0.919300 0.004700
vt 0.923800 0.383400
vt 0.919300 0.387400
vt 0.155900 0.685300
vt 0.152000 0.009200
vt 0.155900 0.004700
vt 0.894200 0.383400
vt 0.898700 0.004700
vt 0.898700 0.387400
vt 0.972300 0.004700
vt 0.967700 0.383400
vt 0.967700 0.004700
vt 0.141600 0.004700
vt 0.137000 0.685300
vt 0.137000 0.004700
vt 0.162100 0.004700
vt 0.157500 0.676200
vt 0.157500 0.004700
vt 0.164000 0.521200
vt 0.869000 0.524900
vt 0.164000 0.524900
vt 0.867000 0.452500
vt 0.164300 0.043600
vt 0.867000 0.043600
vt 0.867000 0.459500
vt 0.164300 0.452500
vt 0.867000 0.466500
vt 0.164300 0.459500
vt 0.867000 0.473700
vt 0.164300 0.466500
vt 0.867000 0.481100
vt 0.164300 0.473700
vt 0.867000 0.488900
vt 0.164300 0.481100
vt 0.164000 0.499400
vt 0.869000 0.503100
vt 0.164000 0.503100
vt 0.867400 0.541100
vt 0.164700 0.533800
vt 0.867400 0.533800
vt 0.867400 0.548000
vt 0.164700 0.541100
vt 0.164700 0.554800
vt 0.164700 0.548000
vt 0.867400 0.554800
vt 0.164700 0.561600
vt 0.867400 0.568400
vt 0.867400 0.561600
vt 0.867400 0.977300
vt 0.164700 0.568400
vt 0.101700 0.837700
vt 0.129700 0.838500
vt 0.114300 0.010100
vt 0.877500 0.996200
vt 0.082000 0.416200
vt 0.082000 0.451000
vt 0.082000 0.475800
vt 0.082000 0.524200
vt 0.060500 0.844000
vt 0.060500 0.009200
vt 0.951000 0.004700
vt 0.940500 0.387400
vt 0.915500 0.004700
vt 0.929300 0.383400
vt 0.148200 0.680800
vt 0.883800 0.004700
vt 0.923800 0.004700
vt 0.152000 0.680800
vt 0.894200 0.004700
vt 0.972300 0.383400
vt 0.141600 0.685300
vt 0.162100 0.676200
vt 0.869000 0.521200
vt 0.164300 0.488900
vt 0.869000 0.499400
vt 0.164700 0.977300
s 1
f 2/1/1 4/2/2 1/3/3
f 3/4/4 6/5/5 4/2/2
f 5/6/6 8/7/7 6/8/5
f 9/9/8 3/4/4 2/1/1
f 3/4/4 11/10/9 5/11/6
f 11/12/9 7/13/10 5/6/6
f 13/14/11 10/15/12 9/9/8
f 14/16/13 11/10/9 10/15/12
f 15/17/14 12/18/15 11/12/9
f 17/19/16 14/16/13 13/14/11
f 18/20/17 15/21/14 14/16/13
f 19/22/18 16/23/19 15/17/14
f 21/24/20 18/20/17 17/19/16
f 22/25/21 19/26/18 18/20/17
f 23/27/22 20/28/23 19/22/18
f 25/29/24 22/25/21 21/24/20
f 26/30/25 23/31/22 22/25/21
f 27/32/26 24/33/27 23/27/22
f 29/34/28 26/30/25 25/29/24
f 26/30/25 31/35/29 27/36/26
f 31/37/29 28/38/30 27/32/26
f 34/39/31 36/40/32 33/41/33
f 37/42/34 30/43/35 29/34/28
f 38/44/36 31/35/29 30/43/35
f 39/45/37 32/46/38 31/37/29
f 34/39/31 42/47/39 35/48/40
f 43/49/41 38/44/36 37/42/34
f 44/50/42 39/51/37 38/44/36
f 45/52/43 40/53/44 39/45/37
f 41/54/45 48/55/46 42/47/39
f 49/56/47 44/50/42 43/49/41
f 44/50/42 51/57/48 45/58/43
f 51/59/48 46/60/49 45/52/43
f 53/61/50 48/55/46 47/62/51
f 55/63/52 50/64/53 49/56/47
f 50/64/53 57/65/54 51/57/48
f 57/66/54 52/67/55 51/59/48
f 59/68/56 54/69/57 53/61/50
f 61/70/58 56/71/59 55/63/52
f 56/71/59 63/72/60 57/65/54
f 63/73/60 58/74/61 57/66/54
f 65/75/62 60/76/63 59/68/56
f 67/77/64 62/78/65 61/70/58
f 62/78/65 69/79/66 63/72/60
f 69/80/66 64/81/67 63/73/60
f 71/82/68 66/83/69 65/75/62
f 73/84/70 68/85/71 67/77/64
f 68/85/71 75/86/72 69/79/66
f 75/87/72 70/88/73 69/80/66
f 77/89/74 72/90/75 71/82/68
f 79/91/76 74/92/77 73/84/70
f 80/93/78 75/86/72 74/92/77
f 81/94/79 76/95/80 75/87/72
f 77/89/74 84/96/81 78/97/82
f 85/98/83 80/93/78 79/91/76
f 80/93/78 87/99/84 81/100/79
f 81/94/79 88/101/85 82/102/86
f 89/103/87 84/96/81 83/104/88
s 0
f 2/1/89 91/105/90 92/106/91
f 8/7/92 93/107/93 94/108/94
f 12/18/95 93/107/96 7/13/97
f 12/18/98 96/109/99 95/110/100
f 16/23/101 97/111/102 96/109/103
f 20/28/104 98/112/105 97/111/106
f 24/33/107 99/113/108 98/112/109
f 32/46/110 99/113/111 28/38/112
f 32/46/113 101/114/114 100/115/115
f 40/53/116 102/116/117 101/114/118
f 52/67/119 102/116/120 46/60/121
f 58/74/122 103/117/123 52/67/124
f 64/81/125 104/118/126 58/74/127
f 70/88/128 105/119/129 64/81/130
f 76/95/131 106/120/132 70/88/133
f 76/95/134 108/121/135 107/122/70
f 88/101/136 108/121/137 82/102/138
f 79/91/139 111/123/140 85/98/141
f 79/91/142 112/124/143 110/125/138
f 67/77/144 112/124/145 73/84/146
f 61/70/147 113/126/148 67/77/149
f 55/63/150 114/127/151 61/70/152
f 49/56/153 115/128/154 55/63/155
f 43/49/156 116/129/157 49/56/158
f 43/49/159 118/130/160 117/131/161
f 37/42/162 119/132/163 118/130/164
f 25/29/165 119/132/166 29/34/167
f 25/29/168 121/133/169 120/134/170
f 21/24/171 122/135/172 121/133/173
f 17/19/174 123/136/175 122/135/176
f 13/14/177 124/137/178 123/136/179
f 2/1/180 124/137/181 9/9/100
f 91/105/182 126/138/183 92/106/91
f 93/107/184 128/139/185 94/108/3
f 95/110/186 127/140/187 93/107/188
f 96/109/189 129/141/190 95/110/100
f 97/111/191 130/142/192 96/109/193
f 98/112/194 131/143/195 97/111/196
f 99/113/197 132/144/198 98/112/199
f 100/115/200 33/41/201 99/113/202
f 101/114/203 34/39/204 100/115/205
f 102/116/206 41/54/207 101/114/208
f 103/117/209 47/62/210 102/116/211
f 104/118/212 53/61/213 103/117/214
f 105/119/215 59/68/216 104/118/217
f 106/120/218 65/75/219 105/119/220
f 107/122/221 71/82/222 106/120/223
f 108/121/224 77/89/225 107/122/70
f 109/145/226 83/104/227 108/121/228
f 111/123/229 84/96/230 90/146/231
f 112/124/232 84/96/233 110/125/138
f 113/126/234 78/97/235 112/124/236
f 114/127/237 72/90/238 113/126/239
f 115/128/240 66/83/241 114/127/130
f 116/129/242 60/76/243 115/128/244
f 117/131/245 54/69/246 116/129/247
f 118/130/248 48/55/249 117/131/250
f 119/132/251 42/47/252 118/130/253
f 120/134/254 35/48/255 119/132/256
f 121/133/257 36/40/258 120/134/170
f 122/135/259 133/147/260 121/133/261
f 123/136/262 134/148/263 122/135/264
f 124/137/265 135/149/266 123/136/267
f 92/106/268 136/150/269 124/137/270
f 86/151/271 138/152/272 87/153/273
f 88/154/274 138/155/275 139/156/276
f 89/157/277 141/158/5 90/159/231
f 109/160/278 140/161/279 89/157/280
f 137/162/281 85/163/282 143/164/283
f 109/160/284 139/156/285 142/165/286
f 85/163/284 144/166/285 143/164/286
f 111/167/287 141/158/276 144/166/276
s 1
f 146/168/3 148/169/288 145/170/289
f 149/171/290 147/172/291 146/168/3
f 151/173/5 150/174/10 149/175/290
f 147/172/291 154/176/292 148/169/288
f 147/172/291 155/177/293 153/178/8
f 152/179/6 155/180/293 150/174/10
f 153/178/8 158/181/294 154/176/292
f 155/177/293 157/182/295 153/178/8
f 156/183/296 159/184/19 155/180/293
f 157/182/295 162/185/297 158/181/294
f 159/186/19 161/187/298 157/182/295
f 160/188/299 163/189/264 159/184/19
f 161/187/298 166/190/300 162/185/297
f 163/191/264 165/192/199 161/187/298
f 164/193/301 167/194/302 163/189/264
f 165/192/199 170/195/303 166/190/300
f 167/196/302 169/197/304 165/192/199
f 168/198/305 171/199/306 167/194/302
f 169/197/304 174/200/307 170/195/303
f 169/197/304 175/201/308 173/202/309
f 172/203/310 175/204/308 171/199/306
f 178/205/311 180/206/312 177/207/313
f 173/202/309 182/208/314 174/200/307
f 175/201/308 181/209/315 173/202/309
f 176/210/316 183/211/317 175/204/308
f 180/206/312 185/212/318 186/213/319
f 181/209/315 188/214/320 182/208/314
f 183/215/317 187/216/321 181/209/315
f 184/217/322 189/218/323 183/211/317
f 186/213/319 191/219/324 192/220/325
f 187/216/321 194/221/326 188/214/320
f 187/216/321 195/222/327 193/223/158
f 190/224/328 195/225/327 189/218/323
f 191/219/324 198/226/329 192/220/325
f 193/223/158 200/227/330 194/221/326
f 193/223/158 201/228/331 199/229/217
f 196/230/332 201/231/331 195/225/327
f 197/232/333 204/233/334 198/226/329
f 199/229/217 206/234/335 200/227/330
f 199/229/217 207/235/336 205/236/337
f 202/237/338 207/238/336 201/231/331
f 203/239/339 210/240/340 204/233/334
f 205/236/337 212/241/341 206/234/335
f 205/236/337 213/242/342 211/243/343
f 208/244/344 213/245/342 207/238/336
f 209/246/345 216/247/346 210/240/340
f 211/243/343 218/248/347 212/241/341
f 211/243/343 219/249/80 217/250/348
f 214/251/349 219/252/80 213/245/342
f 215/253/350 222/254/351 216/247/346
f 217/250/348 224/255/352 218/248/347
f 219/249/80 223/256/353 217/250/348
f 220/257/72 225/258/354 219/252/80
f 222/254/351 227/259/355 228/260/356
f 223/256/353 230/261/357 224/255/352
f 223/256/353 231/262/358 229/263/359
f 225/258/354 232/264/360 231/265/358
f 227/259/355 234/266/361 228/260/356
s 0
f 148/169/362 236/267/363 145/170/2
f 151/173/364 238/268/365 152/179/366
f 238/268/367 156/183/368 152/179/366
f 156/183/369 240/269/370 160/188/371
f 160/188/372 241/270/373 164/193/374
f 164/193/375 242/271/376 168/198/377
f 168/198/378 243/272/379 172/203/380
f 243/272/381 176/210/382 172/203/383
f 176/210/384 245/273/385 184/217/386
f 184/217/387 246/274/388 190/224/389
f 246/274/390 196/230/391 190/224/392
f 247/275/393 202/237/394 196/230/395
f 248/276/396 208/244/397 202/237/398
f 249/277/399 214/251/400 208/244/401
f 250/278/402 220/257/403 214/251/404
f 220/257/405 252/279/406 226/280/407
f 252/279/408 232/264/409 226/280/410
f 254/281/411 224/255/412 230/261/413
f 224/255/414 256/282/415 218/248/416
f 256/282/417 212/241/418 218/248/419
f 257/283/420 206/234/421 212/241/422
f 258/284/423 200/227/424 206/234/425
f 259/285/426 194/221/427 200/227/428
f 260/286/429 188/214/430 194/221/431
f 188/214/432 262/287/433 182/208/434
f 182/208/435 263/288/436 174/200/437
f 263/288/438 170/195/439 174/200/440
f 170/195/441 265/289/442 166/190/443
f 166/190/444 266/290/445 162/185/17
f 162/185/446 267/291/447 158/181/448
f 158/181/449 268/292/450 154/176/451
f 268/292/452 148/169/453 154/176/454
f 269/293/183 236/267/276 235/294/366
f 271/295/185 238/268/455 237/296/289
f 272/297/456 239/298/457 238/268/458
f 273/299/459 240/269/460 239/298/292
f 274/300/461 241/270/462 240/269/463
f 275/301/464 242/271/465 241/270/466
f 276/302/467 243/272/468 242/271/469
f 177/207/470 244/303/471 243/272/472
f 180/206/473 245/273/474 244/303/437
f 186/213/475 246/274/476 245/273/477
f 192/220/478 247/275/479 246/274/480
f 198/226/481 248/276/482 247/275/53
f 204/233/483 249/277/484 248/276/59
f 210/240/485 250/278/486 249/277/487
f 216/247/488 251/304/489 250/278/341
f 222/254/490 252/279/491 251/304/347
f 228/260/492 253/305/493 252/279/494
f 254/281/495 227/259/496 255/306/497
f 227/259/498 256/282/499 255/306/497
f 221/307/500 257/283/501 256/282/502
f 215/253/503 258/284/504 257/283/505
f 209/246/506 259/285/507 258/284/508
f 203/239/509 260/286/510 259/285/511
f 197/232/512 261/308/513 260/286/514
f 191/219/515 262/287/516 261/308/517
f 185/212/518 263/288/519 262/287/520
f 179/309/521 264/310/522 263/288/523
f 178/205/524 265/289/525 264/310/380
f 277/311/526 266/290/527 265/289/528
f 278/312/529 267/291/530 266/290/374
f 279/313/531 268/292/532 267/291/533
f 280/314/534 235/294/535 268/292/536
f 138/315/537 229/316/538 231/317/539
f 232/318/540 138/319/541 231/320/539
f 141/321/542 234/322/543 233/323/544
f 140/324/545 253/325/546 234/322/547
f 137/326/548 230/327/549 229/316/359
f 139/328/550 253/325/551 142/329/552
f 144/330/550 230/327/551 143/331/552
f 141/321/553 254/332/554 144/330/555
f 282/333/556 284/334/557 281/335/558
f 281/336/559 285/337/560 286/338/561
f 282/339/562 288/340/563 283/341/564
s 1
f 287/342/565 285/343/566 288/344/567
s 0
f 288/345/568 290/346/569 283/347/570
f 292/348/571 293/349/572 291/350/90
f 291/351/573 295/352/574 292/353/575
f 292/354/576 285/355/577 284/356/578
f 289/357/579 293/358/580 290/359/581
s 1
f 295/360/582 296/361/279 289/362/583
f 283/363/564 292/364/584 284/365/585
f 285/366/566 289/367/583 288/368/567
f 128/369/286 270/370/580 125/371/580
f 127/372/586 271/373/286 128/374/286
f 129/375/587 272/376/586 127/372/586
f 130/377/588 273/378/587 129/375/587
f 131/379/589 274/380/588 130/377/588
f 132/381/590 275/382/589 131/379/589
f 33/383/591 276/384/590 132/381/590
f 36/385/592 177/386/593 33/387/593
f 133/388/594 178/389/595 36/390/592
f 134/391/596 277/392/594 133/388/594
f 134/391/596 279/393/597 278/394/598
f 297/395/597 280/396/599 279/393/597
f 126/397/600 280/396/599 136/398/601
f 125/399/580 269/400/600 126/397/600
f 2/1/1 3/4/4 4/2/2
f 3/4/4 5/11/6 6/5/5
f 5/6/6 7/13/10 8/7/7
f 9/9/8 10/15/12 3/4/4
f 3/4/4 10/15/12 11/10/9
f 11/12/9 12/18/15 7/13/10
f 13/14/11 14/16/13 10/15/12
f 14/16/13 15/21/14 11/10/9
f 15/17/14 16/23/19 12/18/15
f 17/19/16 18/20/17 14/16/13
f 18/20/17 19/26/18 15/21/14
f 19/22/18 20/28/23 16/23/19
f 21/24/20 22/25/21 18/20/17
f 22/25/21 23/31/22 19/26/18
f 23/27/22 24/33/27 20/28/23
f 25/29/24 26/30/25 22/25/21
f 26/30/25 27/36/26 23/31/22
f 27/32/26 28/38/30 24/33/27
f 29/34/28 30/43/35 26/30/25
f 26/30/25 30/43/35 31/35/29
f 31/37/29 32/46/38 28/38/30
f 34/39/31 35/48/40 36/40/32
f 37/42/34 38/44/36 30/43/35
f 38/44/36 39/51/37 31/35/29
f 39/45/37 40/53/44 32/46/38
f 34/39/31 41/54/45 42/47/39
f 43/49/41 44/50/42 38/44/36
f 44/50/42 45/58/43 39/51/37
f 45/52/43 46/60/49 40/53/44
f 41/54/45 47/62/51 48/55/46
f 49/56/47 50/64/53 44/50/42
f 44/50/42 50/64/53 51/57/48
f 51/59/48 52/67/55 46/60/49
f 53/61/50 54/69/57 48/55/46
f 55/63/52 56/71/59 50/64/53
f 50/64/53 56/71/59 57/65/54
f 57/66/54 58/74/61 52/67/55
f 59/68/56 60/76/63 54/69/57
f 61/70/58 62/78/65 56/71/59
f 56/71/59 62/78/65 63/72/60
f 63/73/60 64/81/67 58/74/61
f 65/75/62 66/83/69 60/76/63
f 67/77/64 68/85/71 62/78/65
f 62/78/65 68/85/71 69/79/66
f 69/80/66 70/88/73 64/81/67
f 71/82/68 72/90/75 66/83/69
f 73/84/70 74/92/77 68/85/71
f 68/85/71 74/92/77 75/86/72
f 75/87/72 76/95/80 70/88/73
f 77/89/74 78/97/82 72/90/75
f 79/91/76 80/93/78 74/92/77
f 80/93/78 81/100/79 75/86/72
f 81/94/79 82/102/86 76/95/80
f 77/89/74 83/104/88 84/96/81
f 85/98/83 86/401/570 80/93/78
f 80/93/78 86/401/570 87/99/84
f 81/94/79 87/402/84 88/101/85
f 89/103/87 90/146/231 84/96/81
s 0
f 2/1/602 1/3/94 91/105/92
f 8/7/90 7/13/91 93/107/603
f 12/18/604 95/110/100 93/107/605
f 12/18/606 16/23/607 96/109/608
f 16/23/609 20/28/610 97/111/611
f 20/28/612 24/33/613 98/112/614
f 24/33/615 28/38/616 99/113/617
f 32/46/618 100/115/619 99/113/620
f 32/46/621 40/53/622 101/114/623
f 40/53/624 46/60/625 102/116/626
f 52/67/627 103/117/158 102/116/628
f 58/74/629 104/118/630 103/117/631
f 64/81/632 105/119/633 104/118/634
f 70/88/635 106/120/636 105/119/637
f 76/95/638 107/122/639 106/120/640
f 76/95/641 82/102/642 108/121/643
f 88/101/644 109/145/83 108/121/645
f 79/91/646 110/125/647 111/123/648
f 79/91/649 73/84/650 112/124/651
f 67/77/652 113/126/653 112/124/654
f 61/70/655 114/127/130 113/126/656
f 55/63/657 115/128/658 114/127/659
f 49/56/660 116/129/247 115/128/661
f 43/49/662 117/131/161 116/129/663
f 43/49/664 37/42/665 118/130/666
f 37/42/667 29/34/668 119/132/669
f 25/29/670 120/134/112 119/132/671
f 25/29/672 21/24/199 121/133/673
f 21/24/674 17/19/675 122/135/676
f 17/19/677 13/14/103 123/136/678
f 13/14/679 9/9/680 124/137/681
f 2/1/682 92/106/91 124/137/683
f 91/105/684 125/403/685 126/138/686
f 93/107/687 127/140/688 128/139/185
f 95/110/689 129/141/690 127/140/688
f 96/109/691 130/142/692 129/141/693
f 97/111/694 131/143/596 130/142/695
f 98/112/696 132/144/697 131/143/698
f 99/113/699 33/41/700 132/144/701
f 100/115/702 34/39/31 33/41/703
f 101/114/704 41/54/705 34/39/706
f 102/116/707 47/62/708 41/54/709
f 103/117/710 53/61/711 47/62/712
f 104/118/713 59/68/56 53/61/714
f 105/119/715 65/75/62 59/68/716
f 106/120/717 71/82/718 65/75/719
f 107/122/720 77/89/74 71/82/721
f 108/121/722 83/104/88 77/89/723
f 109/145/724 89/103/87 83/104/725
f 111/123/560 110/125/138 84/96/726
f 112/124/727 78/97/82 84/96/728
f 113/126/729 72/90/730 78/97/731
f 114/127/732 66/83/733 72/90/734
f 115/128/735 60/76/63 66/83/736
f 116/129/737 54/69/738 60/76/739
f 117/131/740 48/55/46 54/69/741
f 118/130/742 42/47/743 48/55/744
f 119/132/745 35/48/746 42/47/747
f 120/134/748 36/40/749 35/48/750
f 121/133/751 133/147/752 36/40/753
f 122/135/754 134/148/755 133/147/756
f 123/136/757 135/149/758 134/148/759
f 124/137/760 136/150/761 135/149/762
f 92/106/763 126/138/183 136/150/764
f 86/151/765 137/162/766 138/152/767
f 88/154/768 87/404/273 138/155/769
f 89/157/770 140/161/286 141/158/276
f 109/160/771 142/165/283 140/161/286
f 137/162/772 86/151/570 85/163/773
f 109/160/774 88/154/85 139/156/775
f 85/163/774 111/167/85 144/166/775
f 111/167/776 90/159/777 141/158/778
s 1
f 146/168/3 147/172/291 148/169/288
f 149/171/290 150/405/10 147/172/291
f 151/173/5 152/179/6 150/174/10
f 147/172/291 153/178/8 154/176/292
f 147/172/291 150/405/10 155/177/293
f 152/179/6 156/183/296 155/180/293
f 153/178/8 157/182/295 158/181/294
f 155/177/293 159/186/19 157/182/295
f 156/183/296 160/188/299 159/184/19
f 157/182/295 161/187/298 162/185/297
f 159/186/19 163/191/264 161/187/298
f 160/188/299 164/193/301 163/189/264
f 161/187/298 165/192/199 166/190/300
f 163/191/264 167/196/302 165/192/199
f 164/193/301 168/198/305 167/194/302
f 165/192/199 169/197/304 170/195/303
f 167/196/302 171/406/306 169/197/304
f 168/198/305 172/203/310 171/199/306
f 169/197/304 173/202/309 174/200/307
f 169/197/304 171/406/306 175/201/308
f 172/203/310 176/210/316 175/204/308
f 178/205/311 179/309/779 180/206/312
f 173/202/309 181/209/315 182/208/314
f 175/201/308 183/215/317 181/209/315
f 176/210/316 184/217/322 183/211/317
f 180/206/312 179/309/779 185/212/318
f 181/209/315 187/216/321 188/214/320
f 183/215/317 189/407/323 187/216/321
f 184/217/322 190/224/328 189/218/323
f 186/213/319 185/212/318 191/219/324
f 187/216/321 193/223/158 194/221/326
f 187/216/321 189/407/323 195/222/327
f 190/224/328 196/230/332 195/225/327
f 191/219/324 197/232/333 198/226/329
f 193/223/158 199/229/217 200/227/330
f 193/223/158 195/222/327 201/228/331
f 196/230/332 202/237/338 201/231/331
f 197/232/333 203/239/339 204/233/334
f 199/229/217 205/236/337 206/234/335
f 199/229/217 201/228/331 207/235/336
f 202/237/338 208/244/344 207/238/336
f 203/239/339 209/246/345 210/240/340
f 205/236/337 211/243/343 212/241/341
f 205/236/337 207/235/336 213/242/342
f 208/244/344 214/251/349 213/245/342
f 209/246/345 215/253/350 216/247/346
f 211/243/343 217/250/348 218/248/347
f 211/243/343 213/242/342 219/249/80
f 214/251/349 220/257/72 219/252/80
f 215/253/350 221/307/780 222/254/351
f 217/250/348 223/256/353 224/255/352
f 219/249/80 225/408/354 223/256/353
f 220/257/72 226/280/497 225/258/354
f 222/254/351 221/307/780 227/259/355
f 223/256/353 229/263/359 230/261/357
f 223/256/353 225/408/354 231/262/358
f 225/258/354 226/280/497 232/264/360
f 227/259/355 233/409/544 234/266/361
s 0
f 148/169/365 235/294/366 236/267/364
f 151/173/363 237/296/2 238/268/362
f 238/268/781 239/298/12 156/183/782
f 156/183/783 239/298/784 240/269/785
f 160/188/786 240/269/787 241/270/788
f 164/193/789 241/270/17 242/271/790
f 168/198/791 242/271/792 243/272/793
f 243/272/794 244/303/795 176/210/796
f 176/210/797 244/303/795 245/273/798
f 184/217/799 245/273/800 246/274/801
f 246/274/802 247/275/803 196/230/804
f 247/275/805 248/276/806 202/237/807
f 248/276/808 249/277/809 208/244/810
f 249/277/811 250/278/812 214/251/813
f 250/278/814 251/304/815 220/257/816
f 220/257/817 251/304/818 252/279/819
f 252/279/820 253/305/821 232/264/822
f 254/281/823 255/306/824 224/255/825
f 224/255/826 255/306/827 256/282/828
f 256/282/829 257/283/505 212/241/830
f 257/283/831 258/284/832 206/234/833
f 258/284/834 259/285/835 200/227/836
f 259/285/837 260/286/838 194/221/839
f 260/286/840 261/308/841 188/214/842
f 188/214/843 261/308/844 262/287/845
f 182/208/846 262/287/847 263/288/848
f 263/288/849 264/310/850 170/195/851
f 170/195/852 264/310/853 265/289/854
f 166/190/855 265/289/22 266/290/856
f 162/185/857 266/290/858 267/291/859
f 158/181/860 267/291/861 268/292/862
f 268/292/863 235/294/366 148/169/864
f 269/293/865 270/410/685 236/267/866
f 271/295/185 272/297/688 238/268/867
f 272/297/688 273/299/690 239/298/868
f 273/299/869 274/300/695 240/269/870
f 274/300/692 275/301/596 241/270/871
f 275/301/872 276/302/873 242/271/874
f 276/302/594 177/207/875 243/272/876
f 177/207/877 180/206/878 244/303/879
f 180/206/880 186/213/319 245/273/881
f 186/213/882 192/220/883 246/274/884
f 192/220/885 198/226/886 247/275/887
f 198/226/888 204/233/889 248/276/890
f 204/233/891 210/240/340 249/277/892
f 210/240/893 216/247/894 250/278/895
f 216/247/896 222/254/897 251/304/898
f 222/254/899 228/260/900 252/279/901
f 228/260/902 234/266/361 253/305/903
f 254/281/904 233/409/544 227/259/905
f 227/259/906 221/307/907 256/282/908
f 221/307/909 215/253/350 257/283/910
f 215/253/911 209/246/345 258/284/912
f 209/246/913 203/239/914 259/285/915
f 203/239/916 197/232/917 260/286/918
f 197/232/919 191/219/920 261/308/921
f 191/219/922 185/212/923 262/287/924
f 185/212/925 179/309/779 263/288/926
f 179/309/927 178/205/928 264/310/929
f 178/205/930 277/311/931 265/289/932
f 277/311/933 278/312/934 266/290/935
f 278/312/936 279/313/588 267/291/937
f 279/313/938 280/314/587 268/292/939
f 280/314/940 269/293/183 235/294/941
f 138/315/942 137/326/580 229/316/943
f 232/318/944 139/328/945 138/319/946
f 141/321/276 140/324/286 234/322/947
f 140/324/948 142/329/949 253/325/950
f 137/326/951 143/331/286 230/327/952
f 139/328/290 232/318/360 253/325/953
f 144/330/290 254/332/360 230/327/953
f 141/321/954 233/323/955 254/332/956
f 282/333/2 283/411/570 284/334/957
f 281/336/958 284/412/959 285/337/960
f 282/339/961 287/413/962 288/340/963
s 1
f 287/342/565 286/414/90 285/343/566
s 0
f 288/345/771 289/415/357 290/346/964
f 292/348/965 290/416/581 293/349/966
f 291/351/967 294/417/968 295/352/969
f 292/354/970 295/418/971 285/355/972
f 289/357/493 296/419/973 293/358/974
s 1
f 295/360/582 294/420/558 296/361/279
f 283/363/564 290/421/359 292/364/584
f 285/366/566 295/422/582 289/367/583
f 128/369/286 271/423/286 270/370/580
f 127/372/586 272/376/586 271/373/286
f 129/375/587 273/378/587 272/376/586
f 130/377/588 274/380/588 273/378/587
f 131/379/589 275/382/589 274/380/588
f 132/381/590 276/384/590 275/382/589
f 33/383/591 177/424/975 276/384/590
f 36/385/592 178/425/595 177/386/593
f 133/388/594 277/392/594 178/389/595
f 134/391/596 278/394/598 277/392/594
f 134/391/596 297/395/597 279/393/597
f 297/395/597 136/398/601 280/396/599
f 126/397/600 269/400/600 280/396/599
f 125/399/580 270/426/580 269/400/600
o Gates_opened002
v 0.030564 0.064743 14.869495
v 0.030564 4.209743 14.869495
v 0.122270 4.209743 14.869495
v 0.122270 0.064743 14.869495
v 0.122270 4.211643 14.957394
v 0.122270 0.064743 14.957394
v 0.030564 4.211643 14.957394
v 0.030564 0.064743 14.957394
v 0.030564 4.277843 14.866489
v 0.122270 4.277843 14.866489
v 0.122270 4.283543 14.954189
v 0.030564 4.283543 14.954189
v 0.030564 4.345043 14.860691
v 0.122270 4.345043 14.860691
v 0.122270 4.356144 14.947994
v 0.030564 4.356144 14.947994
v 0.030564 4.410542 14.849590
v 0.122270 4.410542 14.849590
v 0.122270 4.430340 14.935390
v 0.030564 4.430340 14.935390
v 0.030564 4.474545 14.830692
v 0.122270 4.474545 14.830692
v 0.122270 4.505642 14.913189
v 0.030564 4.505642 14.913189
v 0.030564 4.537945 14.801289
v 0.122270 4.537945 14.801289
v 0.122270 4.581341 14.878094
v 0.030564 4.581341 14.878094
v 0.030564 4.601444 14.758396
v 0.122270 4.601444 14.758396
v 0.122270 4.656345 14.827389
v 0.030564 4.656345 14.827389
v 0.030564 4.665241 14.698994
v 0.122270 4.665241 14.698994
v 0.122270 4.730442 14.758396
v 0.030564 4.730442 14.758396
v 0.030564 4.711643 14.638691
v 0.122270 4.711643 14.638691
v 0.122270 4.786045 14.686192
v 0.030564 4.786045 14.686192
v 0.030564 4.745842 14.572994
v 0.122270 4.745842 14.572994
v 0.122270 4.826942 14.607693
v 0.030564 4.826942 14.607693
v 0.030564 4.770142 14.501690
v 0.122270 4.770142 14.501690
v 0.122270 4.855145 14.525089
v 0.030564 4.855145 14.525089
v 0.030564 4.786442 14.425190
v 0.122270 4.786442 14.425190
v 0.122270 4.873241 14.439793
v 0.030564 4.873241 14.439793
v 0.030564 4.796543 14.344494
v 0.122270 4.796543 14.344494
v 0.122270 4.884045 14.352993
v 0.030564 4.884045 14.352993
v 0.030564 4.802341 14.260593
v 0.122270 4.802341 14.260593
v 0.122270 4.890141 14.265491
v 0.030564 4.890141 14.265491
v 0.030564 4.805943 14.175396
v 0.122270 4.805943 14.175396
v 0.122270 4.893940 14.177189
v 0.030564 4.893940 14.177189
v 0.030564 4.805943 10.931194
v 0.122270 4.805943 10.854687
v 0.122270 4.893940 10.854687
v 0.030564 4.893940 10.931194
v 0.030564 0.064743 14.894794
v 0.030564 4.210243 14.894794
v 0.030564 4.211143 14.932095
v 0.030564 0.064743 14.932095
v 0.030564 4.281841 14.928890
v 0.030564 4.352943 14.922794
v 0.030564 4.424641 14.910694
v 0.030564 4.496742 14.889393
v 0.030564 4.568844 14.855991
v 0.030564 4.640442 14.807491
v 0.030564 4.711643 14.741192
v 0.030564 4.764645 14.672489
v 0.030564 4.803543 14.597691
v 0.030564 4.830643 14.518391
v 0.030564 4.848240 14.435589
v 0.030564 4.858845 14.350491
v 0.030564 4.864841 14.263996
v 0.030564 4.868542 14.176693
v 0.030564 4.868542 10.931194
v 0.030564 4.831341 14.175892
v 0.030564 4.831341 10.931194
v 0.030564 4.827641 14.261990
v 0.030564 4.821743 14.346889
v 0.030564 4.811443 14.429394
v 0.030564 4.794643 14.508396
v 0.030564 4.769245 14.582989
v 0.030564 4.733143 14.652393
v 0.030564 4.684040 14.716091
v 0.030564 4.617245 14.778294
v 0.030564 4.550442 14.823391
v 0.030564 4.483543 14.854496
v 0.030564 4.416241 14.874294
v 0.030564 4.348240 14.885792
v 0.030564 4.279442 14.891796
v 0.044267 0.064743 14.894794
v 0.044267 4.210243 14.894794
v 0.044267 4.211143 14.932095
v 0.044267 0.064743 14.932095
v 0.044267 4.281841 14.928890
v 0.044267 4.352943 14.922794
v 0.044267 4.424641 14.910694
v 0.044267 4.496742 14.889393
v 0.044267 4.568844 14.855991
v 0.044267 4.640442 14.807491
v 0.044267 4.711643 14.741192
v 0.044267 4.764645 14.672489
v 0.044267 4.803543 14.597691
v 0.044267 4.830643 14.518391
v 0.044267 4.848240 14.435589
v 0.044267 4.858845 14.350491
v 0.044267 4.864841 14.263996
v 0.044267 4.868542 14.176693
v 0.044267 4.868542 10.922787
v 0.044267 4.831341 14.175892
v 0.044267 4.831341 10.922787
v 0.044267 4.827641 14.261990
v 0.044267 4.821743 14.346889
v 0.044267 4.811443 14.429394
v 0.044267 4.794643 14.508396
v 0.044267 4.769245 14.582989
v 0.044267 4.733143 14.652393
v 0.044267 4.684040 14.716091
v 0.044267 4.617245 14.778294
v 0.044267 4.550442 14.823391
v 0.044267 4.483543 14.854496
v 0.044267 4.416241 14.874294
v 0.044267 4.348240 14.885792
v 0.044267 4.279442 14.891796
v -3.518432 4.805943 10.854687
v -3.518432 4.893940 10.854687
v -3.518432 4.893940 10.931194
v -3.518432 4.868542 10.922787
v -3.518432 4.831341 10.922787
v -3.518432 4.868542 10.931194
v -3.518432 4.805943 10.931194
v -3.518432 4.831341 10.931194
v -7.067336 0.064743 14.869495
v -7.159133 0.064743 14.869495
v -7.159133 4.209743 14.869495
v -7.067336 4.209743 14.869495
v -7.159133 0.064743 14.957394
v -7.159133 4.211643 14.957394
v -7.067336 0.064743 14.957394
v -7.067336 4.211643 14.957394
v -7.159133 4.277843 14.866489
v -7.067336 4.277843 14.866489
v -7.159133 4.283543 14.954189
v -7.067336 4.283543 14.954189
v -7.159133 4.345043 14.860691
v -7.067336 4.345043 14.860691
v -7.159133 4.356144 14.947994
v -7.067336 4.356144 14.947994
v -7.159133 4.410542 14.849590
v -7.067336 4.410542 14.849590
v -7.159133 4.430340 14.935390
v -7.067336 4.430340 14.935390
v -7.159133 4.474545 14.830692
v -7.067336 4.474545 14.830692
v -7.159133 4.505642 14.913189
v -7.067336 4.505642 14.913189
v -7.159133 4.537945 14.801289
v -7.067336 4.537945 14.801289
v -7.159133 4.581341 14.878094
v -7.067336 4.581341 14.878094
v -7.159133 4.601444 14.758396
v -7.067336 4.601444 14.758396
v -7.159133 4.656345 14.827389
v -7.067336 4.656345 14.827389
v -7.159133 4.665241 14.698994
v -7.067336 4.665241 14.698994
v -7.159133 4.730442 14.758396
v -7.067336 4.730442 14.758396
v -7.159133 4.711643 14.638691
v -7.067336 4.711643 14.638691
v -7.159133 4.786045 14.686192
v -7.067336 4.786045 14.686192
v -7.159133 4.745842 14.572994
v -7.067336 4.745842 14.572994
v -7.159133 4.826942 14.607693
v -7.067336 4.826942 14.607693
v -7.159133 4.770142 14.501690
v -7.067336 4.770142 14.501690
v -7.159133 4.855145 14.525089
v -7.067336 4.855145 14.525089
v -7.159133 4.786442 14.425190
v -7.067336 4.786442 14.425190
v -7.159133 4.873241 14.439793
v -7.067336 4.873241 14.439793
v -7.159133 4.796543 14.344494
v -7.067336 4.796543 14.344494
v -7.159133 4.884045 14.352993
v -7.067336 4.884045 14.352993
v -7.159133 4.802341 14.260593
v -7.067336 4.802341 14.260593
v -7.159133 4.890141 14.265491
v -7.067336 4.890141 14.265491
v -7.159133 4.805943 14.175396
v -7.067336 4.805943 14.175396
v -7.159133 4.893940 14.177189
v -7.067336 4.893940 14.177189
v -7.159133 4.805943 10.854687
v -7.067336 4.805943 10.931194
v -7.159133 4.893940 10.854687
v -7.067336 4.893940 10.931194
v -7.067336 4.210243 14.894794
v -7.067336 0.064743 14.894794
v -7.067336 0.064743 14.932095
v -7.067336 4.211143 14.932095
v -7.067336 4.281841 14.928890
v -7.067336 4.352943 14.922794
v -7.067336 4.424641 14.910694
v -7.067336 4.496742 14.889393
v -7.067336 4.568844 14.855991
v -7.067336 4.640442 14.807491
v -7.067336 4.711643 14.741192
v -7.067336 4.764645 14.672489
v -7.067336 4.803543 14.597691
v -7.067336 4.830643 14.518391
v -7.067336 4.848240 14.435589
v -7.067336 4.858845 14.350491
v -7.067336 4.864841 14.263996
v -7.067336 4.868542 14.176693
v -7.067336 4.868542 10.931194
v -7.067336 4.831341 10.931194
v -7.067336 4.831341 14.175892
v -7.067336 4.827641 14.261990
v -7.067336 4.821743 14.346889
v -7.067336 4.811443 14.429394
v -7.067336 4.794643 14.508396
v -7.067336 4.769245 14.582989
v -7.067336 4.733143 14.652393
v -7.067336 4.684040 14.716091
v -7.067336 4.617245 14.778294
v -7.067336 4.550442 14.823391
v -7.067336 4.483543 14.854496
v -7.067336 4.416241 14.874294
v -7.067336 4.348240 14.885792
v -7.067336 4.279442 14.891796
v -7.081130 4.210243 14.894794
v -7.081130 0.064743 14.894794
v -7.081130 0.064743 14.932095
v -7.081130 4.211143 14.932095
v -7.081130 4.281841 14.928890
v -7.081130 4.352943 14.922794
v -7.081130 4.424641 14.910694
v -7.081130 4.496742 14.889393
v -7.081130 4.568844 14.855991
v -7.081130 4.640442 14.807491
v -7.081130 4.711643 14.741192
v -7.081130 4.764645 14.672489
v -7.081130 4.803543 14.597691
v -7.081130 4.830643 14.518391
v -7.081130 4.848240 14.435589
v -7.081130 4.858845 14.350491
v -7.081130 4.864841 14.263996
v -7.081130 4.868542 14.176693
v -7.081130 4.868542 10.922787
v -7.081130 4.831341 10.922787
v -7.081130 4.831341 14.175892
v -7.081130 4.827641 14.261990
v -7.081130 4.821743 14.346889
v -7.081130 4.811443 14.429394
v -7.081130 4.794643 14.508396
v -7.081130 4.769245 14.582989
v -7.081130 4.733143 14.652393
v -7.081130 4.684040 14.716091
v -7.081130 4.617245 14.778294
v -7.081130 4.550442 14.823391
v -7.081130 4.483543 14.854496
v -7.081130 4.416241 14.874294
v -7.081130 4.348240 14.885792
v -7.081130 4.279442 14.891796
v 0.129960 4.943542 14.957394
v 0.129960 4.893940 14.957394
v 0.129960 4.893940 10.854687
v 0.129960 4.943542 10.854687
v 0.081269 4.943542 10.897488
v 0.081269 4.943542 14.957394
v 0.081269 4.893940 14.957394
v 0.081269 4.893940 10.897488
v -7.118133 4.893940 10.897488
v -7.166839 4.893940 10.854687
v -7.166839 4.943542 14.957394
v -7.166839 4.943542 10.854687
v -7.166839 4.893940 14.957394
v -7.118133 4.943542 14.957394
v -7.118133 4.943542 10.897488
v -7.118133 4.893940 14.957394
vn -0.7115 -0.0155 -0.7025
vn 0.7071 -0.0000 -0.7071
vn -0.7071 -0.0000 -0.7071
vn 0.7121 -0.0155 -0.7019
vn 0.7071 -0.0000 0.7071
vn 0.7023 0.0155 0.7117
vn -0.7071 0.0002 0.7071
vn -0.7119 -0.0455 -0.7008
vn 0.7026 0.0461 0.7101
vn -0.7021 0.0158 0.7119
vn -0.7168 -0.0881 -0.6917
vn 0.7119 -0.0457 -0.7008
vn 0.7164 -0.0884 -0.6920
vn 0.6979 0.0905 0.7105
vn -0.7024 0.0464 0.7103
vn -0.7212 -0.1562 -0.6749
vn 0.7208 -0.1563 -0.6753
vn 0.6940 0.1624 0.7014
vn -0.6979 0.0907 0.7104
vn -0.7246 -0.2432 -0.6449
vn 0.7240 -0.2434 -0.6454
vn 0.6909 0.2550 0.6765
vn -0.6938 0.1624 0.7016
vn -0.7260 -0.3382 -0.5988
vn 0.7255 -0.3385 -0.5992
vn 0.6895 0.3563 0.6306
vn -0.6910 0.2550 0.6764
vn -0.7252 -0.4287 -0.5388
vn 0.6901 0.4506 0.5663
vn -0.6898 0.3562 0.6303
vn -0.7259 -0.5085 -0.4632
vn 0.7250 -0.4287 -0.5390
vn 0.7259 -0.5086 -0.4630
vn 0.6890 0.5358 0.4879
vn -0.6905 0.4503 0.5660
vn -0.7278 -0.5780 -0.3691
vn 0.7274 -0.5782 -0.3695
vn 0.6879 0.6118 0.3906
vn -0.6894 0.5355 0.4878
vn -0.7248 -0.6334 -0.2710
vn 0.6905 0.6649 0.2848
vn -0.6880 0.6116 0.3906
vn -0.7210 -0.6680 -0.1845
vn 0.7245 -0.6337 -0.2711
vn 0.6939 0.6942 0.1914
vn -0.6907 0.6649 0.2844
vn -0.7170 -0.6874 -0.1159
vn 0.7207 -0.6683 -0.1844
vn 0.6976 0.7065 0.1191
vn -0.6941 0.6940 0.1914
vn -0.7133 -0.6976 -0.0675
vn 0.7168 -0.6875 -0.1161
vn 0.7011 0.7098 0.0688
vn -0.6977 0.7064 0.1193
vn -0.7101 -0.7030 -0.0393
vn 0.7132 -0.6976 -0.0680
vn 0.7041 0.7089 0.0399
vn -0.7010 0.7098 0.0689
vn -0.7119 -0.7021 -0.0150
vn 0.7101 -0.7030 -0.0391
vn 0.7119 -0.7021 -0.0148
vn 0.7023 0.7117 0.0153
vn -0.7041 0.7090 0.0396
vn -0.3015 -0.9045 0.3015
vn 0.5999 0.5789 -0.5522
vn -0.3015 0.9045 0.3015
vn -0.7024 0.7117 0.0150
vn -0.7122 -0.0184 -0.7017
vn -0.7071 0.7071 -0.0000
vn -0.7022 0.0157 0.7118
vn -0.7071 0.0029 0.7071
vn -0.7121 -0.7021 -0.0000
vn -0.7071 0.0002 -0.7071
vn -0.7025 0.3228 0.6343
vn -0.7121 0.1440 -0.6872
vn -0.7025 0.2037 0.6819
vn -0.7165 0.1994 -0.6685
vn -0.7118 -0.0456 -0.7009
vn -0.6980 0.2424 0.6739
vn -0.7208 0.1338 -0.6801
vn -0.7165 -0.0881 -0.6920
vn -0.6939 0.3050 0.6523
vn -0.7240 0.0455 -0.6883
vn -0.7208 -0.1563 -0.6753
vn -0.6909 0.3833 0.6130
vn -0.7256 -0.0547 -0.6860
vn -0.7242 -0.2432 -0.6453
vn -0.6901 0.6413 0.3353
vn -0.7254 -0.2199 -0.6523
vn -0.6896 0.3560 0.6306
vn -0.6898 0.5376 0.4849
vn -0.7262 -0.2562 -0.6379
vn -0.7253 -0.4285 -0.5388
vn -0.6891 0.6151 0.3831
vn -0.7275 -0.3645 -0.5813
vn -0.7260 -0.5084 -0.4630
vn -0.6909 0.7229 -0.0083
vn -0.7272 -0.4963 -0.4743
vn -0.6881 0.6114 0.3907
vn -0.6936 0.7126 -0.1060
vn -0.7249 -0.5686 -0.3889
vn -0.6902 0.6653 0.2846
vn -0.6976 0.6935 -0.1799
vn -0.7207 -0.6202 -0.3098
vn -0.6940 0.6941 0.1915
vn -0.7014 0.6747 -0.2300
vn -0.7165 -0.6532 -0.2449
vn -0.6980 0.7061 0.1192
vn -0.7041 0.6613 -0.2586
vn -0.7133 -0.6722 -0.1983
vn -0.7010 0.7099 0.0688
vn -0.7045 0.7036 -0.0931
vn -0.7116 -0.6311 -0.3088
vn -0.7097 -0.7034 -0.0393
vn -0.3015 -0.0075 0.9534
vn -0.7119 -0.7020 -0.0185
vn -0.7024 0.7117 0.0151
vn -0.7126 0.0055 -0.7016
vn -0.3006 0.9031 0.3067
vn -0.3025 -0.9042 0.3014
vn -0.7115 -0.6924 0.1199
vn -0.7045 0.6290 0.3287
vn -0.7028 0.7113 0.0150
vn -0.7137 -0.6619 0.2291
vn -0.7037 0.6885 0.1754
vn -0.7105 -0.7026 -0.0393
vn -0.7169 -0.6732 0.1814
vn -0.7010 0.6824 0.2073
vn -0.7133 -0.6976 -0.0676
vn -0.7208 -0.6844 0.1097
vn -0.6976 0.6676 0.2602
vn -0.7169 -0.6875 -0.1158
vn -0.7245 -0.6891 0.0164
vn -0.6940 0.6388 0.3320
vn -0.7208 -0.6682 -0.1845
vn -0.7272 -0.6798 -0.0957
vn -0.6909 0.5901 0.4177
vn -0.7242 -0.6341 -0.2711
vn -0.7276 -0.6431 -0.2389
vn -0.6891 0.2999 0.6596
vn -0.6878 0.6118 0.3907
vn -0.7262 -0.5856 -0.3600
vn -0.6898 0.1822 0.7007
vn -0.6888 0.5363 0.4878
vn -0.7257 -0.5574 -0.4033
vn -0.6898 0.3266 0.6461
vn -0.7252 -0.4286 -0.5389
vn -0.7255 -0.4666 -0.5059
vn -0.6910 -0.0272 0.7223
vn -0.6897 0.3560 0.6305
vn -0.7240 -0.3901 -0.5689
vn -0.6940 -0.1197 0.7099
vn -0.6910 0.2551 0.6764
vn -0.7208 -0.3134 -0.6182
vn -0.6980 -0.1910 0.6901
vn -0.6939 0.1624 0.7015
vn -0.7165 -0.2501 -0.6512
vn -0.7025 -0.2344 0.6720
vn -0.6981 0.0905 0.7103
vn -0.7122 -0.2940 -0.6374
vn -0.7025 -0.1198 0.7016
vn 0.0023 0.7071 0.7071
vn -0.7121 0.0155 0.7019
vn 0.0024 -0.7123 -0.7019
vn -0.6457 0.2677 -0.7151
vn -0.7022 -0.0177 -0.7117
vn -0.7121 -0.0156 -0.7019
vn -0.6580 0.2243 -0.7188
vn -0.7025 -0.0479 -0.7100
vn -0.6687 0.1533 -0.7275
vn -0.6981 -0.0940 -0.7098
vn -0.7165 -0.0882 -0.6920
vn -0.6759 0.0588 -0.7347
vn -0.6943 -0.1672 -0.7000
vn -0.6789 -0.0507 -0.7325
vn -0.6914 -0.2603 -0.6740
vn -0.7241 -0.2433 -0.6454
vn -0.6760 -0.1635 -0.7186
vn -0.4310 -0.4500 -0.7821
vn -0.7255 -0.3385 -0.5993
vn -0.6775 -0.2717 -0.6835
vn -0.0108 -0.6235 -0.7818
vn -0.7252 -0.4289 -0.5387
vn -0.6825 -0.3827 -0.6227
vn -0.0127 -0.7400 -0.6725
vn -0.7260 -0.5085 -0.4630
vn -0.6753 -0.4863 -0.5544
vn -0.0142 -0.8433 -0.5373
vn -0.7275 -0.5782 -0.3694
vn -0.6664 -0.5651 -0.4864
vn -0.0121 -0.9197 -0.3924
vn -0.7245 -0.6337 -0.2710
vn -0.6562 -0.6210 -0.4288
vn -0.0096 -0.9641 -0.2652
vn -0.7207 -0.6683 -0.1844
vn -0.6469 -0.6579 -0.3857
vn -0.0068 -0.9861 -0.1657
vn -0.7169 -0.6875 -0.1160
vn -0.6382 -0.6808 -0.3595
vn -0.0043 -0.9954 -0.0962
vn -0.7133 -0.6975 -0.0676
vn -0.6428 -0.6885 -0.3358
vn -0.0021 -0.9984 -0.0557
vn 0.0018 -0.9045 0.4264
vn -0.0001 -0.9998 -0.0212
vn -0.7119 -0.7021 -0.0149
vn -0.3005 0.9045 0.3026
vn -0.0000 0.9998 -0.0212
vn -0.0000 0.7071 0.7071
vn -0.6220 0.6952 0.3602
vn 0.0011 0.9998 0.0212
vn -0.6132 0.6876 0.3887
vn 0.0007 0.9984 0.0558
vn -0.6038 0.6669 0.4367
vn 0.0015 0.9953 0.0966
vn -0.5936 0.6276 0.5038
vn 0.0024 0.9860 0.1664
vn -0.6976 0.7065 0.1192
vn -0.5834 0.5625 0.5859
vn 0.0034 0.9639 0.2662
vn -0.6940 0.6940 0.1916
vn -0.5753 0.4650 0.6729
vn 0.0043 0.9193 0.3934
vn -0.6904 0.6651 0.2845
vn -0.5791 0.3410 0.7405
vn 0.0050 0.8428 0.5382
vn -0.6878 0.6118 0.3906
vn -0.5791 0.2142 0.7866
vn 0.0041 0.7392 0.6735
vn -0.6891 0.5357 0.4880
vn -0.5805 0.0917 0.8091
vn 0.0044 0.6226 0.7826
vn -0.6900 0.4507 0.5664
vn -0.5860 -0.0316 0.8097
vn -0.4659 0.4375 0.7691
vn -0.6896 0.3561 0.6306
vn -0.5972 -0.1388 0.7900
vn -0.7239 0.2454 0.6448
vn -0.6090 -0.2182 0.7625
vn -0.7207 0.1580 0.6750
vn -0.6940 0.1623 0.7014
vn -0.6209 -0.2659 0.7374
vn -0.7164 0.0894 0.6919
vn -0.6980 0.0906 0.7103
vn -0.6209 -0.2971 0.7254
vn -0.7118 0.0463 0.7009
vn -0.7025 0.0462 0.7102
vn 0.5704 -0.5842 -0.5774
vn -0.3486 0.6152 -0.7071
vn 0.5773 0.5774 -0.5773
vn -0.1216 0.9045 0.4087
vn 0.0104 0.7071 -0.7070
vn -0.0000 -0.7071 0.7071
vn -0.3021 -0.9045 0.3011
vn 0.7072 -0.7070 -0.0001
vn 0.0001 -0.7070 0.7072
vn 0.0102 -0.7071 -0.7070
vn -0.1216 -0.9045 0.4087
vn 0.0002 -0.7071 0.7071
vn -0.9534 0.0068 0.3015
vn 0.0036 0.7071 0.7071
vn -0.4264 0.9045 -0.0010
vn -0.4663 0.4352 0.7702
vn -0.6910 -0.2551 -0.6764
vn -0.4298 -0.4439 -0.7863
vn -0.7071 -0.0000 0.7071
vn -0.7118 0.0456 0.7009
vn -0.7022 0.6134 -0.3614
vn -0.7025 -0.0459 -0.7102
vn -0.6940 -0.1623 -0.7014
vn -0.7240 -0.4992 0.4760
vn -0.7208 0.1559 0.6754
vn -0.6980 -0.0909 -0.7103
vn -0.7209 -0.5499 0.4218
vn -0.7165 0.0880 0.6920
vn -0.7025 -0.0462 -0.7102
vn -0.7165 -0.5850 0.3800
vn -0.7118 0.0453 0.7009
vn 0.7115 -0.0155 -0.7025
vn 0.7071 0.0002 -0.7071
vn -0.7121 -0.0155 -0.7019
vn 0.7119 -0.0455 -0.7008
vn -0.7026 0.0461 0.7101
vn -0.7119 -0.0457 -0.7008
vn 0.7021 0.0158 0.7119
vn 0.7168 -0.0883 -0.6917
vn -0.7161 -0.0881 -0.6924
vn 0.7024 0.0460 0.7102
vn -0.6979 0.0905 0.7105
vn 0.7212 -0.1562 -0.6749
vn 0.6979 0.0906 0.7104
vn -0.6940 0.1624 0.7014
vn 0.7246 -0.2432 -0.6449
vn -0.7240 -0.2434 -0.6454
vn 0.6938 0.1623 0.7016
vn -0.6909 0.2550 0.6765
vn 0.7260 -0.3382 -0.5988
vn -0.7255 -0.3385 -0.5992
vn 0.6910 0.2551 0.6764
vn -0.6895 0.3563 0.6306
vn 0.7252 -0.4287 -0.5388
vn -0.6901 0.4506 0.5663
vn -0.7250 -0.4287 -0.5390
vn 0.6898 0.3561 0.6304
vn 0.7259 -0.5084 -0.4633
vn -0.7262 -0.5084 -0.4628
vn 0.6905 0.4505 0.5659
vn -0.6890 0.5358 0.4879
vn 0.7278 -0.5780 -0.3691
vn -0.7270 -0.5787 -0.3695
vn 0.6894 0.5356 0.4878
vn -0.6879 0.6118 0.3906
vn 0.7248 -0.6334 -0.2710
vn -0.6905 0.6649 0.2848
vn -0.7245 -0.6337 -0.2711
vn 0.6880 0.6116 0.3906
vn 0.7209 -0.6681 -0.1845
vn -0.6939 0.6942 0.1914
vn 0.6907 0.6649 0.2844
vn 0.7170 -0.6874 -0.1158
vn -0.6976 0.7065 0.1193
vn -0.7168 -0.6875 -0.1161
vn 0.6941 0.6940 0.1914
vn 0.7133 -0.6976 -0.0676
vn -0.7011 0.7098 0.0688
vn -0.7134 -0.6975 -0.0677
vn 0.6977 0.7064 0.1190
vn 0.7101 -0.7030 -0.0393
vn -0.7041 0.7090 0.0395
vn -0.7101 -0.7030 -0.0391
vn 0.7010 0.7098 0.0688
vn -0.7119 -0.7021 -0.0148
vn 0.7041 0.7090 0.0396
vn -0.7025 0.7115 0.0154
vn 0.3015 -0.9045 0.3015
vn -0.5999 0.5789 -0.5523
vn -0.5774 -0.5773 -0.5774
vn 0.3015 0.9045 0.3015
vn 0.7122 -0.7020 0.0043
vn 0.7071 0.0031 0.7071
vn 0.7071 0.7071 -0.0043
vn 0.7122 -0.0184 -0.7017
vn 0.7022 0.0157 0.7118
vn 0.7122 0.1439 -0.6871
vn 0.7026 0.3227 0.6342
vn 0.7025 -0.2394 0.6702
vn 0.7165 -0.2426 -0.6540
vn 0.6981 0.0904 0.7103
vn 0.6980 -0.1976 0.6883
vn 0.7208 -0.3022 -0.6238
vn 0.6939 0.1624 0.7015
vn 0.6939 -0.1287 0.7084
vn 0.7241 -0.3759 -0.5783
vn 0.6909 0.2551 0.6764
vn 0.6909 -0.0355 0.7220
vn 0.7255 -0.4533 -0.5178
vn 0.6896 0.3561 0.6306
vn 0.7256 -0.2193 -0.6522
vn 0.6899 0.6416 0.3352
vn 0.6896 0.3563 0.6305
vn 0.6901 0.1745 0.7024
vn 0.7260 -0.5796 -0.3702
vn 0.6892 0.5357 0.4879
vn 0.6890 0.2928 0.6630
vn 0.7277 -0.6371 -0.2541
vn 0.6876 0.6120 0.3907
vn 0.7277 -0.4957 -0.4740
vn 0.6903 0.7235 -0.0084
vn 0.7247 -0.5688 -0.3890
vn 0.6938 0.7123 -0.1058
vn 0.6904 0.6651 0.2846
vn 0.7208 -0.6201 -0.3097
vn 0.6975 0.6936 -0.1800
vn 0.6939 0.6942 0.1915
vn 0.7169 -0.6527 -0.2449
vn 0.7009 0.6751 -0.2302
vn 0.7130 -0.6725 -0.1983
vn 0.7044 0.6611 -0.2585
vn 0.7012 0.7096 0.0688
vn 0.7039 0.6293 0.3294
vn 0.7121 -0.6924 0.1167
vn 0.7022 0.7118 0.0151
vn 0.7122 -0.7017 -0.0185
vn 0.3011 -0.0000 0.9536
vn 0.7020 0.7120 0.0151
vn 0.3017 0.9027 0.3067
vn 0.7118 -0.0000 -0.7024
vn 0.3013 -0.9046 0.3015
vn 0.7118 -0.6317 -0.3072
vn 0.7042 0.7033 -0.0967
vn 0.7100 -0.7031 -0.0393
vn 0.7042 0.6881 0.1751
vn 0.7132 -0.6624 0.2293
vn 0.7011 0.6823 0.2074
vn 0.7168 -0.6733 0.1813
vn 0.7132 -0.6977 -0.0676
vn 0.6978 0.6674 0.2601
vn 0.7205 -0.6847 0.1098
vn 0.7168 -0.6876 -0.1158
vn 0.6937 0.6391 0.3320
vn 0.7247 -0.6888 0.0164
vn 0.7209 -0.6681 -0.1844
vn 0.6905 0.5904 0.4179
vn 0.7274 -0.6794 -0.0959
vn 0.7244 -0.6339 -0.2709
vn 0.7276 -0.3705 -0.5774
vn 0.6891 0.6242 0.3680
vn 0.7261 -0.5084 -0.4630
vn 0.7260 -0.2612 -0.6362
vn 0.6900 0.5454 0.4758
vn 0.7250 -0.4289 -0.5389
vn 0.6899 0.3265 0.6461
vn 0.7256 -0.5576 -0.4033
vn 0.7251 -0.4287 -0.5389
vn 0.7255 -0.0638 -0.6853
vn 0.6909 0.3979 0.6035
vn 0.7239 -0.2436 -0.6455
vn 0.7240 0.0385 -0.6887
vn 0.6939 0.3208 0.6446
vn 0.7208 0.1279 -0.6813
vn 0.6980 0.2548 0.6692
vn 0.7165 -0.0882 -0.6920
vn 0.7165 0.1956 -0.6696
vn 0.7025 0.2110 0.6797
vn 0.7118 -0.0456 -0.7009
vn 0.7025 -0.1198 0.7015
vn 0.7122 -0.2940 -0.6374
vn 0.7121 0.0155 0.7019
vn -0.0000 -0.7124 -0.7018
vn 0.7022 -0.0178 -0.7117
vn 0.6459 0.2675 -0.7150
vn 0.7122 -0.0156 -0.7018
vn 0.7026 -0.0479 -0.7100
vn 0.6582 0.2241 -0.7187
vn 0.7119 -0.0456 -0.7008
vn 0.6982 -0.0940 -0.7097
vn 0.6688 0.1531 -0.7275
vn 0.6943 -0.1672 -0.7000
vn 0.6760 0.0586 -0.7346
vn 0.7208 -0.1564 -0.6752
vn 0.6914 -0.2604 -0.6739
vn 0.6790 -0.0510 -0.7324
vn 0.7241 -0.2434 -0.6454
vn 0.4310 -0.4501 -0.7821
vn 0.6761 -0.1638 -0.7184
vn 0.7255 -0.3384 -0.5992
vn 0.0109 -0.6232 -0.7820
vn 0.6775 -0.2716 -0.6835
vn 0.7251 -0.4288 -0.5389
vn 0.0128 -0.7398 -0.6727
vn 0.6825 -0.3828 -0.6226
vn 0.7260 -0.5083 -0.4631
vn 0.0143 -0.8433 -0.5372
vn 0.6754 -0.4864 -0.5542
vn 0.7275 -0.5782 -0.3693
vn 0.0122 -0.9197 -0.3924
vn 0.6665 -0.5652 -0.4862
vn 0.0096 -0.9641 -0.2653
vn 0.6562 -0.6210 -0.4286
vn 0.0068 -0.9862 -0.1657
vn 0.6469 -0.6580 -0.3854
vn 0.7169 -0.6875 -0.1160
vn 0.0043 -0.9954 -0.0961
vn 0.6383 -0.6808 -0.3592
vn 0.7133 -0.6976 -0.0675
vn 0.0021 -0.9984 -0.0557
vn 0.6429 -0.6885 -0.3356
vn 0.0001 -0.9998 -0.0212
vn -0.0000 -0.9045 0.4264
vn 0.7119 -0.7021 -0.0149
vn -0.0018 0.9045 0.4264
vn -0.0000 0.9998 0.0212
vn 0.7024 0.7117 0.0151
vn -0.0011 0.9998 0.0212
vn 0.6222 0.6952 0.3600
vn 0.7024 0.7117 0.0152
vn -0.0007 0.9984 0.0558
vn 0.6133 0.6877 0.3885
vn 0.7041 0.7090 0.0395
vn -0.0015 0.9953 0.0965
vn 0.6039 0.6669 0.4365
vn 0.7010 0.7099 0.0687
vn -0.0024 0.9861 0.1662
vn 0.5937 0.6278 0.5033
vn 0.6976 0.7065 0.1190
vn -0.0034 0.9639 0.2661
vn 0.5835 0.5625 0.5858
vn 0.6940 0.6941 0.1915
vn -0.0044 0.9193 0.3936
vn 0.5754 0.4650 0.6728
vn -0.0050 0.8425 0.5387
vn 0.5791 0.3408 0.7406
vn 0.6878 0.6116 0.3910
vn -0.0041 0.7395 0.6731
vn 0.5795 0.2148 0.7862
vn 0.6893 0.5358 0.4877
vn -0.0044 0.6224 0.7827
vn 0.5806 0.0917 0.8090
vn 0.6900 0.4506 0.5665
vn 0.4659 0.4379 0.7689
vn 0.5863 -0.0310 0.8095
vn 0.6896 0.3564 0.6304
vn 0.7238 0.2454 0.6448
vn 0.5972 -0.1386 0.7900
vn 0.7207 0.1580 0.6750
vn 0.6092 -0.2180 0.7625
vn 0.7165 0.0894 0.6919
vn 0.6211 -0.2655 0.7374
vn 0.6980 0.0907 0.7103
vn 0.7118 0.0463 0.7009
vn 0.6211 -0.2969 0.7253
vn 0.7025 0.0462 0.7102
vn 0.3483 0.6153 -0.7071
vn -0.5704 -0.5842 -0.5774
vn -0.5773 0.5774 -0.5773
vn 0.3066 0.9045 0.2964
vn 0.3491 0.7071 -0.6149
vn -0.7071 0.0074 0.7071
vn -0.7071 -0.7071 0.0016
vn 0.3021 -0.9046 0.3009
vn 0.0001 -0.7072 0.7071
vn 0.3489 -0.7071 -0.6150
vn 0.3066 -0.9045 0.2963
vn -0.0034 0.7071 0.7071
vn 0.9535 -0.0000 0.3015
vn -0.0002 -0.7071 0.7071
vn 0.4264 0.9045 -0.0000
vn -0.0002 0.7071 0.7071
vn 0.4663 0.4348 0.7704
vn 0.6910 -0.2557 -0.6761
vn 0.7240 0.2434 0.6454
vn 0.7121 0.0169 0.7019
vn 0.7022 -0.0157 -0.7118
vn 0.7022 0.6132 -0.3618
vn 0.7118 0.0453 0.7009
vn 0.7025 -0.0462 -0.7101
vn 0.6941 0.5209 -0.4970
vn 0.7240 0.2440 0.6452
vn 0.6910 -0.2549 -0.6764
vn 0.6980 0.5684 -0.4355
vn 0.7209 0.1558 0.6753
vn 0.6940 -0.1625 -0.7014
vn 0.7026 0.5969 -0.3874
vn 0.7165 0.0880 0.6921
vn 0.6980 -0.0905 -0.7103
vn 0.7071 -0.7071 -0.0057
vn 0.5774 -0.0000 0.8165
vn 0.7071 0.7071 -0.0002
vn 0.7071 0.7071 -0.0057
vn -0.0000 0.9045 0.4264
vn -0.7071 0.7071 -0.0002
vn -0.0085 -0.7071 -0.7070
vn -0.2986 -0.9045 0.3044
vn 0.5774 -0.5774 -0.5773
vn -0.7071 -0.7071 -0.0002
vn -0.3657 0.8559 0.3657
vn -0.3014 -0.9045 0.3017
vn -0.8165 -0.5774 0.0048
vn 0.3029 -0.9045 0.3001
vn -0.5773 -0.5774 -0.5774
vn -0.5774 -0.0099 0.8164
vn -0.7071 -0.7071 -0.0059
vn 0.0085 0.7071 -0.7071
vn 0.2986 0.9045 0.3044
vn -0.5773 0.5774 -0.5774
vn 0.3029 0.9045 0.3001
vn -0.8165 0.5774 -0.0000
vn 0.2986 -0.9045 0.3044
vn -0.0000 -0.7071 -0.7071
vn 0.3420 0.8752 0.3420
vn 0.7071 -0.7071 -0.0000
vn 0.3421 -0.8752 0.3420
vn 0.5773 -0.5774 -0.5774
vn 0.5774 0.5773 -0.5774
vn -0.0000 0.7071 -0.7071
vn -0.0000 -0.9998 -0.0211
vn -0.0000 -0.9984 -0.0561
vn -0.0000 -0.9953 -0.0966
vn -0.0000 -0.9861 -0.1661
vn -0.0000 -0.9640 -0.2659
vn -0.0000 -0.9193 -0.3935
vn -0.0000 -0.8429 -0.5381
vn -0.0000 -0.7392 -0.6734
vn -0.0000 -0.6224 -0.7827
vn -0.0000 -0.9734 -0.2293
vn -0.0000 -0.2291 0.9734
vn -0.0000 -0.9734 -0.2292
vn -0.0000 -0.9734 -0.2291
vn -0.0000 0.6226 0.7825
vn -0.0000 -0.2292 0.9734
vn -0.0000 0.7394 0.6732
vn -0.0000 0.8428 0.5382
vn -0.0000 0.9193 0.3935
vn -0.0000 0.9639 0.2661
vn -0.0000 0.9861 0.1663
vn -0.0000 0.9953 0.0965
vn -0.0000 0.9984 0.0558
vn -0.0000 0.9953 0.0964
vn 0.5774 -0.5773 -0.5774
vn -0.7122 -0.7020 -0.0000
vn -0.7121 -0.0184 -0.7018
vn -0.7025 -0.1142 0.7025
vn -0.7118 -0.0457 -0.7009
vn -0.7121 -0.2968 -0.6363
vn -0.7025 -0.2394 0.6702
vn -0.6980 0.0905 0.7104
vn -0.7165 -0.2424 -0.6541
vn -0.6980 -0.1975 0.6883
vn -0.6939 0.1625 0.7015
vn -0.7208 -0.3023 -0.6238
vn -0.6939 -0.1288 0.7084
vn -0.7240 -0.3760 -0.5783
vn -0.6909 -0.0353 0.7221
vn -0.6894 0.3566 0.6305
vn -0.7256 -0.4530 -0.5180
vn -0.6901 0.3402 0.6387
vn -0.7250 -0.4290 -0.5389
vn -0.7254 -0.5624 -0.3969
vn -0.6898 0.1749 0.7025
vn -0.6888 0.5360 0.4881
vn -0.7262 -0.5792 -0.3703
vn -0.6891 0.2925 0.6630
vn -0.7275 -0.6373 -0.2541
vn -0.6909 0.6001 0.4032
vn -0.7272 -0.6809 -0.0873
vn -0.6936 0.6457 0.3193
vn -0.7210 -0.6679 -0.1843
vn -0.7249 -0.6885 0.0229
vn -0.6976 0.6713 0.2505
vn -0.7169 -0.6875 -0.1159
vn -0.7207 -0.6837 0.1146
vn -0.7014 0.6839 0.2009
vn -0.7130 -0.6979 -0.0677
vn -0.7165 -0.6727 0.1845
vn -0.7041 0.6891 0.1715
vn -0.7101 -0.7030 -0.0392
vn -0.7133 -0.6613 0.2319
vn -0.7045 0.6288 0.3291
vn -0.7027 0.7113 0.0150
vn -0.7115 -0.6929 0.1167
vn -0.3015 0.9028 0.3067
vn -0.7119 0.0055 -0.7022
vn -0.7126 -0.7014 -0.0185
vn -0.7017 0.7123 0.0151
vn -0.3006 -0.0075 0.9537
vn -0.7115 -0.6319 -0.3073
vn -0.7097 -0.7034 -0.0392
vn -0.7045 0.7032 -0.0962
vn -0.7137 -0.6708 -0.2016
vn -0.7006 0.7102 0.0688
vn -0.7037 0.6629 -0.2558
vn -0.7169 -0.6505 -0.2508
vn -0.6976 0.7065 0.1191
vn -0.7010 0.6765 -0.2258
vn -0.7208 -0.6155 -0.3189
vn -0.6976 0.6949 -0.1746
vn -0.7245 -0.5610 -0.4005
vn -0.6940 0.7132 -0.0986
vn -0.7272 -0.4846 -0.4862
vn -0.6909 0.7230 0.0010
vn -0.7276 -0.3705 -0.5774
vn -0.7260 -0.5085 -0.4629
vn -0.6891 0.6241 0.3682
vn -0.7262 -0.2607 -0.6361
vn -0.7254 -0.4283 -0.5389
vn -0.6898 0.5458 0.4757
vn -0.7257 -0.2048 -0.6568
vn -0.6898 0.6383 0.3417
vn -0.7255 -0.0635 -0.6853
vn -0.7239 -0.2437 -0.6454
vn -0.6910 0.3979 0.6035
vn -0.7240 0.0385 -0.6887
vn -0.7208 -0.1561 -0.6753
vn -0.6940 0.3209 0.6445
vn -0.7208 0.1280 -0.6812
vn -0.7166 -0.0882 -0.6919
vn -0.6980 0.2550 0.6691
vn -0.7165 0.1955 -0.6696
vn -0.7025 0.2110 0.6797
vn -0.7122 0.1496 -0.6858
vn -0.7022 0.0158 0.7118
vn -0.7025 0.3212 0.6351
vn -0.7071 0.0018 0.7071
vn -0.0024 -0.7123 0.7019
vn -0.7121 -0.0171 -0.7019
vn -0.7022 -0.0157 -0.7118
vn -0.0023 0.7071 -0.7071
vn -0.7042 -0.1365 -0.6968
vn -0.1315 0.6570 -0.7423
vn -0.7069 -0.1791 -0.6842
vn -0.6980 -0.0906 -0.7103
vn -0.1308 0.6271 -0.7679
vn -0.7098 -0.2456 -0.6602
vn -0.6940 -0.1624 -0.7014
vn -0.1260 0.5585 -0.8199
vn -0.7124 -0.3282 -0.6203
vn -0.1198 0.4532 -0.8833
vn -0.7142 -0.4147 -0.5639
vn -0.4298 -0.4440 -0.7862
vn -0.1121 0.3175 -0.9416
vn -0.7153 -0.4927 -0.4956
vn -0.0000 -0.6226 -0.7825
vn -0.0609 -0.1473 -0.9872
vn -0.7172 -0.5591 -0.4159
vn -0.0000 -0.7396 -0.6731
vn -0.0000 -0.6229 -0.7823
vn -0.7169 -0.6255 -0.3080
vn -0.0000 -0.8428 -0.5382
vn -0.0000 -0.7394 -0.6733
vn -0.7145 -0.6702 -0.2009
vn -0.0000 -0.8427 -0.5383
vn -0.7117 -0.6938 -0.1097
vn -0.0000 -0.9194 -0.3933
vn -0.7095 -0.7035 -0.0402
vn -0.0000 -0.9861 -0.1662
vn -0.0000 -0.9640 -0.2660
vn -0.7073 -0.7069 0.0075
vn -0.0000 -0.9861 -0.1663
vn -0.7052 -0.7081 0.0349
vn -0.0000 -0.9984 -0.0558
vn -0.0000 -0.9953 -0.0965
vn -0.7065 -0.7053 0.0591
vn -0.0000 -0.9998 -0.0213
vn -0.3005 -0.9045 0.3026
vn -0.7012 0.7122 -0.0340
vn -0.0176 0.9994 0.0301
vn -0.6991 0.7150 -0.0050
vn -0.0109 0.9981 0.0613
vn -0.6969 0.7158 0.0448
vn -0.0000 0.9861 0.1662
vn -0.0222 0.9939 0.1077
vn -0.6946 0.7099 0.1169
vn -0.0000 0.9639 0.2662
vn -0.0341 0.9825 0.1832
vn -0.6922 0.6901 0.2113
vn -0.0000 0.9194 0.3934
vn -0.0472 0.9563 0.2886
vn -0.6906 0.6475 0.3220
vn -0.0605 0.9054 0.4203
vn -0.6915 0.5820 0.4280
vn -0.0000 0.7394 0.6733
vn -0.0711 0.8210 0.5665
vn -0.6922 0.4996 0.5208
vn -0.0000 0.6226 0.7826
vn -0.0666 0.7142 0.6967
vn -0.6918 0.4188 0.5883
vn -0.4663 0.4351 0.7702
vn -0.0630 0.5963 0.8003
vn -0.6925 0.3300 0.6415
vn -0.7241 0.2433 0.6453
vn -0.1730 -0.0259 0.9846
vn -0.6938 0.2465 0.6767
vn -0.7208 0.1562 0.6753
vn -0.2036 -0.4743 0.8565
vn -0.6960 0.1794 0.6953
vn -0.7165 0.0881 0.6920
vn -0.1929 -0.5707 0.7982
vn -0.6986 0.1368 0.7023
vn -0.7118 0.0457 0.7009
vn -0.1745 -0.6322 0.7549
vn -0.6983 0.1063 0.7079
vn -0.1574 -0.6633 0.7316
vn 0.8164 -0.0098 -0.5774
vn 0.0002 -0.7071 -0.7071
vn 0.0114 0.7070 -0.7071
vn -0.3066 0.9045 0.2963
vn 0.5774 0.5774 -0.5773
vn -0.3489 0.7071 -0.6150
vn -0.4266 -0.9045 -0.0000
vn -0.0000 -0.7069 0.7073
vn -0.0000 -0.7070 0.7072
vn -0.3491 -0.7071 -0.6149
vn 0.5774 -0.5773 -0.5773
vn -0.3066 -0.9045 0.2963
vn -0.3063 -0.9029 0.3015
vn 0.7071 -0.0051 0.7071
vn -0.3021 0.9045 0.3010
vn 0.0001 0.7071 0.7071
vn 0.7071 0.7071 0.0017
vn -0.7241 0.2440 0.6451
vn -0.7022 -0.0172 -0.7118
vn -0.7118 -0.6048 0.3572
vn -0.7121 0.0169 0.7019
vn -0.7022 -0.0162 -0.7118
vn -0.6940 0.5205 -0.4974
vn -0.6910 -0.2557 -0.6761
vn -0.7240 0.2436 0.6453
vn -0.6980 0.5680 -0.4361
vn -0.6940 -0.1619 -0.7015
vn -0.7209 0.1562 0.6753
vn -0.7025 0.5968 -0.3877
vn -0.6980 -0.0903 -0.7104
vn -0.7165 0.0882 0.6920
vn 0.7122 -0.2969 -0.6361
vn 0.7119 -0.0458 -0.7008
vn 0.7026 -0.1143 0.7024
vn 0.7025 0.2037 0.6819
vn 0.7165 0.1992 -0.6685
vn 0.6980 0.2422 0.6739
vn 0.7165 -0.0883 -0.6919
vn 0.7208 0.1339 -0.6801
vn 0.6939 0.3050 0.6523
vn 0.7241 0.0456 -0.6882
vn 0.6909 0.3830 0.6131
vn 0.7240 -0.2435 -0.6454
vn 0.7255 -0.0550 -0.6860
vn 0.7256 -0.5618 -0.3973
vn 0.6899 0.3404 0.6389
vn 0.6901 0.5372 0.4850
vn 0.7250 -0.4290 -0.5389
vn 0.7259 -0.2567 -0.6381
vn 0.6890 0.6153 0.3830
vn 0.7262 -0.5082 -0.4630
vn 0.7277 -0.3643 -0.5812
vn 0.7277 -0.6803 -0.0875
vn 0.7247 -0.6335 -0.2711
vn 0.6903 0.6006 0.4034
vn 0.7246 -0.6887 0.0229
vn 0.7208 -0.6682 -0.1844
vn 0.6938 0.6455 0.3193
vn 0.7208 -0.6836 0.1146
vn 0.7170 -0.6874 -0.1159
vn 0.6975 0.6714 0.2504
vn 0.7169 -0.6724 0.1842
vn 0.7133 -0.6976 -0.0677
vn 0.7009 0.6843 0.2010
vn 0.7130 -0.6616 0.2321
vn 0.7098 -0.7033 -0.0392
vn 0.7044 0.6888 0.1714
vn 0.7040 0.7041 -0.0931
vn 0.7102 -0.7029 -0.0393
vn 0.7120 -0.6308 -0.3085
vn 0.7122 -0.0000 -0.7020
vn 0.3020 -0.9044 0.3015
vn 0.3011 0.9029 0.3068
vn 0.3017 -0.0000 0.9534
vn 0.7025 0.7116 0.0150
vn 0.7118 -0.7021 -0.0185
vn 0.7118 -0.6921 0.1199
vn 0.7025 0.7115 0.0151
vn 0.7043 0.6295 0.3283
vn 0.7042 0.6623 -0.2557
vn 0.7011 0.7098 0.0687
vn 0.7132 -0.6713 -0.2018
vn 0.7010 0.6765 -0.2257
vn 0.6977 0.7064 0.1191
vn 0.7168 -0.6506 -0.2509
vn 0.6979 0.6946 -0.1746
vn 0.6942 0.6939 0.1915
vn 0.7205 -0.6158 -0.3190
vn 0.6937 0.7134 -0.0987
vn 0.6902 0.6653 0.2846
vn 0.7247 -0.5608 -0.4004
vn 0.6905 0.7233 0.0010
vn 0.6879 0.6116 0.3907
vn 0.7274 -0.4842 -0.4862
vn 0.7276 -0.6431 -0.2389
vn 0.6877 0.6118 0.3908
vn 0.6891 0.3002 0.6595
vn 0.7260 -0.5860 -0.3599
vn 0.6893 0.5357 0.4878
vn 0.6900 0.1817 0.7006
vn 0.6899 0.6382 0.3418
vn 0.6895 0.3562 0.6306
vn 0.7256 -0.2050 -0.6569
vn 0.7254 -0.4668 -0.5058
vn 0.6897 0.3560 0.6305
vn 0.6909 -0.0273 0.7224
vn 0.7240 -0.3901 -0.5689
vn 0.6909 0.2551 0.6765
vn 0.6939 -0.1199 0.7100
vn 0.7208 -0.3135 -0.6182
vn 0.6939 0.1623 0.7015
vn 0.6980 -0.1913 0.6901
vn 0.7165 -0.2500 -0.6512
vn 0.6980 0.0906 0.7103
vn 0.7025 -0.2344 0.6720
vn 0.7025 0.3212 0.6351
vn 0.7122 0.1497 -0.6858
vn -0.0000 -0.7123 0.7019
vn 0.7071 0.0016 0.7071
vn 0.7122 -0.0171 -0.7018
vn 0.1324 0.6569 -0.7423
vn 0.7025 -0.0463 -0.7101
vn 0.7042 -0.1371 -0.6967
vn 0.1316 0.6270 -0.7678
vn 0.6981 -0.0905 -0.7103
vn 0.7069 -0.1797 -0.6841
vn 0.1268 0.5584 -0.8198
vn 0.6940 -0.1624 -0.7014
vn 0.7097 -0.2462 -0.6601
vn 0.1206 0.4531 -0.8832
vn 0.6909 -0.2552 -0.6764
vn 0.7123 -0.3287 -0.6202
vn 0.1128 0.3174 -0.9416
vn 0.4298 -0.4442 -0.7861
vn 0.7141 -0.4152 -0.5637
vn 0.0614 -0.1473 -0.9872
vn -0.0000 -0.6227 -0.7825
vn 0.7152 -0.4932 -0.4953
vn -0.0000 -0.7393 -0.6733
vn 0.7172 -0.5593 -0.4157
vn -0.0000 -0.7392 -0.6735
vn -0.0000 -0.8427 -0.5384
vn 0.7168 -0.6257 -0.3077
vn -0.0000 -0.9194 -0.3934
vn 0.7144 -0.6704 -0.2005
vn 0.7117 -0.6940 -0.1092
vn 0.7094 -0.7037 -0.0397
vn 0.7072 -0.7070 0.0080
vn -0.0000 -0.9953 -0.0964
vn 0.7052 -0.7082 0.0354
vn -0.0000 -0.9998 -0.0212
vn 0.7064 -0.7053 0.0595
vn 0.3005 -0.9045 0.3025
vn 0.3005 0.9045 0.3025
vn 0.0001 0.9998 -0.0212
vn 0.0176 0.9994 0.0301
vn 0.7012 0.7122 -0.0345
vn 0.0110 0.9981 0.0613
vn 0.6991 0.7150 -0.0054
vn 0.0222 0.9939 0.1077
vn 0.6969 0.7158 0.0443
vn 0.0343 0.9825 0.1830
vn -0.0000 0.9640 0.2659
vn 0.6944 0.7101 0.1163
vn 0.0473 0.9563 0.2885
vn 0.6922 0.6902 0.2109
vn 0.0603 0.9054 0.4203
vn -0.0000 0.8428 0.5383
vn 0.6907 0.6477 0.3216
vn 0.0707 0.8208 0.5668
vn -0.0000 0.7391 0.6736
vn 0.6916 0.5820 0.4278
vn 0.0671 0.7145 0.6965
vn -0.0000 0.6230 0.7822
vn 0.6921 0.5003 0.5203
vn 0.0628 0.5963 0.8003
vn 0.4663 0.4350 0.7703
vn 0.6918 0.4191 0.5880
vn 0.1741 -0.0256 0.9844
vn 0.7240 0.2436 0.6454
vn 0.6923 0.3308 0.6413
vn 0.2045 -0.4740 0.8565
vn 0.7208 0.1562 0.6753
vn 0.6937 0.2469 0.6766
vn 0.1938 -0.5704 0.7982
vn 0.7165 0.0881 0.6920
vn 0.6959 0.1800 0.6952
vn 0.1754 -0.6320 0.7548
vn 0.7118 0.0457 0.7009
vn 0.6986 0.1375 0.7022
vn 0.1583 -0.6631 0.7316
vn 0.6982 0.1069 0.7079
vn -0.0116 0.7070 -0.7071
vn -0.8164 -0.0098 -0.5774
vn 0.1214 0.9045 0.4088
vn -0.0102 0.7071 -0.7070
vn 0.7071 -0.0074 0.7071
vn 0.4264 -0.9045 -0.0010
vn -0.0104 -0.7071 -0.7070
vn 0.1215 -0.9045 0.4087
vn 0.3063 -0.9029 0.3015
vn 0.3021 0.9045 0.3010
vn 0.4298 -0.4441 -0.7862
vn 0.7022 -0.0172 -0.7118
vn 0.7121 0.0154 0.7019
vn 0.7118 -0.6049 0.3569
vn 0.6941 -0.1619 -0.7015
vn 0.7208 0.1564 0.6752
vn 0.7240 -0.4991 0.4762
vn 0.6980 -0.0903 -0.7104
vn 0.7208 -0.5502 0.4215
vn 0.7026 -0.0459 -0.7101
vn 0.7165 -0.5852 0.3798
vn 0.5774 0.5809 -0.5738
vn -0.2986 0.9045 0.3044
vn 0.7071 -0.7071 -0.0059
vn -0.7071 -0.7071 -0.0000
vn 0.0051 -0.9045 0.4264
vn 0.5754 -0.5773 -0.5793
vn 0.4264 -0.9045 -0.0025
vn -0.5774 0.5808 -0.5739
vn -0.5774 -0.5774 -0.5773
vn -0.7071 0.0085 -0.7070
vn -0.7071 0.7071 -0.0059
vn 0.7071 0.7071 -0.0000
vn -0.0051 0.9045 0.4264
vn 0.5754 0.5773 -0.5793
vn 0.7071 -0.7071 -0.0002
vn -0.7071 -0.7071 -0.0057
vn -0.0000 -0.9733 -0.2293
vn -0.0000 -0.2290 0.9734
vt 0.078600 0.487700
vt 0.068400 0.025200
vt 0.078600 0.025300
vt 0.068400 0.487700
vt 0.058600 0.025200
vt 0.100200 0.487100
vt 0.089900 0.024600
vt 0.100200 0.024500
vt 0.078600 0.495500
vt 0.058600 0.495300
vt 0.058600 0.487700
vt 0.100200 0.495000
vt 0.089900 0.487100
vt 0.078600 0.503300
vt 0.068400 0.495500
vt 0.068400 0.503200
vt 0.100200 0.502900
vt 0.089900 0.495000
vt 0.078600 0.511000
vt 0.068400 0.510900
vt 0.058600 0.502900
vt 0.100200 0.511100
vt 0.089900 0.503000
vt 0.078600 0.518800
vt 0.068400 0.518700
vt 0.058600 0.510600
vt 0.100200 0.519600
vt 0.089900 0.511100
vt 0.078600 0.527000
vt 0.068400 0.526900
vt 0.058600 0.518400
vt 0.100200 0.528600
vt 0.089900 0.519600
vt 0.078600 0.535900
vt 0.058600 0.535800
vt 0.058600 0.526700
vt 0.100200 0.538500
vt 0.089900 0.528600
vt 0.078600 0.546000
vt 0.068400 0.535900
vt 0.068400 0.546000
vt 0.100200 0.549700
vt 0.089900 0.538500
vt 0.078600 0.554800
vt 0.068400 0.555000
vt 0.058600 0.546100
vt 0.100200 0.559800
vt 0.089900 0.549500
vt 0.078600 0.563300
vt 0.058600 0.564100
vt 0.058600 0.555200
vt 0.100200 0.569600
vt 0.089900 0.559400
vt 0.078600 0.572000
vt 0.068400 0.563700
vt 0.058600 0.573000
vt 0.100200 0.579200
vt 0.089900 0.569100
vt 0.078600 0.580900
vt 0.068400 0.572400
vt 0.058600 0.582000
vt 0.100200 0.588700
vt 0.089900 0.578600
vt 0.078600 0.590200
vt 0.068400 0.581400
vt 0.058600 0.591100
vt 0.100200 0.598300
vt 0.089900 0.588100
vt 0.078600 0.599700
vt 0.068400 0.590600
vt 0.058600 0.600400
vt 0.100200 0.607900
vt 0.089900 0.597800
vt 0.078600 0.609400
vt 0.068400 0.600000
vt 0.068400 0.609600
vt 0.100200 0.617500
vt 0.089900 0.607500
vt 0.078600 0.971300
vt 0.058600 0.980200
vt 0.058600 0.609800
vt 0.089900 0.979400
vt 0.089900 0.617300
vt 0.081400 0.025200
vt 0.081400 0.487700
vt 0.087100 0.487200
vt 0.087100 0.024700
vt 0.087100 0.503000
vt 0.087100 0.495100
vt 0.087100 0.511100
vt 0.087100 0.519500
vt 0.087100 0.528500
vt 0.087100 0.549400
vt 0.087100 0.538400
vt 0.087100 0.559300
vt 0.087100 0.568900
vt 0.087100 0.578400
vt 0.087100 0.588000
vt 0.087100 0.597600
vt 0.087100 0.617200
vt 0.087100 0.607400
vt 0.081400 0.971300
vt 0.081400 0.599600
vt 0.081400 0.609300
vt 0.081400 0.590100
vt 0.081400 0.580900
vt 0.081400 0.571900
vt 0.081400 0.563300
vt 0.081400 0.545900
vt 0.081400 0.554700
vt 0.081400 0.535900
vt 0.081400 0.518900
vt 0.081400 0.527100
vt 0.081400 0.511000
vt 0.081400 0.503300
vt 0.081400 0.495500
vt 0.083000 0.487600
vt 0.085600 0.024900
vt 0.085600 0.487400
vt 0.085600 0.495200
vt 0.085600 0.503100
vt 0.085600 0.511100
vt 0.085600 0.519400
vt 0.085600 0.528300
vt 0.085600 0.538300
vt 0.085600 0.549400
vt 0.085600 0.559200
vt 0.085600 0.568800
vt 0.085600 0.578300
vt 0.085600 0.587800
vt 0.085600 0.597500
vt 0.085600 0.607300
vt 0.087100 0.979300
vt 0.085600 0.617200
vt 0.083000 0.609200
vt 0.083000 0.972200
vt 0.083000 0.599600
vt 0.083000 0.590100
vt 0.083000 0.580800
vt 0.083000 0.571900
vt 0.083000 0.563200
vt 0.083000 0.554700
vt 0.083000 0.545900
vt 0.083000 0.535900
vt 0.083000 0.527200
vt 0.083000 0.519000
vt 0.083000 0.511100
vt 0.083000 0.503200
vt 0.083000 0.495400
vt 0.940500 0.726700
vt 0.948500 0.398700
vt 0.948500 0.726700
vt 0.924200 0.718400
vt 0.917300 0.398700
vt 0.924200 0.398700
vt 0.927300 0.719600
vt 0.930600 0.398700
vt 0.930600 0.719600
vt 0.926500 0.718400
vt 0.927300 0.398700
vt 0.940500 0.398700
vt 0.933600 0.718400
vt 0.933600 0.398700
vt 0.926500 0.398700
vt 0.931400 0.398700
vt 0.931400 0.718400
vt 0.083000 0.025000
vt 0.016700 0.022000
vt 0.026900 0.484500
vt 0.026900 0.022000
vt 0.006900 0.021900
vt 0.016700 0.484400
vt 0.038200 0.021300
vt 0.048400 0.483800
vt 0.048400 0.021200
vt 0.026900 0.492200
vt 0.006900 0.492000
vt 0.016700 0.492200
vt 0.038200 0.483800
vt 0.048400 0.491700
vt 0.026900 0.500000
vt 0.016700 0.499900
vt 0.038200 0.491700
vt 0.048400 0.499600
vt 0.026900 0.507700
vt 0.006900 0.499600
vt 0.016700 0.507600
vt 0.038200 0.499700
vt 0.048400 0.507800
vt 0.026900 0.515500
vt 0.006900 0.507300
vt 0.016700 0.515400
vt 0.038200 0.507800
vt 0.048400 0.516300
vt 0.026900 0.523700
vt 0.006900 0.515100
vt 0.016700 0.523600
vt 0.038200 0.516300
vt 0.048400 0.525300
vt 0.026900 0.532600
vt 0.006900 0.532500
vt 0.016700 0.532600
vt 0.038200 0.525300
vt 0.048400 0.535200
vt 0.026900 0.542700
vt 0.016700 0.542700
vt 0.038200 0.535200
vt 0.048400 0.546400
vt 0.026900 0.551500
vt 0.006900 0.542800
vt 0.016700 0.551700
vt 0.038200 0.546200
vt 0.048400 0.556500
vt 0.026900 0.560000
vt 0.006900 0.560800
vt 0.016700 0.560400
vt 0.038200 0.556100
vt 0.048400 0.566300
vt 0.026900 0.568700
vt 0.006900 0.569700
vt 0.016700 0.569100
vt 0.038200 0.565800
vt 0.048400 0.575900
vt 0.026900 0.577600
vt 0.006900 0.578700
vt 0.016700 0.578100
vt 0.038200 0.575300
vt 0.048400 0.585500
vt 0.026900 0.586900
vt 0.006900 0.587800
vt 0.016700 0.587300
vt 0.038200 0.584800
vt 0.048400 0.595000
vt 0.026900 0.596400
vt 0.006900 0.597100
vt 0.016700 0.596700
vt 0.038200 0.594500
vt 0.048400 0.604600
vt 0.026900 0.606100
vt 0.016700 0.606300
vt 0.038200 0.604200
vt 0.048400 0.614200
vt 0.026900 0.968000
vt 0.006900 0.976900
vt 0.016700 0.976800
vt 0.038200 0.976100
vt 0.048400 0.984700
vt 0.029700 0.021900
vt 0.035400 0.483900
vt 0.035400 0.499700
vt 0.035400 0.507800
vt 0.035400 0.516200
vt 0.035400 0.525200
vt 0.035400 0.546100
vt 0.035400 0.556000
vt 0.035400 0.565600
vt 0.035400 0.575100
vt 0.035400 0.584700
vt 0.035400 0.594300
vt 0.035400 0.613900
vt 0.038200 0.614000
vt 0.029700 0.968000
vt 0.029700 0.596300
vt 0.029700 0.586800
vt 0.029700 0.577600
vt 0.029700 0.568600
vt 0.029700 0.560000
vt 0.029700 0.542600
vt 0.029700 0.532600
vt 0.029700 0.515600
vt 0.029700 0.507700
vt 0.029700 0.500000
vt 0.029700 0.492200
vt 0.031200 0.484300
vt 0.029700 0.484400
vt 0.033900 0.021600
vt 0.035400 0.021400
vt 0.033900 0.484100
vt 0.035400 0.491800
vt 0.033900 0.491900
vt 0.033900 0.499800
vt 0.033900 0.507800
vt 0.033900 0.516100
vt 0.033900 0.525000
vt 0.035400 0.535100
vt 0.033900 0.535000
vt 0.033900 0.546100
vt 0.033900 0.556000
vt 0.033900 0.565500
vt 0.033900 0.575000
vt 0.033900 0.584600
vt 0.033900 0.594200
vt 0.035400 0.604100
vt 0.033900 0.604000
vt 0.033900 0.613900
vt 0.035400 0.976000
vt 0.031200 0.605900
vt 0.029700 0.606000
vt 0.031200 0.596300
vt 0.031200 0.586800
vt 0.031200 0.577500
vt 0.031200 0.568600
vt 0.031200 0.559900
vt 0.029700 0.551400
vt 0.031200 0.551400
vt 0.031200 0.542600
vt 0.031200 0.532600
vt 0.029700 0.523800
vt 0.031200 0.523900
vt 0.031200 0.515800
vt 0.031200 0.507800
vt 0.031200 0.499900
vt 0.031200 0.492100
vt 0.990900 0.400200
vt 0.983000 0.728100
vt 0.990900 0.728100
vt 0.966700 0.719900
vt 0.959800 0.400200
vt 0.959800 0.728100
vt 0.973100 0.400200
vt 0.969800 0.721100
vt 0.973100 0.721100
vt 0.969800 0.400200
vt 0.969000 0.719900
vt 0.983000 0.400200
vt 0.976100 0.719900
vt 0.966700 0.400200
vt 0.969000 0.400200
vt 0.973900 0.400200
vt 0.976100 0.400200
vt 0.973900 0.719900
vt 0.974700 0.387400
vt 0.979300 0.004700
vt 0.979300 0.387400
vt 0.964200 0.004700
vt 0.959700 0.383400
vt 0.959700 0.004700
vt 0.934600 0.004700
vt 0.939200 0.383400
vt 0.934600 0.387400
vt 0.957600 0.383400
vt 0.953000 0.004700
vt 0.957600 0.004700
vt 0.113500 0.004700
vt 0.117500 0.680800
vt 0.113500 0.685300
vt 0.902900 0.004700
vt 0.907500 0.387400
vt 0.902900 0.387400
vt 0.943000 0.004700
vt 0.947500 0.383400
vt 0.943000 0.387400
vt 0.121200 0.680800
vt 0.125200 0.004700
vt 0.125200 0.685300
vt 0.917900 0.383400
vt 0.922500 0.004700
vt 0.922500 0.387400
vt 0.996000 0.004700
vt 0.991400 0.383400
vt 0.991400 0.004700
vt 0.110800 0.004700
vt 0.106200 0.685300
vt 0.106200 0.004700
vt 0.131400 0.004700
vt 0.126700 0.676200
vt 0.126700 0.004700
vt 0.873800 0.895700
vt 0.160300 0.891900
vt 0.873800 0.891900
vt 0.870300 0.351700
vt 0.163800 0.025400
vt 0.870300 0.025400
vt 0.870300 0.360400
vt 0.163800 0.351700
vt 0.870300 0.368900
vt 0.163800 0.360400
vt 0.870300 0.377300
vt 0.163800 0.368900
vt 0.870300 0.385400
vt 0.163800 0.377300
vt 0.870300 0.393300
vt 0.163800 0.385400
vt 0.870300 0.401100
vt 0.163800 0.393300
vt 0.870300 0.409200
vt 0.163800 0.401100
vt 0.870300 0.418300
vt 0.163800 0.409200
vt 0.870300 0.426400
vt 0.163800 0.418300
vt 0.873800 0.872200
vt 0.160300 0.868400
vt 0.873800 0.868400
vt 0.870300 0.441200
vt 0.163800 0.432600
vt 0.870300 0.432600
vt 0.870300 0.451000
vt 0.163800 0.441200
vt 0.870300 0.459700
vt 0.163800 0.451000
vt 0.870300 0.468200
vt 0.163800 0.459700
vt 0.870300 0.476600
vt 0.163800 0.468200
vt 0.870300 0.485100
vt 0.163800 0.476600
vt 0.870300 0.493700
vt 0.163800 0.485100
vt 0.870300 0.502400
vt 0.163800 0.493700
vt 0.870300 0.511100
vt 0.163800 0.502400
vt 0.870300 0.837500
vt 0.163800 0.511100
vt 0.068400 0.980100
vt 0.100200 0.988000
vt 0.085600 0.980200
vt 0.917300 0.726700
vt 0.006900 0.484400
vt 0.006900 0.523400
vt 0.006900 0.551900
vt 0.006900 0.606500
vt 0.031200 0.021700
vt 0.033900 0.976900
vt 0.031200 0.968900
vt 0.974700 0.004700
vt 0.964200 0.387400
vt 0.939200 0.004700
vt 0.953000 0.383400
vt 0.117500 0.009200
vt 0.907500 0.004700
vt 0.947500 0.004700
vt 0.121200 0.009200
vt 0.917900 0.004700
vt 0.996000 0.383400
vt 0.110800 0.685300
vt 0.131400 0.676200
vt 0.160300 0.895700
vt 0.163800 0.426400
vt 0.160300 0.872200
vt 0.163800 0.837500
s 1
f 299/427/976 301/428/977 298/429/978
f 300/430/979 303/431/980 301/428/977
f 302/432/981 305/433/982 303/434/980
f 306/435/983 300/430/979 299/427/976
f 300/430/979 308/436/984 302/437/981
f 308/438/984 304/439/985 302/432/981
f 310/440/986 307/441/987 306/435/983
f 311/442/988 308/436/984 307/441/987
f 312/443/989 309/444/990 308/438/984
f 314/445/991 311/442/988 310/440/986
f 315/446/992 312/447/989 311/442/988
f 316/448/993 313/449/994 312/443/989
f 318/450/995 315/446/992 314/445/991
f 319/451/996 316/452/993 315/446/992
f 320/453/997 317/454/998 316/448/993
f 322/455/999 319/451/996 318/450/995
f 323/456/1000 320/457/997 319/451/996
f 324/458/1001 321/459/1002 320/453/997
f 326/460/1003 323/456/1000 322/455/999
f 323/456/1000 328/461/1004 324/462/1001
f 328/463/1004 325/464/1005 324/458/1001
f 330/465/1006 327/466/1007 326/460/1003
f 331/467/1008 328/461/1004 327/466/1007
f 332/468/1009 329/469/1010 328/463/1004
f 334/470/1011 331/467/1008 330/465/1006
f 335/471/1012 332/472/1009 331/467/1008
f 336/473/1013 333/474/1014 332/468/1009
f 338/475/1015 335/471/1012 334/470/1011
f 335/471/1012 340/476/1016 336/477/1013
f 340/478/1016 337/479/1017 336/473/1013
f 342/480/1018 339/481/1019 338/475/1015
f 339/481/1019 344/482/1020 340/476/1016
f 344/483/1020 341/484/1021 340/478/1016
f 346/485/1022 343/486/1023 342/480/1018
f 343/486/1023 348/487/1024 344/482/1020
f 348/488/1024 345/489/1025 344/483/1020
f 350/490/1026 347/491/1027 346/485/1022
f 347/491/1027 352/492/1028 348/487/1024
f 352/493/1028 349/494/1029 348/488/1024
f 354/495/1030 351/496/1031 350/490/1026
f 351/496/1031 356/497/1032 352/492/1028
f 356/498/1032 353/499/1033 352/493/1028
f 358/500/1034 355/501/1035 354/495/1030
f 359/502/1036 356/497/1032 355/501/1035
f 360/503/1037 357/504/1038 356/498/1032
f 362/505/1039 359/502/1036 358/500/1034
f 359/502/1036 364/506/1040 360/507/1037
f 360/503/1037 365/508/1041 361/509/1042
s 0
f 299/427/1043 366/510/1044 367/511/1045
f 305/433/1046 368/512/1047 369/513/1048
f 309/444/1049 368/512/1050 304/439/1045
f 309/444/1051 371/514/1052 370/515/1053
f 313/449/1054 372/516/1055 371/514/1056
f 317/454/1057 373/517/1058 372/516/1059
f 321/459/1060 374/518/1061 373/517/1062
f 329/469/1063 374/518/1064 325/464/1065
f 329/469/1066 376/519/1067 375/520/1068
f 333/474/1069 377/521/1070 376/519/1071
f 341/484/1072 377/521/1073 337/479/1074
f 345/489/1075 378/522/1076 341/484/1077
f 349/494/1078 379/523/1079 345/489/1080
f 353/499/1081 380/524/1082 349/494/1083
f 357/504/1084 381/525/1085 353/499/1086
f 357/504/1087 383/526/1088 382/527/1089
f 365/508/1090 383/526/1091 361/509/1092
f 358/500/1093 386/528/1094 362/505/1095
f 358/500/1096 387/529/1097 385/530/1098
f 350/490/1099 387/529/1100 354/495/1101
f 346/485/1102 388/531/1103 350/490/1104
f 342/480/1105 389/532/1106 346/485/1107
f 338/475/1108 390/533/1109 342/480/1110
f 334/470/1111 391/534/1112 338/475/1113
f 334/470/1114 393/535/1115 392/536/1116
f 330/465/1117 394/537/1118 393/535/1119
f 322/455/1120 394/537/1121 326/460/1122
f 322/455/1123 396/538/1124 395/539/1125
f 318/450/1126 397/540/1127 396/538/1128
f 314/445/1129 398/541/1130 397/540/1131
f 310/440/1132 399/542/1133 398/541/1134
f 299/427/1135 399/542/1136 306/435/1053
f 366/510/1137 401/543/1138 367/511/1045
f 368/512/1139 403/544/978 369/513/978
f 370/515/1140 402/545/1141 368/512/1142
f 371/514/1143 404/546/1144 370/515/1053
f 372/516/1145 405/547/1146 371/514/1147
f 373/517/1148 406/548/1149 372/516/1059
f 374/518/1150 407/549/1151 373/517/1152
f 375/520/1153 408/550/1154 374/518/1155
f 376/519/1156 409/551/1157 375/520/1158
f 377/521/1159 410/552/1160 376/519/1161
f 378/522/1162 411/553/1163 377/521/1164
f 379/523/1165 412/554/1166 378/522/1167
f 380/524/1168 413/555/1169 379/523/1170
f 381/525/1171 414/556/1172 380/524/1173
f 382/527/1174 415/557/1175 381/525/1176
f 383/526/1177 416/558/1178 382/527/1030
f 384/559/1179 417/560/1180 383/526/1181
f 386/528/1182 419/561/1183 420/562/1184
f 387/529/1185 419/561/1186 385/530/1092
f 388/531/1187 421/563/1188 387/529/1038
f 389/532/1189 422/564/1190 388/531/1086
f 390/533/1191 423/565/1192 389/532/1193
f 391/534/1194 424/566/1195 390/533/1196
f 392/536/1197 425/567/1198 391/534/1199
f 393/535/1200 426/568/1201 392/536/1202
f 394/537/1203 427/569/1204 393/535/1205
f 395/539/1206 428/570/1207 394/537/1208
f 396/538/1209 429/571/1210 395/539/1211
f 397/540/1212 430/572/1213 396/538/1128
f 398/541/1214 431/573/1215 397/540/1216
f 399/542/1217 432/574/1218 398/541/1219
f 367/511/1220 433/575/1221 399/542/1222
f 363/576/1223 435/577/1224 364/578/1225
f 365/579/1226 435/580/1227 436/581/1184
f 418/582/1228 438/583/980 420/584/1184
f 384/585/1229 437/586/1230 418/582/1231
f 434/587/1232 362/588/1233 440/589/1234
f 384/585/1235 436/581/1236 439/590/1228
f 362/588/1235 441/591/1236 440/589/1228
f 386/592/1237 438/583/1184 441/591/1184
s 1
f 429/571/1238 407/549/1239 408/550/1240
f 403/544/978 401/543/1138 400/593/1241
s 0
f 433/575/1242 402/545/1243 404/546/1244
f 406/548/1245 430/572/1246 431/573/1247
f 405/547/1248 431/573/1249 432/574/1250
f 404/546/1251 432/574/1252 433/575/1253
s 1
f 443/594/978 445/595/1254 442/596/1255
f 446/597/1241 444/598/1256 443/594/978
f 448/599/980 447/600/985 446/601/1241
f 444/598/1256 451/602/1257 445/595/1254
f 444/598/1256 452/603/1258 450/604/1259
f 449/605/1260 452/606/1258 447/600/985
f 450/604/1259 455/607/1261 451/602/1257
f 452/603/1258 454/608/1262 450/604/1259
f 453/609/1263 456/610/1264 452/606/1258
f 454/608/1262 459/611/1265 455/607/1261
f 456/612/1264 458/613/1059 454/608/1262
f 457/614/1266 460/615/1267 456/610/1264
f 458/613/1059 463/616/1268 459/611/1265
f 460/617/1267 462/618/1269 458/613/1059
f 461/619/1270 464/620/1271 460/615/1267
f 462/618/1269 467/621/1272 463/616/1268
f 464/622/1271 466/623/1273 462/618/1269
f 465/624/1274 468/625/1275 464/620/1271
f 466/623/1273 471/626/1276 467/621/1272
f 466/623/1273 472/627/1277 470/628/1278
f 469/629/1279 472/630/1277 468/625/1275
f 470/628/1278 475/631/1280 471/626/1276
f 472/627/1277 474/632/1281 470/628/1278
f 473/633/1282 476/634/1283 472/630/1277
f 474/632/1281 479/635/1284 475/631/1280
f 476/636/1283 478/637/1285 474/632/1281
f 477/638/1286 480/639/1287 476/634/1283
f 478/637/1285 483/640/1288 479/635/1284
f 478/637/1285 484/641/1289 482/642/1290
f 481/643/1291 484/644/1289 480/639/1287
f 482/642/1290 487/645/1292 483/640/1288
f 482/642/1290 488/646/1293 486/647/1170
f 485/648/1294 488/649/1293 484/644/1289
f 486/647/1170 491/650/1295 487/645/1292
f 486/647/1170 492/651/1296 490/652/1297
f 489/653/1298 492/654/1296 488/649/1293
f 490/652/1297 495/655/1299 491/650/1295
f 490/652/1297 496/656/1300 494/657/1301
f 493/658/1302 496/659/1300 492/654/1296
f 494/657/1301 499/660/1303 495/655/1299
f 494/657/1301 500/661/1304 498/662/1305
f 497/663/1306 500/664/1304 496/659/1300
f 498/662/1305 503/665/1036 499/660/1303
f 500/661/1304 502/666/1307 498/662/1305
f 501/667/1308 504/668/1309 500/664/1304
f 502/666/1307 507/669/1310 503/665/1036
f 502/666/1307 508/670/1311 506/671/1312
f 504/668/1309 509/672/1313 508/673/1311
s 0
f 445/595/1314 511/674/1315 442/596/977
f 448/599/1316 513/675/1317 449/605/1318
f 513/675/1319 453/609/1320 449/605/1318
f 453/609/1321 515/676/1322 457/614/1323
f 457/614/1324 516/677/1325 461/619/1326
f 461/619/1327 517/678/1328 465/624/1329
f 465/624/1330 518/679/1331 469/629/1332
f 518/679/1333 473/633/1334 469/629/1335
f 473/633/1336 520/680/1337 477/638/1338
f 477/638/1339 521/681/1340 481/643/1341
f 521/681/1342 485/648/1343 481/643/1341
f 522/682/1344 489/653/1345 485/648/1346
f 523/683/1347 493/658/1348 489/653/1349
f 524/684/1350 497/663/1351 493/658/1024
f 525/685/1352 501/667/1353 497/663/1354
f 501/667/1355 527/686/1356 505/687/1357
f 527/686/1358 509/672/1359 505/687/1360
f 529/688/1361 503/665/1362 507/669/1363
f 503/665/1364 531/689/1365 499/660/1366
f 531/689/1367 495/655/1368 499/660/1366
f 532/690/1369 491/650/1370 495/655/1371
f 533/691/1372 487/645/1373 491/650/1374
f 534/692/1375 483/640/1376 487/645/1377
f 535/693/1378 479/635/1379 483/640/1380
f 479/635/1381 537/694/1382 475/631/1383
f 475/631/1384 538/695/1385 471/626/1386
f 538/695/1387 467/621/1388 471/626/1389
f 467/621/1390 540/696/1391 463/616/1392
f 463/616/1393 541/697/1394 459/611/992
f 459/611/1395 542/698/1396 455/607/1397
f 455/607/1398 543/699/1399 451/602/1400
f 543/699/1401 445/595/1402 451/602/1400
f 544/700/1403 511/674/1184 510/701/1318
f 546/702/977 513/675/1404 512/703/1255
f 547/704/1405 514/705/1406 513/675/1407
f 548/706/1408 515/676/1409 514/705/1410
f 549/707/1411 516/677/1412 515/676/1397
f 550/708/1413 517/678/1414 516/677/1415
f 551/709/1416 518/679/1417 517/678/1418
f 552/710/1419 519/711/1420 518/679/1421
f 553/712/1422 520/680/1423 519/711/1424
f 554/713/1425 521/681/1426 520/680/1427
f 555/714/1428 522/682/1429 521/681/1430
f 556/715/1431 523/683/1432 522/682/1019
f 557/716/1433 524/684/1434 523/683/1023
f 558/717/1435 525/685/1436 524/684/1437
f 559/718/1438 526/719/1439 525/685/1440
f 560/720/1441 527/686/1442 526/719/1303
f 561/721/1443 528/722/1444 527/686/1445
f 529/688/1446 564/723/1447 530/724/1448
f 564/723/1449 531/689/1450 530/724/1451
f 565/725/1452 532/690/1453 531/689/1454
f 566/726/1455 533/691/1456 532/690/1457
f 567/727/1458 534/692/1459 533/691/1460
f 568/728/1461 535/693/1462 534/692/1463
f 569/729/1464 536/730/1465 535/693/1346
f 570/731/1466 537/694/1467 536/730/1468
f 571/732/1469 538/695/1470 537/694/1471
f 572/733/1472 539/734/1473 538/695/1474
f 573/735/1475 540/696/1476 539/734/1477
f 574/736/1478 541/697/1479 540/696/997
f 575/737/1480 542/698/1481 541/697/1326
f 576/738/1482 543/699/1483 542/698/1484
f 577/739/1485 510/701/1486 543/699/1487
f 435/740/1488 506/741/1489 508/742/1490
f 509/743/1491 435/744/1492 508/745/1490
f 438/746/1493 562/747/1228 563/748/1184
f 437/749/1494 528/750/1495 562/747/1496
f 434/751/1497 507/752/1498 506/741/1312
f 436/753/1499 528/750/1500 439/754/1501
f 441/755/1499 507/752/1500 440/756/1501
f 438/746/1184 529/757/1502 441/755/1503
s 1
f 573/735/1504 551/709/1505 574/736/1506
f 546/702/977 544/700/1507 547/704/1508
s 0
f 547/704/1509 577/739/1510 548/706/1511
f 550/708/1512 574/736/1513 551/709/1514
f 549/707/1515 575/737/1516 550/708/1517
f 548/706/1518 576/738/1519 549/707/1520
f 579/758/1521 581/759/1522 578/760/1523
f 578/761/1524 582/762/1525 583/763/1526
f 579/764/1527 585/765/1528 580/766/1529
s 1
f 584/767/1530 582/768/1531 585/769/1532
s 0
f 580/770/1533 586/771/1534 587/772/1535
f 589/773/1536 590/774/1537 588/775/1044
f 588/776/1538 592/777/1539 589/778/1540
f 592/779/1541 581/780/1542 589/781/1540
f 586/782/1543 590/783/1544 587/784/1535
s 1
f 592/785/1545 593/786/1546 586/787/1547
f 580/788/1548 589/789/1540 581/790/1549
f 582/791/1531 586/792/1547 585/793/1532
f 420/794/1544 562/795/1550 418/796/1550
f 419/797/1551 563/798/1544 420/799/1544
f 421/800/1552 564/801/1551 419/797/1551
f 422/802/1553 565/803/1552 421/800/1552
f 423/804/1554 566/805/1553 422/802/1553
f 424/806/1555 567/807/1554 423/804/1554
f 425/808/1556 568/809/1555 424/806/1555
f 426/810/1557 569/811/1556 425/808/1556
f 427/812/1558 570/813/1557 426/810/1557
f 428/814/1559 571/815/1558 427/812/1558
f 429/816/1560 572/817/1559 428/814/1559
f 408/818/1561 573/819/1562 429/820/1563
f 409/821/1564 552/822/1561 408/823/1565
f 410/824/1566 553/825/1564 409/821/1564
f 411/826/1567 554/827/1566 410/824/1566
f 412/828/1568 555/829/1567 411/826/1567
f 413/830/1569 556/831/1568 412/828/1568
f 414/832/1570 557/833/1569 413/830/1569
f 415/834/1571 558/835/1570 414/832/1570
f 416/836/1572 559/837/1573 415/834/1571
f 417/838/1447 560/839/1572 416/836/1572
f 418/840/1550 561/841/1447 417/838/1447
f 299/427/976 300/430/979 301/428/977
f 300/430/979 302/437/981 303/431/980
f 302/432/981 304/439/985 305/433/982
f 306/435/983 307/441/987 300/430/979
f 300/430/979 307/441/987 308/436/984
f 308/438/984 309/444/990 304/439/985
f 310/440/986 311/442/988 307/441/987
f 311/442/988 312/447/989 308/436/984
f 312/443/989 313/449/994 309/444/990
f 314/445/991 315/446/992 311/442/988
f 315/446/992 316/452/993 312/447/989
f 316/448/993 317/454/998 313/449/994
f 318/450/995 319/451/996 315/446/992
f 319/451/996 320/457/997 316/452/993
f 320/453/997 321/459/1002 317/454/998
f 322/455/999 323/456/1000 319/451/996
f 323/456/1000 324/462/1001 320/457/997
f 324/458/1001 325/464/1005 321/459/1002
f 326/460/1003 327/466/1007 323/456/1000
f 323/456/1000 327/466/1007 328/461/1004
f 328/463/1004 329/469/1010 325/464/1005
f 330/465/1006 331/467/1008 327/466/1007
f 331/467/1008 332/472/1009 328/461/1004
f 332/468/1009 333/474/1014 329/469/1010
f 334/470/1011 335/471/1012 331/467/1008
f 335/471/1012 336/477/1013 332/472/1009
f 336/473/1013 337/479/1017 333/474/1014
f 338/475/1015 339/481/1019 335/471/1012
f 335/471/1012 339/481/1019 340/476/1016
f 340/478/1016 341/484/1021 337/479/1017
f 342/480/1018 343/486/1023 339/481/1019
f 339/481/1019 343/486/1023 344/482/1020
f 344/483/1020 345/489/1025 341/484/1021
f 346/485/1022 347/491/1027 343/486/1023
f 343/486/1023 347/491/1027 348/487/1024
f 348/488/1024 349/494/1029 345/489/1025
f 350/490/1026 351/496/1031 347/491/1027
f 347/491/1027 351/496/1031 352/492/1028
f 352/493/1028 353/499/1033 349/494/1029
f 354/495/1030 355/501/1035 351/496/1031
f 351/496/1031 355/501/1035 356/497/1032
f 356/498/1032 357/504/1038 353/499/1033
f 358/500/1034 359/502/1036 355/501/1035
f 359/502/1036 360/507/1037 356/497/1032
f 360/503/1037 361/509/1042 357/504/1038
f 362/505/1039 363/842/1574 359/502/1036
f 359/502/1036 363/842/1574 364/506/1040
f 360/503/1037 364/843/1040 365/508/1041
s 0
f 299/427/1575 298/429/1048 366/510/1046
f 305/433/1044 304/439/1045 368/512/1576
f 309/444/1577 370/515/1578 368/512/1579
f 309/444/1580 313/449/1581 371/514/1582
f 313/449/1583 317/454/1584 372/516/1585
f 317/454/1586 321/459/1002 373/517/1587
f 321/459/1588 325/464/1589 374/518/1590
f 329/469/1591 375/520/1592 374/518/1593
f 329/469/1594 333/474/1595 376/519/1596
f 333/474/1597 337/479/1116 377/521/1598
f 341/484/1599 378/522/1113 377/521/1600
f 345/489/1601 379/523/1602 378/522/1603
f 349/494/1604 380/524/1605 379/523/1606
f 353/499/1607 381/525/1608 380/524/1609
f 357/504/1610 382/527/1611 381/525/1612
f 357/504/1613 361/509/1614 383/526/1615
f 365/508/1616 384/559/1039 383/526/1617
f 358/500/1618 385/530/1619 386/528/1620
f 358/500/1621 354/495/1622 387/529/1623
f 350/490/1624 388/531/1625 387/529/1626
f 346/485/1627 389/532/1628 388/531/1629
f 342/480/1630 390/533/1196 389/532/1631
f 338/475/1632 391/534/1199 390/533/1633
f 334/470/1634 392/536/1074 391/534/1635
f 334/470/1636 330/465/1637 393/535/1638
f 330/465/1639 326/460/1640 394/537/1641
f 322/455/1642 395/539/1275 394/537/1643
f 322/455/1644 318/450/1645 396/538/1646
f 318/450/1647 314/445/1648 397/540/1649
f 314/445/1650 310/440/1651 398/541/1652
f 310/440/1653 306/435/1578 399/542/1654
f 299/427/1655 367/511/1656 399/542/1657
f 366/510/1658 400/593/1241 401/543/1659
f 368/512/1660 402/545/1661 403/544/1662
f 370/515/1663 404/546/1251 402/545/1664
f 371/514/1665 405/547/1666 404/546/1667
f 372/516/1668 406/548/1669 405/547/1670
f 373/517/1671 407/549/1239 406/548/1672
f 374/518/1673 408/550/1674 407/549/1675
f 375/520/1676 409/551/1677 408/550/1678
f 376/519/1679 410/552/1680 409/551/1681
f 377/521/1682 411/553/1683 410/552/1684
f 378/522/1685 412/554/1556 411/553/1686
f 379/523/1687 413/555/1555 412/554/1688
f 380/524/1689 414/556/1690 413/555/1691
f 381/525/1692 415/557/1553 414/556/1693
f 382/527/1694 416/558/1695 415/557/1696
f 383/526/1697 417/560/1698 416/558/1695
f 384/559/1699 418/844/1228 417/560/1180
f 386/528/1525 385/530/1092 419/561/1447
f 387/529/1700 421/563/1572 419/561/1701
f 388/531/1702 422/564/1571 421/563/1703
f 389/532/1704 423/565/1705 422/564/1706
f 390/533/1707 424/566/1708 423/565/1709
f 391/534/1710 425/567/1711 424/566/1712
f 392/536/1713 426/568/1567 425/567/1714
f 393/535/1715 427/569/1716 426/568/1717
f 394/537/1718 428/570/1719 427/569/1720
f 395/539/1721 429/571/1722 428/570/1723
f 396/538/1724 430/572/1725 429/571/1726
f 397/540/1727 431/573/1728 430/572/1729
f 398/541/1730 432/574/1731 431/573/1732
f 399/542/1733 433/575/1734 432/574/1735
f 367/511/1736 401/543/1138 433/575/1737
f 363/576/1738 434/587/1739 435/577/1740
f 365/579/1741 364/845/1742 435/580/1743
f 418/582/1241 437/586/1228 438/583/1184
f 384/585/1744 439/590/1745 437/586/1746
f 434/587/1747 363/576/1748 362/588/1749
f 384/585/1750 365/579/1041 436/581/1751
f 362/588/1750 386/592/1041 441/591/1751
f 386/592/1752 420/584/1753 438/583/1754
s 1
f 429/571/1238 430/572/1755 407/549/1239
f 403/544/978 402/545/1756 401/543/1138
s 0
f 433/575/1757 401/543/1758 402/545/1759
f 406/548/1760 407/549/1761 430/572/1762
f 405/547/1763 406/548/1764 431/573/1765
f 404/546/1766 405/547/1767 432/574/1768
s 1
f 443/594/978 444/598/1256 445/595/1254
f 446/597/1241 447/846/985 444/598/1256
f 448/599/980 449/605/1260 447/600/985
f 444/598/1256 450/604/1259 451/602/1257
f 444/598/1256 447/846/985 452/603/1258
f 449/605/1260 453/609/1263 452/606/1258
f 450/604/1259 454/608/1262 455/607/1261
f 452/603/1258 456/612/1264 454/608/1262
f 453/609/1263 457/614/1266 456/610/1264
f 454/608/1262 458/613/1059 459/611/1265
f 456/612/1264 460/617/1267 458/613/1059
f 457/614/1266 461/619/1270 460/615/1267
f 458/613/1059 462/618/1269 463/616/1268
f 460/617/1267 464/622/1271 462/618/1269
f 461/619/1270 465/624/1274 464/620/1271
f 462/618/1269 466/623/1273 467/621/1272
f 464/622/1271 468/847/1275 466/623/1273
f 465/624/1274 469/629/1279 468/625/1275
f 466/623/1273 470/628/1278 471/626/1276
f 466/623/1273 468/847/1275 472/627/1277
f 469/629/1279 473/633/1282 472/630/1277
f 470/628/1278 474/632/1281 475/631/1280
f 472/627/1277 476/636/1283 474/632/1281
f 473/633/1282 477/638/1286 476/634/1283
f 474/632/1281 478/637/1285 479/635/1284
f 476/636/1283 480/848/1287 478/637/1285
f 477/638/1286 481/643/1291 480/639/1287
f 478/637/1285 482/642/1290 483/640/1288
f 478/637/1285 480/848/1287 484/641/1289
f 481/643/1291 485/648/1294 484/644/1289
f 482/642/1290 486/647/1170 487/645/1292
f 482/642/1290 484/641/1289 488/646/1293
f 485/648/1294 489/653/1298 488/649/1293
f 486/647/1170 490/652/1297 491/650/1295
f 486/647/1170 488/646/1293 492/651/1296
f 489/653/1298 493/658/1302 492/654/1296
f 490/652/1297 494/657/1301 495/655/1299
f 490/652/1297 492/651/1296 496/656/1300
f 493/658/1302 497/663/1306 496/659/1300
f 494/657/1301 498/662/1305 499/660/1303
f 494/657/1301 496/656/1300 500/661/1304
f 497/663/1306 501/667/1308 500/664/1304
f 498/662/1305 502/666/1307 503/665/1036
f 500/661/1304 504/849/1309 502/666/1307
f 501/667/1308 505/687/1448 504/668/1309
f 502/666/1307 506/671/1312 507/669/1310
f 502/666/1307 504/849/1309 508/670/1311
f 504/668/1309 505/687/1448 509/672/1313
s 0
f 445/595/1317 510/701/1318 511/674/1316
f 448/599/1315 512/703/977 513/675/1314
f 513/675/1769 514/705/1770 453/609/1771
f 453/609/1772 514/705/1410 515/676/1773
f 457/614/1774 515/676/1775 516/677/1776
f 461/619/1777 516/677/992 517/678/1778
f 465/624/1779 517/678/1780 518/679/1781
f 518/679/1782 519/711/1389 473/633/1783
f 473/633/1784 519/711/1785 520/680/1786
f 477/638/1787 520/680/1788 521/681/1789
f 521/681/1790 522/682/1791 485/648/1792
f 522/682/1793 523/683/1794 489/653/1795
f 523/683/1796 524/684/1797 493/658/1798
f 524/684/1799 525/685/1800 497/663/1801
f 525/685/1802 526/719/1803 501/667/1804
f 501/667/1805 526/719/1806 527/686/1807
f 527/686/1808 528/722/1809 509/672/1810
f 529/688/1811 530/724/1812 503/665/1813
f 503/665/1814 530/724/1815 531/689/1816
f 531/689/1817 532/690/1818 495/655/1819
f 532/690/1820 533/691/1821 491/650/1822
f 533/691/1823 534/692/1824 487/645/1825
f 534/692/1826 535/693/1827 483/640/1828
f 535/693/1829 536/730/1830 479/635/1831
f 479/635/1832 536/730/1833 537/694/1834
f 475/631/1835 537/694/1836 538/695/1837
f 538/695/1838 539/734/1839 467/621/1840
f 467/621/1841 539/734/1842 540/696/1843
f 463/616/1844 540/696/1845 541/697/1846
f 459/611/1847 541/697/1848 542/698/1849
f 455/607/1850 542/698/1851 543/699/1852
f 543/699/1853 510/701/1318 445/595/1854
f 544/700/1855 545/850/980 511/674/1856
f 546/702/1550 547/704/1508 513/675/1857
f 547/704/1858 548/706/1859 514/705/1860
f 548/706/1861 549/707/1862 515/676/1863
f 549/707/1864 550/708/1865 516/677/1866
f 550/708/1867 551/709/1868 517/678/1869
f 551/709/1870 552/710/1871 518/679/1872
f 552/710/1873 553/712/1874 519/711/1875
f 553/712/1874 554/713/1876 520/680/1877
f 554/713/1878 555/714/1879 521/681/1880
f 555/714/1683 556/715/1881 522/682/1882
f 556/715/1881 557/716/1691 523/683/1883
f 557/716/1691 558/717/1690 524/684/1884
f 558/717/1693 559/718/1553 525/685/1885
f 559/718/1886 560/720/1695 526/719/1887
f 560/720/1695 561/721/1888 527/686/1889
f 561/721/1888 562/851/1228 528/722/1890
f 529/688/1891 563/852/1184 564/723/1892
f 564/723/1893 565/725/1572 531/689/1894
f 565/725/1895 566/726/1571 532/690/1896
f 566/726/1897 567/727/1705 533/691/1898
f 567/727/1899 568/728/1900 534/692/1901
f 568/728/1902 569/729/1711 535/693/1903
f 569/729/1904 570/731/1905 536/730/1906
f 570/731/1907 571/732/1908 537/694/1909
f 571/732/1910 572/733/1911 538/695/1912
f 572/733/1913 573/735/1914 539/734/1915
f 573/735/1916 574/736/1917 540/696/1918
f 574/736/1919 575/737/1920 541/697/1921
f 575/737/1922 576/738/1923 542/698/1924
f 576/738/1925 577/739/1926 543/699/1927
f 577/739/1928 544/700/1403 510/701/1929
f 435/740/1930 434/751/1544 506/741/1931
f 509/743/1932 436/753/1503 435/744/1933
f 438/746/1184 437/749/1228 562/747/1934
f 437/749/1228 439/754/1228 528/750/1935
f 434/751/1936 440/756/1228 507/752/1937
f 436/753/1241 509/743/1313 528/750/1938
f 441/755/1241 529/757/1313 507/752/1938
f 438/746/1044 563/748/1753 529/757/1939
s 1
f 573/735/1504 552/710/1940 551/709/1505
f 546/702/977 545/850/980 544/700/1507
s 0
f 547/704/1941 544/700/1942 577/739/1943
f 550/708/1944 575/737/1945 574/736/1946
f 549/707/1947 576/738/1923 575/737/1948
f 548/706/1949 577/739/1926 576/738/1950
f 579/758/977 580/853/1574 581/759/1951
f 578/761/1550 581/854/1742 582/762/1952
f 579/764/1953 584/855/1954 585/765/1955
s 1
f 584/767/1530 583/856/1044 582/768/1531
s 0
f 580/770/1956 585/857/1039 586/771/1957
f 589/773/1958 587/858/1959 590/774/1960
f 588/776/1961 591/859/1962 592/777/1963
f 592/779/1502 582/860/1041 581/780/1964
f 586/782/1444 593/861/1965 590/783/1966
s 1
f 592/785/1545 591/862/1523 593/786/1546
f 580/788/1548 587/863/1312 589/789/1540
f 582/791/1531 592/864/1545 586/792/1547
f 420/794/1544 563/865/1544 562/795/1550
f 419/797/1551 564/801/1551 563/798/1544
f 421/800/1552 565/803/1552 564/801/1551
f 422/802/1553 566/805/1553 565/803/1552
f 423/804/1554 567/807/1554 566/805/1553
f 424/806/1555 568/809/1555 567/807/1554
f 425/808/1556 569/811/1556 568/809/1555
f 426/810/1557 570/813/1557 569/811/1556
f 427/812/1558 571/815/1558 570/813/1557
f 428/814/1559 572/817/1559 571/815/1558
f 429/816/1560 573/866/1967 572/817/1559
f 408/818/1561 552/867/1968 573/819/1562
f 409/821/1564 553/825/1564 552/822/1561
f 410/824/1566 554/827/1566 553/825/1564
f 411/826/1567 555/829/1567 554/827/1566
f 412/828/1568 556/831/1568 555/829/1567
f 413/830/1569 557/833/1569 556/831/1568
f 414/832/1570 558/835/1570 557/833/1569
f 415/834/1571 559/837/1573 558/835/1570
f 416/836/1572 560/839/1572 559/837/1573
f 417/838/1447 561/841/1447 560/839/1572
f 418/840/1550 562/868/1550 561/841/1447
o Gates_opened003
v 30.616760 0.064743 14.869495
v 30.616760 4.209743 14.869495
v 30.708557 4.209743 14.869495
v 30.708557 0.064743 14.869495
v 30.708557 4.211643 14.957394
v 30.708557 0.064743 14.957394
v 30.616760 4.211643 14.957394
v 30.616760 0.064743 14.957394
v 30.616760 4.277843 14.866489
v 30.708557 4.277843 14.866489
v 30.708557 4.283543 14.954189
v 30.616760 4.283543 14.954189
v 30.616760 4.345043 14.860691
v 30.708557 4.345043 14.860691
v 30.708557 4.356144 14.947994
v 30.616760 4.356144 14.947994
v 30.616760 4.410542 14.849590
v 30.708557 4.410542 14.849590
v 30.708557 4.430340 14.935390
v 30.616760 4.430340 14.935390
v 30.616760 4.474545 14.830692
v 30.708557 4.474545 14.830692
v 30.708557 4.505642 14.913189
v 30.616760 4.505642 14.913189
v 30.616760 4.537945 14.801289
v 30.708557 4.537945 14.801289
v 30.708557 4.581341 14.878094
v 30.616760 4.581341 14.878094
v 30.616760 4.601444 14.758396
v 30.708557 4.601444 14.758396
v 30.708557 4.656345 14.827389
v 30.616760 4.656345 14.827389
v 30.616760 4.665241 14.698994
v 30.708557 4.665241 14.698994
v 30.708557 4.730442 14.758396
v 30.616760 4.730442 14.758396
v 30.616760 4.711643 14.638691
v 30.708557 4.711643 14.638691
v 30.708557 4.786045 14.686192
v 30.616760 4.786045 14.686192
v 30.616760 4.745842 14.572994
v 30.708557 4.745842 14.572994
v 30.708557 4.826942 14.607693
v 30.616760 4.826942 14.607693
v 30.616760 4.770142 14.501690
v 30.708557 4.770142 14.501690
v 30.708557 4.855145 14.525089
v 30.616760 4.855145 14.525089
v 30.616760 4.786442 14.425190
v 30.708557 4.786442 14.425190
v 30.708557 4.873241 14.439793
v 30.616760 4.873241 14.439793
v 30.616760 4.796543 14.344494
v 30.708557 4.796543 14.344494
v 30.708557 4.884045 14.352993
v 30.616760 4.884045 14.352993
v 30.616760 4.802341 14.260593
v 30.708557 4.802341 14.260593
v 30.708557 4.890141 14.265491
v 30.616760 4.890141 14.265491
v 30.616760 4.805943 14.175396
v 30.708557 4.805943 14.175396
v 30.708557 4.893940 14.177189
v 30.616760 4.893940 14.177189
v 30.616760 4.805943 10.931194
v 30.708557 4.805943 10.854687
v 30.708557 4.893940 10.854687
v 30.616760 4.893940 10.931194
v 30.616760 0.064743 14.894794
v 30.616760 4.210243 14.894794
v 30.616760 4.211143 14.932095
v 30.616760 0.064743 14.932095
v 30.616760 4.281841 14.928890
v 30.616760 4.352943 14.922794
v 30.616760 4.424641 14.910694
v 30.616760 4.496742 14.889393
v 30.616760 4.568844 14.855991
v 30.616760 4.640442 14.807491
v 30.616760 4.711643 14.741192
v 30.616760 4.764645 14.672489
v 30.616760 4.803543 14.597691
v 30.616760 4.830643 14.518391
v 30.616760 4.848240 14.435589
v 30.616760 4.858845 14.350491
v 30.616760 4.864841 14.263996
v 30.616760 4.868542 14.176693
v 30.616760 4.868542 10.931194
v 30.616760 4.831341 14.175892
v 30.616760 4.831341 10.931194
v 30.616760 4.827641 14.261990
v 30.616760 4.821743 14.346889
v 30.616760 4.811443 14.429394
v 30.616760 4.794643 14.508396
v 30.616760 4.769245 14.582989
v 30.616760 4.733143 14.652393
v 30.616760 4.684040 14.716091
v 30.616760 4.617245 14.778294
v 30.616760 4.550442 14.823391
v 30.616760 4.483543 14.854496
v 30.616760 4.416241 14.874294
v 30.616760 4.348240 14.885792
v 30.616760 4.279442 14.891796
v 30.630569 0.064743 14.894794
v 30.630569 4.210243 14.894794
v 30.630569 4.211143 14.932095
v 30.630569 0.064743 14.932095
v 30.630569 4.281841 14.928890
v 30.630569 4.352943 14.922794
v 30.630569 4.424641 14.910694
v 30.630569 4.496742 14.889393
v 30.630569 4.568844 14.855991
v 30.630569 4.640442 14.807491
v 30.630569 4.711643 14.741192
v 30.630569 4.764645 14.672489
v 30.630569 4.803543 14.597691
v 30.630569 4.830643 14.518391
v 30.630569 4.848240 14.435589
v 30.630569 4.858845 14.350491
v 30.630569 4.864841 14.263996
v 30.630569 4.868542 14.176693
v 30.630569 4.868542 10.922787
v 30.630569 4.831341 14.175892
v 30.630569 4.831341 10.922787
v 30.630569 4.827641 14.261990
v 30.630569 4.821743 14.346889
v 30.630569 4.811443 14.429394
v 30.630569 4.794643 14.508396
v 30.630569 4.769245 14.582989
v 30.630569 4.733143 14.652393
v 30.630569 4.684040 14.716091
v 30.630569 4.617245 14.778294
v 30.630569 4.550442 14.823391
v 30.630569 4.483543 14.854496
v 30.630569 4.416241 14.874294
v 30.630569 4.348240 14.885792
v 30.630569 4.279442 14.891796
v 27.067856 4.805943 10.854687
v 27.067856 4.893940 10.854687
v 27.067856 4.893940 10.931194
v 27.067856 4.868542 10.922787
v 27.067856 4.831341 10.922787
v 27.067856 4.868542 10.931194
v 27.067856 4.805943 10.931194
v 27.067856 4.831341 10.931194
v 23.518860 0.064743 14.869495
v 23.427063 0.064743 14.869495
v 23.427063 4.209743 14.869495
v 23.518860 4.209743 14.869495
v 23.427063 0.064743 14.957394
v 23.427063 4.211643 14.957394
v 23.518860 0.064743 14.957394
v 23.518860 4.211643 14.957394
v 23.427063 4.277843 14.866489
v 23.518860 4.277843 14.866489
v 23.427063 4.283543 14.954189
v 23.518860 4.283543 14.954189
v 23.427063 4.345043 14.860691
v 23.518860 4.345043 14.860691
v 23.427063 4.356144 14.947994
v 23.518860 4.356144 14.947994
v 23.427063 4.410542 14.849590
v 23.518860 4.410542 14.849590
v 23.427063 4.430340 14.935390
v 23.518860 4.430340 14.935390
v 23.427063 4.474545 14.830692
v 23.518860 4.474545 14.830692
v 23.427063 4.505642 14.913189
v 23.518860 4.505642 14.913189
v 23.427063 4.537945 14.801289
v 23.518860 4.537945 14.801289
v 23.427063 4.581341 14.878094
v 23.518860 4.581341 14.878094
v 23.427063 4.601444 14.758396
v 23.518860 4.601444 14.758396
v 23.427063 4.656345 14.827389
v 23.518860 4.656345 14.827389
v 23.427063 4.665241 14.698994
v 23.518860 4.665241 14.698994
v 23.427063 4.730442 14.758396
v 23.518860 4.730442 14.758396
v 23.427063 4.711643 14.638691
v 23.518860 4.711643 14.638691
v 23.427063 4.786045 14.686192
v 23.518860 4.786045 14.686192
v 23.427063 4.745842 14.572994
v 23.518860 4.745842 14.572994
v 23.427063 4.826942 14.607693
v 23.518860 4.826942 14.607693
v 23.427063 4.770142 14.501690
v 23.518860 4.770142 14.501690
v 23.427063 4.855145 14.525089
v 23.518860 4.855145 14.525089
v 23.427063 4.786442 14.425190
v 23.518860 4.786442 14.425190
v 23.427063 4.873241 14.439793
v 23.518860 4.873241 14.439793
v 23.427063 4.796543 14.344494
v 23.518860 4.796543 14.344494
v 23.427063 4.884045 14.352993
v 23.518860 4.884045 14.352993
v 23.427063 4.802341 14.260593
v 23.518860 4.802341 14.260593
v 23.427063 4.890141 14.265491
v 23.518860 4.890141 14.265491
v 23.427063 4.805943 14.175396
v 23.518860 4.805943 14.175396
v 23.427063 4.893940 14.177189
v 23.518860 4.893940 14.177189
v 23.427063 4.805943 10.854687
v 23.518860 4.805943 10.931194
v 23.427063 4.893940 10.854687
v 23.518860 4.893940 10.931194
v 23.518860 4.210243 14.894794
v 23.518860 0.064743 14.894794
v 23.518860 0.064743 14.932095
v 23.518860 4.211143 14.932095
v 23.518860 4.281841 14.928890
v 23.518860 4.352943 14.922794
v 23.518860 4.424641 14.910694
v 23.518860 4.496742 14.889393
v 23.518860 4.568844 14.855991
v 23.518860 4.640442 14.807491
v 23.518860 4.711643 14.741192
v 23.518860 4.764645 14.672489
v 23.518860 4.803543 14.597691
v 23.518860 4.830643 14.518391
v 23.518860 4.848240 14.435589
v 23.518860 4.858845 14.350491
v 23.518860 4.864841 14.263996
v 23.518860 4.868542 14.176693
v 23.518860 4.868542 10.931194
v 23.518860 4.831341 10.931194
v 23.518860 4.831341 14.175892
v 23.518860 4.827641 14.261990
v 23.518860 4.821743 14.346889
v 23.518860 4.811443 14.429394
v 23.518860 4.794643 14.508396
v 23.518860 4.769245 14.582989
v 23.518860 4.733143 14.652393
v 23.518860 4.684040 14.716091
v 23.518860 4.617245 14.778294
v 23.518860 4.550442 14.823391
v 23.518860 4.483543 14.854496
v 23.518860 4.416241 14.874294
v 23.518860 4.348240 14.885792
v 23.518860 4.279442 14.891796
v 23.505066 4.210243 14.894794
v 23.505066 0.064743 14.894794
v 23.505066 0.064743 14.932095
v 23.505066 4.211143 14.932095
v 23.505066 4.281841 14.928890
v 23.505066 4.352943 14.922794
v 23.505066 4.424641 14.910694
v 23.505066 4.496742 14.889393
v 23.505066 4.568844 14.855991
v 23.505066 4.640442 14.807491
v 23.505066 4.711643 14.741192
v 23.505066 4.764645 14.672489
v 23.505066 4.803543 14.597691
v 23.505066 4.830643 14.518391
v 23.505066 4.848240 14.435589
v 23.505066 4.858845 14.350491
v 23.505066 4.864841 14.263996
v 23.505066 4.868542 14.176693
v 23.505066 4.868542 10.922787
v 23.505066 4.831341 10.922787
v 23.505066 4.831341 14.175892
v 23.505066 4.827641 14.261990
v 23.505066 4.821743 14.346889
v 23.505066 4.811443 14.429394
v 23.505066 4.794643 14.508396
v 23.505066 4.769245 14.582989
v 23.505066 4.733143 14.652393
v 23.505066 4.684040 14.716091
v 23.505066 4.617245 14.778294
v 23.505066 4.550442 14.823391
v 23.505066 4.483543 14.854496
v 23.505066 4.416241 14.874294
v 23.505066 4.348240 14.885792
v 23.505066 4.279442 14.891796
v 30.716263 4.943542 14.957394
v 30.716263 4.893940 14.957394
v 30.716263 4.893940 10.854687
v 30.716263 4.943542 10.854687
v 30.667465 4.943542 10.897488
v 30.667465 4.943542 14.957394
v 30.667465 4.893940 14.957394
v 30.667465 4.893940 10.897488
v 23.468170 4.893940 10.897488
v 23.419357 4.893940 10.854687
v 23.419357 4.943542 14.957394
v 23.419357 4.943542 10.854687
v 23.419357 4.893940 14.957394
v 23.468170 4.943542 14.957394
v 23.468170 4.943542 10.897488
v 23.468170 4.893940 14.957394
vn -0.7115 -0.0155 -0.7025
vn 0.7071 -0.0000 -0.7071
vn -0.7071 -0.0000 -0.7071
vn 0.7121 -0.0155 -0.7019
vn 0.7071 -0.0000 0.7071
vn 0.7022 0.0156 0.7118
vn -0.7071 0.0002 0.7071
vn -0.7119 -0.0456 -0.7008
vn 0.7026 0.0461 0.7101
vn -0.7021 0.0158 0.7119
vn -0.7168 -0.0882 -0.6917
vn 0.7119 -0.0457 -0.7008
vn 0.7163 -0.0879 -0.6922
vn 0.6979 0.0905 0.7105
vn -0.7024 0.0462 0.7103
vn -0.7212 -0.1562 -0.6749
vn 0.7208 -0.1563 -0.6753
vn 0.6940 0.1624 0.7014
vn -0.6979 0.0906 0.7105
vn -0.7246 -0.2432 -0.6449
vn 0.7240 -0.2434 -0.6454
vn 0.6909 0.2549 0.6765
vn -0.6938 0.1625 0.7016
vn -0.7260 -0.3382 -0.5987
vn 0.7256 -0.3387 -0.5990
vn 0.6895 0.3563 0.6306
vn -0.6910 0.2552 0.6763
vn -0.7252 -0.4287 -0.5388
vn 0.6901 0.4506 0.5664
vn -0.6898 0.3559 0.6305
vn -0.7259 -0.5087 -0.4630
vn 0.7250 -0.4287 -0.5390
vn 0.7259 -0.5086 -0.4630
vn 0.6890 0.5358 0.4879
vn -0.6905 0.4504 0.5660
vn -0.7278 -0.5779 -0.3693
vn 0.7275 -0.5782 -0.3695
vn 0.6879 0.6118 0.3906
vn -0.6894 0.5357 0.4876
vn -0.7248 -0.6334 -0.2710
vn 0.6905 0.6649 0.2848
vn -0.6880 0.6116 0.3906
vn -0.7210 -0.6680 -0.1842
vn 0.7246 -0.6337 -0.2711
vn 0.6939 0.6942 0.1914
vn -0.6907 0.6649 0.2845
vn -0.7170 -0.6874 -0.1158
vn 0.7207 -0.6683 -0.1844
vn 0.6976 0.7065 0.1191
vn -0.6941 0.6940 0.1914
vn -0.7133 -0.6976 -0.0674
vn 0.7165 -0.6879 -0.1160
vn 0.7010 0.7098 0.0688
vn -0.6977 0.7064 0.1191
vn -0.7101 -0.7030 -0.0393
vn 0.7134 -0.6975 -0.0677
vn 0.7041 0.7090 0.0399
vn -0.7010 0.7098 0.0688
vn -0.7119 -0.7021 -0.0150
vn 0.7101 -0.7030 -0.0391
vn 0.7119 -0.7021 -0.0148
vn 0.7023 0.7117 0.0153
vn -0.7041 0.7090 0.0396
vn -0.3015 -0.9045 0.3015
vn 0.5999 0.5789 -0.5523
vn -0.3015 0.9045 0.3015
vn -0.7024 0.7117 0.0151
vn -0.7122 -0.0184 -0.7017
vn -0.7071 0.7071 -0.0000
vn -0.7022 0.0157 0.7118
vn -0.7071 0.0029 0.7071
vn -0.7121 -0.7021 -0.0000
vn -0.7071 0.0002 -0.7071
vn -0.7025 0.3230 0.6342
vn -0.7121 0.1441 -0.6871
vn -0.7022 0.0158 0.7118
vn -0.7025 0.2037 0.6819
vn -0.7165 0.1994 -0.6685
vn -0.7118 -0.0456 -0.7009
vn -0.6980 0.2423 0.6739
vn -0.7208 0.1338 -0.6801
vn -0.7165 -0.0881 -0.6920
vn -0.6939 0.3051 0.6522
vn -0.7241 0.0455 -0.6882
vn -0.7208 -0.1562 -0.6753
vn -0.6909 0.3833 0.6130
vn -0.7256 -0.0547 -0.6860
vn -0.7242 -0.2432 -0.6453
vn -0.6903 0.6411 0.3353
vn -0.7253 -0.2199 -0.6524
vn -0.6897 0.3559 0.6306
vn -0.6901 0.5371 0.4850
vn -0.7258 -0.2567 -0.6381
vn -0.7248 -0.4292 -0.5389
vn -0.6894 0.6148 0.3832
vn -0.7273 -0.3648 -0.5814
vn -0.7257 -0.5088 -0.4631
vn -0.6906 0.7232 -0.0083
vn -0.7274 -0.4960 -0.4741
vn -0.6879 0.6117 0.3907
vn -0.6936 0.7125 -0.1060
vn -0.7248 -0.5686 -0.3889
vn -0.6902 0.6653 0.2846
vn -0.6977 0.6934 -0.1798
vn -0.7206 -0.6203 -0.3098
vn -0.6941 0.6939 0.1915
vn -0.7010 0.6750 -0.2300
vn -0.7168 -0.6528 -0.2449
vn -0.7041 0.6613 -0.2586
vn -0.7133 -0.6722 -0.1983
vn -0.7041 0.7040 -0.0931
vn -0.7119 -0.6308 -0.3086
vn -0.3015 -0.0074 0.9534
vn -0.7120 -0.7019 -0.0185
vn -0.7022 0.7118 0.0151
vn -0.7119 0.0055 -0.7022
vn -0.3015 0.9028 0.3067
vn -0.7121 -0.6918 0.1198
vn -0.7040 0.6295 0.3289
vn -0.7022 0.7119 0.0151
vn -0.7134 -0.6622 0.2293
vn -0.7040 0.6883 0.1752
vn -0.7102 -0.7029 -0.0392
vn -0.7177 -0.6725 0.1810
vn -0.7002 0.6831 0.2075
vn -0.7140 -0.6968 -0.0676
vn -0.7207 -0.6845 0.1097
vn -0.6977 0.6674 0.2602
vn -0.7168 -0.6876 -0.1159
vn -0.7249 -0.6887 0.0162
vn -0.6936 0.6392 0.3321
vn -0.7211 -0.6678 -0.1845
vn -0.7276 -0.6792 -0.0959
vn -0.6904 0.5906 0.4179
vn -0.7245 -0.6337 -0.2711
vn -0.7276 -0.6430 -0.2389
vn -0.6891 0.3000 0.6596
vn -0.6877 0.6119 0.3907
vn -0.7260 -0.5860 -0.3599
vn -0.6900 0.1818 0.7006
vn -0.6892 0.5358 0.4878
vn -0.7258 -0.5573 -0.4032
vn -0.6896 0.3268 0.6462
vn -0.7253 -0.4285 -0.5389
vn -0.7257 -0.4662 -0.5061
vn -0.6909 -0.0268 0.7224
vn -0.6894 0.3566 0.6305
vn -0.7240 -0.3902 -0.5689
vn -0.6940 -0.1199 0.7099
vn -0.6911 0.2549 0.6763
vn -0.7208 -0.3137 -0.6181
vn -0.6980 -0.1912 0.6901
vn -0.6940 0.1622 0.7014
vn -0.7165 -0.2501 -0.6512
vn -0.7025 -0.2344 0.6720
vn -0.6980 0.0905 0.7103
vn -0.7122 -0.2943 -0.6374
vn -0.7025 -0.1199 0.7015
vn -0.7118 -0.0458 -0.7009
vn 0.0024 0.7071 0.7071
vn -0.7121 0.0155 0.7019
vn 0.0024 -0.7123 -0.7019
vn -0.6459 0.2674 -0.7151
vn -0.7022 -0.0178 -0.7117
vn -0.7121 -0.0156 -0.7019
vn -0.6582 0.2240 -0.7188
vn -0.7025 -0.0479 -0.7101
vn -0.6688 0.1530 -0.7275
vn -0.6981 -0.0940 -0.7098
vn -0.7165 -0.0882 -0.6920
vn -0.6760 0.0587 -0.7346
vn -0.6943 -0.1671 -0.7000
vn -0.7208 -0.1563 -0.6753
vn -0.6790 -0.0512 -0.7324
vn -0.6914 -0.2604 -0.6739
vn -0.7241 -0.2435 -0.6453
vn -0.6760 -0.1635 -0.7185
vn -0.4309 -0.4498 -0.7823
vn -0.7254 -0.3383 -0.5994
vn -0.6775 -0.2717 -0.6835
vn -0.0109 -0.6232 -0.7820
vn -0.7251 -0.4288 -0.5389
vn -0.6825 -0.3830 -0.6225
vn -0.0128 -0.7399 -0.6726
vn -0.7260 -0.5084 -0.4630
vn -0.6755 -0.4865 -0.5541
vn -0.0143 -0.8434 -0.5371
vn -0.7275 -0.5782 -0.3693
vn -0.6665 -0.5651 -0.4862
vn -0.0122 -0.9197 -0.3925
vn -0.6562 -0.6210 -0.4287
vn -0.0096 -0.9641 -0.2654
vn -0.7207 -0.6683 -0.1845
vn -0.6470 -0.6580 -0.3854
vn -0.0068 -0.9862 -0.1656
vn -0.7169 -0.6875 -0.1159
vn -0.6383 -0.6808 -0.3592
vn -0.0043 -0.9954 -0.0961
vn -0.7133 -0.6976 -0.0675
vn -0.6429 -0.6885 -0.3356
vn -0.0021 -0.9984 -0.0557
vn 0.0018 -0.9045 0.4264
vn -0.0001 -0.9998 -0.0212
vn -0.7119 -0.7021 -0.0149
vn -0.3005 0.9045 0.3026
vn -0.0000 0.9998 -0.0212
vn -0.0000 0.7071 0.7071
vn -0.6221 0.6952 0.3600
vn 0.0012 0.9998 0.0212
vn -0.6134 0.6877 0.3884
vn 0.0007 0.9984 0.0557
vn -0.7041 0.7090 0.0395
vn -0.6040 0.6669 0.4363
vn 0.0015 0.9953 0.0965
vn -0.7010 0.7099 0.0687
vn -0.5938 0.6277 0.5034
vn 0.0024 0.9861 0.1663
vn -0.6976 0.7065 0.1191
vn -0.5836 0.5626 0.5856
vn 0.0034 0.9640 0.2660
vn -0.6940 0.6940 0.1915
vn -0.5754 0.4651 0.6727
vn 0.0044 0.9193 0.3935
vn -0.6904 0.6651 0.2845
vn -0.5792 0.3412 0.7403
vn 0.0050 0.8428 0.5382
vn -0.6878 0.6118 0.3907
vn -0.5793 0.2144 0.7864
vn 0.0041 0.7392 0.6735
vn -0.6891 0.5357 0.4880
vn -0.5806 0.0919 0.8090
vn 0.0044 0.6226 0.7826
vn -0.6900 0.4507 0.5664
vn -0.5862 -0.0314 0.8095
vn -0.4659 0.4375 0.7691
vn -0.6896 0.3561 0.6306
vn -0.5973 -0.1387 0.7899
vn -0.7239 0.2453 0.6448
vn -0.6910 0.2551 0.6764
vn -0.6092 -0.2179 0.7625
vn -0.7207 0.1580 0.6750
vn -0.6940 0.1624 0.7014
vn -0.6211 -0.2654 0.7374
vn -0.7164 0.0894 0.6919
vn -0.6980 0.0907 0.7103
vn -0.6211 -0.2968 0.7253
vn -0.7118 0.0462 0.7009
vn -0.7025 0.0462 0.7102
vn 0.5704 -0.5842 -0.5774
vn -0.3486 0.6152 -0.7071
vn 0.5773 0.5774 -0.5773
vn -0.1214 0.9045 0.4088
vn 0.0104 0.7071 -0.7070
vn -0.0000 -0.7071 0.7071
vn -0.3021 -0.9045 0.3009
vn 0.7071 -0.7071 -0.0000
vn 0.0102 -0.7071 -0.7070
vn -0.1215 -0.9045 0.4087
vn 0.0002 -0.7071 0.7071
vn -0.9534 0.0068 0.3015
vn 0.0036 0.7071 0.7071
vn -0.4264 0.9045 -0.0010
vn -0.4662 0.4352 0.7702
vn -0.6911 -0.2549 -0.6763
vn -0.4298 -0.4438 -0.7863
vn -0.7071 -0.0000 0.7071
vn -0.7118 0.0455 0.7009
vn -0.7022 0.6134 -0.3614
vn -0.7025 -0.0460 -0.7102
vn -0.6940 -0.1624 -0.7014
vn -0.7241 -0.4991 0.4760
vn -0.7208 0.1559 0.6754
vn -0.6980 -0.0907 -0.7103
vn -0.7208 -0.5499 0.4221
vn -0.7165 0.0879 0.6920
vn -0.7025 -0.0462 -0.7102
vn -0.7165 -0.5850 0.3800
vn -0.7118 0.0454 0.7009
vn 0.7115 -0.0155 -0.7025
vn 0.7071 0.0002 -0.7071
vn -0.7121 -0.0155 -0.7019
vn -0.7021 0.0159 0.7119
vn 0.7119 -0.0456 -0.7008
vn -0.7026 0.0461 0.7101
vn -0.7119 -0.0457 -0.7008
vn 0.7021 0.0158 0.7119
vn 0.7168 -0.0882 -0.6917
vn -0.7162 -0.0882 -0.6923
vn 0.7024 0.0460 0.7102
vn -0.6979 0.0905 0.7105
vn 0.7212 -0.1561 -0.6749
vn 0.6979 0.0906 0.7104
vn 0.7246 -0.2432 -0.6449
vn -0.7240 -0.2434 -0.6454
vn 0.6938 0.1624 0.7016
vn -0.6909 0.2550 0.6765
vn 0.7260 -0.3382 -0.5988
vn -0.7255 -0.3385 -0.5992
vn 0.6910 0.2551 0.6764
vn -0.6892 0.3561 0.6310
vn 0.7252 -0.4286 -0.5388
vn -0.6901 0.4506 0.5664
vn -0.7250 -0.4287 -0.5390
vn 0.6898 0.3562 0.6303
vn 0.7259 -0.5085 -0.4632
vn -0.7260 -0.5087 -0.4628
vn 0.6905 0.4503 0.5661
vn -0.6890 0.5359 0.4879
vn 0.7278 -0.5779 -0.3693
vn -0.7271 -0.5786 -0.3694
vn 0.6894 0.5355 0.4878
vn -0.6879 0.6118 0.3906
vn 0.7248 -0.6334 -0.2710
vn -0.6905 0.6650 0.2844
vn 0.6880 0.6117 0.3905
vn 0.7209 -0.6681 -0.1845
vn -0.6939 0.6942 0.1914
vn -0.7207 -0.6683 -0.1844
vn 0.6907 0.6649 0.2844
vn 0.7170 -0.6874 -0.1157
vn -0.6976 0.7065 0.1192
vn -0.7172 -0.6872 -0.1161
vn 0.6941 0.6940 0.1914
vn 0.7133 -0.6976 -0.0674
vn -0.7011 0.7098 0.0688
vn -0.7134 -0.6975 -0.0677
vn 0.6977 0.7064 0.1190
vn 0.7101 -0.7030 -0.0393
vn -0.7099 -0.7032 -0.0391
vn -0.7119 -0.7021 -0.0148
vn 0.7041 0.7090 0.0396
vn -0.7023 0.7117 0.0153
vn 0.3015 -0.9045 0.3015
vn -0.5999 0.5789 -0.5523
vn -0.5774 -0.5773 -0.5774
vn 0.3015 0.9045 0.3015
vn 0.7122 -0.7020 0.0043
vn 0.7071 0.0031 0.7071
vn 0.7071 0.7071 -0.0043
vn 0.7122 -0.0184 -0.7017
vn 0.7022 0.0157 0.7118
vn 0.7122 0.1440 -0.6871
vn 0.7025 0.3228 0.6342
vn 0.7025 -0.2396 0.6702
vn 0.7166 -0.2426 -0.6540
vn 0.6981 0.0905 0.7103
vn 0.6980 -0.1977 0.6883
vn 0.7208 -0.3022 -0.6238
vn 0.6939 0.1624 0.7015
vn 0.6939 -0.1287 0.7084
vn 0.7241 -0.3758 -0.5783
vn 0.6909 0.2551 0.6765
vn 0.6909 -0.0354 0.7221
vn 0.7255 -0.4532 -0.5179
vn 0.6896 0.3562 0.6306
vn 0.7255 -0.2195 -0.6523
vn 0.6901 0.6414 0.3353
vn 0.6896 0.3562 0.6305
vn 0.6899 0.1747 0.7025
vn 0.7261 -0.5793 -0.3703
vn 0.6890 0.5359 0.4879
vn 0.6891 0.2926 0.6630
vn 0.7275 -0.6373 -0.2541
vn 0.6878 0.6118 0.3907
vn 0.7273 -0.4962 -0.4741
vn 0.6907 0.7231 -0.0081
vn 0.6880 0.6116 0.3908
vn 0.7248 -0.5686 -0.3890
vn 0.6937 0.7125 -0.1058
vn 0.6903 0.6653 0.2844
vn 0.7206 -0.6203 -0.3098
vn 0.6977 0.6935 -0.1798
vn 0.6940 0.6940 0.1915
vn 0.7167 -0.6530 -0.2450
vn 0.7012 0.6749 -0.2299
vn 0.6978 0.7063 0.1192
vn 0.7128 -0.6727 -0.1983
vn 0.7046 0.6609 -0.2584
vn 0.7014 0.7094 0.0688
vn 0.7039 0.6294 0.3293
vn 0.7121 -0.6923 0.1167
vn 0.7021 0.7119 0.0151
vn 0.7119 -0.7020 -0.0185
vn 0.3015 -0.0000 0.9535
vn 0.7024 0.7117 0.0151
vn 0.3016 0.9028 0.3067
vn 0.7119 -0.0000 -0.7023
vn 0.3014 -0.9046 0.3015
vn 0.7116 -0.6319 -0.3072
vn 0.7044 0.7031 -0.0967
vn 0.7098 -0.7033 -0.0393
vn 0.7041 0.6881 0.1751
vn 0.7132 -0.6624 0.2293
vn 0.7009 0.6825 0.2073
vn 0.7170 -0.6731 0.1812
vn 0.7134 -0.6975 -0.0676
vn 0.6972 0.6680 0.2602
vn 0.7211 -0.6841 0.1096
vn 0.7173 -0.6871 -0.1158
vn 0.6941 0.6388 0.3319
vn 0.7244 -0.6892 0.0165
vn 0.7206 -0.6684 -0.1844
vn 0.6906 0.5903 0.4179
vn 0.7273 -0.6796 -0.0958
vn 0.7243 -0.6340 -0.2709
vn 0.7271 -0.3711 -0.5776
vn 0.6895 0.6238 0.3681
vn 0.7256 -0.5090 -0.4631
vn 0.7259 -0.2616 -0.6361
vn 0.6901 0.5453 0.4758
vn 0.7249 -0.4291 -0.5389
vn 0.6898 0.3266 0.6461
vn 0.7257 -0.5574 -0.4033
vn 0.7252 -0.4284 -0.5390
vn 0.7255 -0.0632 -0.6853
vn 0.6909 0.3982 0.6034
vn 0.7240 0.0381 -0.6888
vn 0.6939 0.3204 0.6448
vn 0.7207 -0.1566 -0.6754
vn 0.7208 0.1278 -0.6812
vn 0.6980 0.2548 0.6692
vn 0.7165 -0.0882 -0.6920
vn 0.7165 0.1956 -0.6696
vn 0.7025 0.2109 0.6797
vn 0.7118 -0.0458 -0.7009
vn 0.7025 -0.1198 0.7015
vn 0.7122 -0.2941 -0.6375
vn 0.7118 -0.0456 -0.7009
vn 0.7121 0.0155 0.7019
vn -0.0000 -0.7124 -0.7018
vn 0.7022 -0.0177 -0.7117
vn 0.6459 0.2675 -0.7150
vn 0.7122 -0.0156 -0.7018
vn 0.7026 -0.0479 -0.7100
vn 0.6582 0.2241 -0.7187
vn 0.7119 -0.0455 -0.7008
vn 0.6982 -0.0940 -0.7097
vn 0.6688 0.1530 -0.7275
vn 0.7165 -0.0882 -0.6919
vn 0.6943 -0.1671 -0.7000
vn 0.6760 0.0588 -0.7346
vn 0.7208 -0.1562 -0.6753
vn 0.6914 -0.2604 -0.6739
vn 0.6790 -0.0510 -0.7324
vn 0.7241 -0.2434 -0.6454
vn 0.4309 -0.4499 -0.7822
vn 0.6760 -0.1636 -0.7185
vn 0.7255 -0.3383 -0.5994
vn 0.0109 -0.6232 -0.7819
vn 0.6775 -0.2717 -0.6835
vn 0.7251 -0.4288 -0.5389
vn 0.0128 -0.7398 -0.6727
vn 0.6825 -0.3828 -0.6226
vn 0.7260 -0.5083 -0.4631
vn 0.0143 -0.8434 -0.5372
vn 0.6754 -0.4865 -0.5542
vn 0.7275 -0.5782 -0.3693
vn 0.0122 -0.9197 -0.3924
vn 0.6665 -0.5652 -0.4862
vn 0.7245 -0.6337 -0.2711
vn 0.0096 -0.9641 -0.2653
vn 0.6563 -0.6210 -0.4286
vn 0.0068 -0.9861 -0.1657
vn 0.6469 -0.6580 -0.3854
vn 0.7169 -0.6875 -0.1160
vn 0.0043 -0.9954 -0.0962
vn 0.6383 -0.6808 -0.3592
vn 0.7133 -0.6976 -0.0676
vn 0.0021 -0.9984 -0.0557
vn 0.6429 -0.6885 -0.3355
vn 0.0001 -0.9998 -0.0212
vn -0.0000 -0.9045 0.4264
vn 0.7119 -0.7021 -0.0149
vn -0.0018 0.9045 0.4264
vn -0.0000 0.9998 0.0212
vn -0.0011 0.9998 0.0212
vn 0.6222 0.6952 0.3600
vn 0.7024 0.7117 0.0150
vn -0.0007 0.9984 0.0558
vn 0.6133 0.6877 0.3885
vn 0.7041 0.7090 0.0395
vn -0.0015 0.9953 0.0965
vn 0.6039 0.6669 0.4365
vn 0.7010 0.7099 0.0687
vn -0.0024 0.9861 0.1663
vn 0.5937 0.6277 0.5034
vn 0.6976 0.7065 0.1192
vn -0.0034 0.9639 0.2661
vn 0.5834 0.5626 0.5858
vn 0.6940 0.6941 0.1915
vn -0.0044 0.9193 0.3936
vn 0.5755 0.4650 0.6728
vn 0.6904 0.6651 0.2847
vn -0.0050 0.8428 0.5382
vn 0.5792 0.3411 0.7404
vn 0.6878 0.6118 0.3906
vn -0.0041 0.7392 0.6735
vn 0.5793 0.2144 0.7864
vn 0.6892 0.5356 0.4880
vn -0.0044 0.6229 0.7823
vn 0.5806 0.0923 0.8089
vn 0.6901 0.4508 0.5662
vn 0.4659 0.4375 0.7691
vn 0.5862 -0.0314 0.8096
vn 0.6896 0.3561 0.6306
vn 0.7239 0.2455 0.6448
vn 0.5972 -0.1384 0.7900
vn 0.6910 0.2552 0.6764
vn 0.7207 0.1581 0.6750
vn 0.6091 -0.2179 0.7625
vn 0.6939 0.1625 0.7015
vn 0.7165 0.0894 0.6919
vn 0.6211 -0.2655 0.7374
vn 0.6980 0.0907 0.7103
vn 0.7118 0.0463 0.7009
vn 0.6211 -0.2969 0.7253
vn 0.7025 0.0462 0.7102
vn 0.3483 0.6153 -0.7071
vn -0.5704 -0.5842 -0.5774
vn -0.5773 0.5774 -0.5773
vn 0.3066 0.9045 0.2963
vn 0.3491 0.7071 -0.6149
vn -0.5773 0.5774 -0.5774
vn -0.7071 0.0074 0.7071
vn -0.7072 -0.7070 0.0016
vn 0.3021 -0.9045 0.3011
vn 0.0001 -0.7070 0.7072
vn 0.3489 -0.7071 -0.6150
vn 0.3066 -0.9045 0.2963
vn -0.0034 0.7071 0.7071
vn 0.9535 -0.0000 0.3015
vn -0.0002 -0.7071 0.7071
vn 0.4264 0.9045 -0.0000
vn -0.0002 0.7071 0.7071
vn 0.4663 0.4348 0.7704
vn 0.6910 -0.2557 -0.6761
vn 0.7240 0.2434 0.6454
vn 0.7121 0.0169 0.7019
vn 0.7022 -0.0157 -0.7118
vn 0.7022 0.6132 -0.3618
vn 0.7118 0.0454 0.7009
vn 0.7025 -0.0462 -0.7102
vn 0.6940 0.5209 -0.4970
vn 0.7240 0.2440 0.6452
vn 0.6910 -0.2552 -0.6763
vn 0.6981 0.5684 -0.4355
vn 0.7208 0.1559 0.6754
vn 0.6940 -0.1624 -0.7014
vn 0.7025 0.5969 -0.3875
vn 0.7165 0.0880 0.6920
vn 0.6981 -0.0906 -0.7103
vn 0.7071 -0.7071 -0.0057
vn 0.5774 -0.0000 0.8165
vn 0.7071 0.7071 -0.0002
vn 0.7071 0.7071 -0.0057
vn -0.0000 0.9045 0.4264
vn -0.7071 0.7071 -0.0002
vn -0.0085 -0.7071 -0.7070
vn -0.2986 -0.9045 0.3044
vn 0.5773 -0.5774 -0.5774
vn -0.7071 -0.7071 -0.0002
vn -0.3657 0.8559 0.3657
vn -0.3014 -0.9045 0.3017
vn -0.8165 -0.5774 0.0048
vn 0.3029 -0.9045 0.3001
vn -0.5774 -0.5774 -0.5773
vn -0.5774 -0.0099 0.8164
vn -0.7071 -0.7071 -0.0059
vn 0.0085 0.7071 -0.7070
vn 0.2986 0.9045 0.3044
vn -0.5774 0.5774 -0.5773
vn 0.3029 0.9045 0.3001
vn -0.8165 0.5774 -0.0000
vn 0.2986 -0.9045 0.3044
vn -0.0000 -0.7071 -0.7071
vn 0.3420 0.8752 0.3420
vn 0.3421 -0.8752 0.3420
vn 0.5774 0.5773 -0.5774
vn -0.0000 0.7071 -0.7071
vn -0.0000 -0.9998 -0.0211
vn -0.0000 -0.9984 -0.0561
vn -0.0000 -0.9953 -0.0966
vn -0.0000 -0.9861 -0.1661
vn -0.0000 -0.9641 -0.2656
vn -0.0000 -0.9193 -0.3935
vn -0.0000 -0.8429 -0.5381
vn -0.0000 -0.7395 -0.6732
vn -0.0000 -0.6228 -0.7824
vn -0.0000 -0.9734 -0.2293
vn -0.0000 -0.2291 0.9734
vn -0.0000 -0.9734 -0.2292
vn -0.0000 -0.9734 -0.2291
vn -0.0000 0.6230 0.7822
vn -0.0000 -0.2292 0.9734
vn -0.0000 0.7391 0.6736
vn -0.0000 0.8428 0.5382
vn -0.0000 0.9193 0.3935
vn -0.0000 0.9639 0.2661
vn -0.0000 0.9861 0.1659
vn -0.0000 0.9953 0.0965
vn -0.0000 0.9984 0.0558
vn -0.0000 0.9953 0.0964
vn 0.5774 -0.5773 -0.5774
vn -0.7122 -0.7020 -0.0000
vn -0.7121 -0.0184 -0.7018
vn -0.7025 -0.1141 0.7025
vn -0.7121 -0.2967 -0.6363
vn -0.7025 -0.2394 0.6702
vn -0.6980 0.0905 0.7104
vn -0.7165 -0.2424 -0.6541
vn -0.6980 -0.1975 0.6883
vn -0.6939 0.1624 0.7015
vn -0.7208 -0.3023 -0.6238
vn -0.6939 -0.1286 0.7085
vn -0.6909 0.2551 0.6764
vn -0.7241 -0.3760 -0.5782
vn -0.6909 -0.0353 0.7221
vn -0.6895 0.3566 0.6305
vn -0.7256 -0.4530 -0.5180
vn -0.6904 0.3399 0.6386
vn -0.7249 -0.4292 -0.5388
vn -0.7252 -0.5626 -0.3970
vn -0.6902 0.1744 0.7023
vn -0.6894 0.5354 0.4879
vn -0.7259 -0.5796 -0.3703
vn -0.6894 0.2921 0.6629
vn -0.6882 0.6114 0.3906
vn -0.7273 -0.6376 -0.2540
vn -0.6905 0.6004 0.4034
vn -0.7275 -0.6805 -0.0874
vn -0.6936 0.6458 0.3193
vn -0.7210 -0.6679 -0.1843
vn -0.7249 -0.6885 0.0229
vn -0.6976 0.6713 0.2505
vn -0.7207 -0.6837 0.1146
vn -0.7010 0.6843 0.2011
vn -0.7133 -0.6975 -0.0677
vn -0.7169 -0.6724 0.1842
vn -0.7041 0.6891 0.1715
vn -0.7101 -0.7030 -0.0392
vn -0.7133 -0.6613 0.2319
vn -0.7041 0.6291 0.3293
vn -0.7024 0.7116 0.0150
vn -0.7119 -0.6926 0.1166
vn -0.7119 -0.7020 -0.0185
vn -0.3015 -0.0075 0.9534
vn -0.7118 -0.6316 -0.3071
vn -0.7100 -0.7031 -0.0393
vn -0.7042 0.7034 -0.0963
vn -0.7131 -0.6714 -0.2018
vn -0.7012 0.7097 0.0688
vn -0.7043 0.6623 -0.2558
vn -0.7179 -0.6495 -0.2506
vn -0.6966 0.7075 0.1191
vn -0.7000 0.6774 -0.2261
vn -0.7208 -0.6155 -0.3189
vn -0.6940 0.6940 0.1916
vn -0.6976 0.6949 -0.1746
vn -0.7251 -0.5603 -0.4003
vn -0.6899 0.6657 0.2845
vn -0.6934 0.7138 -0.0988
vn -0.7276 -0.4841 -0.4861
vn -0.6904 0.7234 0.0009
vn -0.7275 -0.3706 -0.5774
vn -0.7260 -0.5086 -0.4630
vn -0.6892 0.6240 0.3682
vn -0.7261 -0.2610 -0.6362
vn -0.6899 0.5456 0.4757
vn -0.7259 -0.2047 -0.6566
vn -0.6894 0.3565 0.6306
vn -0.6895 0.6386 0.3417
vn -0.7257 -0.0630 -0.6852
vn -0.7241 -0.2432 -0.6454
vn -0.6909 0.3982 0.6033
vn -0.7240 0.0384 -0.6888
vn -0.6940 0.3208 0.6445
vn -0.7208 0.1278 -0.6813
vn -0.6980 0.2550 0.6692
vn -0.7165 0.1956 -0.6696
vn -0.7025 0.2110 0.6797
vn -0.7122 0.1495 -0.6859
vn -0.7022 0.0156 0.7118
vn -0.7025 0.3210 0.6351
vn -0.7071 0.0018 0.7071
vn -0.0024 -0.7123 0.7019
vn -0.7121 -0.0171 -0.7019
vn -0.7022 -0.0157 -0.7118
vn -0.0024 0.7071 -0.7071
vn -0.7041 -0.1372 -0.6968
vn -0.7025 -0.0463 -0.7102
vn -0.1325 0.6568 -0.7423
vn -0.7069 -0.1798 -0.6841
vn -0.6980 -0.0905 -0.7103
vn -0.1317 0.6269 -0.7679
vn -0.7097 -0.2463 -0.6601
vn -0.6940 -0.1623 -0.7014
vn -0.1270 0.5583 -0.8199
vn -0.7123 -0.3287 -0.6202
vn -0.6910 -0.2551 -0.6764
vn -0.1207 0.4531 -0.8833
vn -0.7140 -0.4153 -0.5636
vn -0.4298 -0.4441 -0.7862
vn -0.1129 0.3174 -0.9415
vn -0.7153 -0.4929 -0.4953
vn -0.0000 -0.6223 -0.7828
vn -0.0614 -0.1473 -0.9872
vn -0.7172 -0.5593 -0.4156
vn -0.0000 -0.7394 -0.6733
vn -0.0000 -0.6227 -0.7825
vn -0.7168 -0.6258 -0.3076
vn -0.0000 -0.8427 -0.5384
vn -0.0000 -0.7392 -0.6735
vn -0.7144 -0.6705 -0.2003
vn -0.0000 -0.9194 -0.3934
vn -0.0000 -0.8428 -0.5382
vn -0.7116 -0.6940 -0.1091
vn -0.0000 -0.9640 -0.2659
vn -0.0000 -0.9194 -0.3933
vn -0.7094 -0.7036 -0.0397
vn -0.0000 -0.9861 -0.1663
vn -0.0000 -0.9639 -0.2661
vn -0.7072 -0.7070 0.0081
vn -0.0000 -0.9861 -0.1662
vn -0.7051 -0.7082 0.0354
vn -0.0000 -0.9984 -0.0557
vn -0.0000 -0.9953 -0.0964
vn -0.7064 -0.7052 0.0596
vn -0.0000 -0.9998 -0.0213
vn -0.0000 -0.9984 -0.0559
vn -0.3005 -0.9045 0.3026
vn -0.7011 0.7122 -0.0346
vn -0.0176 0.9994 0.0301
vn -0.6991 0.7150 -0.0055
vn -0.0110 0.9981 0.0613
vn -0.6968 0.7159 0.0441
vn -0.0000 0.9861 0.1662
vn -0.0223 0.9939 0.1076
vn -0.6945 0.7100 0.1162
vn -0.0000 0.9640 0.2660
vn -0.0342 0.9825 0.1831
vn -0.6922 0.6903 0.2106
vn -0.0000 0.9194 0.3934
vn -0.0473 0.9563 0.2885
vn -0.6907 0.6477 0.3216
vn -0.0603 0.9054 0.4203
vn -0.6914 0.5824 0.4275
vn -0.0000 0.7395 0.6732
vn -0.0711 0.8211 0.5664
vn -0.6922 0.4999 0.5205
vn -0.0000 0.6225 0.7826
vn -0.0666 0.7142 0.6968
vn -0.6917 0.4193 0.5880
vn -0.4663 0.4351 0.7702
vn -0.0629 0.5964 0.8003
vn -0.6925 0.3305 0.6413
vn -0.7241 0.2433 0.6453
vn -0.1736 -0.0257 0.9845
vn -0.6938 0.2471 0.6765
vn -0.7208 0.1563 0.6753
vn -0.2046 -0.4740 0.8564
vn -0.6959 0.1801 0.6952
vn -0.7165 0.0882 0.6920
vn -0.1939 -0.5704 0.7981
vn -0.6985 0.1376 0.7022
vn -0.7118 0.0457 0.7009
vn -0.1755 -0.6320 0.7549
vn -0.6982 0.1070 0.7079
vn -0.7121 0.0154 0.7019
vn -0.1583 -0.6631 0.7316
vn 0.8164 -0.0098 -0.5774
vn 0.0002 -0.7071 -0.7071
vn 0.0114 0.7070 -0.7071
vn -0.3066 0.9045 0.2964
vn -0.3489 0.7071 -0.6150
vn -0.4264 -0.9045 -0.0000
vn -0.3491 -0.7071 -0.6149
vn -0.3066 -0.9045 0.2963
vn -0.3063 -0.9029 0.3015
vn 0.7071 -0.0051 0.7071
vn -0.3021 0.9045 0.3009
vn 0.7071 0.7071 0.0017
vn -0.7241 0.2440 0.6451
vn -0.7022 -0.0172 -0.7118
vn -0.7118 -0.6048 0.3572
vn -0.7121 0.0170 0.7019
vn -0.7022 -0.0161 -0.7118
vn -0.6940 0.5205 -0.4974
vn -0.6910 -0.2557 -0.6761
vn -0.7241 0.2436 0.6453
vn -0.6980 0.5682 -0.4358
vn -0.6940 -0.1619 -0.7015
vn -0.7208 0.1564 0.6753
vn -0.7025 0.5968 -0.3878
vn -0.6980 -0.0903 -0.7104
vn 0.7122 -0.2968 -0.6362
vn 0.7025 -0.1142 0.7024
vn 0.7025 0.2037 0.6819
vn 0.7165 0.1992 -0.6685
vn 0.6980 0.2422 0.6739
vn 0.7165 -0.0883 -0.6919
vn 0.7208 0.1339 -0.6801
vn 0.6939 0.3050 0.6523
vn 0.7241 0.0456 -0.6882
vn 0.6909 0.3832 0.6130
vn 0.7255 -0.0549 -0.6860
vn 0.7255 -0.5620 -0.3973
vn 0.7250 -0.4289 -0.5389
vn 0.6901 0.3402 0.6388
vn 0.6900 0.5373 0.4850
vn 0.7261 -0.2565 -0.6380
vn 0.6891 0.6152 0.3830
vn 0.7260 -0.5084 -0.4630
vn 0.7275 -0.3645 -0.5813
vn 0.7272 -0.6808 -0.0872
vn 0.7242 -0.6341 -0.2709
vn 0.6908 0.6001 0.4033
vn 0.7248 -0.6886 0.0228
vn 0.7209 -0.6680 -0.1844
vn 0.6937 0.6456 0.3194
vn 0.7206 -0.6838 0.1146
vn 0.7168 -0.6876 -0.1159
vn 0.6977 0.6712 0.2505
vn 0.7164 -0.6728 0.1844
vn 0.7128 -0.6980 -0.0676
vn 0.7014 0.6838 0.2010
vn 0.7128 -0.6618 0.2322
vn 0.7096 -0.7035 -0.0392
vn 0.7046 0.6886 0.1714
vn 0.7039 0.7042 -0.0932
vn 0.7103 -0.7028 -0.0393
vn 0.7121 -0.6307 -0.3084
vn 0.3015 0.9028 0.3067
vn 0.3016 0.0001 0.9534
vn 0.7023 0.7117 0.0151
vn 0.7120 -0.7019 -0.0185
vn 0.7116 -0.6923 0.1200
vn 0.7027 0.7113 0.0151
vn 0.7045 0.6293 0.3282
vn 0.7041 0.6624 -0.2558
vn 0.7133 -0.6712 -0.2018
vn 0.7009 0.6765 -0.2259
vn 0.6976 0.7065 0.1190
vn 0.7169 -0.6505 -0.2509
vn 0.6973 0.6951 -0.1748
vn 0.6937 0.6943 0.1915
vn 0.7210 -0.6152 -0.3189
vn 0.6941 0.7131 -0.0985
vn 0.6905 0.6650 0.2845
vn 0.7244 -0.5612 -0.4005
vn 0.6906 0.7232 0.0010
vn 0.6880 0.6116 0.3907
vn 0.7273 -0.4844 -0.4862
vn 0.7271 -0.6436 -0.2388
vn 0.6884 0.6111 0.3907
vn 0.6895 0.2997 0.6594
vn 0.7259 -0.5863 -0.3597
vn 0.6895 0.5355 0.4878
vn 0.6901 0.1816 0.7006
vn 0.6899 0.6382 0.3417
vn 0.6895 0.3565 0.6305
vn 0.7257 -0.2049 -0.6568
vn 0.7255 -0.4665 -0.5060
vn 0.6909 -0.0270 0.7225
vn 0.7240 -0.3903 -0.5688
vn 0.6910 0.2549 0.6764
vn 0.6939 -0.1204 0.7099
vn 0.7208 -0.3135 -0.6182
vn 0.6939 0.1623 0.7015
vn 0.6980 -0.1913 0.6901
vn 0.7165 -0.2500 -0.6512
vn 0.6981 0.0904 0.7103
vn 0.7025 -0.2345 0.6720
vn 0.7025 0.3212 0.6351
vn 0.7022 0.0158 0.7118
vn 0.7122 0.1497 -0.6858
vn -0.0000 -0.7123 0.7019
vn 0.7071 0.0016 0.7071
vn 0.7122 -0.0171 -0.7018
vn 0.1324 0.6569 -0.7423
vn 0.7042 -0.1371 -0.6967
vn 0.1316 0.6270 -0.7678
vn 0.6981 -0.0905 -0.7103
vn 0.7069 -0.1797 -0.6841
vn 0.1268 0.5584 -0.8198
vn 0.7097 -0.2462 -0.6601
vn 0.1206 0.4531 -0.8833
vn 0.6910 -0.2550 -0.6764
vn 0.7123 -0.3286 -0.6202
vn 0.1128 0.3174 -0.9416
vn 0.4298 -0.4442 -0.7861
vn 0.7141 -0.4152 -0.5637
vn 0.0613 -0.1473 -0.9872
vn -0.0000 -0.6224 -0.7827
vn 0.7153 -0.4930 -0.4954
vn -0.0000 -0.6226 -0.7825
vn -0.0000 -0.7393 -0.6734
vn 0.7172 -0.5592 -0.4157
vn -0.0000 -0.7392 -0.6734
vn -0.0000 -0.8427 -0.5383
vn 0.7168 -0.6258 -0.3077
vn -0.0000 -0.8428 -0.5383
vn 0.7144 -0.6704 -0.2005
vn -0.0000 -0.9640 -0.2660
vn 0.7117 -0.6940 -0.1092
vn 0.7094 -0.7037 -0.0397
vn -0.0000 -0.9953 -0.0965
vn 0.7072 -0.7070 0.0080
vn -0.0000 -0.9984 -0.0558
vn 0.7052 -0.7082 0.0353
vn -0.0000 -0.9998 -0.0212
vn 0.7064 -0.7053 0.0597
vn 0.3005 -0.9045 0.3025
vn 0.3005 0.9045 0.3025
vn 0.0001 0.9998 -0.0212
vn 0.0176 0.9994 0.0301
vn 0.7012 0.7122 -0.0345
vn 0.0110 0.9981 0.0613
vn 0.6991 0.7150 -0.0054
vn 0.0222 0.9939 0.1077
vn 0.6969 0.7158 0.0443
vn 0.0342 0.9825 0.1831
vn 0.6945 0.7100 0.1164
vn 0.0473 0.9563 0.2886
vn 0.6922 0.6902 0.2109
vn 0.0603 0.9054 0.4203
vn 0.6907 0.6477 0.3216
vn 0.0711 0.8210 0.5665
vn -0.0000 0.7394 0.6732
vn 0.6915 0.5822 0.4276
vn 0.0666 0.7142 0.6968
vn 0.6922 0.4998 0.5206
vn 0.0631 0.5964 0.8002
vn 0.4663 0.4353 0.7701
vn 0.6917 0.4194 0.5880
vn 0.1735 -0.0257 0.9845
vn 0.6924 0.3305 0.6413
vn 0.2046 -0.4740 0.8564
vn 0.7208 0.1564 0.6753
vn 0.6936 0.2471 0.6766
vn 0.1939 -0.5704 0.7981
vn 0.7165 0.0883 0.6920
vn 0.6959 0.1800 0.6952
vn 0.1754 -0.6320 0.7548
vn 0.7118 0.0457 0.7009
vn 0.6986 0.1375 0.7022
vn 0.1583 -0.6631 0.7316
vn 0.6982 0.1069 0.7079
vn -0.0116 0.7070 -0.7071
vn -0.8164 -0.0098 -0.5774
vn 0.1214 0.9045 0.4088
vn -0.0102 0.7071 -0.7070
vn 0.7071 -0.0074 0.7071
vn -0.0000 -0.7070 0.7072
vn -0.0000 -0.7069 0.7073
vn 0.4266 -0.9045 -0.0010
vn -0.0104 -0.7071 -0.7070
vn 0.1215 -0.9045 0.4087
vn 0.3063 -0.9029 0.3015
vn 0.0001 0.7072 0.7071
vn 0.3021 0.9046 0.3009
vn 0.4298 -0.4441 -0.7862
vn 0.7022 -0.0172 -0.7118
vn 0.7121 0.0154 0.7019
vn 0.7118 -0.6049 0.3569
vn 0.6940 -0.1619 -0.7015
vn 0.7208 0.1563 0.6753
vn 0.7240 -0.4991 0.4762
vn 0.6981 -0.0903 -0.7103
vn 0.7208 -0.5502 0.4216
vn 0.7025 -0.0460 -0.7102
vn 0.7118 0.0456 0.7009
vn 0.7165 -0.5852 0.3798
vn 0.5774 0.5809 -0.5738
vn 0.5773 0.5774 -0.5774
vn -0.2986 0.9045 0.3044
vn 0.7071 -0.7071 -0.0059
vn -0.7071 -0.7071 -0.0000
vn 0.0051 -0.9045 0.4264
vn 0.5754 -0.5773 -0.5793
vn 0.4264 -0.9045 -0.0025
vn -0.5774 0.5808 -0.5739
vn -0.7071 0.0085 -0.7070
vn -0.7071 0.7071 -0.0059
vn 0.7071 0.7071 -0.0000
vn -0.0051 0.9045 0.4264
vn 0.5754 0.5773 -0.5793
vn 0.7071 -0.7071 -0.0002
vn -0.7071 -0.7071 -0.0057
vn -0.0000 -0.9733 -0.2293
vn -0.0000 -0.2290 0.9734
vt 0.078600 0.487700
vt 0.068400 0.025200
vt 0.078600 0.025300
vt 0.068400 0.487700
vt 0.058600 0.025200
vt 0.100200 0.487100
vt 0.089900 0.024600
vt 0.100200 0.024500
vt 0.078600 0.495500
vt 0.058600 0.495300
vt 0.058600 0.487700
vt 0.100200 0.495000
vt 0.089900 0.487100
vt 0.078600 0.503300
vt 0.068400 0.495500
vt 0.068400 0.503200
vt 0.100200 0.502900
vt 0.089900 0.495000
vt 0.078600 0.511000
vt 0.068400 0.510900
vt 0.058600 0.502900
vt 0.100200 0.511100
vt 0.089900 0.503000
vt 0.078600 0.518800
vt 0.068400 0.518700
vt 0.058600 0.510600
vt 0.100200 0.519600
vt 0.089900 0.511100
vt 0.078600 0.527000
vt 0.068400 0.526900
vt 0.058600 0.518400
vt 0.100200 0.528600
vt 0.089900 0.519600
vt 0.078600 0.535900
vt 0.058600 0.535800
vt 0.058600 0.526700
vt 0.100200 0.538500
vt 0.089900 0.528600
vt 0.078600 0.546000
vt 0.068400 0.535900
vt 0.068400 0.546000
vt 0.100200 0.549700
vt 0.089900 0.538500
vt 0.078600 0.554800
vt 0.068400 0.555000
vt 0.058600 0.546100
vt 0.100200 0.559800
vt 0.089900 0.549500
vt 0.078600 0.563300
vt 0.058600 0.564100
vt 0.058600 0.555200
vt 0.100200 0.569600
vt 0.089900 0.559400
vt 0.078600 0.572000
vt 0.068400 0.563700
vt 0.058600 0.573000
vt 0.100200 0.579200
vt 0.089900 0.569100
vt 0.078600 0.580900
vt 0.068400 0.572400
vt 0.058600 0.582000
vt 0.100200 0.588700
vt 0.089900 0.578600
vt 0.078600 0.590200
vt 0.068400 0.581400
vt 0.058600 0.591100
vt 0.100200 0.598300
vt 0.089900 0.588100
vt 0.078600 0.599700
vt 0.068400 0.590600
vt 0.058600 0.600400
vt 0.100200 0.607900
vt 0.089900 0.597800
vt 0.078600 0.609400
vt 0.068400 0.600000
vt 0.068400 0.609600
vt 0.100200 0.617500
vt 0.089900 0.607500
vt 0.078600 0.971300
vt 0.058600 0.980200
vt 0.058600 0.609800
vt 0.089900 0.979400
vt 0.089900 0.617300
vt 0.081400 0.025200
vt 0.081400 0.487700
vt 0.087100 0.487200
vt 0.087100 0.024700
vt 0.087100 0.503000
vt 0.087100 0.495100
vt 0.087100 0.511100
vt 0.087100 0.519500
vt 0.087100 0.528500
vt 0.087100 0.549400
vt 0.087100 0.538400
vt 0.087100 0.559300
vt 0.087100 0.568900
vt 0.087100 0.578400
vt 0.087100 0.588000
vt 0.087100 0.597600
vt 0.087100 0.617200
vt 0.087100 0.607400
vt 0.081400 0.971300
vt 0.081400 0.599600
vt 0.081400 0.609300
vt 0.081400 0.590100
vt 0.081400 0.580900
vt 0.081400 0.571900
vt 0.081400 0.563300
vt 0.081400 0.545900
vt 0.081400 0.554700
vt 0.081400 0.535900
vt 0.081400 0.518900
vt 0.081400 0.527100
vt 0.081400 0.511000
vt 0.081400 0.503300
vt 0.081400 0.495500
vt 0.083000 0.487600
vt 0.085600 0.024900
vt 0.085600 0.487400
vt 0.085600 0.495200
vt 0.085600 0.503100
vt 0.085600 0.511100
vt 0.085600 0.519400
vt 0.085600 0.528300
vt 0.085600 0.538300
vt 0.085600 0.549400
vt 0.085600 0.559200
vt 0.085600 0.568800
vt 0.085600 0.578300
vt 0.085600 0.587800
vt 0.085600 0.597500
vt 0.085600 0.607300
vt 0.087100 0.979300
vt 0.085600 0.617200
vt 0.083000 0.609200
vt 0.083000 0.972200
vt 0.083000 0.599600
vt 0.083000 0.590100
vt 0.083000 0.580800
vt 0.083000 0.571900
vt 0.083000 0.563200
vt 0.083000 0.554700
vt 0.083000 0.545900
vt 0.083000 0.535900
vt 0.083000 0.527200
vt 0.083000 0.519000
vt 0.083000 0.511100
vt 0.083000 0.503200
vt 0.083000 0.495400
vt 0.940500 0.726700
vt 0.948500 0.398700
vt 0.948500 0.726700
vt 0.924200 0.718400
vt 0.917300 0.398700
vt 0.924200 0.398700
vt 0.927300 0.719600
vt 0.930600 0.398700
vt 0.930600 0.719600
vt 0.926500 0.718400
vt 0.927300 0.398700
vt 0.940500 0.398700
vt 0.933600 0.718400
vt 0.933600 0.398700
vt 0.926500 0.398700
vt 0.931400 0.398700
vt 0.931400 0.718400
vt 0.083000 0.025000
vt 0.016700 0.022000
vt 0.026900 0.484500
vt 0.026900 0.022000
vt 0.006900 0.021900
vt 0.016700 0.484400
vt 0.038200 0.021300
vt 0.048400 0.483800
vt 0.048400 0.021200
vt 0.026900 0.492200
vt 0.006900 0.492000
vt 0.016700 0.492200
vt 0.038200 0.483800
vt 0.048400 0.491700
vt 0.026900 0.500000
vt 0.016700 0.499900
vt 0.038200 0.491700
vt 0.048400 0.499600
vt 0.026900 0.507700
vt 0.006900 0.499600
vt 0.016700 0.507600
vt 0.038200 0.499700
vt 0.048400 0.507800
vt 0.026900 0.515500
vt 0.006900 0.507300
vt 0.016700 0.515400
vt 0.038200 0.507800
vt 0.048400 0.516300
vt 0.026900 0.523700
vt 0.006900 0.515100
vt 0.016700 0.523600
vt 0.038200 0.516300
vt 0.048400 0.525300
vt 0.026900 0.532600
vt 0.006900 0.532500
vt 0.016700 0.532600
vt 0.038200 0.525300
vt 0.048400 0.535200
vt 0.026900 0.542700
vt 0.016700 0.542700
vt 0.038200 0.535200
vt 0.048400 0.546400
vt 0.026900 0.551500
vt 0.006900 0.542800
vt 0.016700 0.551700
vt 0.038200 0.546200
vt 0.048400 0.556500
vt 0.026900 0.560000
vt 0.006900 0.560800
vt 0.016700 0.560400
vt 0.038200 0.556100
vt 0.048400 0.566300
vt 0.026900 0.568700
vt 0.006900 0.569700
vt 0.016700 0.569100
vt 0.038200 0.565800
vt 0.048400 0.575900
vt 0.026900 0.577600
vt 0.006900 0.578700
vt 0.016700 0.578100
vt 0.038200 0.575300
vt 0.048400 0.585500
vt 0.026900 0.586900
vt 0.006900 0.587800
vt 0.016700 0.587300
vt 0.038200 0.584800
vt 0.048400 0.595000
vt 0.026900 0.596400
vt 0.006900 0.597100
vt 0.016700 0.596700
vt 0.038200 0.594500
vt 0.048400 0.604600
vt 0.026900 0.606100
vt 0.016700 0.606300
vt 0.038200 0.604200
vt 0.048400 0.614200
vt 0.026900 0.968000
vt 0.006900 0.976900
vt 0.016700 0.976800
vt 0.038200 0.976100
vt 0.048400 0.984700
vt 0.029700 0.021900
vt 0.035400 0.483900
vt 0.035400 0.499700
vt 0.035400 0.507800
vt 0.035400 0.516200
vt 0.035400 0.525200
vt 0.035400 0.546100
vt 0.035400 0.556000
vt 0.035400 0.565600
vt 0.035400 0.575100
vt 0.035400 0.584700
vt 0.035400 0.594300
vt 0.035400 0.613900
vt 0.038200 0.614000
vt 0.029700 0.968000
vt 0.029700 0.596300
vt 0.029700 0.586800
vt 0.029700 0.577600
vt 0.029700 0.568600
vt 0.029700 0.560000
vt 0.029700 0.542600
vt 0.029700 0.532600
vt 0.029700 0.515600
vt 0.029700 0.507700
vt 0.029700 0.500000
vt 0.029700 0.492200
vt 0.031200 0.484300
vt 0.029700 0.484400
vt 0.033900 0.021600
vt 0.035400 0.021400
vt 0.033900 0.484100
vt 0.035400 0.491800
vt 0.033900 0.491900
vt 0.033900 0.499800
vt 0.033900 0.507800
vt 0.033900 0.516100
vt 0.033900 0.525000
vt 0.035400 0.535100
vt 0.033900 0.535000
vt 0.033900 0.546100
vt 0.033900 0.556000
vt 0.033900 0.565500
vt 0.033900 0.575000
vt 0.033900 0.584600
vt 0.033900 0.594200
vt 0.035400 0.604100
vt 0.033900 0.604000
vt 0.033900 0.613900
vt 0.035400 0.976000
vt 0.031200 0.605900
vt 0.029700 0.606000
vt 0.031200 0.596300
vt 0.031200 0.586800
vt 0.031200 0.577500
vt 0.031200 0.568600
vt 0.031200 0.559900
vt 0.029700 0.551400
vt 0.031200 0.551400
vt 0.031200 0.542600
vt 0.031200 0.532600
vt 0.029700 0.523800
vt 0.031200 0.523900
vt 0.031200 0.515800
vt 0.031200 0.507800
vt 0.031200 0.499900
vt 0.031200 0.492100
vt 0.990900 0.400200
vt 0.983000 0.728100
vt 0.990900 0.728100
vt 0.966700 0.719900
vt 0.959800 0.400200
vt 0.959800 0.728100
vt 0.973100 0.400200
vt 0.969800 0.721100
vt 0.973100 0.721100
vt 0.969800 0.400200
vt 0.969000 0.719900
vt 0.983000 0.400200
vt 0.976100 0.719900
vt 0.966700 0.400200
vt 0.969000 0.400200
vt 0.973900 0.400200
vt 0.976100 0.400200
vt 0.973900 0.719900
vt 0.974700 0.387400
vt 0.979300 0.004700
vt 0.979300 0.387400
vt 0.964200 0.004700
vt 0.959700 0.383400
vt 0.959700 0.004700
vt 0.934600 0.004700
vt 0.939200 0.383400
vt 0.934600 0.387400
vt 0.957600 0.383400
vt 0.953000 0.004700
vt 0.957600 0.004700
vt 0.113500 0.004700
vt 0.117500 0.680800
vt 0.113500 0.685300
vt 0.902900 0.004700
vt 0.907500 0.387400
vt 0.902900 0.387400
vt 0.943000 0.004700
vt 0.947500 0.383400
vt 0.943000 0.387400
vt 0.121200 0.680800
vt 0.125200 0.004700
vt 0.125200 0.685300
vt 0.917900 0.383400
vt 0.922500 0.004700
vt 0.922500 0.387400
vt 0.996000 0.004700
vt 0.991400 0.383400
vt 0.991400 0.004700
vt 0.110800 0.004700
vt 0.106200 0.685300
vt 0.106200 0.004700
vt 0.131400 0.004700
vt 0.126700 0.676200
vt 0.126700 0.004700
vt 0.873800 0.895700
vt 0.160300 0.891900
vt 0.873800 0.891900
vt 0.870300 0.351700
vt 0.163800 0.025400
vt 0.870300 0.025400
vt 0.870300 0.360400
vt 0.163800 0.351700
vt 0.870300 0.368900
vt 0.163800 0.360400
vt 0.870300 0.377300
vt 0.163800 0.368900
vt 0.870300 0.385400
vt 0.163800 0.377300
vt 0.870300 0.393300
vt 0.163800 0.385400
vt 0.870300 0.401100
vt 0.163800 0.393300
vt 0.870300 0.409200
vt 0.163800 0.401100
vt 0.870300 0.418300
vt 0.163800 0.409200
vt 0.870300 0.426400
vt 0.163800 0.418300
vt 0.873800 0.872200
vt 0.160300 0.868400
vt 0.873800 0.868400
vt 0.870300 0.441200
vt 0.163800 0.432600
vt 0.870300 0.432600
vt 0.870300 0.451000
vt 0.163800 0.441200
vt 0.870300 0.459700
vt 0.163800 0.451000
vt 0.870300 0.468200
vt 0.163800 0.459700
vt 0.870300 0.476600
vt 0.163800 0.468200
vt 0.870300 0.485100
vt 0.163800 0.476600
vt 0.870300 0.493700
vt 0.163800 0.485100
vt 0.870300 0.502400
vt 0.163800 0.493700
vt 0.870300 0.511100
vt 0.163800 0.502400
vt 0.870300 0.837500
vt 0.163800 0.511100
vt 0.068400 0.980100
vt 0.100200 0.988000
vt 0.085600 0.980200
vt 0.917300 0.726700
vt 0.006900 0.484400
vt 0.006900 0.523400
vt 0.006900 0.551900
vt 0.006900 0.606500
vt 0.031200 0.021700
vt 0.033900 0.976900
vt 0.031200 0.968900
vt 0.974700 0.004700
vt 0.964200 0.387400
vt 0.939200 0.004700
vt 0.953000 0.383400
vt 0.117500 0.009200
vt 0.907500 0.004700
vt 0.947500 0.004700
vt 0.121200 0.009200
vt 0.917900 0.004700
vt 0.996000 0.383400
vt 0.110800 0.685300
vt 0.131400 0.676200
vt 0.160300 0.895700
vt 0.163800 0.426400
vt 0.160300 0.872200
vt 0.163800 0.837500
s 1
f 595/869/1969 597/870/1970 594/871/1971
f 596/872/1972 599/873/1973 597/870/1970
f 598/874/1974 601/875/1975 599/876/1973
f 602/877/1976 596/872/1972 595/869/1969
f 596/872/1972 604/878/1977 598/879/1974
f 604/880/1977 600/881/1978 598/874/1974
f 606/882/1979 603/883/1980 602/877/1976
f 607/884/1981 604/878/1977 603/883/1980
f 608/885/1982 605/886/1983 604/880/1977
f 610/887/1984 607/884/1981 606/882/1979
f 611/888/1985 608/889/1982 607/884/1981
f 612/890/1986 609/891/1987 608/885/1982
f 614/892/1988 611/888/1985 610/887/1984
f 615/893/1989 612/894/1986 611/888/1985
f 616/895/1990 613/896/1991 612/890/1986
f 618/897/1992 615/893/1989 614/892/1988
f 619/898/1993 616/899/1990 615/893/1989
f 620/900/1994 617/901/1995 616/895/1990
f 622/902/1996 619/898/1993 618/897/1992
f 619/898/1993 624/903/1997 620/904/1994
f 624/905/1997 621/906/1998 620/900/1994
f 626/907/1999 623/908/2000 622/902/1996
f 627/909/2001 624/903/1997 623/908/2000
f 628/910/2002 625/911/2003 624/905/1997
f 630/912/2004 627/909/2001 626/907/1999
f 631/913/2005 628/914/2002 627/909/2001
f 632/915/2006 629/916/2007 628/910/2002
f 634/917/2008 631/913/2005 630/912/2004
f 631/913/2005 636/918/2009 632/919/2006
f 636/920/2009 633/921/2010 632/915/2006
f 638/922/2011 635/923/2012 634/917/2008
f 635/923/2012 640/924/2013 636/918/2009
f 640/925/2013 637/926/2014 636/920/2009
f 642/927/2015 639/928/2016 638/922/2011
f 639/928/2016 644/929/2017 640/924/2013
f 644/930/2017 641/931/2018 640/925/2013
f 646/932/2019 643/933/2020 642/927/2015
f 643/933/2020 648/934/2021 644/929/2017
f 648/935/2021 645/936/2022 644/930/2017
f 650/937/2023 647/938/2024 646/932/2019
f 647/938/2024 652/939/2025 648/934/2021
f 652/940/2025 649/941/2026 648/935/2021
f 654/942/2027 651/943/2028 650/937/2023
f 655/944/2029 652/939/2025 651/943/2028
f 656/945/2030 653/946/2031 652/940/2025
f 658/947/2032 655/944/2029 654/942/2027
f 655/944/2029 660/948/2033 656/949/2030
f 656/945/2030 661/950/2034 657/951/2035
s 0
f 595/869/2036 662/952/2037 663/953/2038
f 601/875/2039 664/954/2040 665/955/2041
f 605/886/2042 664/954/2043 600/881/2044
f 605/886/2045 667/956/2046 666/957/2047
f 609/891/2048 668/958/2049 667/956/2050
f 613/896/2051 669/959/2052 668/958/2053
f 617/901/2054 670/960/2055 669/959/2056
f 625/911/2057 670/960/2058 621/906/2059
f 625/911/2060 672/961/2061 671/962/2062
f 629/916/2063 673/963/2064 672/961/2065
f 637/926/2066 673/963/2067 633/921/2068
f 641/931/2069 674/964/2070 637/926/2071
f 645/936/2072 675/965/2073 641/931/2074
f 649/941/2075 676/966/2076 645/936/2022
f 653/946/2077 677/967/2078 649/941/2026
f 653/946/2079 679/968/2080 678/969/2023
f 661/950/2081 679/968/2082 657/951/2083
f 654/942/2084 682/970/2085 658/947/2032
f 654/942/2086 683/971/2087 681/972/2088
f 646/932/2089 683/971/2090 650/937/2091
f 642/927/2092 684/973/2093 646/932/2094
f 638/922/2095 685/974/2096 642/927/2097
f 634/917/2098 686/975/2099 638/922/2100
f 630/912/2101 687/976/2102 634/917/2103
f 630/912/2104 689/977/2105 688/978/2106
f 626/907/2107 690/979/2108 689/977/2109
f 618/897/2110 690/979/2111 622/902/2112
f 618/897/2113 692/980/2114 691/981/2115
f 614/892/2116 693/982/2117 692/980/2118
f 610/887/2119 694/983/2120 693/982/2121
f 606/882/2122 695/984/2123 694/983/2124
f 595/869/2125 695/984/2126 602/877/2127
f 662/952/2128 697/985/2129 663/953/2038
f 664/954/2130 699/986/1971 665/955/1971
f 666/957/2131 698/987/2132 664/954/2133
f 667/956/2134 700/988/2135 666/957/2047
f 668/958/2136 701/989/2137 667/956/2138
f 669/959/2139 702/990/2140 668/958/2141
f 670/960/2142 703/991/2143 669/959/2144
f 671/962/2145 704/992/2146 670/960/2147
f 672/961/2148 705/993/2149 671/962/2150
f 673/963/2151 706/994/2152 672/961/2153
f 674/964/2154 707/995/2155 673/963/2156
f 675/965/2157 708/996/2158 674/964/2103
f 676/966/2159 709/997/2160 675/965/2161
f 677/967/2162 710/998/2163 676/966/2164
f 678/969/2165 711/999/2166 677/967/2167
f 679/968/2168 712/1000/2169 678/969/2023
f 680/1001/2170 713/1002/2171 679/968/2172
f 682/970/2173 715/1003/2174 716/1004/2175
f 683/971/2176 715/1003/2177 681/972/2035
f 684/973/2178 717/1005/2179 683/971/2180
f 685/974/2181 718/1006/2182 684/973/2183
f 686/975/2184 719/1007/2185 685/974/2186
f 687/976/2187 720/1008/2188 686/975/2189
f 688/978/2190 721/1009/2191 687/976/2192
f 689/977/2193 722/1010/2194 688/978/2195
f 690/979/2196 723/1011/2197 689/977/2198
f 691/981/2199 724/1012/2200 690/979/2201
f 692/980/2202 725/1013/2203 691/981/2204
f 693/982/2205 726/1014/2206 692/980/2207
f 694/983/2208 727/1015/2209 693/982/2210
f 695/984/2211 728/1016/2212 694/983/2213
f 663/953/2214 729/1017/2215 695/984/2216
f 659/1018/2217 731/1019/2218 660/1020/2219
f 661/1021/2220 731/1022/2221 732/1023/2175
f 714/1024/2222 734/1025/1973 716/1026/2175
f 680/1027/2223 733/1028/2224 714/1024/2222
f 730/1029/2225 658/1030/2226 736/1031/2227
f 680/1027/2228 732/1023/2229 735/1032/2222
f 658/1030/2228 737/1033/2229 736/1031/2222
f 682/1034/2230 734/1025/2175 737/1033/2175
s 1
f 725/1013/2231 703/991/2232 704/992/2233
f 699/986/1971 697/985/2129 696/1035/2234
s 0
f 729/1017/2235 698/987/2236 700/988/2237
f 702/990/2238 726/1014/2239 727/1015/2240
f 701/989/2241 727/1015/2242 728/1016/2243
f 700/988/2244 728/1016/2245 729/1017/2246
s 1
f 739/1036/1971 741/1037/2247 738/1038/2248
f 742/1039/2234 740/1040/2249 739/1036/1971
f 744/1041/1973 743/1042/2250 742/1043/2234
f 740/1040/2249 747/1044/2251 741/1037/2247
f 740/1040/2249 748/1045/2252 746/1046/2253
f 745/1047/2254 748/1048/2252 743/1042/2250
f 746/1046/2253 751/1049/2255 747/1044/2251
f 748/1045/2252 750/1050/2256 746/1046/2253
f 749/1051/2257 752/1052/2258 748/1048/2252
f 750/1050/2256 755/1053/2259 751/1049/2255
f 752/1054/2258 754/1055/2141 750/1050/2256
f 753/1056/2260 756/1057/2210 752/1052/2258
f 754/1055/2141 759/1058/2261 755/1053/2259
f 756/1059/2210 758/1060/2262 754/1055/2141
f 757/1061/2263 760/1062/2264 756/1057/2210
f 758/1060/2262 763/1063/2265 759/1058/2261
f 760/1064/2264 762/1065/2266 758/1060/2262
f 761/1066/2267 764/1067/2268 760/1062/2264
f 762/1065/2266 767/1068/2269 763/1063/2265
f 762/1065/2266 768/1069/2270 766/1070/2271
f 765/1071/2272 768/1072/2270 764/1067/2268
f 766/1070/2271 771/1073/2273 767/1068/2269
f 768/1069/2270 770/1074/2274 766/1070/2271
f 769/1075/2275 772/1076/2276 768/1072/2270
f 770/1074/2274 775/1077/2277 771/1073/2273
f 772/1078/2276 774/1079/2278 770/1074/2274
f 773/1080/2279 776/1081/2280 772/1076/2276
f 774/1079/2278 779/1082/2281 775/1077/2277
f 774/1079/2278 780/1083/2282 778/1084/2103
f 777/1085/2283 780/1086/2282 776/1081/2280
f 778/1084/2103 783/1087/2284 779/1082/2281
f 778/1084/2103 784/1088/2285 782/1089/2286
f 781/1090/2287 784/1091/2285 780/1086/2282
f 782/1089/2286 787/1092/2288 783/1087/2284
f 782/1089/2286 788/1093/2289 786/1094/2290
f 785/1095/2291 788/1096/2289 784/1091/2285
f 786/1094/2290 791/1097/2292 787/1092/2288
f 786/1094/2290 792/1098/2293 790/1099/2294
f 789/1100/2295 792/1101/2293 788/1096/2289
f 790/1099/2294 795/1102/2296 791/1097/2292
f 790/1099/2294 796/1103/2031 794/1104/2297
f 793/1105/2021 796/1106/2031 792/1101/2293
f 794/1104/2297 799/1107/2029 795/1102/2296
f 796/1103/2031 798/1108/2298 794/1104/2297
f 797/1109/2299 800/1110/2300 796/1106/2031
f 798/1108/2298 803/1111/2301 799/1107/2029
f 798/1108/2298 804/1112/2302 802/1113/2303
f 800/1110/2300 805/1114/2304 804/1115/2302
s 0
f 741/1037/2305 807/1116/2306 738/1038/1970
f 744/1041/2307 809/1117/2308 745/1047/2309
f 809/1117/2310 749/1051/2311 745/1047/2309
f 749/1051/2312 811/1118/2313 753/1056/2314
f 753/1056/2315 812/1119/2316 757/1061/2317
f 757/1061/2318 813/1120/2319 761/1066/2320
f 761/1066/2321 814/1121/2322 765/1071/2323
f 814/1121/2324 769/1075/2325 765/1071/2326
f 769/1075/2327 816/1122/2328 773/1080/2329
f 773/1080/2330 817/1123/2331 777/1085/2332
f 817/1123/2333 781/1090/2334 777/1085/2335
f 818/1124/2336 785/1095/2337 781/1090/2338
f 819/1125/2339 789/1100/2340 785/1095/2341
f 820/1126/2342 793/1105/2343 789/1100/2344
f 821/1127/2345 797/1109/2346 793/1105/2347
f 797/1109/2348 823/1128/2349 801/1129/2350
f 823/1128/2351 805/1114/2352 801/1129/2353
f 825/1130/2354 799/1107/2355 803/1111/2356
f 799/1107/2357 827/1131/2358 795/1102/2359
f 827/1131/2360 791/1097/2361 795/1102/2296
f 828/1132/2362 787/1092/2363 791/1097/2364
f 829/1133/2365 783/1087/2366 787/1092/2367
f 830/1134/2368 779/1082/2369 783/1087/2370
f 831/1135/2371 775/1077/2372 779/1082/2373
f 775/1077/2374 833/1136/2375 771/1073/2376
f 771/1073/2377 834/1137/2378 767/1068/2379
f 834/1137/2380 763/1063/2381 767/1068/2382
f 763/1063/2383 836/1138/2384 759/1058/1989
f 759/1058/2385 837/1139/2386 755/1053/2387
f 755/1053/2388 838/1140/2389 751/1049/2390
f 751/1049/2391 839/1141/2392 747/1044/2393
f 839/1141/2394 741/1037/2395 747/1044/2396
f 840/1142/2397 807/1116/2175 806/1143/2309
f 842/1144/1970 809/1117/2398 808/1145/2248
f 843/1146/2399 810/1147/2400 809/1117/2401
f 844/1148/2402 811/1118/2403 810/1147/2404
f 845/1149/2405 812/1119/2406 811/1118/2407
f 846/1150/2408 813/1120/2409 812/1119/2410
f 847/1151/2411 814/1121/2412 813/1120/2413
f 848/1152/2414 815/1153/2415 814/1121/2416
f 849/1154/2417 816/1122/2418 815/1153/2419
f 850/1155/2420 817/1123/2421 816/1122/2422
f 851/1156/2423 818/1124/2424 817/1123/2425
f 852/1157/2426 819/1125/2427 818/1124/2428
f 853/1158/2429 820/1126/2430 819/1125/2016
f 854/1159/2431 821/1127/2432 820/1126/2433
f 855/1160/2434 822/1161/2435 821/1127/2436
f 856/1162/2437 823/1128/2438 822/1161/2296
f 857/1163/2439 824/1164/2440 823/1128/2441
f 825/1130/2442 860/1165/2443 826/1166/2353
f 860/1165/2444 827/1131/2445 826/1166/2446
f 861/1167/2447 828/1132/2448 827/1131/2449
f 862/1168/2450 829/1133/2451 828/1132/2452
f 863/1169/2453 830/1134/2454 829/1133/2455
f 864/1170/2456 831/1135/2457 830/1134/2458
f 865/1171/2459 832/1172/2460 831/1135/2461
f 866/1173/2462 833/1136/2463 832/1172/2464
f 867/1174/2465 834/1137/2466 833/1136/2467
f 868/1175/2468 835/1176/2469 834/1137/2470
f 869/1177/2471 836/1138/2472 835/1176/2473
f 870/1178/2474 837/1139/2475 836/1138/2476
f 871/1179/2477 838/1140/2478 837/1139/2479
f 872/1180/2480 839/1141/2481 838/1140/2482
f 873/1181/2483 806/1143/2484 839/1141/2485
f 731/1182/2486 802/1183/2487 804/1184/2488
f 805/1185/2489 731/1186/2490 804/1187/2491
f 734/1188/2492 858/1189/2222 859/1190/2175
f 733/1191/2493 824/1192/2494 858/1189/2495
f 730/1193/2496 803/1194/2497 802/1183/2303
f 732/1195/2498 824/1192/2499 735/1196/2500
f 737/1197/2498 803/1194/2499 736/1198/2500
f 734/1188/2175 825/1199/2501 737/1197/2502
s 1
f 869/1177/2503 847/1151/2504 870/1178/2505
f 842/1144/1970 840/1142/2506 843/1146/2507
s 0
f 843/1146/2508 873/1181/2509 844/1148/2510
f 846/1150/2511 870/1178/2512 847/1151/2513
f 845/1149/2514 871/1179/2515 846/1150/2516
f 844/1148/2517 872/1180/2518 845/1149/2519
f 875/1200/2520 877/1201/2521 874/1202/2522
f 874/1203/2523 878/1204/2524 879/1205/2525
f 875/1206/2526 881/1207/2527 876/1208/2528
s 1
f 880/1209/2529 878/1210/2530 881/1211/2531
s 0
f 876/1212/2532 882/1213/2533 883/1214/2534
f 885/1215/2535 886/1216/2536 884/1217/2037
f 884/1218/2537 888/1219/2538 885/1220/2539
f 888/1221/2540 877/1222/2541 885/1223/2539
f 882/1224/2542 886/1225/2543 883/1226/2534
s 1
f 888/1227/2544 889/1228/2224 882/1229/2545
f 876/1230/2528 885/1231/2491 877/1232/2546
f 878/1233/2530 882/1234/2545 881/1235/2531
f 716/1236/2543 858/1237/2547 714/1238/2547
f 715/1239/2548 859/1240/2543 716/1241/2543
f 717/1242/2549 860/1243/2548 715/1239/2548
f 718/1244/2550 861/1245/2549 717/1242/2549
f 719/1246/2551 862/1247/2550 718/1244/2550
f 720/1248/2552 863/1249/2551 719/1246/2551
f 721/1250/2553 864/1251/2552 720/1248/2552
f 722/1252/2554 865/1253/2553 721/1250/2553
f 723/1254/2555 866/1255/2554 722/1252/2554
f 724/1256/2556 867/1257/2555 723/1254/2555
f 725/1258/2557 868/1259/2556 724/1256/2556
f 704/1260/2558 869/1261/2559 725/1262/2560
f 705/1263/2561 848/1264/2558 704/1265/2562
f 706/1266/2563 849/1267/2561 705/1263/2561
f 707/1268/2564 850/1269/2563 706/1266/2563
f 708/1270/2565 851/1271/2564 707/1268/2564
f 709/1272/2566 852/1273/2565 708/1270/2565
f 710/1274/2567 853/1275/2566 709/1272/2566
f 711/1276/2568 854/1277/2567 710/1274/2567
f 712/1278/2569 855/1279/2570 711/1276/2568
f 713/1280/2443 856/1281/2569 712/1278/2569
f 714/1282/2547 857/1283/2443 713/1280/2443
f 595/869/1969 596/872/1972 597/870/1970
f 596/872/1972 598/879/1974 599/873/1973
f 598/874/1974 600/881/1978 601/875/1975
f 602/877/1976 603/883/1980 596/872/1972
f 596/872/1972 603/883/1980 604/878/1977
f 604/880/1977 605/886/1983 600/881/1978
f 606/882/1979 607/884/1981 603/883/1980
f 607/884/1981 608/889/1982 604/878/1977
f 608/885/1982 609/891/1987 605/886/1983
f 610/887/1984 611/888/1985 607/884/1981
f 611/888/1985 612/894/1986 608/889/1982
f 612/890/1986 613/896/1991 609/891/1987
f 614/892/1988 615/893/1989 611/888/1985
f 615/893/1989 616/899/1990 612/894/1986
f 616/895/1990 617/901/1995 613/896/1991
f 618/897/1992 619/898/1993 615/893/1989
f 619/898/1993 620/904/1994 616/899/1990
f 620/900/1994 621/906/1998 617/901/1995
f 622/902/1996 623/908/2000 619/898/1993
f 619/898/1993 623/908/2000 624/903/1997
f 624/905/1997 625/911/2003 621/906/1998
f 626/907/1999 627/909/2001 623/908/2000
f 627/909/2001 628/914/2002 624/903/1997
f 628/910/2002 629/916/2007 625/911/2003
f 630/912/2004 631/913/2005 627/909/2001
f 631/913/2005 632/919/2006 628/914/2002
f 632/915/2006 633/921/2010 629/916/2007
f 634/917/2008 635/923/2012 631/913/2005
f 631/913/2005 635/923/2012 636/918/2009
f 636/920/2009 637/926/2014 633/921/2010
f 638/922/2011 639/928/2016 635/923/2012
f 635/923/2012 639/928/2016 640/924/2013
f 640/925/2013 641/931/2018 637/926/2014
f 642/927/2015 643/933/2020 639/928/2016
f 639/928/2016 643/933/2020 644/929/2017
f 644/930/2017 645/936/2022 641/931/2018
f 646/932/2019 647/938/2024 643/933/2020
f 643/933/2020 647/938/2024 648/934/2021
f 648/935/2021 649/941/2026 645/936/2022
f 650/937/2023 651/943/2028 647/938/2024
f 647/938/2024 651/943/2028 652/939/2025
f 652/940/2025 653/946/2031 649/941/2026
f 654/942/2027 655/944/2029 651/943/2028
f 655/944/2029 656/949/2030 652/939/2025
f 656/945/2030 657/951/2035 653/946/2031
f 658/947/2032 659/1284/2571 655/944/2029
f 655/944/2029 659/1284/2571 660/948/2033
f 656/945/2030 660/1285/2033 661/950/2034
s 0
f 595/869/2572 594/871/2041 662/952/2039
f 601/875/2037 600/881/2038 664/954/2573
f 605/886/2574 666/957/2047 664/954/2575
f 605/886/2576 609/891/2577 667/956/2578
f 609/891/2579 613/896/2580 668/958/2581
f 613/896/2582 617/901/2583 669/959/2584
f 617/901/2585 621/906/2586 670/960/2587
f 625/911/2588 671/962/2589 670/960/2590
f 625/911/2591 629/916/2592 672/961/2593
f 629/916/2594 633/921/2595 673/963/2596
f 637/926/2597 674/964/2103 673/963/2598
f 641/931/2599 675/965/2600 674/964/2601
f 645/936/2602 676/966/2164 675/965/2603
f 649/941/2604 677/967/2605 676/966/2606
f 653/946/2607 678/969/2608 677/967/2609
f 653/946/2610 657/951/2611 679/968/2612
f 661/950/2085 680/1001/2032 679/968/2084
f 654/942/2613 681/972/2035 682/970/2614
f 654/942/2615 650/937/2616 683/971/2617
f 646/932/2618 684/973/2619 683/971/2620
f 642/927/2621 685/974/2622 684/973/2623
f 638/922/2624 686/975/2625 685/974/2626
f 634/917/2627 687/976/2628 686/975/2629
f 630/912/2630 688/978/2195 687/976/2631
f 630/912/2632 626/907/2633 689/977/2634
f 626/907/2635 622/902/1996 690/979/2636
f 618/897/2637 691/981/2638 690/979/2639
f 618/897/2640 614/892/2641 692/980/2642
f 614/892/2643 610/887/2141 693/982/2644
f 610/887/2645 606/882/2050 694/983/2646
f 606/882/2647 602/877/2047 695/984/2648
f 595/869/2649 663/953/2650 695/984/2651
f 662/952/2652 696/1035/2234 697/985/2653
f 664/954/2654 698/987/2655 699/986/2656
f 666/957/2657 700/988/2658 698/987/2659
f 667/956/2660 701/989/2661 700/988/2662
f 668/958/2663 702/990/2664 701/989/2665
f 669/959/2666 703/991/2667 702/990/2668
f 670/960/2669 704/992/2670 703/991/2671
f 671/962/2672 705/993/2673 704/992/2674
f 672/961/2675 706/994/2676 705/993/2677
f 673/963/2678 707/995/2679 706/994/2680
f 674/964/2681 708/996/2682 707/995/2683
f 675/965/2684 709/997/2685 708/996/2686
f 676/966/2687 710/998/2688 709/997/2689
f 677/967/2690 711/999/2550 710/998/2691
f 678/969/2692 712/1000/2693 711/999/2694
f 679/968/2695 713/1002/2696 712/1000/2697
f 680/1001/2698 714/1286/2222 713/1002/2171
f 682/970/2524 681/972/2035 715/1003/2443
f 683/971/2699 717/1005/2569 715/1003/2700
f 684/973/2701 718/1006/2570 717/1005/2702
f 685/974/2703 719/1007/2704 718/1006/2705
f 686/975/2706 720/1008/2707 719/1007/2708
f 687/976/2709 721/1009/2710 720/1008/2711
f 688/978/2712 722/1010/2564 721/1009/2713
f 689/977/2714 723/1011/2715 722/1010/2716
f 690/979/2717 724/1012/2718 723/1011/2719
f 691/981/2720 725/1013/2721 724/1012/2722
f 692/980/2723 726/1014/2724 725/1013/2725
f 693/982/2726 727/1015/2727 726/1014/2728
f 694/983/2729 728/1016/2730 727/1015/2731
f 695/984/2732 729/1017/2733 728/1016/2734
f 663/953/2735 697/985/2736 729/1017/2737
f 659/1018/2738 730/1029/2739 731/1019/2740
f 661/1021/2741 660/1287/2219 731/1022/2742
f 714/1024/2234 733/1028/2222 734/1025/2175
f 680/1027/2743 735/1032/2227 733/1028/2222
f 730/1029/2744 659/1018/2571 658/1030/2745
f 680/1027/2746 661/1021/2034 732/1023/2747
f 658/1030/2746 682/1034/2034 737/1033/2747
f 682/1034/2748 716/1026/2175 734/1025/2749
s 1
f 725/1013/2231 726/1014/2750 703/991/2232
f 699/986/1971 698/987/2751 697/985/2129
s 0
f 729/1017/2752 697/985/2753 698/987/2754
f 702/990/2755 703/991/2756 726/1014/2757
f 701/989/2758 702/990/2759 727/1015/2760
f 700/988/2761 701/989/2762 728/1016/2730
s 1
f 739/1036/1971 740/1040/2249 741/1037/2247
f 742/1039/2234 743/1288/2250 740/1040/2249
f 744/1041/1973 745/1047/2254 743/1042/2250
f 740/1040/2249 746/1046/2253 747/1044/2251
f 740/1040/2249 743/1288/2250 748/1045/2252
f 745/1047/2254 749/1051/2257 748/1048/2252
f 746/1046/2253 750/1050/2256 751/1049/2255
f 748/1045/2252 752/1054/2258 750/1050/2256
f 749/1051/2257 753/1056/2260 752/1052/2258
f 750/1050/2256 754/1055/2141 755/1053/2259
f 752/1054/2258 756/1059/2210 754/1055/2141
f 753/1056/2260 757/1061/2263 756/1057/2210
f 754/1055/2141 758/1060/2262 759/1058/2261
f 756/1059/2210 760/1064/2264 758/1060/2262
f 757/1061/2263 761/1066/2267 760/1062/2264
f 758/1060/2262 762/1065/2266 763/1063/2265
f 760/1064/2264 764/1289/2268 762/1065/2266
f 761/1066/2267 765/1071/2272 764/1067/2268
f 762/1065/2266 766/1070/2271 767/1068/2269
f 762/1065/2266 764/1289/2268 768/1069/2270
f 765/1071/2272 769/1075/2275 768/1072/2270
f 766/1070/2271 770/1074/2274 771/1073/2273
f 768/1069/2270 772/1078/2276 770/1074/2274
f 769/1075/2275 773/1080/2279 772/1076/2276
f 770/1074/2274 774/1079/2278 775/1077/2277
f 772/1078/2276 776/1290/2280 774/1079/2278
f 773/1080/2279 777/1085/2283 776/1081/2280
f 774/1079/2278 778/1084/2103 779/1082/2281
f 774/1079/2278 776/1290/2280 780/1083/2282
f 777/1085/2283 781/1090/2287 780/1086/2282
f 778/1084/2103 782/1089/2286 783/1087/2284
f 778/1084/2103 780/1083/2282 784/1088/2285
f 781/1090/2287 785/1095/2291 784/1091/2285
f 782/1089/2286 786/1094/2290 787/1092/2288
f 782/1089/2286 784/1088/2285 788/1093/2289
f 785/1095/2291 789/1100/2295 788/1096/2289
f 786/1094/2290 790/1099/2294 791/1097/2292
f 786/1094/2290 788/1093/2289 792/1098/2293
f 789/1100/2295 793/1105/2021 792/1101/2293
f 790/1099/2294 794/1104/2297 795/1102/2296
f 790/1099/2294 792/1098/2293 796/1103/2031
f 793/1105/2021 797/1109/2299 796/1106/2031
f 794/1104/2297 798/1108/2298 799/1107/2029
f 796/1103/2031 800/1291/2300 798/1108/2298
f 797/1109/2299 801/1129/2353 800/1110/2300
f 798/1108/2298 802/1113/2303 803/1111/2301
f 798/1108/2298 800/1291/2300 804/1112/2302
f 800/1110/2300 801/1129/2353 805/1114/2304
s 0
f 741/1037/2308 806/1143/2309 807/1116/2307
f 744/1041/2306 808/1145/1970 809/1117/2305
f 809/1117/2763 810/1147/1980 749/1051/2764
f 749/1051/2765 810/1147/1980 811/1118/2766
f 753/1056/2767 811/1118/2768 812/1119/2769
f 757/1061/2770 812/1119/1985 813/1120/2771
f 761/1066/2772 813/1120/2413 814/1121/2773
f 814/1121/2774 815/1153/2775 769/1075/2776
f 769/1075/2777 815/1153/2419 816/1122/2778
f 773/1080/2779 816/1122/2780 817/1123/2781
f 817/1123/2782 818/1124/2783 781/1090/2784
f 818/1124/2785 819/1125/2786 785/1095/2787
f 819/1125/2788 820/1126/2789 789/1100/2790
f 820/1126/2791 821/1127/2792 793/1105/2793
f 821/1127/2794 822/1161/2795 797/1109/2796
f 797/1109/2797 822/1161/2798 823/1128/2799
f 823/1128/2355 824/1164/2301 805/1114/2800
f 825/1130/2801 826/1166/2802 799/1107/2803
f 799/1107/2804 826/1166/2805 827/1131/2806
f 827/1131/2807 828/1132/2021 791/1097/2808
f 828/1132/2809 829/1133/2810 787/1092/2811
f 829/1133/2812 830/1134/2813 783/1087/2814
f 830/1134/2815 831/1135/2816 779/1082/2817
f 831/1135/2818 832/1172/2819 775/1077/2820
f 775/1077/2821 832/1172/2822 833/1136/2823
f 771/1073/2824 833/1136/2825 834/1137/2826
f 834/1137/2827 835/1176/2828 763/1063/2829
f 763/1063/2830 835/1176/2473 836/1138/2831
f 759/1058/2832 836/1138/2833 837/1139/2834
f 755/1053/2835 837/1139/2836 838/1140/2837
f 751/1049/2838 838/1140/2839 839/1141/2840
f 839/1141/2841 806/1143/2842 741/1037/2843
f 840/1142/2844 841/1292/1973 807/1116/2845
f 842/1144/2547 843/1146/2507 809/1117/2846
f 843/1146/2847 844/1148/2510 810/1147/2848
f 844/1148/2849 845/1149/2850 811/1118/2851
f 845/1149/2852 846/1150/2516 812/1119/2853
f 846/1150/2854 847/1151/2855 813/1120/2856
f 847/1151/2857 848/1152/2858 814/1121/2859
f 848/1152/2860 849/1154/2861 815/1153/2862
f 849/1154/2863 850/1155/2864 816/1122/2865
f 850/1155/2866 851/1156/2867 817/1123/2868
f 851/1156/2869 852/1157/2553 818/1124/2870
f 852/1157/2682 853/1158/2871 819/1125/2872
f 853/1158/2871 854/1159/2691 820/1126/2873
f 854/1159/2691 855/1160/2874 821/1127/2875
f 855/1160/2874 856/1162/2876 822/1161/2877
f 856/1162/2876 857/1163/2878 823/1128/2879
f 857/1163/2878 858/1293/2222 824/1164/2880
f 825/1130/2881 859/1294/2175 860/1165/2882
f 860/1165/2883 861/1167/2569 827/1131/2884
f 861/1167/2885 862/1168/2568 828/1132/2886
f 862/1168/2887 863/1169/2704 829/1133/2888
f 863/1169/2889 864/1170/2566 830/1134/2890
f 864/1170/2891 865/1171/2710 831/1135/2892
f 865/1171/2893 866/1173/2564 832/1172/2894
f 866/1173/2895 867/1174/2896 833/1136/2897
f 867/1174/2898 868/1175/2718 834/1137/2899
f 868/1175/2900 869/1177/2901 835/1176/2902
f 869/1177/2903 870/1178/2505 836/1138/2904
f 870/1178/2905 871/1179/2906 837/1139/2907
f 871/1179/2908 872/1180/2909 838/1140/2910
f 872/1180/2911 873/1181/2912 839/1141/2913
f 873/1181/2914 840/1142/2397 806/1143/2915
f 731/1182/2916 730/1193/2543 802/1183/2917
f 805/1185/2918 732/1195/2502 731/1186/2919
f 734/1188/2175 733/1191/2222 858/1189/2920
f 733/1191/2921 735/1196/2922 824/1192/2923
f 730/1193/2924 736/1198/2222 803/1194/2925
f 732/1195/2234 805/1185/2304 824/1192/2926
f 737/1197/2234 825/1199/2304 803/1194/2926
f 734/1188/2037 859/1190/2927 825/1199/2928
s 1
f 869/1177/2503 848/1152/2929 847/1151/2504
f 842/1144/1970 841/1292/1973 840/1142/2506
s 0
f 843/1146/2930 840/1142/2931 873/1181/2932
f 846/1150/2933 871/1179/2934 870/1178/2935
f 845/1149/2936 872/1180/2909 871/1179/2937
f 844/1148/2938 873/1181/2939 872/1180/2940
f 875/1200/1970 876/1295/2571 877/1201/2941
f 874/1203/2547 877/1296/2942 878/1204/2943
f 875/1206/2944 880/1297/2945 881/1207/2946
s 1
f 880/1209/2529 879/1298/2037 878/1210/2530
s 0
f 876/1212/2947 881/1299/2032 882/1213/2948
f 885/1215/2949 883/1300/2534 886/1216/2950
f 884/1218/2951 887/1301/2952 888/1219/2953
f 888/1221/2501 878/1302/2034 877/1222/2954
f 882/1224/2440 889/1303/2955 886/1225/2956
s 1
f 888/1227/2544 887/1304/2522 889/1228/2224
f 876/1230/2528 883/1305/2303 885/1231/2491
f 878/1233/2530 888/1306/2544 882/1234/2545
f 716/1236/2543 859/1307/2543 858/1237/2547
f 715/1239/2548 860/1243/2548 859/1240/2543
f 717/1242/2549 861/1245/2549 860/1243/2548
f 718/1244/2550 862/1247/2550 861/1245/2549
f 719/1246/2551 863/1249/2551 862/1247/2550
f 720/1248/2552 864/1251/2552 863/1249/2551
f 721/1250/2553 865/1253/2553 864/1251/2552
f 722/1252/2554 866/1255/2554 865/1253/2553
f 723/1254/2555 867/1257/2555 866/1255/2554
f 724/1256/2556 868/1259/2556 867/1257/2555
f 725/1258/2557 869/1308/2957 868/1259/2556
f 704/1260/2558 848/1309/2958 869/1261/2559
f 705/1263/2561 849/1267/2561 848/1264/2558
f 706/1266/2563 850/1269/2563 849/1267/2561
f 707/1268/2564 851/1271/2564 850/1269/2563
f 708/1270/2565 852/1273/2565 851/1271/2564
f 709/1272/2566 853/1275/2566 852/1273/2565
f 710/1274/2567 854/1277/2567 853/1275/2566
f 711/1276/2568 855/1279/2570 854/1277/2567
f 712/1278/2569 856/1281/2569 855/1279/2570
f 713/1280/2443 857/1283/2443 856/1281/2569
f 714/1282/2547 858/1310/2547 857/1283/2443
