# Blender 4.0.2
# www.blender.org
mtllib windows.mtl
o window_big
v -45.350937 5.803944 15.136692
v -45.350937 4.693043 15.136692
v -45.266235 4.777744 15.136692
v -45.266235 5.719341 15.136692
v -43.689835 4.693043 15.136692
v -43.689835 4.777744 15.136692
v -38.151535 4.693043 15.136692
v -38.151535 5.803944 15.136692
v -38.236237 5.719341 15.136692
v -38.236237 4.777744 15.136692
v -39.793037 5.803944 15.136692
v -39.793037 5.719341 15.136692
v -43.622437 4.693043 15.136692
v -43.622437 4.777744 15.136692
v -43.689835 5.803944 15.136692
v -43.689835 5.719341 15.136692
v -39.868034 5.719341 15.136692
v -39.868034 4.777744 15.136692
v -39.793037 4.777744 15.136692
v -39.868034 5.803944 15.136692
v -39.793037 4.693043 15.136692
v -41.705238 4.693043 15.136692
v -39.868034 4.693043 15.136692
v -41.705238 4.777744 15.136692
v -41.705238 5.719341 15.136692
v -41.780037 5.719341 15.136692
v -41.780037 4.777744 15.136692
v -41.705238 5.803944 15.136692
v -41.780037 5.803944 15.136692
v -41.780037 4.693043 15.136692
v -43.622437 5.803944 15.136692
v -43.622437 5.719341 15.136692
v -39.793037 4.777744 15.082493
v -39.793037 5.719341 15.082493
v -39.868034 5.719341 15.082493
v -39.868034 4.777744 15.082493
v -41.705238 5.719341 15.082493
v -45.350937 3.577740 15.136692
v -45.350937 3.502942 15.136692
v -45.266235 3.502942 15.136692
v -45.266235 3.577740 15.136692
v -38.151535 3.577740 15.136692
v -38.151535 4.211643 15.136692
v -38.236237 4.127041 15.136692
v -38.236237 3.577740 15.136692
v -39.793037 4.211643 15.136692
v -39.793037 4.127041 15.136692
v -43.689835 4.211643 15.136692
v -45.350937 4.211643 15.136692
v -45.266235 4.127041 15.136692
v -43.689835 4.127041 15.136692
v -39.868034 4.127041 15.136692
v -39.868034 3.577740 15.136692
v -39.793037 3.577740 15.136692
v -39.868034 4.211643 15.136692
v -41.705238 3.502942 15.136692
v -39.868034 3.502942 15.136692
v -41.705238 3.577740 15.136692
v -41.705238 4.127041 15.136692
v -41.780037 4.127041 15.136692
v -41.780037 3.577740 15.136692
v -41.705238 4.211643 15.136692
v -41.780037 4.211643 15.136692
v -43.622437 4.211643 15.136692
v -43.622437 4.127041 15.136692
v -43.622437 3.502942 15.136692
v -41.780037 3.502942 15.136692
v -43.622437 3.577740 15.136692
v -43.689835 3.577740 15.136692
v -38.236237 4.127041 15.082493
v -38.236237 3.577740 15.082493
v -39.793037 4.127041 15.082493
v -39.793037 3.577740 15.082493
v -45.266235 3.577740 15.082493
v -45.266235 4.127041 15.082493
v -43.689835 4.127041 15.082493
v -43.689835 3.577740 15.082493
v -43.622437 4.127041 15.082493
v -41.780037 4.127041 15.082493
v -43.622437 3.577740 15.082493
v -41.780037 3.577740 15.082493
v -39.868034 3.577740 15.082493
v -41.705238 3.577740 15.082493
v -41.705238 4.127041 15.082493
v -45.350937 1.983742 15.136692
v -45.350937 1.905243 15.136692
v -45.266235 1.905243 15.136692
v -45.266235 1.983742 15.136692
v -38.151535 3.502942 15.136692
v -38.236237 3.502942 15.136692
v -39.793037 3.502942 15.136692
v -39.868034 1.983742 15.136692
v -39.793037 1.983742 15.136692
v -41.705238 1.905243 15.136692
v -39.868034 1.905243 15.136692
v -41.705238 1.983742 15.136692
v -41.780037 1.983742 15.136692
v -43.622437 1.905243 15.136692
v -41.780037 1.905243 15.136692
v -43.622437 1.983742 15.136692
v -43.689835 3.502942 15.136692
v -43.689835 1.983742 15.136692
v -39.793037 1.983742 15.082493
v -39.793037 3.502942 15.082493
v -38.236237 1.983742 15.136692
v -38.236237 1.983742 15.082493
v -45.266235 1.983742 15.082493
v -45.266235 3.502942 15.082493
v -43.689835 1.983742 15.082493
v -43.689835 3.502942 15.082493
v -43.622437 1.983742 15.082493
v -43.622437 3.502942 15.082493
v -39.868034 1.983742 15.082493
v -41.705238 1.983742 15.082493
v -39.868034 3.502942 15.082493
v -41.705238 3.502942 15.082493
v -45.350937 0.749142 15.136692
v -45.266235 0.833844 15.136692
v -43.689835 0.749142 15.136692
v -43.689835 0.833844 15.136692
v -38.151535 1.983742 15.136692
v -43.622437 0.749142 15.136692
v -43.622437 0.833844 15.136692
v -39.793037 1.905243 15.136692
v -39.868034 0.833844 15.136692
v -39.793037 0.833844 15.136692
v -39.793037 0.749142 15.136692
v -38.151535 0.749142 15.136692
v -38.236237 0.833844 15.136692
v -41.705238 0.749142 15.136692
v -39.868034 0.749142 15.136692
v -41.705238 0.833844 15.136692
v -41.780037 0.833844 15.136692
v -41.780037 0.749142 15.136692
v -43.689835 1.905243 15.136692
v -45.266235 0.833844 15.082493
v -45.266235 1.905243 15.082493
v -43.689835 1.905243 15.082493
v -43.689835 0.833844 15.082493
v -41.705238 0.833844 15.082493
v -41.705238 1.905243 15.082493
v -38.236237 1.905243 15.136692
v -38.151535 1.905243 15.136692
v -45.350937 5.803944 15.082493
v -45.266235 5.719341 15.082493
v -45.266235 4.777744 15.082493
v -45.350937 4.693043 15.082493
v -43.689835 4.777744 15.082493
v -43.689835 4.693043 15.082493
v -38.151535 4.693043 15.082493
v -38.236237 4.777744 15.082493
v -38.236237 5.719341 15.082493
v -38.151535 5.803944 15.082493
v -39.793037 5.803944 15.082493
v -43.622437 4.777744 15.082493
v -43.622437 4.693043 15.082493
v -43.689835 5.803944 15.082493
v -43.689835 5.719341 15.082493
v -39.868034 5.803944 15.082493
v -39.793037 4.693043 15.082493
v -41.705238 4.693043 15.082493
v -41.705238 4.777744 15.082493
v -39.868034 4.693043 15.082493
v -41.780037 4.777744 15.082493
v -41.780037 5.719341 15.082493
v -41.705238 5.803944 15.082493
v -41.780037 5.803944 15.082493
v -41.780037 4.693043 15.082493
v -43.622437 5.719341 15.082493
v -43.622437 5.803944 15.082493
v -45.350937 3.577740 15.082493
v -45.350937 3.502942 15.082493
v -38.151535 3.577740 15.082493
v -38.151535 4.211643 15.082493
v -39.793037 4.211643 15.082493
v -43.689835 4.211643 15.082493
v -45.350937 4.211643 15.082493
v -39.868034 4.127041 15.082493
v -39.868034 4.211643 15.082493
v -41.705238 4.211643 15.082493
v -41.780037 4.211643 15.082493
v -43.622437 4.211643 15.082493
v -41.780037 3.502942 15.082493
v -45.350937 1.983742 15.082493
v -45.350937 1.905243 15.082493
v -38.151535 3.502942 15.082493
v -38.236237 3.502942 15.082493
v -39.868034 1.905243 15.082493
v -41.780037 1.983742 15.082493
v -43.622437 1.905243 15.082493
v -41.780037 1.905243 15.082493
v -45.350937 0.749142 15.082493
v -43.689835 0.749142 15.082493
v -38.151535 1.983742 15.082493
v -43.622437 0.833844 15.082493
v -43.622437 0.749142 15.082493
v -39.793037 1.905243 15.082493
v -39.793037 0.833844 15.082493
v -39.868034 0.833844 15.082493
v -39.793037 0.749142 15.082493
v -38.236237 0.833844 15.082493
v -38.151535 0.749142 15.082493
v -41.705238 0.749142 15.082493
v -39.868034 0.749142 15.082493
v -41.780037 0.833844 15.082493
v -41.780037 0.749142 15.082493
v -38.236237 1.905243 15.082493
v -38.151535 1.905243 15.082493
vn -0.0000 -0.0000 1.0000
vn 0.4032 0.1384 0.9046
vn 0.3014 -0.3015 0.9046
vn 0.3142 0.2883 0.9045
vn -0.2810 0.3207 0.9046
vn -0.3144 -0.2881 0.9045
vn -0.1406 0.4025 0.9045
vn 0.1361 -0.4041 0.9045
vn -0.3015 -0.3015 0.9045
vn 0.3015 0.3015 0.9045
vn 0.3015 -0.3015 0.9045
vn 0.1513 -0.3987 0.9045
vn -0.1362 0.4041 0.9045
vn 0.3129 0.2897 0.9045
vn 0.1510 -0.3988 0.9045
vn -0.1509 0.3988 0.9045
vn -0.3128 -0.2898 0.9045
vn 0.3128 0.2897 0.9045
vn 0.1408 -0.4025 0.9045
vn -0.3129 -0.2897 0.9045
vn -0.1512 0.3987 0.9045
vn 0.3015 -0.0756 0.9505
vn 0.3015 -0.3395 -0.8910
vn -0.3015 0.0756 0.9505
vn -0.3015 0.3395 -0.8910
vn -0.3015 0.3015 0.9045
vn -0.0826 -0.3015 0.9499
vn -0.3211 -0.3015 -0.8978
vn 0.3988 0.1509 0.9045
vn -0.4013 -0.1442 0.9045
vn -0.3016 0.3015 0.9045
vn -0.2157 -0.3678 0.9045
vn 0.3116 0.2911 0.9045
vn 0.3115 0.2911 0.9045
vn -0.3015 0.0653 0.9512
vn -0.3015 0.3661 -0.8804
vn -0.0813 -0.3015 0.9500
vn -0.3246 -0.3015 -0.8965
vn 0.3015 -0.0653 0.9512
vn 0.3015 -0.3661 -0.8804
vn 0.0813 0.3015 0.9500
vn 0.3246 0.3015 -0.8965
vn -0.0814 -0.3015 0.9500
vn -0.3243 -0.3015 -0.8966
vn -0.3210 -0.3015 -0.8978
vn 0.0826 0.3015 0.9499
vn 0.3210 0.3015 -0.8978
vn 0.3211 0.3015 -0.8978
vn 0.3970 0.1557 0.9045
vn -0.3988 -0.1509 0.9045
vn -0.3941 0.1629 0.9045
vn 0.1635 -0.3938 0.9045
vn -0.2158 -0.3677 0.9045
vn 0.3121 0.2906 0.9045
vn -0.3940 0.1631 0.9045
vn 0.1632 -0.3939 0.9045
vn 0.3120 0.2906 0.9045
vn -0.3896 0.1733 0.9045
vn 0.1529 -0.3980 0.9045
vn 0.3015 -0.0811 0.9500
vn 0.3015 -0.3251 -0.8963
vn 0.0814 0.3015 0.9500
vn 0.3243 0.3015 -0.8966
vn -0.3015 0.0811 0.9500
vn -0.3015 0.3251 -0.8963
vn 0.4035 0.1381 0.9045
vn 0.3016 -0.3015 0.9045
vn -0.2872 0.3152 0.9045
vn -0.3921 0.1676 0.9045
vn 0.1587 -0.3958 0.9045
vn -0.3920 0.1679 0.9045
vn 0.1584 -0.3959 0.9045
vn -0.3875 0.1780 0.9045
vn 0.1481 -0.3998 0.9045
vn 0.3015 -0.0773 0.9503
vn 0.3015 -0.3349 -0.8927
vn -0.3015 0.0773 0.9503
vn -0.3015 0.3349 -0.8927
vn 0.4014 -0.1440 0.9045
vn 0.3016 0.3015 0.9045
vn 0.2162 0.3675 0.9045
vn -0.3133 -0.2892 0.9045
vn -0.2161 -0.3676 0.9045
vn 0.3132 0.2894 0.9045
vn 0.2163 0.3675 0.9045
vn -0.3139 -0.2886 0.9045
vn -0.1706 -0.3908 0.9045
vn -0.4034 0.1382 0.9045
vn -0.3016 -0.3015 0.9045
vn 0.3673 -0.2166 0.9045
vn -0.2163 -0.3675 0.9045
vn 0.3138 0.2887 0.9045
vn -0.0000 -0.0000 -1.0000
vn 0.2811 0.3206 -0.9045
vn 0.3142 0.2883 -0.9045
vn -0.2809 0.3207 -0.9045
vn -0.3143 -0.2881 -0.9045
vn -0.1406 0.4026 -0.9045
vn 0.3142 -0.2883 -0.9045
vn 0.3015 0.3015 -0.9045
vn -0.3015 -0.3015 -0.9045
vn 0.3015 -0.3015 -0.9045
vn 0.1512 -0.3987 -0.9045
vn -0.3143 0.2881 -0.9045
vn 0.3129 0.2897 -0.9045
vn 0.1510 -0.3988 -0.9045
vn -0.1509 0.3988 -0.9045
vn -0.3128 -0.2898 -0.9045
vn 0.3128 0.2897 -0.9045
vn 0.1407 -0.4025 -0.9045
vn -0.3129 -0.2897 -0.9045
vn -0.1511 0.3987 -0.9045
vn -0.3015 0.3395 0.8910
vn -0.3015 0.0756 -0.9505
vn -0.3015 0.3015 -0.9045
vn -0.3246 -0.3015 0.8965
vn -0.0813 -0.3015 -0.9500
vn 0.3246 0.3015 0.8965
vn 0.0813 0.3015 -0.9500
vn 0.3015 -0.3395 0.8910
vn 0.3015 -0.0756 -0.9505
vn 0.3243 0.3015 0.8966
vn 0.0814 0.3015 -0.9500
vn -0.3243 -0.3015 0.8966
vn -0.0814 -0.3015 -0.9500
vn -0.3210 -0.3015 0.8978
vn -0.0826 -0.3015 -0.9499
vn 0.3210 0.3015 0.8978
vn 0.0826 0.3015 -0.9499
vn 0.3211 0.3015 0.8978
vn 0.3988 0.1509 -0.9045
vn -0.2624 -0.3360 -0.9046
vn 0.3116 0.2911 -0.9045
vn -0.2157 -0.3678 -0.9045
vn 0.3115 0.2911 -0.9045
vn -0.3015 0.3661 0.8804
vn -0.3015 0.0653 -0.9512
vn -0.3211 -0.3015 0.8978
vn 0.3970 0.1556 -0.9045
vn -0.3988 -0.1509 -0.9045
vn 0.1634 -0.3938 -0.9045
vn -0.3940 0.1629 -0.9045
vn 0.3121 0.2906 -0.9045
vn -0.2158 -0.3677 -0.9045
vn 0.1631 -0.3940 -0.9045
vn -0.3939 0.1632 -0.9045
vn 0.3120 0.2906 -0.9045
vn 0.1528 -0.3981 -0.9045
vn -0.3896 0.1734 -0.9045
vn -0.3015 0.3251 0.8963
vn -0.3015 0.0811 -0.9500
vn 0.2819 0.3199 -0.9045
vn -0.2872 0.3152 -0.9045
vn 0.1586 -0.3958 -0.9045
vn -0.3920 0.1677 -0.9045
vn 0.1584 -0.3959 -0.9045
vn -0.3919 0.1679 -0.9045
vn 0.1481 -0.3999 -0.9045
vn -0.3874 0.1780 -0.9045
vn -0.3015 0.3349 0.8927
vn -0.3015 0.0773 -0.9503
vn 0.3015 -0.3349 0.8927
vn 0.3015 -0.0773 -0.9503
vn 0.4012 -0.1442 -0.9046
vn 0.3015 0.3015 -0.9046
vn -0.3133 -0.2892 -0.9045
vn 0.2162 0.3675 -0.9045
vn 0.3132 0.2894 -0.9045
vn -0.2161 -0.3676 -0.9045
vn -0.3139 -0.2886 -0.9045
vn 0.2163 0.3675 -0.9045
vn -0.1707 -0.3908 -0.9045
vn -0.4034 0.1382 -0.9045
vn 0.3673 -0.2166 -0.9045
vn 0.3138 0.2887 -0.9045
vn -0.2163 -0.3675 -0.9045
vn 0.2810 0.3207 0.9046
vn 0.1361 0.4041 0.9045
vn -0.3014 -0.3015 0.9046
vn -0.4032 0.1384 0.9046
vn -0.1362 -0.4041 0.9045
vn -0.3841 0.1852 0.9045
vn 0.3142 -0.2883 0.9045
vn 0.3889 -0.1749 0.9045
vn -0.3143 0.2881 0.9045
vn 0.2160 0.3676 0.9045
vn 0.3888 -0.1752 0.9045
vn -0.3887 0.1753 0.9045
vn -0.2160 -0.3676 0.9045
vn 0.3841 -0.1851 0.9045
vn -0.3888 0.1750 0.9045
vn 0.3015 0.3395 0.8910
vn 0.3015 0.0756 -0.9505
vn -0.3015 -0.3395 0.8910
vn -0.3015 -0.0756 -0.9505
vn 0.3211 -0.3015 0.8978
vn 0.0826 -0.3015 -0.9499
vn 0.1753 0.3887 0.9045
vn -0.2625 -0.3361 0.9045
vn -0.3116 -0.2911 0.9045
vn 0.2157 0.3678 0.9045
vn -0.3115 -0.2911 0.9045
vn -0.3015 -0.3661 0.8804
vn -0.3015 -0.0653 -0.9512
vn 0.3246 -0.3015 0.8965
vn 0.0813 -0.3015 -0.9500
vn 0.3015 0.3661 0.8804
vn 0.3015 0.0653 -0.9512
vn -0.3246 0.3015 0.8965
vn -0.0813 0.3015 -0.9500
vn 0.3243 -0.3015 0.8966
vn 0.0814 -0.3015 -0.9500
vn 0.3210 -0.3015 0.8978
vn -0.3210 0.3015 0.8978
vn -0.0826 0.3015 -0.9499
vn -0.3211 0.3015 0.8978
vn 0.1706 0.3908 0.9045
vn -0.1753 -0.3887 0.9045
vn -0.1635 0.3938 0.9045
vn 0.3941 -0.1629 0.9045
vn -0.3121 -0.2906 0.9045
vn 0.2158 0.3677 0.9045
vn -0.1632 0.3939 0.9045
vn 0.3940 -0.1631 0.9045
vn -0.3120 -0.2906 0.9045
vn -0.1529 0.3980 0.9045
vn 0.3896 -0.1733 0.9045
vn 0.3015 0.3251 0.8963
vn 0.3015 0.0811 -0.9500
vn -0.3243 0.3015 0.8966
vn -0.0814 0.3015 -0.9500
vn -0.3015 -0.3251 0.8963
vn -0.3015 -0.0811 -0.9500
vn 0.2819 0.3199 0.9045
vn -0.3673 0.2166 0.9045
vn -0.1587 0.3958 0.9045
vn 0.3921 -0.1676 0.9045
vn -0.1584 0.3959 0.9045
vn 0.3920 -0.1679 0.9045
vn -0.1481 0.3998 0.9045
vn 0.3875 -0.1780 0.9045
vn 0.3015 0.3349 0.8927
vn 0.3015 0.0773 -0.9503
vn -0.3015 -0.3349 0.8927
vn -0.3015 -0.0773 -0.9503
vn 0.2626 -0.3360 0.9045
vn 0.3133 0.2892 0.9045
vn -0.2162 -0.3675 0.9045
vn -0.3132 -0.2894 0.9045
vn 0.2161 0.3676 0.9045
vn 0.3139 0.2886 0.9045
vn -0.3970 -0.1557 0.9045
vn -0.2819 0.3200 0.9045
vn 0.2872 -0.3152 0.9045
vn -0.3138 -0.2887 0.9045
vn 0.4034 0.1382 -0.9045
vn 0.1361 0.4041 -0.9045
vn -0.4033 0.1385 -0.9045
vn -0.1361 -0.4041 -0.9045
vn -0.3841 0.1852 -0.9045
vn 0.1361 -0.4041 -0.9045
vn 0.3888 -0.1750 -0.9045
vn -0.1362 0.4041 -0.9045
vn 0.2160 0.3676 -0.9045
vn 0.3887 -0.1752 -0.9045
vn -0.3887 0.1753 -0.9045
vn -0.2160 -0.3676 -0.9045
vn 0.3841 -0.1851 -0.9045
vn -0.3888 0.1751 -0.9045
vn -0.3015 -0.0756 0.9505
vn -0.3015 -0.3395 -0.8910
vn 0.0813 -0.3015 0.9500
vn 0.3246 -0.3015 -0.8965
vn -0.0813 0.3015 0.9500
vn -0.3246 0.3015 -0.8965
vn 0.3015 0.0756 0.9505
vn 0.3015 0.3395 -0.8910
vn -0.0814 0.3015 0.9500
vn -0.3243 0.3015 -0.8966
vn 0.0814 -0.3015 0.9500
vn 0.3243 -0.3015 -0.8966
vn 0.0826 -0.3015 0.9499
vn 0.3210 -0.3015 -0.8978
vn -0.0826 0.3015 0.9499
vn -0.3210 0.3015 -0.8978
vn -0.3211 0.3015 -0.8978
vn 0.1753 0.3887 -0.9045
vn -0.3015 0.3015 -0.9046
vn -0.4012 -0.1442 -0.9046
vn 0.2157 0.3678 -0.9045
vn -0.3116 -0.2911 -0.9045
vn -0.3115 -0.2911 -0.9045
vn -0.3015 -0.0653 0.9512
vn -0.3015 -0.3661 -0.8804
vn 0.3211 -0.3015 -0.8978
vn 0.1707 0.3908 -0.9045
vn -0.1753 -0.3887 -0.9045
vn 0.3940 -0.1629 -0.9045
vn -0.1634 0.3938 -0.9045
vn 0.2158 0.3677 -0.9045
vn -0.3121 -0.2906 -0.9045
vn 0.3939 -0.1632 -0.9045
vn -0.1631 0.3940 -0.9045
vn -0.3120 -0.2906 -0.9045
vn 0.3895 -0.1734 -0.9045
vn -0.1528 0.3981 -0.9045
vn -0.3015 -0.0811 0.9500
vn -0.3015 -0.3251 -0.8963
vn -0.3673 0.2166 -0.9045
vn 0.3920 -0.1677 -0.9045
vn -0.1586 0.3958 -0.9045
vn 0.3919 -0.1679 -0.9045
vn -0.1584 0.3959 -0.9045
vn 0.3874 -0.1780 -0.9045
vn -0.1481 0.3999 -0.9045
vn -0.3015 -0.0773 0.9503
vn -0.3015 -0.3349 -0.8927
vn 0.3015 0.0773 0.9503
vn 0.3015 0.3349 -0.8927
vn 0.2624 -0.3360 -0.9046
vn -0.2162 -0.3675 -0.9045
vn 0.3133 0.2892 -0.9045
vn 0.2161 0.3676 -0.9045
vn -0.3132 -0.2894 -0.9045
vn 0.3139 0.2886 -0.9045
vn -0.3970 -0.1556 -0.9045
vn -0.2819 0.3199 -0.9045
vn 0.2872 -0.3152 -0.9045
vn -0.3138 -0.2887 -0.9045
vt 0.658300 0.492800
vt 0.522300 0.481600
vt 0.647000 0.481600
vt 0.240100 0.240100
vt 0.031200 0.251100
vt 0.020000 0.239900
vt 0.826800 0.415800
vt 0.690900 0.427000
vt 0.679600 0.415800
vt 0.756300 0.339000
vt 0.962600 0.328000
vt 0.973800 0.339300
vt 0.249000 0.240100
vt 0.240100 0.251300
vt 0.240100 0.339000
vt 0.031200 0.328000
vt 0.240100 0.327800
vt 0.804400 0.641800
vt 0.679600 0.631900
vt 0.804400 0.631900
vt 0.746400 0.339000
vt 0.756300 0.327800
vt 0.756300 0.240100
vt 0.962600 0.251100
vt 0.756300 0.251300
vt 0.746400 0.240100
vt 0.503000 0.251300
vt 0.503000 0.240100
vt 0.804400 0.594100
vt 0.679600 0.584200
vt 0.804400 0.584200
vt 0.493100 0.339100
vt 0.503000 0.327900
vt 0.503000 0.339100
vt 0.493100 0.251300
vt 0.493100 0.240100
vt 0.249000 0.339000
vt 0.493100 0.327900
vt 0.249000 0.251300
vt 0.804400 0.549200
vt 0.679600 0.540200
vt 0.804400 0.540200
vt 0.249000 0.327800
vt 0.746400 0.327800
vt 0.746400 0.251300
vt 0.804400 0.624700
vt 0.679600 0.649000
vt 0.679600 0.641800
vt 0.020000 0.606200
vt 0.263400 0.599000
vt 0.263400 0.606200
vt 0.020000 0.071300
vt 0.031200 0.081200
vt 0.020000 0.081200
vt 0.862900 0.379100
vt 0.935700 0.390400
vt 0.862900 0.390400
vt 0.756300 0.309700
vt 0.962600 0.298700
vt 0.973800 0.309900
vt 0.240100 0.309700
vt 0.031200 0.298700
vt 0.240100 0.298500
vt 0.323700 0.733400
vt 0.250900 0.723500
vt 0.323700 0.723500
vt 0.746400 0.309700
vt 0.756300 0.298500
vt 0.746400 0.071300
vt 0.503000 0.081200
vt 0.503000 0.071300
vt 0.323700 0.817700
vt 0.250900 0.807800
vt 0.323700 0.807800
vt 0.493100 0.309800
vt 0.503000 0.298600
vt 0.503000 0.309800
vt 0.249000 0.309700
vt 0.493100 0.298600
vt 0.493100 0.071300
vt 0.249000 0.081200
vt 0.249000 0.071300
vt 0.323700 0.776400
vt 0.250900 0.767400
vt 0.323700 0.767400
vt 0.249000 0.298500
vt 0.746400 0.298500
vt 0.862900 0.397500
vt 0.020000 0.892000
vt 0.226300 0.884900
vt 0.226300 0.892000
vt 0.323700 0.716300
vt 0.226300 0.928800
vt 0.020000 0.936000
vt 0.020000 0.928800
vt 0.247200 0.910400
vt 0.320000 0.903200
vt 0.320000 0.910400
vt 0.250900 0.783600
vt 0.250900 0.776400
vt 0.020000 0.870100
vt 0.228900 0.862900
vt 0.228900 0.870100
vt 0.020000 0.496300
vt 0.264100 0.489100
vt 0.264100 0.496300
vt 0.323700 0.760300
vt 0.264100 0.423100
vt 0.020000 0.430300
vt 0.020000 0.423100
vt 0.250900 0.824800
vt 0.250900 0.817700
vt 0.263400 0.665000
vt 0.020000 0.672200
vt 0.020000 0.665000
vt 0.323700 0.800600
vt 0.020000 0.097000
vt 0.031200 0.107400
vt 0.020000 0.107400
vt 0.973800 0.081200
vt 0.962600 0.071300
vt 0.973800 0.071300
vt 0.488800 0.513500
vt 0.287500 0.503600
vt 0.488800 0.503600
vt 0.746400 0.081200
vt 0.756400 0.071300
vt 0.756400 0.081200
vt 0.746400 0.097000
vt 0.503000 0.107400
vt 0.503000 0.097000
vt 0.488800 0.473200
vt 0.287500 0.463300
vt 0.488800 0.463300
vt 0.493100 0.081200
vt 0.493100 0.097000
vt 0.249000 0.107400
vt 0.249000 0.097000
vt 0.488800 0.431900
vt 0.287500 0.423000
vt 0.488800 0.423000
vt 0.240100 0.081200
vt 0.488800 0.496400
vt 0.721000 0.357200
vt 0.514700 0.364300
vt 0.514700 0.357200
vt 0.287500 0.573200
vt 0.488800 0.566000
vt 0.488800 0.573200
vt 0.228900 0.709000
vt 0.020000 0.716100
vt 0.020000 0.709000
vt 0.287500 0.439100
vt 0.287500 0.431900
vt 0.020000 0.826100
vt 0.228900 0.818900
vt 0.228900 0.826100
vt 0.488800 0.415800
vt 0.263400 0.621000
vt 0.020000 0.628200
vt 0.020000 0.621000
vt 0.287500 0.520700
vt 0.287500 0.513500
vt 0.020000 0.694200
vt 0.263400 0.687000
vt 0.263400 0.694200
vt 0.488800 0.456100
vt 0.840100 0.397500
vt 0.698200 0.386300
vt 0.840100 0.386300
vt 0.240100 0.269400
vt 0.031200 0.280400
vt 0.020000 0.269200
vt 0.488800 0.379100
vt 0.287500 0.390400
vt 0.287500 0.379100
vt 0.249000 0.269400
vt 0.240100 0.280600
vt 0.653000 0.627100
vt 0.511100 0.617200
vt 0.653000 0.617200
vt 0.746400 0.107400
vt 0.756400 0.097000
vt 0.756400 0.107400
vt 0.756300 0.269400
vt 0.962600 0.280400
vt 0.756300 0.280600
vt 0.746400 0.269400
vt 0.503000 0.280600
vt 0.503000 0.269400
vt 0.653000 0.667400
vt 0.511100 0.657500
vt 0.653000 0.657500
vt 0.493100 0.107400
vt 0.493100 0.280600
vt 0.493100 0.269400
vt 0.249000 0.280600
vt 0.653000 0.585800
vt 0.511100 0.576900
vt 0.653000 0.576900
vt 0.240100 0.107400
vt 0.746400 0.280600
vt 0.840100 0.379100
vt 0.511100 0.593000
vt 0.511100 0.585800
vt 0.020000 0.848100
vt 0.228900 0.840900
vt 0.228900 0.848100
vt 0.653000 0.650300
vt 0.247200 0.921600
vt 0.962600 0.081200
vt 0.240100 0.071300
vt 0.031200 0.071300
vt 0.962600 0.097000
vt 0.962600 0.107400
vt 0.973800 0.107400
vt 0.522300 0.390400
vt 0.664200 0.379100
vt 0.664200 0.390400
vt 0.287500 0.584400
vt 0.240100 0.097000
vt 0.031200 0.097000
vt 0.511100 0.522800
vt 0.647000 0.511100
vt 0.658300 0.522200
vt 0.031200 0.210800
vt 0.240100 0.221800
vt 0.020000 0.222000
vt 0.647000 0.551600
vt 0.511100 0.540400
vt 0.658200 0.540400
vt 0.962600 0.133800
vt 0.756300 0.122800
vt 0.973800 0.122600
vt 0.240100 0.210600
vt 0.249000 0.221800
vt 0.240100 0.122800
vt 0.031200 0.133800
vt 0.020000 0.122600
vt 0.372000 0.969200
vt 0.247200 0.979100
vt 0.247200 0.969200
vt 0.756300 0.134000
vt 0.746400 0.122800
vt 0.756300 0.221800
vt 0.962600 0.210800
vt 0.973800 0.222000
vt 0.503000 0.210600
vt 0.746400 0.221800
vt 0.503000 0.221800
vt 0.372000 0.939800
vt 0.247200 0.949800
vt 0.247200 0.939800
vt 0.503000 0.134000
vt 0.493100 0.122800
vt 0.503000 0.122800
vt 0.493100 0.210600
vt 0.493100 0.221800
vt 0.493100 0.134000
vt 0.249000 0.122800
vt 0.249000 0.210600
vt 0.800700 0.665000
vt 0.676000 0.673900
vt 0.676000 0.665000
vt 0.249000 0.134000
vt 0.746400 0.134000
vt 0.746400 0.210600
vt 0.815600 0.434200
vt 0.690900 0.434200
vt 0.948200 0.364300
vt 0.741900 0.357200
vt 0.948200 0.357200
vt 0.287500 0.357200
vt 0.493800 0.364300
vt 0.287500 0.364300
vt 0.522300 0.474400
vt 0.647000 0.474400
vt 0.020000 0.796900
vt 0.228900 0.804100
vt 0.020000 0.804100
vt 0.679600 0.549200
vt 0.804400 0.556300
vt 0.679600 0.556300
vt 0.228900 0.738100
vt 0.020000 0.731000
vt 0.228900 0.731000
vt 0.264100 0.452300
vt 0.020000 0.445100
vt 0.264100 0.445100
vt 0.679600 0.533100
vt 0.804400 0.533100
vt 0.020000 0.467100
vt 0.264100 0.474300
vt 0.020000 0.474300
vt 0.679600 0.594100
vt 0.804400 0.601300
vt 0.679600 0.601300
vt 0.020000 0.577000
vt 0.263400 0.584200
vt 0.020000 0.584200
vt 0.679600 0.577000
vt 0.804400 0.577000
vt 0.031200 0.020000
vt 0.020000 0.029900
vt 0.020000 0.020000
vt 0.334900 0.844900
vt 0.262000 0.855800
vt 0.250900 0.844600
vt 0.962600 0.192500
vt 0.756300 0.181500
vt 0.973800 0.181200
vt 0.240100 0.181500
vt 0.031200 0.192500
vt 0.020000 0.181200
vt 0.921000 0.415800
vt 0.848200 0.425700
vt 0.848200 0.415800
vt 0.756300 0.192700
vt 0.746400 0.181500
vt 0.503000 0.020000
vt 0.746400 0.029900
vt 0.503000 0.029900
vt 0.917300 0.445100
vt 0.844600 0.455000
vt 0.844600 0.445100
vt 0.503000 0.192600
vt 0.493100 0.181400
vt 0.503000 0.181400
vt 0.493100 0.192600
vt 0.249000 0.181500
vt 0.249000 0.020000
vt 0.493100 0.029900
vt 0.249000 0.029900
vt 0.411600 0.716300
vt 0.338800 0.725200
vt 0.338800 0.716300
vt 0.249000 0.192700
vt 0.746400 0.192700
vt 0.020000 0.752900
vt 0.228900 0.760100
vt 0.020000 0.760100
vt 0.250900 0.733400
vt 0.323700 0.740600
vt 0.250900 0.740600
vt 0.263400 0.562200
vt 0.020000 0.555000
vt 0.263400 0.555000
vt 0.031200 0.045700
vt 0.020000 0.056100
vt 0.020000 0.045700
vt 0.962600 0.029900
vt 0.973800 0.020000
vt 0.973800 0.029900
vt 0.488800 0.657700
vt 0.287500 0.667600
vt 0.287500 0.657700
vt 0.756400 0.029900
vt 0.746400 0.020000
vt 0.756400 0.020000
vt 0.503000 0.045700
vt 0.746400 0.056100
vt 0.503000 0.056100
vt 0.488800 0.683300
vt 0.287500 0.693200
vt 0.287500 0.683300
vt 0.493100 0.020000
vt 0.249000 0.045700
vt 0.493100 0.056100
vt 0.249000 0.056100
vt 0.488800 0.602700
vt 0.287500 0.611600
vt 0.287500 0.602700
vt 0.240100 0.020000
vt 0.488800 0.397500
vt 0.287500 0.397500
vt 0.226300 0.980000
vt 0.020000 0.972800
vt 0.226300 0.972800
vt 0.264100 0.408300
vt 0.020000 0.401100
vt 0.264100 0.401100
vt 0.020000 0.511100
vt 0.264100 0.518200
vt 0.020000 0.518200
vt 0.287500 0.473200
vt 0.488800 0.480400
vt 0.287500 0.480400
vt 0.511100 0.427000
vt 0.653100 0.416400
vt 0.664200 0.427700
vt 0.031200 0.152100
vt 0.240100 0.163100
vt 0.020000 0.163400
vt 0.488800 0.639600
vt 0.287500 0.628300
vt 0.488800 0.628300
vt 0.240100 0.151900
vt 0.249000 0.163100
vt 0.821600 0.481800
vt 0.679600 0.491700
vt 0.679600 0.481800
vt 0.756400 0.056100
vt 0.746400 0.045700
vt 0.756400 0.045700
vt 0.756300 0.163100
vt 0.962600 0.152100
vt 0.973800 0.163400
vt 0.503000 0.152000
vt 0.746400 0.163100
vt 0.503000 0.163200
vt 0.821600 0.507400
vt 0.679600 0.517300
vt 0.679600 0.507400
vt 0.493100 0.045700
vt 0.493100 0.152000
vt 0.493100 0.163200
vt 0.249000 0.151900
vt 0.821600 0.452400
vt 0.679600 0.461400
vt 0.679600 0.452400
vt 0.240100 0.045700
vt 0.746400 0.151900
vt 0.664200 0.397500
vt 0.522300 0.397500
vt 0.226300 0.914000
vt 0.020000 0.906900
vt 0.226300 0.906900
vt 0.511100 0.610000
vt 0.653000 0.610000
vt 0.020000 0.950800
vt 0.226300 0.958000
vt 0.020000 0.958000
vt 0.020000 0.774900
vt 0.228900 0.782100
vt 0.020000 0.782100
vt 0.264100 0.364300
vt 0.020000 0.357200
vt 0.264100 0.357200
vt 0.511100 0.569700
vt 0.653000 0.569700
vt 0.020000 0.379100
vt 0.264100 0.386300
vt 0.020000 0.386300
vt 0.511100 0.667400
vt 0.653000 0.674600
vt 0.511100 0.674600
vt 0.020000 0.643000
vt 0.263400 0.650200
vt 0.020000 0.650200
vt 0.511100 0.627100
vt 0.653000 0.634300
vt 0.511100 0.634300
vt 0.263400 0.540200
vt 0.020000 0.533100
vt 0.263400 0.533100
vt 0.331200 0.885100
vt 0.258400 0.874200
vt 0.331100 0.873900
vt 0.962600 0.020000
vt 0.240100 0.029900
vt 0.031200 0.029900
vt 0.962600 0.056100
vt 0.962600 0.045700
vt 0.973800 0.045700
vt 0.511100 0.445300
vt 0.653000 0.456300
vt 0.511100 0.456500
vt 0.488800 0.547900
vt 0.287500 0.536700
vt 0.488800 0.536700
vt 0.240100 0.056100
vt 0.031200 0.056100
vt 0.511100 0.492800
vt 0.815600 0.427000
vt 0.020000 0.339300
vt 0.973800 0.239900
vt 0.679600 0.624700
vt 0.804400 0.649000
vt 0.020000 0.599000
vt 0.946900 0.379100
vt 0.020000 0.309900
vt 0.935700 0.397500
vt 0.020000 0.884900
vt 0.250900 0.716300
vt 0.226300 0.936000
vt 0.247200 0.903200
vt 0.323700 0.783600
vt 0.020000 0.862900
vt 0.020000 0.489100
vt 0.250900 0.760300
vt 0.264100 0.430300
vt 0.323700 0.824800
vt 0.263400 0.672200
vt 0.250900 0.800600
vt 0.287500 0.496400
vt 0.721000 0.364300
vt 0.287500 0.566000
vt 0.228900 0.716100
vt 0.488800 0.439100
vt 0.020000 0.818900
vt 0.287500 0.415800
vt 0.263400 0.628200
vt 0.488800 0.520700
vt 0.020000 0.687000
vt 0.287500 0.456100
vt 0.687000 0.397500
vt 0.488800 0.390400
vt 0.973800 0.269200
vt 0.698200 0.379100
vt 0.653000 0.593000
vt 0.020000 0.840900
vt 0.511100 0.650300
vt 0.331200 0.921600
vt 0.973800 0.097000
vt 0.511100 0.379100
vt 0.488800 0.584400
vt 0.522200 0.511600
vt 0.522300 0.551600
vt 0.240100 0.134000
vt 0.372000 0.979100
vt 0.756300 0.210600
vt 0.372000 0.949800
vt 0.800700 0.673900
vt 0.741900 0.364300
vt 0.493800 0.357200
vt 0.228900 0.796900
vt 0.020000 0.738100
vt 0.020000 0.452300
vt 0.264100 0.467100
vt 0.263400 0.577000
vt 0.334800 0.856100
vt 0.240100 0.192700
vt 0.921000 0.425700
vt 0.917300 0.455000
vt 0.411600 0.725200
vt 0.228900 0.752900
vt 0.020000 0.562200
vt 0.488800 0.667600
vt 0.488800 0.693200
vt 0.488800 0.611600
vt 0.020000 0.980000
vt 0.020000 0.408300
vt 0.264100 0.511100
vt 0.511100 0.415800
vt 0.287500 0.639600
vt 0.821600 0.491700
vt 0.756300 0.151900
vt 0.821600 0.517300
vt 0.821600 0.461400
vt 0.020000 0.914000
vt 0.226300 0.950800
vt 0.228900 0.774900
vt 0.020000 0.364300
vt 0.264100 0.379100
vt 0.263400 0.643000
vt 0.020000 0.540200
vt 0.247200 0.885500
vt 0.973800 0.056100
vt 0.664200 0.445100
vt 0.287500 0.547900
s 0
f 1/1/1 3/2/2 4/3/3
f 5/4/1 3/5/4 2/6/1
f 8/7/1 10/8/5 7/9/1
f 11/10/1 9/11/6 8/12/1
f 13/13/1 6/14/7 5/4/1
f 15/15/1 4/16/8 16/17/9
s 1
f 17/18/9 19/19/10 12/20/11
s 0
f 20/21/1 12/22/12 11/10/1
f 21/23/1 10/24/13 19/25/10
f 23/26/1 24/27/14 22/28/1
s 1
f 26/29/9 24/30/10 25/31/11
s 0
f 29/32/1 25/33/15 28/34/1
f 22/28/1 27/35/16 30/36/1
f 31/37/1 26/38/17 29/32/1
f 30/36/1 14/39/18 13/13/1
s 1
f 16/40/9 14/41/10 32/42/11
s 0
f 15/15/1 32/43/19 31/37/1
f 28/34/1 17/44/20 20/21/1
f 21/23/1 18/45/21 23/26/1
f 19/19/22 34/46/23 12/20/11
f 17/18/24 36/47/25 18/48/26
f 25/49/27 35/50/28 17/51/9
f 39/52/1 41/53/29 38/54/1
f 42/55/1 44/56/30 45/57/31
f 46/58/1 44/59/6 43/60/1
f 48/61/1 50/62/8 51/63/9
s 1
f 52/64/9 54/65/10 47/66/11
s 0
f 55/67/1 47/68/12 46/58/1
f 57/69/32 58/70/33 56/71/11
s 1
f 60/72/9 58/73/10 59/74/11
s 0
f 63/75/1 59/76/15 62/77/1
f 64/78/1 60/79/17 63/75/1
f 67/80/32 68/81/34 66/82/11
s 1
f 51/83/9 68/84/10 65/85/11
s 0
f 48/61/1 65/86/19 64/78/1
f 62/77/1 52/87/20 55/67/1
f 44/56/35 71/88/36 45/57/26
f 47/89/37 70/90/38 44/91/9
f 54/65/39 72/92/40 47/66/11
f 45/93/41 73/94/42 54/95/10
f 41/96/39 75/97/40 50/98/11
f 51/83/35 77/99/36 69/100/26
f 50/101/43 76/102/44 51/103/9
f 65/104/27 79/105/45 60/106/9
f 68/84/39 78/107/40 65/85/11
f 61/108/46 80/109/47 68/110/10
f 60/72/35 81/111/36 61/112/26
f 53/113/46 83/114/48 58/115/10
f 58/73/39 84/116/40 59/74/11
f 86/117/1 88/118/49 85/119/1
f 42/120/1 90/121/50 89/122/1
s 1
f 57/123/9 93/124/10 91/125/11
s 0
f 53/126/51 91/127/52 54/128/10
f 95/129/53 96/130/54 94/131/11
s 1
f 67/132/9 96/133/10 56/134/11
s 0
f 61/135/55 56/71/56 58/70/10
f 99/136/53 100/137/57 98/138/11
s 1
f 101/139/9 100/140/10 66/141/11
s 0
f 69/142/58 66/82/59 68/81/10
f 93/124/60 104/143/61 91/125/11
f 105/144/41 103/145/42 93/146/10
f 88/147/60 108/148/61 40/149/11
f 102/150/62 107/151/63 88/152/10
f 101/139/64 109/153/65 102/154/26
f 40/155/43 110/156/44 101/157/9
f 100/140/60 112/158/61 66/141/11
f 92/159/46 114/160/48 96/161/10
f 57/123/64 113/162/65 92/163/26
f 56/164/27 115/165/28 57/166/9
f 96/133/60 116/167/61 56/134/11
f 86/168/1 118/169/66 87/170/67
f 119/171/1 118/172/4 117/173/1
f 89/174/1 105/175/68 121/176/1
f 122/177/1 120/178/7 119/171/1
s 1
f 95/179/9 126/180/10 124/181/11
s 0
f 92/182/69 124/183/70 93/184/10
f 127/185/1 129/186/13 126/187/10
f 131/188/1 132/189/14 130/190/1
s 1
f 99/191/9 132/192/10 94/193/11
s 0
f 97/194/71 94/131/72 96/130/10
f 130/190/1 133/195/16 134/196/1
f 134/196/1 123/197/18 122/177/1
s 1
f 135/198/9 123/199/10 98/200/11
s 0
f 102/201/73 98/138/74 100/137/10
f 127/185/1 125/202/21 131/188/1
f 118/169/75 137/203/76 87/170/11
f 135/198/77 139/204/78 120/205/26
f 87/206/43 138/207/44 135/208/9
f 132/192/75 141/209/76 94/193/11
f 50/98/79 38/210/1 41/96/80
f 54/128/81 90/121/82 45/211/26
f 101/212/83 41/53/84 40/213/11
f 93/184/85 142/214/86 105/215/26
f 142/214/87 121/216/1 105/215/26
f 129/217/88 143/218/1 142/219/89
f 40/149/90 85/220/1 88/147/10
f 135/221/91 88/118/92 87/222/11
f 144/223/93 146/224/94 147/225/93
f 146/226/95 149/227/93 147/228/93
f 151/229/96 153/230/93 150/231/93
f 152/232/97 154/233/93 153/234/93
f 148/235/98 156/236/93 149/227/93
f 157/237/93 145/238/99 144/239/93
s 1
f 33/240/100 35/241/101 34/242/102
s 0
f 34/243/103 159/244/93 154/233/93
f 160/245/93 151/246/104 150/247/93
f 162/248/105 163/249/93 161/250/93
s 1
f 162/251/100 165/252/101 37/253/102
s 0
f 37/254/106 167/255/93 166/256/93
f 164/257/107 161/250/93 168/258/93
f 165/259/108 170/260/93 167/255/93
f 155/261/109 168/258/93 156/236/93
s 1
f 155/262/100 158/263/101 169/264/102
s 0
f 169/265/110 157/237/93 170/260/93
f 35/266/111 166/256/93 159/244/93
f 36/267/112 160/245/93 163/249/93
f 10/8/113 152/268/114 151/269/115
f 9/270/116 34/271/117 152/272/101
f 19/273/118 151/274/119 33/275/100
f 4/3/120 146/276/121 145/277/102
f 3/278/122 148/279/123 146/280/100
f 6/281/113 158/282/114 148/283/115
f 16/284/124 145/285/125 158/286/101
f 26/287/126 169/288/127 165/289/101
f 32/42/120 155/290/121 169/291/102
f 14/292/128 164/293/129 155/294/100
f 27/295/113 165/296/114 164/297/115
f 24/298/130 36/299/129 162/300/100
f 25/31/120 162/301/121 37/302/102
f 74/303/131 172/304/93 171/305/93
f 173/306/93 70/307/132 174/308/93
f 70/309/97 175/310/93 174/311/93
f 176/312/93 75/313/99 177/314/93
s 1
f 73/315/100 178/316/101 72/317/102
s 0
f 72/318/103 179/319/93 175/310/93
f 83/320/133 115/321/134 116/322/102
s 1
f 83/323/100 79/324/101 84/325/102
s 0
f 84/326/106 181/327/93 180/328/93
f 79/329/108 182/330/93 181/327/93
f 80/331/135 183/332/134 112/333/102
s 1
f 80/334/100 76/335/101 78/336/102
s 0
f 78/337/110 176/312/93 182/330/93
f 178/338/111 180/328/93 179/319/93
f 41/339/122 77/340/123 74/341/100
f 53/342/136 178/343/137 82/344/115
f 52/345/138 84/346/127 178/347/101
f 107/348/139 185/349/93 184/350/93
f 187/351/140 173/352/93 186/353/93
s 1
f 103/354/100 115/355/101 104/356/102
s 0
f 104/357/141 82/358/142 73/359/100
f 114/360/143 188/361/144 141/362/102
s 1
f 114/363/100 183/364/101 116/365/102
s 0
f 116/322/145 81/366/146 83/320/100
f 111/367/147 191/368/144 190/369/102
s 1
f 111/370/100 110/371/101 112/372/102
s 0
f 112/333/148 77/373/149 80/331/100
f 105/175/150 187/374/151 106/375/115
f 90/376/116 104/377/117 187/378/101
f 67/379/126 112/380/127 183/381/101
f 100/382/128 189/383/129 111/384/100
f 97/385/150 183/386/151 189/387/115
f 185/388/93 136/389/152 192/390/93
f 136/391/95 193/392/93 192/393/93
f 106/394/153 186/395/93 194/396/93
f 139/397/98 196/398/93 193/392/93
s 1
f 198/399/100 188/400/101 197/401/102
s 0
f 197/402/154 113/403/155 103/404/100
f 200/405/93 201/406/104 202/407/93
f 140/408/105 204/409/93 203/410/93
s 1
f 140/411/100 191/412/101 141/413/102
s 0
f 141/362/156 189/414/157 114/360/100
f 205/415/107 203/410/93 206/416/93
f 195/417/109 206/416/93 196/398/93
s 1
f 195/418/100 138/419/101 190/420/102
s 0
f 190/369/158 109/421/159 111/367/100
f 199/422/112 200/405/93 204/409/93
f 129/217/160 207/423/161 201/424/115
f 142/425/116 197/426/117 207/427/101
f 124/181/162 198/428/163 197/429/102
f 126/430/118 201/431/119 198/432/100
f 118/433/122 139/434/123 136/435/100
f 99/436/126 190/437/127 191/438/101
f 98/200/162 195/439/163 190/440/102
f 123/441/128 205/442/129 195/443/100
f 133/444/160 191/445/161 205/446/115
f 132/447/130 199/448/129 140/449/100
f 125/450/160 188/451/161 199/452/115
f 95/453/138 141/454/127 188/455/101
f 171/456/93 75/457/164 74/458/165
f 187/351/166 73/359/167 71/459/115
f 74/303/168 110/460/169 108/461/102
f 207/462/170 103/404/171 106/463/115
f 194/464/93 207/462/172 106/463/115
f 208/465/93 201/466/173 207/467/101
f 184/468/93 108/469/174 107/470/100
f 107/348/175 138/471/176 137/472/102
f 1/1/1 2/473/1 3/2/177
f 5/4/1 6/14/26 3/5/178
f 8/7/1 9/474/179 10/8/180
f 11/10/1 12/22/11 9/11/181
f 13/13/1 14/39/10 6/14/182
f 15/15/1 1/475/1 4/16/183
s 1
f 17/18/9 18/48/26 19/19/10
s 0
f 20/21/1 17/44/9 12/22/184
f 21/23/1 7/476/1 10/24/185
f 23/26/1 18/45/26 24/27/186
s 1
f 26/29/9 27/295/26 24/30/10
s 0
f 29/32/1 26/38/9 25/33/187
f 22/28/1 24/27/10 27/35/188
f 31/37/1 32/43/11 26/38/189
f 30/36/1 27/35/26 14/39/186
s 1
f 16/40/9 6/281/26 14/41/10
s 0
f 15/15/1 16/17/9 32/43/190
f 28/34/1 25/33/11 17/44/189
f 21/23/1 19/25/10 18/45/191
f 19/19/192 33/477/100 34/46/193
f 17/18/194 35/478/101 36/47/195
f 25/49/196 37/479/102 35/50/197
f 39/52/1 40/213/11 41/53/198
f 42/55/1 43/480/1 44/56/199
f 46/58/1 47/68/11 44/59/181
f 48/61/1 49/481/1 50/62/183
s 1
f 52/64/9 53/342/26 54/65/10
s 0
f 55/67/1 52/87/9 47/68/184
f 57/69/200 53/126/26 58/70/201
s 1
f 60/72/9 61/112/26 58/73/10
s 0
f 63/75/1 60/79/9 59/76/187
f 64/78/1 65/86/11 60/79/189
f 67/80/202 61/135/26 68/81/201
s 1
f 51/83/9 69/100/26 68/84/10
s 0
f 48/61/1 51/63/9 65/86/190
f 62/77/1 59/76/11 52/87/189
f 44/56/203 70/482/101 71/88/204
f 47/89/205 72/483/102 70/90/206
f 54/65/207 73/484/100 72/92/208
f 45/93/209 71/485/115 73/94/210
f 41/96/207 74/486/100 75/97/208
f 51/83/203 76/487/101 77/99/204
f 50/101/211 75/488/102 76/102/212
f 65/104/213 78/489/102 79/105/197
f 68/84/207 80/490/100 78/107/208
f 61/108/214 81/491/115 80/109/215
f 60/72/203 79/492/101 81/111/204
f 53/113/216 82/493/115 83/114/215
f 58/73/207 83/494/100 84/116/208
f 86/117/1 87/222/11 88/118/217
f 42/120/1 45/211/26 90/121/218
s 1
f 57/123/9 92/163/26 93/124/10
s 0
f 53/126/219 57/69/9 91/127/220
f 95/129/221 92/182/26 96/130/222
s 1
f 67/132/9 97/385/26 96/133/10
s 0
f 61/135/223 67/80/9 56/71/224
f 99/136/225 97/194/26 100/137/222
s 1
f 101/139/9 102/154/26 100/140/10
s 0
f 69/142/226 101/212/9 66/82/227
f 93/124/228 103/495/100 104/143/229
f 105/144/209 106/496/115 103/145/210
f 88/147/228 107/497/100 108/148/229
f 102/150/230 109/498/115 107/151/231
f 101/139/232 110/499/101 109/153/233
f 40/155/211 108/500/102 110/156/212
f 100/140/228 111/501/100 112/158/229
f 92/159/216 113/502/115 114/160/215
f 57/123/232 115/503/101 113/162/233
f 56/164/196 116/504/102 115/165/197
f 96/133/228 114/505/100 116/167/229
f 86/168/1 117/506/1 118/169/234
f 119/171/1 120/178/26 118/172/178
f 89/174/1 90/507/9 105/175/235
f 122/177/1 123/197/10 120/178/182
s 1
f 95/179/9 125/450/26 126/180/10
s 0
f 92/182/236 95/129/9 124/183/237
f 127/185/1 128/508/1 129/186/185
f 131/188/1 125/202/26 132/189/186
s 1
f 99/191/9 133/444/26 132/192/10
s 0
f 97/194/238 99/136/9 94/131/239
f 130/190/1 132/189/10 133/195/188
f 134/196/1 133/195/26 123/197/186
s 1
f 135/198/9 120/205/26 123/199/10
s 0
f 102/201/240 135/221/9 98/138/241
f 127/185/1 126/187/10 125/202/191
f 118/169/242 136/509/100 137/203/243
f 135/198/244 138/510/101 139/204/245
f 87/206/211 137/511/102 138/207/212
f 132/192/242 140/512/100 141/209/243
f 50/98/246 49/513/1 38/210/1
f 54/128/247 91/127/11 90/121/248
f 101/212/249 69/142/26 41/53/250
f 93/184/251 124/183/11 142/214/91
f 142/214/252 143/514/1 121/216/1
f 129/217/253 128/515/1 143/218/1
f 40/149/254 39/516/1 85/220/1
f 135/221/255 102/201/26 88/118/85
f 144/223/93 145/517/102 146/224/256
f 146/226/257 148/235/115 149/227/93
f 151/229/258 152/518/101 153/230/93
f 152/232/259 34/243/102 154/233/93
f 148/235/260 155/261/100 156/236/93
f 157/237/93 158/519/101 145/238/261
s 1
f 33/240/100 36/520/115 35/241/101
s 0
f 34/243/262 35/266/101 159/244/93
f 160/245/93 33/521/100 151/246/263
f 162/248/264 36/267/115 163/249/93
s 1
f 162/251/100 164/522/115 165/252/101
s 0
f 37/254/265 165/259/101 167/255/93
f 164/257/266 162/248/100 161/250/93
f 165/259/267 169/265/102 170/260/93
f 155/261/264 164/257/115 168/258/93
s 1
f 155/262/100 148/523/115 158/263/101
s 0
f 169/265/268 158/519/101 157/237/93
f 35/266/267 37/254/102 166/256/93
f 36/267/269 33/521/100 160/245/93
f 10/8/270 9/474/9 152/268/271
f 9/270/272 12/524/11 34/271/273
f 19/273/274 10/525/26 151/274/275
f 4/3/276 3/2/10 146/276/277
f 3/278/278 6/526/26 148/279/279
f 6/281/270 16/40/9 158/282/271
f 16/284/280 4/527/11 145/285/281
f 26/287/282 32/528/11 169/288/283
f 32/42/276 14/41/10 155/290/277
f 14/292/284 27/529/26 164/293/285
f 27/295/270 26/29/9 165/296/271
f 24/298/284 18/530/26 36/299/286
f 25/31/276 24/30/10 162/301/277
f 74/303/287 108/461/102 172/304/93
f 173/306/93 71/531/288 70/307/289
f 70/309/259 72/318/102 175/310/93
f 176/312/93 76/532/101 75/313/261
s 1
f 73/315/100 82/533/115 178/316/101
s 0
f 72/318/262 178/338/101 179/319/93
f 83/320/290 82/358/115 115/321/291
s 1
f 83/323/100 81/534/115 79/324/101
s 0
f 84/326/265 79/329/101 181/327/93
f 79/329/267 78/337/102 182/330/93
f 80/331/290 81/366/115 183/332/292
s 1
f 80/334/100 77/535/115 76/335/101
s 0
f 78/337/268 76/532/101 176/312/93
f 178/338/267 84/326/102 180/328/93
f 41/339/278 69/536/26 77/340/279
f 53/342/293 52/64/9 178/343/294
f 52/345/282 59/537/11 84/346/295
f 107/348/296 137/472/102 185/349/93
f 187/351/297 71/459/115 173/352/93
s 1
f 103/354/100 113/538/115 115/355/101
s 0
f 104/357/298 115/321/101 82/358/299
f 114/360/300 113/403/115 188/361/301
s 1
f 114/363/100 189/539/115 183/364/101
s 0
f 116/322/302 183/332/101 81/366/303
f 111/367/300 189/414/115 191/368/304
s 1
f 111/370/100 109/540/115 110/371/101
s 0
f 112/333/305 110/460/101 77/373/306
f 105/175/307 90/507/9 187/374/308
f 90/376/272 91/541/11 104/377/273
f 67/379/282 66/542/11 112/380/283
f 100/382/284 97/543/26 189/383/285
f 97/385/307 67/132/9 183/386/308
f 185/388/93 137/544/102 136/389/256
f 136/391/257 139/397/115 193/392/93
f 106/394/309 187/545/101 186/395/93
f 139/397/260 195/417/100 196/398/93
s 1
f 198/399/100 199/546/115 188/400/101
s 0
f 197/402/310 188/361/101 113/403/311
f 200/405/93 198/547/100 201/406/263
f 140/408/264 199/422/115 204/409/93
s 1
f 140/411/100 205/548/115 191/412/101
s 0
f 141/362/312 191/368/101 189/414/313
f 205/415/266 140/408/100 203/410/93
f 195/417/264 205/415/115 206/416/93
s 1
f 195/418/100 139/549/115 138/419/101
s 0
f 190/369/314 138/471/101 109/421/315
f 199/422/269 198/547/100 200/405/93
f 129/217/316 142/219/9 207/423/317
f 142/425/272 124/550/11 197/426/273
f 124/181/318 126/180/10 198/428/319
f 126/430/274 129/551/26 201/431/275
f 118/433/278 120/552/26 139/434/279
f 99/436/282 98/553/11 190/437/283
f 98/200/318 123/199/10 195/439/319
f 123/441/284 133/554/26 205/442/285
f 133/444/316 99/191/9 191/445/317
f 132/447/284 125/555/26 199/448/286
f 125/450/316 95/179/9 188/451/317
f 95/453/282 94/556/11 141/454/295
f 171/456/93 177/557/93 75/457/320
f 187/351/321 104/357/102 73/359/322
f 74/303/323 77/373/115 110/460/324
f 207/462/176 197/402/102 103/404/325
f 194/464/93 208/558/93 207/462/326
f 208/465/93 202/559/93 201/466/327
f 184/468/93 172/560/93 108/469/328
f 107/348/171 109/421/115 138/471/329
o window_big001
v -30.057739 5.803944 15.136692
v -30.057739 4.693043 15.136692
v -29.973145 4.777744 15.136692
v -29.973145 5.719341 15.136692
v -28.396744 4.693043 15.136692
v -28.396744 4.777744 15.136692
v -22.858444 4.693043 15.136692
v -22.858444 5.803944 15.136692
v -22.943039 5.719341 15.136692
v -22.943039 4.777744 15.136692
v -24.499939 5.803944 15.136692
v -24.499939 5.719341 15.136692
v -28.329330 4.693043 15.136692
v -28.329330 4.777744 15.136692
v -28.396744 5.803944 15.136692
v -28.396744 5.719341 15.136692
v -24.574936 5.719341 15.136692
v -24.574936 4.777744 15.136692
v -24.499939 4.777744 15.136692
v -24.574936 5.803944 15.136692
v -24.499939 4.693043 15.136692
v -26.412033 4.693043 15.136692
v -24.574936 4.693043 15.136692
v -26.412033 4.777744 15.136692
v -26.412033 5.719341 15.136692
v -26.486832 5.719341 15.136692
v -26.486832 4.777744 15.136692
v -26.412033 5.803944 15.136692
v -26.486832 5.803944 15.136692
v -26.486832 4.693043 15.136692
v -28.329330 5.803944 15.136692
v -28.329330 5.719341 15.136692
v -24.499939 4.777744 15.082493
v -24.499939 5.719341 15.082493
v -24.574936 5.719341 15.082493
v -24.574936 4.777744 15.082493
v -26.412033 5.719341 15.082493
v -30.057739 3.577740 15.136692
v -30.057739 3.502942 15.136692
v -29.973145 3.502942 15.136692
v -29.973145 3.577740 15.136692
v -22.858444 3.577740 15.136692
v -22.858444 4.211643 15.136692
v -22.943039 4.127041 15.136692
v -22.943039 3.577740 15.136692
v -24.499939 4.211643 15.136692
v -24.499939 4.127041 15.136692
v -28.396744 4.211643 15.136692
v -30.057739 4.211643 15.136692
v -29.973145 4.127041 15.136692
v -28.396744 4.127041 15.136692
v -24.574936 4.127041 15.136692
v -24.574936 3.577740 15.136692
v -24.499939 3.577740 15.136692
v -24.574936 4.211643 15.136692
v -26.412033 3.502942 15.136692
v -24.574936 3.502942 15.136692
v -26.412033 3.577740 15.136692
v -26.412033 4.127041 15.136692
v -26.486832 4.127041 15.136692
v -26.486832 3.577740 15.136692
v -26.412033 4.211643 15.136692
v -26.486832 4.211643 15.136692
v -28.329330 4.211643 15.136692
v -28.329330 4.127041 15.136692
v -28.329330 3.502942 15.136692
v -26.486832 3.502942 15.136692
v -28.329330 3.577740 15.136692
v -28.396744 3.577740 15.136692
v -22.943039 4.127041 15.082493
v -22.943039 3.577740 15.082493
v -24.499939 4.127041 15.082493
v -24.499939 3.577740 15.082493
v -29.973145 3.577740 15.082493
v -29.973145 4.127041 15.082493
v -28.396744 4.127041 15.082493
v -28.396744 3.577740 15.082493
v -28.329330 4.127041 15.082493
v -26.486832 4.127041 15.082493
v -28.329330 3.577740 15.082493
v -26.486832 3.577740 15.082493
v -24.574936 3.577740 15.082493
v -26.412033 3.577740 15.082493
v -26.412033 4.127041 15.082493
v -30.057739 1.983742 15.136692
v -30.057739 1.905243 15.136692
v -29.973145 1.905243 15.136692
v -29.973145 1.983742 15.136692
v -22.858444 3.502942 15.136692
v -22.943039 3.502942 15.136692
v -24.499939 3.502942 15.136692
v -24.574936 1.983742 15.136692
v -24.499939 1.983742 15.136692
v -26.412033 1.905243 15.136692
v -24.574936 1.905243 15.136692
v -26.412033 1.983742 15.136692
v -26.486832 1.983742 15.136692
v -28.329330 1.905243 15.136692
v -26.486832 1.905243 15.136692
v -28.329330 1.983742 15.136692
v -28.396744 3.502942 15.136692
v -28.396744 1.983742 15.136692
v -24.499939 1.983742 15.082493
v -24.499939 3.502942 15.082493
v -22.943039 1.983742 15.136692
v -22.943039 1.983742 15.082493
v -29.973145 1.983742 15.082493
v -29.973145 3.502942 15.082493
v -28.396744 1.983742 15.082493
v -28.396744 3.502942 15.082493
v -28.329330 1.983742 15.082493
v -28.329330 3.502942 15.082493
v -24.574936 1.983742 15.082493
v -26.412033 1.983742 15.082493
v -24.574936 3.502942 15.082493
v -26.412033 3.502942 15.082493
v -30.057739 0.749142 15.136692
v -29.973145 0.833844 15.136692
v -28.396744 0.749142 15.136692
v -28.396744 0.833844 15.136692
v -22.858444 1.983742 15.136692
v -28.329330 0.749142 15.136692
v -28.329330 0.833844 15.136692
v -24.499939 1.905243 15.136692
v -24.574936 0.833844 15.136692
v -24.499939 0.833844 15.136692
v -24.499939 0.749142 15.136692
v -22.858444 0.749142 15.136692
v -22.943039 0.833844 15.136692
v -26.412033 0.749142 15.136692
v -24.574936 0.749142 15.136692
v -26.412033 0.833844 15.136692
v -26.486832 0.833844 15.136692
v -26.486832 0.749142 15.136692
v -28.396744 1.905243 15.136692
v -29.973145 0.833844 15.082493
v -29.973145 1.905243 15.082493
v -28.396744 1.905243 15.082493
v -28.396744 0.833844 15.082493
v -26.412033 0.833844 15.082493
v -26.412033 1.905243 15.082493
v -22.943039 1.905243 15.136692
v -22.858444 1.905243 15.136692
v -30.057739 5.803944 15.082493
v -29.973145 5.719341 15.082493
v -29.973145 4.777744 15.082493
v -30.057739 4.693043 15.082493
v -28.396744 4.777744 15.082493
v -28.396744 4.693043 15.082493
v -22.858444 4.693043 15.082493
v -22.943039 4.777744 15.082493
v -22.943039 5.719341 15.082493
v -22.858444 5.803944 15.082493
v -24.499939 5.803944 15.082493
v -28.329330 4.777744 15.082493
v -28.329330 4.693043 15.082493
v -28.396744 5.803944 15.082493
v -28.396744 5.719341 15.082493
v -24.574936 5.803944 15.082493
v -24.499939 4.693043 15.082493
v -26.412033 4.693043 15.082493
v -26.412033 4.777744 15.082493
v -24.574936 4.693043 15.082493
v -26.486832 4.777744 15.082493
v -26.486832 5.719341 15.082493
v -26.412033 5.803944 15.082493
v -26.486832 5.803944 15.082493
v -26.486832 4.693043 15.082493
v -28.329330 5.719341 15.082493
v -28.329330 5.803944 15.082493
v -30.057739 3.577740 15.082493
v -30.057739 3.502942 15.082493
v -22.858444 3.577740 15.082493
v -22.858444 4.211643 15.082493
v -24.499939 4.211643 15.082493
v -28.396744 4.211643 15.082493
v -30.057739 4.211643 15.082493
v -24.574936 4.127041 15.082493
v -24.574936 4.211643 15.082493
v -26.412033 4.211643 15.082493
v -26.486832 4.211643 15.082493
v -28.329330 4.211643 15.082493
v -26.486832 3.502942 15.082493
v -30.057739 1.983742 15.082493
v -30.057739 1.905243 15.082493
v -22.858444 3.502942 15.082493
v -22.943039 3.502942 15.082493
v -24.574936 1.905243 15.082493
v -26.486832 1.983742 15.082493
v -28.329330 1.905243 15.082493
v -26.486832 1.905243 15.082493
v -30.057739 0.749142 15.082493
v -28.396744 0.749142 15.082493
v -22.858444 1.983742 15.082493
v -28.329330 0.833844 15.082493
v -28.329330 0.749142 15.082493
v -24.499939 1.905243 15.082493
v -24.499939 0.833844 15.082493
v -24.574936 0.833844 15.082493
v -24.499939 0.749142 15.082493
v -22.943039 0.833844 15.082493
v -22.858444 0.749142 15.082493
v -26.412033 0.749142 15.082493
v -24.574936 0.749142 15.082493
v -26.486832 0.833844 15.082493
v -26.486832 0.749142 15.082493
v -22.943039 1.905243 15.082493
v -22.858444 1.905243 15.082493
vn -0.0000 -0.0000 1.0000
vn 0.4033 0.1384 0.9046
vn 0.3014 -0.3015 0.9046
vn 0.3141 0.2884 0.9045
vn -0.2810 0.3207 0.9046
vn -0.3143 -0.2882 0.9045
vn -0.1407 0.4025 0.9045
vn 0.1361 -0.4041 0.9045
vn -0.3015 -0.3015 0.9045
vn 0.3015 0.3015 0.9045
vn 0.3015 -0.3015 0.9045
vn 0.1513 -0.3987 0.9045
vn -0.1363 0.4040 0.9045
vn 0.3129 0.2897 0.9045
vn 0.1510 -0.3988 0.9045
vn -0.1509 0.3988 0.9045
vn -0.3128 -0.2898 0.9045
vn 0.3128 0.2897 0.9045
vn 0.1408 -0.4025 0.9045
vn -0.3129 -0.2897 0.9045
vn -0.1512 0.3987 0.9045
vn 0.3015 -0.0756 0.9505
vn 0.3015 -0.3395 -0.8910
vn -0.3015 0.0756 0.9505
vn -0.3015 0.3395 -0.8910
vn -0.3015 0.3015 0.9045
vn -0.0826 -0.3015 0.9499
vn -0.3211 -0.3015 -0.8978
vn 0.3987 0.1510 0.9045
vn -0.4014 -0.1441 0.9045
vn -0.3016 0.3015 0.9045
vn -0.2157 -0.3678 0.9045
vn 0.3116 0.2911 0.9045
vn 0.3115 0.2911 0.9045
vn -0.3015 0.0653 0.9512
vn -0.3015 0.3661 -0.8804
vn -0.0813 -0.3015 0.9500
vn -0.3246 -0.3015 -0.8965
vn 0.3015 -0.0653 0.9512
vn 0.3015 -0.3661 -0.8804
vn 0.0813 0.3015 0.9500
vn 0.3246 0.3015 -0.8965
vn -0.0814 -0.3015 0.9500
vn -0.3243 -0.3015 -0.8966
vn -0.3210 -0.3015 -0.8978
vn 0.0826 0.3015 0.9499
vn 0.3210 0.3015 -0.8978
vn 0.3211 0.3015 -0.8978
vn 0.3969 0.1558 0.9045
vn -0.3987 -0.1510 0.9045
vn -0.3941 0.1629 0.9045
vn 0.1635 -0.3938 0.9045
vn -0.2158 -0.3677 0.9045
vn 0.3121 0.2906 0.9045
vn -0.3940 0.1631 0.9045
vn 0.1632 -0.3939 0.9045
vn 0.3120 0.2906 0.9045
vn -0.3896 0.1733 0.9045
vn 0.1529 -0.3980 0.9045
vn 0.3015 -0.0811 0.9500
vn 0.3015 -0.3251 -0.8963
vn 0.0814 0.3015 0.9500
vn 0.3243 0.3015 -0.8966
vn -0.3015 0.0811 0.9500
vn -0.3015 0.3251 -0.8963
vn 0.4035 0.1380 0.9045
vn 0.3016 -0.3015 0.9045
vn -0.2872 0.3152 0.9045
vn -0.3921 0.1676 0.9045
vn 0.1587 -0.3958 0.9045
vn -0.3920 0.1679 0.9045
vn 0.1584 -0.3959 0.9045
vn -0.3875 0.1780 0.9045
vn 0.1482 -0.3998 0.9045
vn 0.3015 -0.0773 0.9503
vn 0.3015 -0.3349 -0.8927
vn -0.3015 0.0773 0.9503
vn -0.3015 0.3349 -0.8927
vn 0.4013 -0.1441 0.9045
vn 0.3016 0.3015 0.9045
vn 0.2162 0.3675 0.9045
vn -0.3133 -0.2892 0.9045
vn -0.2161 -0.3676 0.9045
vn 0.3132 0.2894 0.9045
vn 0.2163 0.3675 0.9045
vn -0.3139 -0.2886 0.9045
vn -0.1705 -0.3908 0.9045
vn -0.4035 0.1380 0.9045
vn -0.3016 -0.3015 0.9045
vn 0.3673 -0.2166 0.9045
vn -0.2163 -0.3675 0.9045
vn 0.3138 0.2887 0.9045
vn -0.0000 -0.0000 -1.0000
vn 0.2810 0.3207 -0.9045
vn 0.3142 0.2883 -0.9045
vn -0.2810 0.3207 -0.9045
vn -0.3143 -0.2881 -0.9045
vn -0.1406 0.4025 -0.9045
vn 0.3141 -0.2883 -0.9045
vn 0.3015 0.3015 -0.9045
vn -0.3015 -0.3015 -0.9045
vn 0.3015 -0.3015 -0.9045
vn 0.1512 -0.3987 -0.9045
vn -0.3142 0.2882 -0.9045
vn 0.3129 0.2897 -0.9045
vn 0.1510 -0.3988 -0.9045
vn -0.1509 0.3988 -0.9045
vn -0.3128 -0.2898 -0.9045
vn 0.3128 0.2897 -0.9045
vn 0.1407 -0.4025 -0.9045
vn -0.3129 -0.2897 -0.9045
vn -0.1511 0.3987 -0.9045
vn -0.3015 0.3395 0.8910
vn -0.3015 0.0756 -0.9505
vn -0.3015 0.3015 -0.9045
vn -0.3246 -0.3015 0.8965
vn -0.0813 -0.3015 -0.9500
vn 0.3246 0.3015 0.8965
vn 0.0813 0.3015 -0.9500
vn 0.3015 -0.3395 0.8910
vn 0.3015 -0.0756 -0.9505
vn 0.3243 0.3015 0.8966
vn 0.0814 0.3015 -0.9500
vn -0.3243 -0.3015 0.8966
vn -0.0814 -0.3015 -0.9500
vn -0.3210 -0.3015 0.8978
vn -0.0826 -0.3015 -0.9499
vn 0.3210 0.3015 0.8978
vn 0.0826 0.3015 -0.9499
vn 0.3211 0.3015 0.8978
vn 0.3988 0.1510 -0.9045
vn -0.2625 -0.3360 -0.9046
vn 0.3116 0.2911 -0.9045
vn -0.2157 -0.3678 -0.9045
vn 0.3115 0.2911 -0.9045
vn -0.3015 0.3661 0.8804
vn -0.3015 0.0653 -0.9512
vn -0.3211 -0.3015 0.8978
vn 0.3969 0.1558 -0.9045
vn -0.3988 -0.1510 -0.9045
vn 0.1634 -0.3938 -0.9045
vn -0.3940 0.1629 -0.9045
vn 0.3121 0.2906 -0.9045
vn -0.2158 -0.3677 -0.9045
vn 0.1631 -0.3940 -0.9045
vn -0.3939 0.1632 -0.9045
vn 0.3120 0.2906 -0.9045
vn 0.1529 -0.3981 -0.9045
vn -0.3896 0.1734 -0.9045
vn -0.3015 0.3251 0.8963
vn -0.3015 0.0811 -0.9500
vn 0.2819 0.3199 -0.9045
vn -0.2872 0.3152 -0.9045
vn 0.1586 -0.3958 -0.9045
vn -0.3920 0.1677 -0.9045
vn 0.1584 -0.3959 -0.9045
vn -0.3919 0.1679 -0.9045
vn 0.1481 -0.3999 -0.9045
vn -0.3875 0.1780 -0.9045
vn -0.3015 0.3349 0.8927
vn -0.3015 0.0773 -0.9503
vn 0.3015 -0.3349 0.8927
vn 0.3015 -0.0773 -0.9503
vn 0.4013 -0.1441 -0.9046
vn 0.3015 0.3015 -0.9046
vn -0.3133 -0.2892 -0.9045
vn 0.2162 0.3675 -0.9045
vn 0.3132 0.2894 -0.9045
vn -0.2161 -0.3676 -0.9045
vn -0.3139 -0.2886 -0.9045
vn 0.2163 0.3675 -0.9045
vn -0.1705 -0.3908 -0.9045
vn -0.4034 0.1381 -0.9045
vn 0.3673 -0.2166 -0.9045
vn 0.3138 0.2887 -0.9045
vn -0.2163 -0.3675 -0.9045
vn 0.2810 0.3207 0.9046
vn 0.1360 0.4041 0.9045
vn -0.3014 -0.3015 0.9046
vn -0.4032 0.1384 0.9046
vn -0.1361 -0.4041 0.9045
vn -0.3841 0.1852 0.9045
vn 0.3142 -0.2883 0.9045
vn 0.3889 -0.1749 0.9045
vn -0.3143 0.2881 0.9045
vn 0.2160 0.3676 0.9045
vn 0.3888 -0.1752 0.9045
vn -0.3887 0.1753 0.9045
vn -0.2160 -0.3676 0.9045
vn 0.3841 -0.1851 0.9045
vn -0.3888 0.1750 0.9045
vn 0.3015 0.3395 0.8910
vn 0.3015 0.0756 -0.9505
vn -0.3015 -0.3395 0.8910
vn -0.3015 -0.0756 -0.9505
vn 0.3211 -0.3015 0.8978
vn 0.0826 -0.3015 -0.9499
vn 0.1752 0.3888 0.9045
vn -0.2625 -0.3360 0.9045
vn -0.3116 -0.2911 0.9045
vn 0.2157 0.3678 0.9045
vn -0.3115 -0.2911 0.9045
vn -0.3015 -0.3661 0.8804
vn -0.3015 -0.0653 -0.9512
vn 0.3246 -0.3015 0.8965
vn 0.0813 -0.3015 -0.9500
vn 0.3015 0.3661 0.8804
vn 0.3015 0.0653 -0.9512
vn -0.3246 0.3015 0.8965
vn -0.0813 0.3015 -0.9500
vn 0.3243 -0.3015 0.8966
vn 0.0814 -0.3015 -0.9500
vn 0.3210 -0.3015 0.8978
vn -0.3210 0.3015 0.8978
vn -0.0826 0.3015 -0.9499
vn -0.3211 0.3015 0.8978
vn 0.1705 0.3908 0.9045
vn -0.1752 -0.3888 0.9045
vn -0.1635 0.3938 0.9045
vn 0.3941 -0.1629 0.9045
vn -0.3121 -0.2906 0.9045
vn 0.2158 0.3677 0.9045
vn -0.1632 0.3939 0.9045
vn 0.3940 -0.1631 0.9045
vn -0.3120 -0.2906 0.9045
vn -0.1529 0.3980 0.9045
vn 0.3896 -0.1733 0.9045
vn 0.3015 0.3251 0.8963
vn 0.3015 0.0811 -0.9500
vn -0.3243 0.3015 0.8966
vn -0.0814 0.3015 -0.9500
vn -0.3015 -0.3251 0.8963
vn -0.3015 -0.0811 -0.9500
vn 0.2820 0.3199 0.9045
vn -0.3673 0.2166 0.9045
vn -0.1587 0.3958 0.9045
vn 0.3921 -0.1676 0.9045
vn -0.1584 0.3959 0.9045
vn 0.3920 -0.1679 0.9045
vn -0.1482 0.3998 0.9045
vn 0.3875 -0.1780 0.9045
vn 0.3015 0.3349 0.8927
vn 0.3015 0.0773 -0.9503
vn -0.3015 -0.3349 0.8927
vn -0.3015 -0.0773 -0.9503
vn 0.2625 -0.3361 0.9045
vn 0.3133 0.2892 0.9045
vn -0.2162 -0.3675 0.9045
vn -0.3132 -0.2894 0.9045
vn 0.2161 0.3676 0.9045
vn 0.3139 0.2886 0.9045
vn -0.3969 -0.1558 0.9045
vn -0.2820 0.3199 0.9045
vn 0.2872 -0.3152 0.9045
vn -0.3138 -0.2887 0.9045
vn 0.4033 0.1383 -0.9045
vn 0.1362 0.4041 -0.9045
vn -0.4033 0.1384 -0.9045
vn -0.1362 -0.4041 -0.9045
vn -0.3841 0.1852 -0.9045
vn 0.1361 -0.4041 -0.9045
vn 0.3888 -0.1750 -0.9045
vn -0.1360 0.4041 -0.9045
vn 0.2160 0.3676 -0.9045
vn 0.3887 -0.1752 -0.9045
vn -0.3887 0.1753 -0.9045
vn -0.2160 -0.3676 -0.9045
vn 0.3841 -0.1851 -0.9045
vn -0.3888 0.1751 -0.9045
vn -0.3015 -0.0756 0.9505
vn -0.3015 -0.3395 -0.8910
vn 0.0813 -0.3015 0.9500
vn 0.3246 -0.3015 -0.8965
vn -0.0813 0.3015 0.9500
vn -0.3246 0.3015 -0.8965
vn 0.3015 0.0756 0.9505
vn 0.3015 0.3395 -0.8910
vn -0.0814 0.3015 0.9500
vn -0.3243 0.3015 -0.8966
vn 0.0814 -0.3015 0.9500
vn 0.3243 -0.3015 -0.8966
vn 0.0826 -0.3015 0.9499
vn 0.3210 -0.3015 -0.8978
vn -0.0826 0.3015 0.9499
vn -0.3210 0.3015 -0.8978
vn -0.3211 0.3015 -0.8978
vn 0.1752 0.3887 -0.9045
vn -0.3015 0.3015 -0.9046
vn -0.4013 -0.1441 -0.9046
vn 0.2157 0.3678 -0.9045
vn -0.3116 -0.2911 -0.9045
vn -0.3115 -0.2911 -0.9045
vn -0.3015 -0.0653 0.9512
vn -0.3015 -0.3661 -0.8804
vn 0.3211 -0.3015 -0.8978
vn 0.1705 0.3908 -0.9045
vn -0.1752 -0.3887 -0.9045
vn 0.3940 -0.1629 -0.9045
vn -0.1634 0.3938 -0.9045
vn 0.2158 0.3677 -0.9045
vn -0.3121 -0.2906 -0.9045
vn 0.3939 -0.1632 -0.9045
vn -0.1631 0.3940 -0.9045
vn -0.3120 -0.2906 -0.9045
vn 0.3896 -0.1734 -0.9045
vn -0.1529 0.3981 -0.9045
vn -0.3015 -0.0811 0.9500
vn -0.3015 -0.3251 -0.8963
vn 0.4034 0.1381 -0.9045
vn -0.3673 0.2166 -0.9045
vn 0.3920 -0.1677 -0.9045
vn -0.1586 0.3958 -0.9045
vn 0.3919 -0.1679 -0.9045
vn -0.1584 0.3959 -0.9045
vn 0.3875 -0.1780 -0.9045
vn -0.1481 0.3999 -0.9045
vn -0.3015 -0.0773 0.9503
vn -0.3015 -0.3349 -0.8927
vn 0.3015 0.0773 0.9503
vn 0.3015 0.3349 -0.8927
vn 0.2625 -0.3360 -0.9046
vn -0.2162 -0.3675 -0.9045
vn 0.3133 0.2892 -0.9045
vn 0.2161 0.3676 -0.9045
vn -0.3132 -0.2894 -0.9045
vn 0.3139 0.2886 -0.9045
vn -0.3969 -0.1558 -0.9045
vn -0.2819 0.3199 -0.9045
vn 0.2872 -0.3152 -0.9045
vn -0.3138 -0.2887 -0.9045
vt 0.658300 0.492800
vt 0.522300 0.481600
vt 0.647000 0.481600
vt 0.240100 0.240100
vt 0.031200 0.251100
vt 0.020000 0.239900
vt 0.826800 0.415800
vt 0.690900 0.427000
vt 0.679600 0.415800
vt 0.756300 0.339000
vt 0.962600 0.328000
vt 0.973800 0.339300
vt 0.249000 0.240100
vt 0.240100 0.251300
vt 0.240100 0.339000
vt 0.031200 0.328000
vt 0.240100 0.327800
vt 0.804400 0.641800
vt 0.679600 0.631900
vt 0.804400 0.631900
vt 0.746400 0.339000
vt 0.756300 0.327800
vt 0.756300 0.240100
vt 0.962600 0.251100
vt 0.756300 0.251300
vt 0.746400 0.240100
vt 0.503000 0.251300
vt 0.503000 0.240100
vt 0.804400 0.594100
vt 0.679600 0.584200
vt 0.804400 0.584200
vt 0.493100 0.339100
vt 0.503000 0.327900
vt 0.503000 0.339100
vt 0.493100 0.251300
vt 0.493100 0.240100
vt 0.249000 0.339000
vt 0.493100 0.327900
vt 0.249000 0.251300
vt 0.804400 0.549200
vt 0.679600 0.540200
vt 0.804400 0.540200
vt 0.249000 0.327800
vt 0.746400 0.327800
vt 0.746400 0.251300
vt 0.804400 0.624700
vt 0.679600 0.649000
vt 0.679600 0.641800
vt 0.020000 0.606200
vt 0.263400 0.599000
vt 0.263400 0.606200
vt 0.020000 0.071300
vt 0.031200 0.081200
vt 0.020000 0.081200
vt 0.862900 0.379100
vt 0.935700 0.390400
vt 0.862900 0.390400
vt 0.756300 0.309700
vt 0.962600 0.298700
vt 0.973800 0.309900
vt 0.240100 0.309700
vt 0.031200 0.298700
vt 0.240100 0.298500
vt 0.323700 0.733400
vt 0.250900 0.723500
vt 0.323700 0.723500
vt 0.746400 0.309700
vt 0.756300 0.298500
vt 0.746400 0.071300
vt 0.503000 0.081200
vt 0.503000 0.071300
vt 0.323700 0.817700
vt 0.250900 0.807800
vt 0.323700 0.807800
vt 0.493100 0.309800
vt 0.503000 0.298600
vt 0.503000 0.309800
vt 0.249000 0.309700
vt 0.493100 0.298600
vt 0.493100 0.071300
vt 0.249000 0.081200
vt 0.249000 0.071300
vt 0.323700 0.776400
vt 0.250900 0.767400
vt 0.323700 0.767400
vt 0.249000 0.298500
vt 0.746400 0.298500
vt 0.862900 0.397500
vt 0.020000 0.892000
vt 0.226300 0.884900
vt 0.226300 0.892000
vt 0.323700 0.716300
vt 0.226300 0.928800
vt 0.020000 0.936000
vt 0.020000 0.928800
vt 0.247200 0.910400
vt 0.320000 0.903200
vt 0.320000 0.910400
vt 0.250900 0.783600
vt 0.250900 0.776400
vt 0.020000 0.870100
vt 0.228900 0.862900
vt 0.228900 0.870100
vt 0.020000 0.496300
vt 0.264100 0.489100
vt 0.264100 0.496300
vt 0.323700 0.760300
vt 0.264100 0.423100
vt 0.020000 0.430300
vt 0.020000 0.423100
vt 0.250900 0.824800
vt 0.250900 0.817700
vt 0.263400 0.665000
vt 0.020000 0.672200
vt 0.020000 0.665000
vt 0.323700 0.800600
vt 0.020000 0.097000
vt 0.031200 0.107400
vt 0.020000 0.107400
vt 0.973800 0.081200
vt 0.962600 0.071300
vt 0.973800 0.071300
vt 0.488800 0.513500
vt 0.287500 0.503600
vt 0.488800 0.503600
vt 0.746400 0.081200
vt 0.756400 0.071300
vt 0.756400 0.081200
vt 0.746400 0.097000
vt 0.503000 0.107400
vt 0.503000 0.097000
vt 0.488800 0.473200
vt 0.287500 0.463300
vt 0.488800 0.463300
vt 0.493100 0.081200
vt 0.493100 0.097000
vt 0.249000 0.107400
vt 0.249000 0.097000
vt 0.488800 0.431900
vt 0.287500 0.423000
vt 0.488800 0.423000
vt 0.240100 0.081200
vt 0.488800 0.496400
vt 0.721000 0.357200
vt 0.514700 0.364300
vt 0.514700 0.357200
vt 0.287500 0.573200
vt 0.488800 0.566000
vt 0.488800 0.573200
vt 0.228900 0.709000
vt 0.020000 0.716100
vt 0.020000 0.709000
vt 0.287500 0.439100
vt 0.287500 0.431900
vt 0.020000 0.826100
vt 0.228900 0.818900
vt 0.228900 0.826100
vt 0.488800 0.415800
vt 0.263400 0.621000
vt 0.020000 0.628200
vt 0.020000 0.621000
vt 0.287500 0.520700
vt 0.287500 0.513500
vt 0.020000 0.694200
vt 0.263400 0.687000
vt 0.263400 0.694200
vt 0.488800 0.456100
vt 0.840100 0.397500
vt 0.698200 0.386300
vt 0.840100 0.386300
vt 0.240100 0.269400
vt 0.031200 0.280400
vt 0.020000 0.269200
vt 0.488800 0.379100
vt 0.287500 0.390400
vt 0.287500 0.379100
vt 0.249000 0.269400
vt 0.240100 0.280600
vt 0.653000 0.627100
vt 0.511100 0.617200
vt 0.653000 0.617200
vt 0.746400 0.107400
vt 0.756400 0.097000
vt 0.756400 0.107400
vt 0.756300 0.269400
vt 0.962600 0.280400
vt 0.756300 0.280600
vt 0.746400 0.269400
vt 0.503000 0.280600
vt 0.503000 0.269400
vt 0.653000 0.667400
vt 0.511100 0.657500
vt 0.653000 0.657500
vt 0.493100 0.107400
vt 0.493100 0.280600
vt 0.493100 0.269400
vt 0.249000 0.280600
vt 0.653000 0.585800
vt 0.511100 0.576900
vt 0.653000 0.576900
vt 0.240100 0.107400
vt 0.746400 0.280600
vt 0.840100 0.379100
vt 0.511100 0.593000
vt 0.511100 0.585800
vt 0.020000 0.848100
vt 0.228900 0.840900
vt 0.228900 0.848100
vt 0.653000 0.650300
vt 0.247200 0.921600
vt 0.962600 0.081200
vt 0.240100 0.071300
vt 0.031200 0.071300
vt 0.962600 0.097000
vt 0.962600 0.107400
vt 0.973800 0.107400
vt 0.522300 0.390400
vt 0.664200 0.379100
vt 0.664200 0.390400
vt 0.287500 0.584400
vt 0.240100 0.097000
vt 0.031200 0.097000
vt 0.511100 0.522800
vt 0.647000 0.511100
vt 0.658300 0.522200
vt 0.031200 0.210800
vt 0.240100 0.221800
vt 0.020000 0.222000
vt 0.647000 0.551600
vt 0.511100 0.540400
vt 0.658200 0.540400
vt 0.962600 0.133800
vt 0.756300 0.122800
vt 0.973800 0.122600
vt 0.240100 0.210600
vt 0.249000 0.221800
vt 0.240100 0.122800
vt 0.031200 0.133800
vt 0.020000 0.122600
vt 0.372000 0.969200
vt 0.247200 0.979100
vt 0.247200 0.969200
vt 0.756300 0.134000
vt 0.746400 0.122800
vt 0.756300 0.221800
vt 0.962600 0.210800
vt 0.973800 0.222000
vt 0.503000 0.210600
vt 0.746400 0.221800
vt 0.503000 0.221800
vt 0.372000 0.939800
vt 0.247200 0.949800
vt 0.247200 0.939800
vt 0.503000 0.134000
vt 0.493100 0.122800
vt 0.503000 0.122800
vt 0.493100 0.210600
vt 0.493100 0.221800
vt 0.493100 0.134000
vt 0.249000 0.122800
vt 0.249000 0.210600
vt 0.800700 0.665000
vt 0.676000 0.673900
vt 0.676000 0.665000
vt 0.249000 0.134000
vt 0.746400 0.134000
vt 0.746400 0.210600
vt 0.815600 0.434200
vt 0.690900 0.434200
vt 0.948200 0.364300
vt 0.741900 0.357200
vt 0.948200 0.357200
vt 0.287500 0.357200
vt 0.493800 0.364300
vt 0.287500 0.364300
vt 0.522300 0.474400
vt 0.647000 0.474400
vt 0.020000 0.796900
vt 0.228900 0.804100
vt 0.020000 0.804100
vt 0.679600 0.549200
vt 0.804400 0.556300
vt 0.679600 0.556300
vt 0.228900 0.738100
vt 0.020000 0.731000
vt 0.228900 0.731000
vt 0.264100 0.452300
vt 0.020000 0.445100
vt 0.264100 0.445100
vt 0.679600 0.533100
vt 0.804400 0.533100
vt 0.020000 0.467100
vt 0.264100 0.474300
vt 0.020000 0.474300
vt 0.679600 0.594100
vt 0.804400 0.601300
vt 0.679600 0.601300
vt 0.020000 0.577000
vt 0.263400 0.584200
vt 0.020000 0.584200
vt 0.679600 0.577000
vt 0.804400 0.577000
vt 0.031200 0.020000
vt 0.020000 0.029900
vt 0.020000 0.020000
vt 0.334900 0.844900
vt 0.262000 0.855800
vt 0.250900 0.844600
vt 0.962600 0.192500
vt 0.756300 0.181500
vt 0.973800 0.181200
vt 0.240100 0.181500
vt 0.031200 0.192500
vt 0.020000 0.181200
vt 0.921000 0.415800
vt 0.848200 0.425700
vt 0.848200 0.415800
vt 0.756300 0.192700
vt 0.746400 0.181500
vt 0.503000 0.020000
vt 0.746400 0.029900
vt 0.503000 0.029900
vt 0.917300 0.445100
vt 0.844600 0.455000
vt 0.844600 0.445100
vt 0.503000 0.192600
vt 0.493100 0.181400
vt 0.503000 0.181400
vt 0.493100 0.192600
vt 0.249000 0.181500
vt 0.249000 0.020000
vt 0.493100 0.029900
vt 0.249000 0.029900
vt 0.411600 0.716300
vt 0.338800 0.725200
vt 0.338800 0.716300
vt 0.249000 0.192700
vt 0.746400 0.192700
vt 0.020000 0.752900
vt 0.228900 0.760100
vt 0.020000 0.760100
vt 0.250900 0.733400
vt 0.323700 0.740600
vt 0.250900 0.740600
vt 0.263400 0.562200
vt 0.020000 0.555000
vt 0.263400 0.555000
vt 0.031200 0.045700
vt 0.020000 0.056100
vt 0.020000 0.045700
vt 0.962600 0.029900
vt 0.973800 0.020000
vt 0.973800 0.029900
vt 0.488800 0.657700
vt 0.287500 0.667600
vt 0.287500 0.657700
vt 0.756400 0.029900
vt 0.746400 0.020000
vt 0.756400 0.020000
vt 0.503000 0.045700
vt 0.746400 0.056100
vt 0.503000 0.056100
vt 0.488800 0.683300
vt 0.287500 0.693200
vt 0.287500 0.683300
vt 0.493100 0.020000
vt 0.249000 0.045700
vt 0.493100 0.056100
vt 0.249000 0.056100
vt 0.488800 0.602700
vt 0.287500 0.611600
vt 0.287500 0.602700
vt 0.240100 0.020000
vt 0.488800 0.397500
vt 0.287500 0.397500
vt 0.226300 0.980000
vt 0.020000 0.972800
vt 0.226300 0.972800
vt 0.264100 0.408300
vt 0.020000 0.401100
vt 0.264100 0.401100
vt 0.020000 0.511100
vt 0.264100 0.518200
vt 0.020000 0.518200
vt 0.287500 0.473200
vt 0.488800 0.480400
vt 0.287500 0.480400
vt 0.511100 0.427000
vt 0.653100 0.416400
vt 0.664200 0.427700
vt 0.031200 0.152100
vt 0.240100 0.163100
vt 0.020000 0.163400
vt 0.488800 0.639600
vt 0.287500 0.628300
vt 0.488800 0.628300
vt 0.240100 0.151900
vt 0.249000 0.163100
vt 0.821600 0.481800
vt 0.679600 0.491700
vt 0.679600 0.481800
vt 0.756400 0.056100
vt 0.746400 0.045700
vt 0.756400 0.045700
vt 0.756300 0.163100
vt 0.962600 0.152100
vt 0.973800 0.163400
vt 0.503000 0.152000
vt 0.746400 0.163100
vt 0.503000 0.163200
vt 0.821600 0.507400
vt 0.679600 0.517300
vt 0.679600 0.507400
vt 0.493100 0.045700
vt 0.493100 0.152000
vt 0.493100 0.163200
vt 0.249000 0.151900
vt 0.821600 0.452400
vt 0.679600 0.461400
vt 0.679600 0.452400
vt 0.240100 0.045700
vt 0.746400 0.151900
vt 0.664200 0.397500
vt 0.522300 0.397500
vt 0.226300 0.914000
vt 0.020000 0.906900
vt 0.226300 0.906900
vt 0.511100 0.610000
vt 0.653000 0.610000
vt 0.020000 0.950800
vt 0.226300 0.958000
vt 0.020000 0.958000
vt 0.020000 0.774900
vt 0.228900 0.782100
vt 0.020000 0.782100
vt 0.264100 0.364300
vt 0.020000 0.357200
vt 0.264100 0.357200
vt 0.511100 0.569700
vt 0.653000 0.569700
vt 0.020000 0.379100
vt 0.264100 0.386300
vt 0.020000 0.386300
vt 0.511100 0.667400
vt 0.653000 0.674600
vt 0.511100 0.674600
vt 0.020000 0.643000
vt 0.263400 0.650200
vt 0.020000 0.650200
vt 0.511100 0.627100
vt 0.653000 0.634300
vt 0.511100 0.634300
vt 0.263400 0.540200
vt 0.020000 0.533100
vt 0.263400 0.533100
vt 0.331200 0.885100
vt 0.258400 0.874200
vt 0.331100 0.873900
vt 0.962600 0.020000
vt 0.240100 0.029900
vt 0.031200 0.029900
vt 0.962600 0.056100
vt 0.962600 0.045700
vt 0.973800 0.045700
vt 0.511100 0.445300
vt 0.653000 0.456300
vt 0.511100 0.456500
vt 0.488800 0.547900
vt 0.287500 0.536700
vt 0.488800 0.536700
vt 0.240100 0.056100
vt 0.031200 0.056100
vt 0.511100 0.492800
vt 0.815600 0.427000
vt 0.020000 0.339300
vt 0.973800 0.239900
vt 0.679600 0.624700
vt 0.804400 0.649000
vt 0.020000 0.599000
vt 0.946900 0.379100
vt 0.020000 0.309900
vt 0.935700 0.397500
vt 0.020000 0.884900
vt 0.250900 0.716300
vt 0.226300 0.936000
vt 0.247200 0.903200
vt 0.323700 0.783600
vt 0.020000 0.862900
vt 0.020000 0.489100
vt 0.250900 0.760300
vt 0.264100 0.430300
vt 0.323700 0.824800
vt 0.263400 0.672200
vt 0.250900 0.800600
vt 0.287500 0.496400
vt 0.721000 0.364300
vt 0.287500 0.566000
vt 0.228900 0.716100
vt 0.488800 0.439100
vt 0.020000 0.818900
vt 0.287500 0.415800
vt 0.263400 0.628200
vt 0.488800 0.520700
vt 0.020000 0.687000
vt 0.287500 0.456100
vt 0.687000 0.397500
vt 0.488800 0.390400
vt 0.973800 0.269200
vt 0.698200 0.379100
vt 0.653000 0.593000
vt 0.020000 0.840900
vt 0.511100 0.650300
vt 0.331200 0.921600
vt 0.973800 0.097000
vt 0.511100 0.379100
vt 0.488800 0.584400
vt 0.522200 0.511600
vt 0.522300 0.551600
vt 0.240100 0.134000
vt 0.372000 0.979100
vt 0.756300 0.210600
vt 0.372000 0.949800
vt 0.800700 0.673900
vt 0.741900 0.364300
vt 0.493800 0.357200
vt 0.228900 0.796900
vt 0.020000 0.738100
vt 0.020000 0.452300
vt 0.264100 0.467100
vt 0.263400 0.577000
vt 0.334800 0.856100
vt 0.240100 0.192700
vt 0.921000 0.425700
vt 0.917300 0.455000
vt 0.411600 0.725200
vt 0.228900 0.752900
vt 0.020000 0.562200
vt 0.488800 0.667600
vt 0.488800 0.693200
vt 0.488800 0.611600
vt 0.020000 0.980000
vt 0.020000 0.408300
vt 0.264100 0.511100
vt 0.511100 0.415800
vt 0.287500 0.639600
vt 0.821600 0.491700
vt 0.756300 0.151900
vt 0.821600 0.517300
vt 0.821600 0.461400
vt 0.020000 0.914000
vt 0.226300 0.950800
vt 0.228900 0.774900
vt 0.020000 0.364300
vt 0.264100 0.379100
vt 0.263400 0.643000
vt 0.020000 0.540200
vt 0.247200 0.885500
vt 0.973800 0.056100
vt 0.664200 0.445100
vt 0.287500 0.547900
s 0
f 209/561/330 211/562/331 212/563/332
f 213/564/330 211/565/333 210/566/330
f 216/567/330 218/568/334 215/569/330
f 219/570/330 217/571/335 216/572/330
f 221/573/330 214/574/336 213/564/330
f 223/575/330 212/576/337 224/577/338
s 1
f 225/578/338 227/579/339 220/580/340
s 0
f 228/581/330 220/582/341 219/570/330
f 229/583/330 218/584/342 227/585/339
f 231/586/330 232/587/343 230/588/330
s 1
f 234/589/338 232/590/339 233/591/340
s 0
f 237/592/330 233/593/344 236/594/330
f 230/588/330 235/595/345 238/596/330
f 239/597/330 234/598/346 237/592/330
f 238/596/330 222/599/347 221/573/330
s 1
f 224/600/338 222/601/339 240/602/340
s 0
f 223/575/330 240/603/348 239/597/330
f 236/594/330 225/604/349 228/581/330
f 229/583/330 226/605/350 231/586/330
f 227/579/351 242/606/352 220/580/340
f 225/578/353 244/607/354 226/608/355
f 233/609/356 243/610/357 225/611/338
f 247/612/330 249/613/358 246/614/330
f 250/615/330 252/616/359 253/617/360
f 254/618/330 252/619/335 251/620/330
f 256/621/330 258/622/337 259/623/338
s 1
f 260/624/338 262/625/339 255/626/340
s 0
f 263/627/330 255/628/341 254/618/330
f 265/629/361 266/630/362 264/631/340
s 1
f 268/632/338 266/633/339 267/634/340
s 0
f 271/635/330 267/636/344 270/637/330
f 272/638/330 268/639/346 271/635/330
f 275/640/361 276/641/363 274/642/340
s 1
f 259/643/338 276/644/339 273/645/340
s 0
f 256/621/330 273/646/348 272/638/330
f 270/637/330 260/647/349 263/627/330
f 252/616/364 279/648/365 253/617/355
f 255/649/366 278/650/367 252/651/338
f 262/625/368 280/652/369 255/626/340
f 253/653/370 281/654/371 262/655/339
f 249/656/368 283/657/369 258/658/340
f 259/643/364 285/659/365 277/660/355
f 258/661/372 284/662/373 259/663/338
f 273/664/356 287/665/374 268/666/338
f 276/644/368 286/667/369 273/645/340
f 269/668/375 288/669/376 276/670/339
f 268/632/364 289/671/365 269/672/355
f 261/673/375 291/674/377 266/675/339
f 266/633/368 292/676/369 267/634/340
f 294/677/330 296/678/378 293/679/330
f 250/680/330 298/681/379 297/682/330
s 1
f 265/683/338 301/684/339 299/685/340
s 0
f 261/686/380 299/687/381 262/688/339
f 303/689/382 304/690/383 302/691/340
s 1
f 275/692/338 304/693/339 264/694/340
s 0
f 269/695/384 264/631/385 266/630/339
f 307/696/382 308/697/386 306/698/340
s 1
f 309/699/338 308/700/339 274/701/340
s 0
f 277/702/387 274/642/388 276/641/339
f 301/684/389 312/703/390 299/685/340
f 313/704/370 311/705/371 301/706/339
f 296/707/389 316/708/390 248/709/340
f 310/710/391 315/711/392 296/712/339
f 309/699/393 317/713/394 310/714/355
f 248/715/372 318/716/373 309/717/338
f 308/700/389 320/718/390 274/701/340
f 300/719/375 322/720/377 304/721/339
f 265/683/393 321/722/394 300/723/355
f 264/724/356 323/725/357 265/726/338
f 304/693/389 324/727/390 264/694/340
f 294/728/330 326/729/395 295/730/396
f 327/731/330 326/732/333 325/733/330
f 297/734/330 313/735/397 329/736/330
f 330/737/330 328/738/336 327/731/330
s 1
f 303/739/338 334/740/339 332/741/340
s 0
f 300/742/398 332/743/399 301/744/339
f 335/745/330 337/746/342 334/747/339
f 339/748/330 340/749/343 338/750/330
s 1
f 307/751/338 340/752/339 302/753/340
s 0
f 305/754/400 302/691/401 304/690/339
f 338/750/330 341/755/345 342/756/330
f 342/756/330 331/757/347 330/737/330
s 1
f 343/758/338 331/759/339 306/760/340
s 0
f 310/761/402 306/698/403 308/697/339
f 335/745/330 333/762/350 339/748/330
f 326/729/404 345/763/405 295/730/340
f 343/758/406 347/764/407 328/765/355
f 295/766/372 346/767/373 343/768/338
f 340/752/404 349/769/405 302/753/340
f 258/658/408 246/770/330 249/656/409
f 262/688/410 298/681/411 253/771/355
f 309/772/412 249/613/413 248/773/340
f 301/744/414 350/774/415 313/775/355
f 350/774/416 329/776/330 313/775/355
f 337/777/417 351/778/330 350/779/418
f 248/709/419 293/780/330 296/707/339
f 343/781/420 296/678/421 295/782/340
f 352/783/422 354/784/423 355/785/422
f 354/786/424 357/787/422 355/788/422
f 359/789/425 361/790/422 358/791/422
f 360/792/426 362/793/422 361/794/422
f 356/795/427 364/796/422 357/787/422
f 365/797/422 353/798/428 352/799/422
s 1
f 241/800/429 243/801/430 242/802/431
s 0
f 242/803/432 367/804/422 362/793/422
f 368/805/422 359/806/433 358/807/422
f 370/808/434 371/809/422 369/810/422
s 1
f 370/811/429 373/812/430 245/813/431
s 0
f 245/814/435 375/815/422 374/816/422
f 372/817/436 369/810/422 376/818/422
f 373/819/437 378/820/422 375/815/422
f 363/821/438 376/818/422 364/796/422
s 1
f 363/822/429 366/823/430 377/824/431
s 0
f 377/825/439 365/797/422 378/820/422
f 243/826/440 374/816/422 367/804/422
f 244/827/441 368/805/422 371/809/422
f 218/568/442 360/828/443 359/829/444
f 217/830/445 242/831/446 360/832/430
f 227/833/447 359/834/448 241/835/429
f 212/563/449 354/836/450 353/837/431
f 211/838/451 356/839/452 354/840/429
f 214/841/442 366/842/443 356/843/444
f 224/844/453 353/845/454 366/846/430
f 234/847/455 377/848/456 373/849/430
f 240/602/449 363/850/450 377/851/431
f 222/852/457 372/853/458 363/854/429
f 235/855/442 373/856/443 372/857/444
f 232/858/459 244/859/458 370/860/429
f 233/591/449 370/861/450 245/862/431
f 282/863/460 380/864/422 379/865/422
f 381/866/422 278/867/461 382/868/422
f 278/869/426 383/870/422 382/871/422
f 384/872/422 283/873/428 385/874/422
s 1
f 281/875/429 386/876/430 280/877/431
s 0
f 280/878/432 387/879/422 383/870/422
f 291/880/462 323/881/463 324/882/431
s 1
f 291/883/429 287/884/430 292/885/431
s 0
f 292/886/435 389/887/422 388/888/422
f 287/889/437 390/890/422 389/887/422
f 288/891/464 391/892/463 320/893/431
s 1
f 288/894/429 284/895/430 286/896/431
s 0
f 286/897/439 384/872/422 390/890/422
f 386/898/440 388/888/422 387/879/422
f 249/899/451 285/900/452 282/901/429
f 261/902/465 386/903/466 290/904/444
f 260/905/467 292/906/456 386/907/430
f 315/908/468 393/909/422 392/910/422
f 395/911/469 381/912/422 394/913/422
s 1
f 311/914/429 323/915/430 312/916/431
s 0
f 312/917/470 290/918/471 281/919/429
f 322/920/472 396/921/473 349/922/431
s 1
f 322/923/429 391/924/430 324/925/431
s 0
f 324/882/474 289/926/475 291/880/429
f 319/927/476 399/928/473 398/929/431
s 1
f 319/930/429 318/931/430 320/932/431
s 0
f 320/893/477 285/933/478 288/891/429
f 313/735/479 395/934/480 314/935/444
f 298/936/445 312/937/446 395/938/430
f 275/939/455 320/940/456 391/941/430
f 308/942/457 397/943/458 319/944/429
f 305/945/479 391/946/480 397/947/444
f 393/948/422 344/949/481 400/950/422
f 344/951/424 401/952/422 400/953/422
f 314/954/482 394/955/422 402/956/422
f 347/957/427 404/958/422 401/952/422
s 1
f 406/959/429 396/960/430 405/961/431
s 0
f 405/962/483 321/963/484 311/964/429
f 408/965/422 409/966/433 410/967/422
f 348/968/434 412/969/422 411/970/422
s 1
f 348/971/429 399/972/430 349/973/431
s 0
f 349/922/485 397/974/486 322/920/429
f 413/975/436 411/970/422 414/976/422
f 403/977/438 414/976/422 404/958/422
s 1
f 403/978/429 346/979/430 398/980/431
s 0
f 398/929/487 317/981/488 319/927/429
f 407/982/441 408/965/422 412/969/422
f 337/777/489 415/983/490 409/984/444
f 350/985/445 405/986/446 415/987/430
f 332/741/491 406/988/492 405/989/431
f 334/990/447 409/991/448 406/992/429
f 326/993/451 347/994/452 344/995/429
f 307/996/455 398/997/456 399/998/430
f 306/760/491 403/999/492 398/1000/431
f 331/1001/457 413/1002/458 403/1003/429
f 341/1004/489 399/1005/490 413/1006/444
f 340/1007/459 407/1008/458 348/1009/429
f 333/1010/489 396/1011/490 407/1012/444
f 303/1013/467 349/1014/456 396/1015/430
f 379/1016/422 283/1017/493 282/1018/494
f 395/911/495 281/919/496 279/1019/444
f 282/863/497 318/1020/498 316/1021/431
f 415/1022/499 311/964/500 314/1023/444
f 402/1024/422 415/1022/501 314/1023/444
f 416/1025/422 409/1026/502 415/1027/430
f 392/1028/422 316/1029/503 315/1030/429
f 315/908/504 346/1031/505 345/1032/431
f 209/561/330 210/1033/330 211/562/506
f 213/564/330 214/574/355 211/565/507
f 216/567/330 217/1034/508 218/568/509
f 219/570/330 220/582/340 217/571/510
f 221/573/330 222/599/339 214/574/511
f 223/575/330 209/1035/330 212/576/512
s 1
f 225/578/338 226/608/355 227/579/339
s 0
f 228/581/330 225/604/338 220/582/513
f 229/583/330 215/1036/330 218/584/514
f 231/586/330 226/605/355 232/587/515
s 1
f 234/589/338 235/855/355 232/590/339
s 0
f 237/592/330 234/598/338 233/593/516
f 230/588/330 232/587/339 235/595/517
f 239/597/330 240/603/340 234/598/518
f 238/596/330 235/595/355 222/599/515
s 1
f 224/600/338 214/841/355 222/601/339
s 0
f 223/575/330 224/577/338 240/603/519
f 236/594/330 233/593/340 225/604/518
f 229/583/330 227/585/339 226/605/520
f 227/579/521 241/1037/429 242/606/522
f 225/578/523 243/1038/430 244/607/524
f 233/609/525 245/1039/431 243/610/526
f 247/612/330 248/773/340 249/613/527
f 250/615/330 251/1040/330 252/616/528
f 254/618/330 255/628/340 252/619/510
f 256/621/330 257/1041/330 258/622/512
s 1
f 260/624/338 261/902/355 262/625/339
s 0
f 263/627/330 260/647/338 255/628/513
f 265/629/529 261/686/355 266/630/530
s 1
f 268/632/338 269/672/355 266/633/339
s 0
f 271/635/330 268/639/338 267/636/516
f 272/638/330 273/646/340 268/639/518
f 275/640/531 269/695/355 276/641/530
s 1
f 259/643/338 277/660/355 276/644/339
s 0
f 256/621/330 259/623/338 273/646/519
f 270/637/330 267/636/340 260/647/518
f 252/616/532 278/1042/430 279/648/533
f 255/649/534 280/1043/431 278/650/535
f 262/625/536 281/1044/429 280/652/537
f 253/653/538 279/1045/444 281/654/539
f 249/656/536 282/1046/429 283/657/537
f 259/643/532 284/1047/430 285/659/533
f 258/661/540 283/1048/431 284/662/541
f 273/664/542 286/1049/431 287/665/526
f 276/644/536 288/1050/429 286/667/537
f 269/668/543 289/1051/444 288/669/544
f 268/632/532 287/1052/430 289/671/533
f 261/673/545 290/1053/444 291/674/544
f 266/633/536 291/1054/429 292/676/537
f 294/677/330 295/782/340 296/678/546
f 250/680/330 253/771/355 298/681/547
s 1
f 265/683/338 300/723/355 301/684/339
s 0
f 261/686/548 265/629/338 299/687/549
f 303/689/550 300/742/355 304/690/551
s 1
f 275/692/338 305/945/355 304/693/339
s 0
f 269/695/552 275/640/338 264/631/553
f 307/696/554 305/754/355 308/697/551
s 1
f 309/699/338 310/714/355 308/700/339
s 0
f 277/702/555 309/772/338 274/642/556
f 301/684/557 311/1055/429 312/703/558
f 313/704/538 314/1056/444 311/705/539
f 296/707/557 315/1057/429 316/708/558
f 310/710/559 317/1058/444 315/711/560
f 309/699/561 318/1059/430 317/713/562
f 248/715/540 316/1060/431 318/716/541
f 308/700/557 319/1061/429 320/718/558
f 300/719/545 321/1062/444 322/720/544
f 265/683/561 323/1063/430 321/722/562
f 264/724/525 324/1064/431 323/725/526
f 304/693/557 322/1065/429 324/727/558
f 294/728/330 325/1066/330 326/729/563
f 327/731/330 328/738/355 326/732/507
f 297/734/330 298/1067/338 313/735/564
f 330/737/330 331/757/339 328/738/511
s 1
f 303/739/338 333/1010/355 334/740/339
s 0
f 300/742/565 303/689/338 332/743/566
f 335/745/330 336/1068/330 337/746/514
f 339/748/330 333/762/355 340/749/515
s 1
f 307/751/338 341/1004/355 340/752/339
s 0
f 305/754/567 307/696/338 302/691/568
f 338/750/330 340/749/339 341/755/517
f 342/756/330 341/755/355 331/757/515
s 1
f 343/758/338 328/765/355 331/759/339
s 0
f 310/761/569 343/781/338 306/698/570
f 335/745/330 334/747/339 333/762/520
f 326/729/571 344/1069/429 345/763/572
f 343/758/573 346/1070/430 347/764/574
f 295/766/540 345/1071/431 346/767/541
f 340/752/571 348/1072/429 349/769/572
f 258/658/575 257/1073/330 246/770/330
f 262/688/576 299/687/340 298/681/577
f 309/772/578 277/702/355 249/613/579
f 301/744/580 332/743/340 350/774/420
f 350/774/581 351/1074/330 329/776/330
f 337/777/582 336/1075/330 351/778/330
f 248/709/583 247/1076/330 293/780/330
f 343/781/584 310/761/355 296/678/414
f 352/783/422 353/1077/431 354/784/585
f 354/786/586 356/795/444 357/787/422
f 359/789/587 360/1078/430 361/790/422
f 360/792/588 242/803/431 362/793/422
f 356/795/589 363/821/429 364/796/422
f 365/797/422 366/1079/430 353/798/590
s 1
f 241/800/429 244/1080/444 243/801/430
s 0
f 242/803/591 243/826/430 367/804/422
f 368/805/422 241/1081/429 359/806/592
f 370/808/593 244/827/444 371/809/422
s 1
f 370/811/429 372/1082/444 373/812/430
s 0
f 245/814/594 373/819/430 375/815/422
f 372/817/595 370/808/429 369/810/422
f 373/819/596 377/825/431 378/820/422
f 363/821/593 372/817/444 376/818/422
s 1
f 363/822/429 356/1083/444 366/823/430
s 0
f 377/825/597 366/1079/430 365/797/422
f 243/826/596 245/814/431 374/816/422
f 244/827/598 241/1081/429 368/805/422
f 218/568/599 217/1034/338 360/828/600
f 217/830/601 220/1084/340 242/831/602
f 227/833/603 218/1085/355 359/834/604
f 212/563/605 211/562/339 354/836/606
f 211/838/607 214/1086/355 356/839/608
f 214/841/599 224/600/338 366/842/600
f 224/844/609 212/1087/340 353/845/610
f 234/847/611 240/1088/340 377/848/612
f 240/602/605 222/601/339 363/850/606
f 222/852/613 235/1089/355 372/853/614
f 235/855/599 234/589/338 373/856/600
f 232/858/613 226/1090/355 244/859/615
f 233/591/605 232/590/339 370/861/606
f 282/863/616 316/1021/431 380/864/422
f 381/866/422 279/1091/617 278/867/618
f 278/869/588 280/878/431 383/870/422
f 384/872/422 284/1092/430 283/873/590
s 1
f 281/875/429 290/1093/444 386/876/430
s 0
f 280/878/591 386/898/430 387/879/422
f 291/880/619 290/918/444 323/881/620
s 1
f 291/883/429 289/1094/444 287/884/430
s 0
f 292/886/594 287/889/430 389/887/422
f 287/889/596 286/897/431 390/890/422
f 288/891/619 289/926/444 391/892/621
s 1
f 288/894/429 285/1095/444 284/895/430
s 0
f 286/897/597 284/1092/430 384/872/422
f 386/898/596 292/886/431 388/888/422
f 249/899/607 277/1096/355 285/900/608
f 261/902/622 260/624/338 386/903/623
f 260/905/611 267/1097/340 292/906/624
f 315/908/625 345/1032/431 393/909/422
f 395/911/626 279/1019/444 381/912/422
s 1
f 311/914/429 321/1098/444 323/915/430
s 0
f 312/917/627 323/881/430 290/918/628
f 322/920/629 321/963/444 396/921/630
s 1
f 322/923/429 397/1099/444 391/924/430
s 0
f 324/882/631 391/892/430 289/926/632
f 319/927/629 397/974/444 399/928/633
s 1
f 319/930/429 317/1100/444 318/931/430
s 0
f 320/893/634 318/1020/430 285/933/635
f 313/735/636 298/1067/338 395/934/637
f 298/936/601 299/1101/340 312/937/602
f 275/939/611 274/1102/340 320/940/612
f 308/942/613 305/1103/355 397/943/614
f 305/945/636 275/692/338 391/946/637
f 393/948/422 345/1104/431 344/949/638
f 344/951/586 347/957/444 401/952/422
f 314/954/639 395/1105/430 394/955/422
f 347/957/589 403/977/429 404/958/422
s 1
f 406/959/429 407/1106/444 396/960/430
s 0
f 405/962/640 396/921/430 321/963/641
f 408/965/422 406/1107/429 409/966/592
f 348/968/593 407/982/444 412/969/422
s 1
f 348/971/429 413/1108/444 399/972/430
s 0
f 349/922/642 399/928/430 397/974/643
f 413/975/595 348/968/429 411/970/422
f 403/977/593 413/975/444 414/976/422
s 1
f 403/978/429 347/1109/444 346/979/430
s 0
f 398/929/644 346/1031/430 317/981/645
f 407/982/598 406/1107/429 408/965/422
f 337/777/646 350/779/338 415/983/647
f 350/985/601 332/1110/340 405/986/602
f 332/741/648 334/740/339 406/988/649
f 334/990/603 337/1111/355 409/991/604
f 326/993/607 328/1112/355 347/994/608
f 307/996/611 306/1113/340 398/997/612
f 306/760/648 331/759/339 403/999/649
f 331/1001/613 341/1114/355 413/1002/614
f 341/1004/646 307/751/338 399/1005/647
f 340/1007/613 333/1115/355 407/1008/615
f 333/1010/646 303/739/338 396/1011/647
f 303/1013/611 302/1116/340 349/1014/624
f 379/1016/422 385/1117/422 283/1017/650
f 395/911/651 312/917/431 281/919/652
f 282/863/653 285/933/444 318/1020/654
f 415/1022/505 405/962/431 311/964/655
f 402/1024/422 416/1118/422 415/1022/656
f 416/1025/422 410/1119/422 409/1026/657
f 392/1028/422 380/1120/422 316/1029/658
f 315/908/500 317/981/444 346/1031/659
o window_big002
v -22.411240 5.803944 15.136692
v -22.411240 4.693043 15.136692
v -22.326538 4.777744 15.136692
v -22.326538 5.719341 15.136692
v -20.750244 4.693043 15.136692
v -20.750244 4.777744 15.136692
v -15.211944 4.693043 15.136692
v -15.211944 5.803944 15.136692
v -15.296538 5.719341 15.136692
v -15.296538 4.777744 15.136692
v -16.853439 5.803944 15.136692
v -16.853439 5.719341 15.136692
v -20.682739 4.693043 15.136692
v -20.682739 4.777744 15.136692
v -20.750244 5.803944 15.136692
v -20.750244 5.719341 15.136692
v -16.928345 5.719341 15.136692
v -16.928345 4.777744 15.136692
v -16.853439 4.777744 15.136692
v -16.928345 5.803944 15.136692
v -16.853439 4.693043 15.136692
v -18.765533 4.693043 15.136692
v -16.928345 4.693043 15.136692
v -18.765533 4.777744 15.136692
v -18.765533 5.719341 15.136692
v -18.840332 5.719341 15.136692
v -18.840332 4.777744 15.136692
v -18.765533 5.803944 15.136692
v -18.840332 5.803944 15.136692
v -18.840332 4.693043 15.136692
v -20.682739 5.803944 15.136692
v -20.682739 5.719341 15.136692
v -16.853439 4.777744 15.082493
v -16.853439 5.719341 15.082493
v -16.928345 5.719341 15.082493
v -16.928345 4.777744 15.082493
v -18.765533 5.719341 15.082493
v -22.411240 3.577740 15.136692
v -22.411240 3.502942 15.136692
v -22.326538 3.502942 15.136692
v -22.326538 3.577740 15.136692
v -15.211944 3.577740 15.136692
v -15.211944 4.211643 15.136692
v -15.296538 4.127041 15.136692
v -15.296538 3.577740 15.136692
v -16.853439 4.211643 15.136692
v -16.853439 4.127041 15.136692
v -20.750244 4.211643 15.136692
v -22.411240 4.211643 15.136692
v -22.326538 4.127041 15.136692
v -20.750244 4.127041 15.136692
v -16.928345 4.127041 15.136692
v -16.928345 3.577740 15.136692
v -16.853439 3.577740 15.136692
v -16.928345 4.211643 15.136692
v -18.765533 3.502942 15.136692
v -16.928345 3.502942 15.136692
v -18.765533 3.577740 15.136692
v -18.765533 4.127041 15.136692
v -18.840332 4.127041 15.136692
v -18.840332 3.577740 15.136692
v -18.765533 4.211643 15.136692
v -18.840332 4.211643 15.136692
v -20.682739 4.211643 15.136692
v -20.682739 4.127041 15.136692
v -20.682739 3.502942 15.136692
v -18.840332 3.502942 15.136692
v -20.682739 3.577740 15.136692
v -20.750244 3.577740 15.136692
v -15.296538 4.127041 15.082493
v -15.296538 3.577740 15.082493
v -16.853439 4.127041 15.082493
v -16.853439 3.577740 15.082493
v -22.326538 3.577740 15.082493
v -22.326538 4.127041 15.082493
v -20.750244 4.127041 15.082493
v -20.750244 3.577740 15.082493
v -20.682739 4.127041 15.082493
v -18.840332 4.127041 15.082493
v -20.682739 3.577740 15.082493
v -18.840332 3.577740 15.082493
v -16.928345 3.577740 15.082493
v -18.765533 3.577740 15.082493
v -18.765533 4.127041 15.082493
v -22.411240 1.983742 15.136692
v -22.411240 1.905243 15.136692
v -22.326538 1.905243 15.136692
v -22.326538 1.983742 15.136692
v -15.211944 3.502942 15.136692
v -15.296538 3.502942 15.136692
v -16.853439 3.502942 15.136692
v -16.928345 1.983742 15.136692
v -16.853439 1.983742 15.136692
v -18.765533 1.905243 15.136692
v -16.928345 1.905243 15.136692
v -18.765533 1.983742 15.136692
v -18.840332 1.983742 15.136692
v -20.682739 1.905243 15.136692
v -18.840332 1.905243 15.136692
v -20.682739 1.983742 15.136692
v -20.750244 3.502942 15.136692
v -20.750244 1.983742 15.136692
v -16.853439 1.983742 15.082493
v -16.853439 3.502942 15.082493
v -15.296538 1.983742 15.136692
v -15.296538 1.983742 15.082493
v -22.326538 1.983742 15.082493
v -22.326538 3.502942 15.082493
v -20.750244 1.983742 15.082493
v -20.750244 3.502942 15.082493
v -20.682739 1.983742 15.082493
v -20.682739 3.502942 15.082493
v -16.928345 1.983742 15.082493
v -18.765533 1.983742 15.082493
v -16.928345 3.502942 15.082493
v -18.765533 3.502942 15.082493
v -22.411240 0.749142 15.136692
v -22.326538 0.833844 15.136692
v -20.750244 0.749142 15.136692
v -20.750244 0.833844 15.136692
v -15.211944 1.983742 15.136692
v -20.682739 0.749142 15.136692
v -20.682739 0.833844 15.136692
v -16.853439 1.905243 15.136692
v -16.928345 0.833844 15.136692
v -16.853439 0.833844 15.136692
v -16.853439 0.749142 15.136692
v -15.211944 0.749142 15.136692
v -15.296538 0.833844 15.136692
v -18.765533 0.749142 15.136692
v -16.928345 0.749142 15.136692
v -18.765533 0.833844 15.136692
v -18.840332 0.833844 15.136692
v -18.840332 0.749142 15.136692
v -20.750244 1.905243 15.136692
v -22.326538 0.833844 15.082493
v -22.326538 1.905243 15.082493
v -20.750244 1.905243 15.082493
v -20.750244 0.833844 15.082493
v -18.765533 0.833844 15.082493
v -18.765533 1.905243 15.082493
v -15.296538 1.905243 15.136692
v -15.211944 1.905243 15.136692
v -22.411240 5.803944 15.082493
v -22.326538 5.719341 15.082493
v -22.326538 4.777744 15.082493
v -22.411240 4.693043 15.082493
v -20.750244 4.777744 15.082493
v -20.750244 4.693043 15.082493
v -15.211944 4.693043 15.082493
v -15.296538 4.777744 15.082493
v -15.296538 5.719341 15.082493
v -15.211944 5.803944 15.082493
v -16.853439 5.803944 15.082493
v -20.682739 4.777744 15.082493
v -20.682739 4.693043 15.082493
v -20.750244 5.803944 15.082493
v -20.750244 5.719341 15.082493
v -16.928345 5.803944 15.082493
v -16.853439 4.693043 15.082493
v -18.765533 4.693043 15.082493
v -18.765533 4.777744 15.082493
v -16.928345 4.693043 15.082493
v -18.840332 4.777744 15.082493
v -18.840332 5.719341 15.082493
v -18.765533 5.803944 15.082493
v -18.840332 5.803944 15.082493
v -18.840332 4.693043 15.082493
v -20.682739 5.719341 15.082493
v -20.682739 5.803944 15.082493
v -22.411240 3.577740 15.082493
v -22.411240 3.502942 15.082493
v -15.211944 3.577740 15.082493
v -15.211944 4.211643 15.082493
v -16.853439 4.211643 15.082493
v -20.750244 4.211643 15.082493
v -22.411240 4.211643 15.082493
v -16.928345 4.127041 15.082493
v -16.928345 4.211643 15.082493
v -18.765533 4.211643 15.082493
v -18.840332 4.211643 15.082493
v -20.682739 4.211643 15.082493
v -18.840332 3.502942 15.082493
v -22.411240 1.983742 15.082493
v -22.411240 1.905243 15.082493
v -15.211944 3.502942 15.082493
v -15.296538 3.502942 15.082493
v -16.928345 1.905243 15.082493
v -18.840332 1.983742 15.082493
v -20.682739 1.905243 15.082493
v -18.840332 1.905243 15.082493
v -22.411240 0.749142 15.082493
v -20.750244 0.749142 15.082493
v -15.211944 1.983742 15.082493
v -20.682739 0.833844 15.082493
v -20.682739 0.749142 15.082493
v -16.853439 1.905243 15.082493
v -16.853439 0.833844 15.082493
v -16.928345 0.833844 15.082493
v -16.853439 0.749142 15.082493
v -15.296538 0.833844 15.082493
v -15.211944 0.749142 15.082493
v -18.765533 0.749142 15.082493
v -16.928345 0.749142 15.082493
v -18.840332 0.833844 15.082493
v -18.840332 0.749142 15.082493
v -15.296538 1.905243 15.082493
v -15.211944 1.905243 15.082493
vn -0.0000 -0.0000 1.0000
vn 0.4032 0.1384 0.9046
vn 0.3014 -0.3015 0.9046
vn 0.3142 0.2883 0.9045
vn -0.2810 0.3207 0.9046
vn -0.3143 -0.2882 0.9045
vn -0.1408 0.4025 0.9045
vn 0.1361 -0.4041 0.9045
vn -0.3015 -0.3015 0.9045
vn 0.3015 0.3015 0.9045
vn 0.3015 -0.3015 0.9045
vn 0.1512 -0.3987 0.9045
vn -0.1363 0.4040 0.9045
vn 0.3129 0.2897 0.9045
vn 0.1510 -0.3988 0.9045
vn -0.1509 0.3988 0.9045
vn -0.3128 -0.2898 0.9045
vn 0.3128 0.2897 0.9045
vn 0.1409 -0.4024 0.9045
vn -0.3129 -0.2897 0.9045
vn -0.1511 0.3987 0.9045
vn 0.3015 -0.0756 0.9505
vn 0.3015 -0.3395 -0.8910
vn -0.3015 0.0756 0.9505
vn -0.3015 0.3395 -0.8910
vn -0.3015 0.3015 0.9045
vn -0.0826 -0.3015 0.9499
vn -0.3211 -0.3015 -0.8978
vn 0.3988 0.1509 0.9045
vn -0.4014 -0.1441 0.9045
vn -0.3016 0.3015 0.9045
vn -0.2157 -0.3678 0.9045
vn 0.3116 0.2911 0.9045
vn 0.3115 0.2911 0.9045
vn -0.3015 0.0653 0.9512
vn -0.3015 0.3661 -0.8804
vn -0.0813 -0.3015 0.9500
vn -0.3246 -0.3015 -0.8965
vn 0.3015 -0.0653 0.9512
vn 0.3015 -0.3661 -0.8804
vn 0.0813 0.3015 0.9500
vn 0.3246 0.3015 -0.8965
vn -0.0814 -0.3015 0.9500
vn -0.3243 -0.3015 -0.8966
vn -0.3210 -0.3015 -0.8978
vn 0.0826 0.3015 0.9499
vn 0.3210 0.3015 -0.8978
vn 0.3211 0.3015 -0.8978
vn 0.3970 0.1557 0.9045
vn -0.3987 -0.1510 0.9045
vn -0.3940 0.1630 0.9045
vn 0.1633 -0.3939 0.9045
vn -0.2158 -0.3677 0.9045
vn 0.3121 0.2906 0.9045
vn -0.3940 0.1631 0.9045
vn 0.1632 -0.3939 0.9045
vn 0.3120 0.2906 0.9045
vn -0.3896 0.1732 0.9045
vn 0.1531 -0.3980 0.9045
vn 0.3015 -0.0811 0.9500
vn 0.3015 -0.3251 -0.8963
vn 0.0814 0.3015 0.9500
vn 0.3243 0.3015 -0.8966
vn -0.3015 0.0811 0.9500
vn -0.3015 0.3251 -0.8963
vn 0.4035 0.1381 0.9045
vn 0.3016 -0.3015 0.9045
vn -0.2872 0.3152 0.9045
vn -0.3920 0.1677 0.9045
vn 0.1586 -0.3958 0.9045
vn -0.3920 0.1679 0.9045
vn 0.1584 -0.3959 0.9045
vn -0.3875 0.1778 0.9045
vn 0.1483 -0.3998 0.9045
vn 0.3015 -0.0773 0.9503
vn 0.3015 -0.3349 -0.8927
vn -0.3015 0.0773 0.9503
vn -0.3015 0.3349 -0.8927
vn 0.4014 -0.1440 0.9045
vn 0.3016 0.3015 0.9045
vn 0.2162 0.3675 0.9045
vn -0.3133 -0.2892 0.9045
vn -0.2161 -0.3676 0.9045
vn 0.3132 0.2894 0.9045
vn 0.2163 0.3675 0.9045
vn -0.3139 -0.2886 0.9045
vn -0.1705 -0.3908 0.9045
vn -0.4035 0.1380 0.9045
vn -0.3016 -0.3015 0.9045
vn 0.3673 -0.2166 0.9045
vn -0.2163 -0.3675 0.9045
vn 0.3138 0.2887 0.9045
vn -0.0000 -0.0000 -1.0000
vn 0.2811 0.3206 -0.9045
vn 0.3142 0.2883 -0.9045
vn -0.2810 0.3207 -0.9045
vn -0.3143 -0.2881 -0.9045
vn -0.1407 0.4025 -0.9045
vn 0.3142 -0.2882 -0.9045
vn 0.3015 0.3015 -0.9045
vn -0.3015 -0.3015 -0.9045
vn 0.3015 -0.3015 -0.9045
vn 0.1511 -0.3987 -0.9045
vn -0.3142 0.2882 -0.9045
vn 0.3129 0.2897 -0.9045
vn 0.1510 -0.3988 -0.9045
vn -0.1509 0.3988 -0.9045
vn -0.3128 -0.2898 -0.9045
vn 0.3128 0.2897 -0.9045
vn 0.1408 -0.4025 -0.9045
vn -0.3129 -0.2897 -0.9045
vn -0.1510 0.3988 -0.9045
vn -0.3015 0.3395 0.8910
vn -0.3015 0.0756 -0.9505
vn -0.3015 0.3015 -0.9045
vn -0.3246 -0.3015 0.8965
vn -0.0813 -0.3015 -0.9500
vn 0.3246 0.3015 0.8965
vn 0.0813 0.3015 -0.9500
vn 0.3015 -0.3395 0.8910
vn 0.3015 -0.0756 -0.9505
vn 0.3243 0.3015 0.8966
vn 0.0814 0.3015 -0.9500
vn -0.3243 -0.3015 0.8966
vn -0.0814 -0.3015 -0.9500
vn -0.3210 -0.3015 0.8978
vn -0.0826 -0.3015 -0.9499
vn 0.3210 0.3015 0.8978
vn 0.0826 0.3015 -0.9499
vn 0.3211 0.3015 0.8978
vn 0.3988 0.1509 -0.9045
vn -0.2625 -0.3360 -0.9046
vn 0.3116 0.2911 -0.9045
vn -0.2157 -0.3678 -0.9045
vn 0.3115 0.2911 -0.9045
vn -0.3015 0.3661 0.8804
vn -0.3015 0.0653 -0.9512
vn -0.3211 -0.3015 0.8978
vn 0.3970 0.1556 -0.9045
vn -0.3988 -0.1510 -0.9045
vn 0.1633 -0.3939 -0.9045
vn -0.3940 0.1631 -0.9045
vn 0.3121 0.2906 -0.9045
vn -0.2158 -0.3677 -0.9045
vn 0.1631 -0.3940 -0.9045
vn -0.3939 0.1632 -0.9045
vn 0.3120 0.2906 -0.9045
vn 0.1530 -0.3980 -0.9045
vn -0.3896 0.1732 -0.9045
vn -0.3015 0.3251 0.8963
vn -0.3015 0.0811 -0.9500
vn 0.2819 0.3199 -0.9045
vn -0.2872 0.3152 -0.9045
vn 0.1585 -0.3958 -0.9045
vn -0.3920 0.1678 -0.9045
vn 0.1584 -0.3959 -0.9045
vn -0.3919 0.1679 -0.9045
vn 0.1482 -0.3998 -0.9045
vn -0.3875 0.1779 -0.9045
vn -0.3015 0.3349 0.8927
vn -0.3015 0.0773 -0.9503
vn 0.3015 -0.3349 0.8927
vn 0.3015 -0.0773 -0.9503
vn 0.4012 -0.1442 -0.9046
vn 0.3015 0.3015 -0.9046
vn -0.3133 -0.2892 -0.9045
vn 0.2162 0.3675 -0.9045
vn 0.3132 0.2894 -0.9045
vn -0.2161 -0.3676 -0.9045
vn -0.3139 -0.2886 -0.9045
vn 0.2163 0.3675 -0.9045
vn -0.1705 -0.3908 -0.9045
vn -0.4034 0.1381 -0.9045
vn 0.3673 -0.2166 -0.9045
vn 0.3138 0.2887 -0.9045
vn -0.2163 -0.3675 -0.9045
vn 0.2810 0.3207 0.9046
vn 0.1361 0.4041 0.9045
vn -0.3014 -0.3015 0.9046
vn -0.4032 0.1384 0.9046
vn -0.1361 -0.4041 0.9045
vn -0.3842 0.1850 0.9045
vn 0.3142 -0.2883 0.9045
vn 0.3888 -0.1750 0.9045
vn -0.3143 0.2881 0.9045
vn 0.2160 0.3676 0.9045
vn 0.3888 -0.1752 0.9045
vn -0.3887 0.1753 0.9045
vn -0.2160 -0.3676 0.9045
vn 0.3842 -0.1849 0.9045
vn -0.3888 0.1751 0.9045
vn 0.3015 0.3395 0.8910
vn 0.3015 0.0756 -0.9505
vn -0.3015 -0.3395 0.8910
vn -0.3015 -0.0756 -0.9505
vn 0.3211 -0.3015 0.8978
vn 0.0826 -0.3015 -0.9499
vn 0.1753 0.3887 0.9045
vn -0.2625 -0.3360 0.9045
vn -0.3116 -0.2911 0.9045
vn 0.2157 0.3678 0.9045
vn -0.3115 -0.2911 0.9045
vn -0.3015 -0.3661 0.8804
vn -0.3015 -0.0653 -0.9512
vn 0.3246 -0.3015 0.8965
vn 0.0813 -0.3015 -0.9500
vn 0.3015 0.3661 0.8804
vn 0.3015 0.0653 -0.9512
vn -0.3246 0.3015 0.8965
vn -0.0813 0.3015 -0.9500
vn 0.3243 -0.3015 0.8966
vn 0.0814 -0.3015 -0.9500
vn 0.3210 -0.3015 0.8978
vn -0.3210 0.3015 0.8978
vn -0.0826 0.3015 -0.9499
vn -0.3211 0.3015 0.8978
vn 0.1706 0.3908 0.9045
vn -0.1752 -0.3888 0.9045
vn -0.1633 0.3939 0.9045
vn 0.3940 -0.1630 0.9045
vn -0.3121 -0.2906 0.9045
vn 0.2158 0.3677 0.9045
vn -0.1632 0.3939 0.9045
vn 0.3940 -0.1631 0.9045
vn -0.3120 -0.2906 0.9045
vn -0.1531 0.3980 0.9045
vn 0.3896 -0.1732 0.9045
vn 0.3015 0.3251 0.8963
vn 0.3015 0.0811 -0.9500
vn -0.3243 0.3015 0.8966
vn -0.0814 0.3015 -0.9500
vn -0.3015 -0.3251 0.8963
vn -0.3015 -0.0811 -0.9500
vn 0.2819 0.3199 0.9045
vn -0.3673 0.2166 0.9045
vn -0.1586 0.3958 0.9045
vn 0.3920 -0.1677 0.9045
vn -0.1584 0.3959 0.9045
vn 0.3920 -0.1679 0.9045
vn -0.1483 0.3998 0.9045
vn 0.3875 -0.1778 0.9045
vn 0.3015 0.3349 0.8927
vn 0.3015 0.0773 -0.9503
vn -0.3015 -0.3349 0.8927
vn -0.3015 -0.0773 -0.9503
vn 0.2626 -0.3360 0.9045
vn 0.3133 0.2892 0.9045
vn -0.2162 -0.3675 0.9045
vn -0.3132 -0.2894 0.9045
vn 0.2161 0.3676 0.9045
vn 0.3139 0.2886 0.9045
vn -0.3969 -0.1558 0.9045
vn -0.2820 0.3199 0.9045
vn 0.2872 -0.3152 0.9045
vn -0.3138 -0.2887 0.9045
vn 0.4034 0.1382 -0.9045
vn 0.1361 0.4041 -0.9045
vn -0.4033 0.1384 -0.9045
vn -0.1362 -0.4041 -0.9045
vn -0.3841 0.1851 -0.9045
vn 0.1361 -0.4041 -0.9045
vn 0.3888 -0.1751 -0.9045
vn -0.1360 0.4041 -0.9045
vn 0.2160 0.3676 -0.9045
vn 0.3887 -0.1752 -0.9045
vn -0.3887 0.1753 -0.9045
vn -0.2160 -0.3676 -0.9045
vn 0.3842 -0.1850 -0.9045
vn -0.3887 0.1752 -0.9045
vn -0.3015 -0.0756 0.9505
vn -0.3015 -0.3395 -0.8910
vn 0.0813 -0.3015 0.9500
vn 0.3246 -0.3015 -0.8965
vn -0.0813 0.3015 0.9500
vn -0.3246 0.3015 -0.8965
vn 0.3015 0.0756 0.9505
vn 0.3015 0.3395 -0.8910
vn -0.0814 0.3015 0.9500
vn -0.3243 0.3015 -0.8966
vn 0.0814 -0.3015 0.9500
vn 0.3243 -0.3015 -0.8966
vn 0.0826 -0.3015 0.9499
vn 0.3210 -0.3015 -0.8978
vn -0.0826 0.3015 0.9499
vn -0.3210 0.3015 -0.8978
vn -0.3211 0.3015 -0.8978
vn 0.1753 0.3887 -0.9045
vn -0.3015 0.3015 -0.9046
vn -0.4013 -0.1441 -0.9046
vn 0.2157 0.3678 -0.9045
vn -0.3116 -0.2911 -0.9045
vn -0.3115 -0.2911 -0.9045
vn -0.3015 -0.0653 0.9512
vn -0.3015 -0.3661 -0.8804
vn 0.3211 -0.3015 -0.8978
vn 0.1707 0.3908 -0.9045
vn -0.1752 -0.3887 -0.9045
vn 0.3940 -0.1631 -0.9045
vn -0.1633 0.3939 -0.9045
vn 0.2158 0.3677 -0.9045
vn -0.3121 -0.2906 -0.9045
vn 0.3939 -0.1632 -0.9045
vn -0.1631 0.3940 -0.9045
vn -0.3120 -0.2906 -0.9045
vn 0.3896 -0.1732 -0.9045
vn -0.1530 0.3980 -0.9045
vn -0.3015 -0.0811 0.9500
vn -0.3015 -0.3251 -0.8963
vn -0.3673 0.2166 -0.9045
vn 0.3920 -0.1678 -0.9045
vn -0.1585 0.3958 -0.9045
vn 0.3919 -0.1679 -0.9045
vn -0.1584 0.3959 -0.9045
vn 0.3875 -0.1779 -0.9045
vn -0.1482 0.3998 -0.9045
vn -0.3015 -0.0773 0.9503
vn -0.3015 -0.3349 -0.8927
vn 0.3015 0.0773 0.9503
vn 0.3015 0.3349 -0.8927
vn 0.2624 -0.3360 -0.9046
vn -0.2162 -0.3675 -0.9045
vn 0.3133 0.2892 -0.9045
vn 0.2161 0.3676 -0.9045
vn -0.3132 -0.2894 -0.9045
vn 0.3139 0.2886 -0.9045
vn -0.3969 -0.1558 -0.9045
vn -0.2819 0.3199 -0.9045
vn 0.2872 -0.3152 -0.9045
vn -0.3138 -0.2887 -0.9045
vt 0.658300 0.492800
vt 0.522300 0.481600
vt 0.647000 0.481600
vt 0.240100 0.240100
vt 0.031200 0.251100
vt 0.020000 0.239900
vt 0.826800 0.415800
vt 0.690900 0.427000
vt 0.679600 0.415800
vt 0.756300 0.339000
vt 0.962600 0.328000
vt 0.973800 0.339300
vt 0.249000 0.240100
vt 0.240100 0.251300
vt 0.240100 0.339000
vt 0.031200 0.328000
vt 0.240100 0.327800
vt 0.804400 0.641800
vt 0.679600 0.631900
vt 0.804400 0.631900
vt 0.746400 0.339000
vt 0.756300 0.327800
vt 0.756300 0.240100
vt 0.962600 0.251100
vt 0.756300 0.251300
vt 0.746400 0.240100
vt 0.503000 0.251300
vt 0.503000 0.240100
vt 0.804400 0.594100
vt 0.679600 0.584200
vt 0.804400 0.584200
vt 0.493100 0.339100
vt 0.503000 0.327900
vt 0.503000 0.339100
vt 0.493100 0.251300
vt 0.493100 0.240100
vt 0.249000 0.339000
vt 0.493100 0.327900
vt 0.249000 0.251300
vt 0.804400 0.549200
vt 0.679600 0.540200
vt 0.804400 0.540200
vt 0.249000 0.327800
vt 0.746400 0.327800
vt 0.746400 0.251300
vt 0.804400 0.624700
vt 0.679600 0.649000
vt 0.679600 0.641800
vt 0.020000 0.606200
vt 0.263400 0.599000
vt 0.263400 0.606200
vt 0.020000 0.071300
vt 0.031200 0.081200
vt 0.020000 0.081200
vt 0.862900 0.379100
vt 0.935700 0.390400
vt 0.862900 0.390400
vt 0.756300 0.309700
vt 0.962600 0.298700
vt 0.973800 0.309900
vt 0.240100 0.309700
vt 0.031200 0.298700
vt 0.240100 0.298500
vt 0.323700 0.733400
vt 0.250900 0.723500
vt 0.323700 0.723500
vt 0.746400 0.309700
vt 0.756300 0.298500
vt 0.746400 0.071300
vt 0.503000 0.081200
vt 0.503000 0.071300
vt 0.323700 0.817700
vt 0.250900 0.807800
vt 0.323700 0.807800
vt 0.493100 0.309800
vt 0.503000 0.298600
vt 0.503000 0.309800
vt 0.249000 0.309700
vt 0.493100 0.298600
vt 0.493100 0.071300
vt 0.249000 0.081200
vt 0.249000 0.071300
vt 0.323700 0.776400
vt 0.250900 0.767400
vt 0.323700 0.767400
vt 0.249000 0.298500
vt 0.746400 0.298500
vt 0.862900 0.397500
vt 0.020000 0.892000
vt 0.226300 0.884900
vt 0.226300 0.892000
vt 0.323700 0.716300
vt 0.226300 0.928800
vt 0.020000 0.936000
vt 0.020000 0.928800
vt 0.247200 0.910400
vt 0.320000 0.903200
vt 0.320000 0.910400
vt 0.250900 0.783600
vt 0.250900 0.776400
vt 0.020000 0.870100
vt 0.228900 0.862900
vt 0.228900 0.870100
vt 0.020000 0.496300
vt 0.264100 0.489100
vt 0.264100 0.496300
vt 0.323700 0.760300
vt 0.264100 0.423100
vt 0.020000 0.430300
vt 0.020000 0.423100
vt 0.250900 0.824800
vt 0.250900 0.817700
vt 0.263400 0.665000
vt 0.020000 0.672200
vt 0.020000 0.665000
vt 0.323700 0.800600
vt 0.020000 0.097000
vt 0.031200 0.107400
vt 0.020000 0.107400
vt 0.973800 0.081200
vt 0.962600 0.071300
vt 0.973800 0.071300
vt 0.488800 0.513500
vt 0.287500 0.503600
vt 0.488800 0.503600
vt 0.746400 0.081200
vt 0.756400 0.071300
vt 0.756400 0.081200
vt 0.746400 0.097000
vt 0.503000 0.107400
vt 0.503000 0.097000
vt 0.488800 0.473200
vt 0.287500 0.463300
vt 0.488800 0.463300
vt 0.493100 0.081200
vt 0.493100 0.097000
vt 0.249000 0.107400
vt 0.249000 0.097000
vt 0.488800 0.431900
vt 0.287500 0.423000
vt 0.488800 0.423000
vt 0.240100 0.081200
vt 0.488800 0.496400
vt 0.721000 0.357200
vt 0.514700 0.364300
vt 0.514700 0.357200
vt 0.287500 0.573200
vt 0.488800 0.566000
vt 0.488800 0.573200
vt 0.228900 0.709000
vt 0.020000 0.716100
vt 0.020000 0.709000
vt 0.287500 0.439100
vt 0.287500 0.431900
vt 0.020000 0.826100
vt 0.228900 0.818900
vt 0.228900 0.826100
vt 0.488800 0.415800
vt 0.263400 0.621000
vt 0.020000 0.628200
vt 0.020000 0.621000
vt 0.287500 0.520700
vt 0.287500 0.513500
vt 0.020000 0.694200
vt 0.263400 0.687000
vt 0.263400 0.694200
vt 0.488800 0.456100
vt 0.840100 0.397500
vt 0.698200 0.386300
vt 0.840100 0.386300
vt 0.240100 0.269400
vt 0.031200 0.280400
vt 0.020000 0.269200
vt 0.488800 0.379100
vt 0.287500 0.390400
vt 0.287500 0.379100
vt 0.249000 0.269400
vt 0.240100 0.280600
vt 0.653000 0.627100
vt 0.511100 0.617200
vt 0.653000 0.617200
vt 0.746400 0.107400
vt 0.756400 0.097000
vt 0.756400 0.107400
vt 0.756300 0.269400
vt 0.962600 0.280400
vt 0.756300 0.280600
vt 0.746400 0.269400
vt 0.503000 0.280600
vt 0.503000 0.269400
vt 0.653000 0.667400
vt 0.511100 0.657500
vt 0.653000 0.657500
vt 0.493100 0.107400
vt 0.493100 0.280600
vt 0.493100 0.269400
vt 0.249000 0.280600
vt 0.653000 0.585800
vt 0.511100 0.576900
vt 0.653000 0.576900
vt 0.240100 0.107400
vt 0.746400 0.280600
vt 0.840100 0.379100
vt 0.511100 0.593000
vt 0.511100 0.585800
vt 0.020000 0.848100
vt 0.228900 0.840900
vt 0.228900 0.848100
vt 0.653000 0.650300
vt 0.247200 0.921600
vt 0.962600 0.081200
vt 0.240100 0.071300
vt 0.031200 0.071300
vt 0.962600 0.097000
vt 0.962600 0.107400
vt 0.973800 0.107400
vt 0.522300 0.390400
vt 0.664200 0.379100
vt 0.664200 0.390400
vt 0.287500 0.584400
vt 0.240100 0.097000
vt 0.031200 0.097000
vt 0.511100 0.522800
vt 0.647000 0.511100
vt 0.658300 0.522200
vt 0.031200 0.210800
vt 0.240100 0.221800
vt 0.020000 0.222000
vt 0.647000 0.551600
vt 0.511100 0.540400
vt 0.658200 0.540400
vt 0.962600 0.133800
vt 0.756300 0.122800
vt 0.973800 0.122600
vt 0.240100 0.210600
vt 0.249000 0.221800
vt 0.240100 0.122800
vt 0.031200 0.133800
vt 0.020000 0.122600
vt 0.372000 0.969200
vt 0.247200 0.979100
vt 0.247200 0.969200
vt 0.756300 0.134000
vt 0.746400 0.122800
vt 0.756300 0.221800
vt 0.962600 0.210800
vt 0.973800 0.222000
vt 0.503000 0.210600
vt 0.746400 0.221800
vt 0.503000 0.221800
vt 0.372000 0.939800
vt 0.247200 0.949800
vt 0.247200 0.939800
vt 0.503000 0.134000
vt 0.493100 0.122800
vt 0.503000 0.122800
vt 0.493100 0.210600
vt 0.493100 0.221800
vt 0.493100 0.134000
vt 0.249000 0.122800
vt 0.249000 0.210600
vt 0.800700 0.665000
vt 0.676000 0.673900
vt 0.676000 0.665000
vt 0.249000 0.134000
vt 0.746400 0.134000
vt 0.746400 0.210600
vt 0.815600 0.434200
vt 0.690900 0.434200
vt 0.948200 0.364300
vt 0.741900 0.357200
vt 0.948200 0.357200
vt 0.287500 0.357200
vt 0.493800 0.364300
vt 0.287500 0.364300
vt 0.522300 0.474400
vt 0.647000 0.474400
vt 0.020000 0.796900
vt 0.228900 0.804100
vt 0.020000 0.804100
vt 0.679600 0.549200
vt 0.804400 0.556300
vt 0.679600 0.556300
vt 0.228900 0.738100
vt 0.020000 0.731000
vt 0.228900 0.731000
vt 0.264100 0.452300
vt 0.020000 0.445100
vt 0.264100 0.445100
vt 0.679600 0.533100
vt 0.804400 0.533100
vt 0.020000 0.467100
vt 0.264100 0.474300
vt 0.020000 0.474300
vt 0.679600 0.594100
vt 0.804400 0.601300
vt 0.679600 0.601300
vt 0.020000 0.577000
vt 0.263400 0.584200
vt 0.020000 0.584200
vt 0.679600 0.577000
vt 0.804400 0.577000
vt 0.031200 0.020000
vt 0.020000 0.029900
vt 0.020000 0.020000
vt 0.334900 0.844900
vt 0.262000 0.855800
vt 0.250900 0.844600
vt 0.962600 0.192500
vt 0.756300 0.181500
vt 0.973800 0.181200
vt 0.240100 0.181500
vt 0.031200 0.192500
vt 0.020000 0.181200
vt 0.921000 0.415800
vt 0.848200 0.425700
vt 0.848200 0.415800
vt 0.756300 0.192700
vt 0.746400 0.181500
vt 0.503000 0.020000
vt 0.746400 0.029900
vt 0.503000 0.029900
vt 0.917300 0.445100
vt 0.844600 0.455000
vt 0.844600 0.445100
vt 0.503000 0.192600
vt 0.493100 0.181400
vt 0.503000 0.181400
vt 0.493100 0.192600
vt 0.249000 0.181500
vt 0.249000 0.020000
vt 0.493100 0.029900
vt 0.249000 0.029900
vt 0.411600 0.716300
vt 0.338800 0.725200
vt 0.338800 0.716300
vt 0.249000 0.192700
vt 0.746400 0.192700
vt 0.020000 0.752900
vt 0.228900 0.760100
vt 0.020000 0.760100
vt 0.250900 0.733400
vt 0.323700 0.740600
vt 0.250900 0.740600
vt 0.263400 0.562200
vt 0.020000 0.555000
vt 0.263400 0.555000
vt 0.031200 0.045700
vt 0.020000 0.056100
vt 0.020000 0.045700
vt 0.962600 0.029900
vt 0.973800 0.020000
vt 0.973800 0.029900
vt 0.488800 0.657700
vt 0.287500 0.667600
vt 0.287500 0.657700
vt 0.756400 0.029900
vt 0.746400 0.020000
vt 0.756400 0.020000
vt 0.503000 0.045700
vt 0.746400 0.056100
vt 0.503000 0.056100
vt 0.488800 0.683300
vt 0.287500 0.693200
vt 0.287500 0.683300
vt 0.493100 0.020000
vt 0.249000 0.045700
vt 0.493100 0.056100
vt 0.249000 0.056100
vt 0.488800 0.602700
vt 0.287500 0.611600
vt 0.287500 0.602700
vt 0.240100 0.020000
vt 0.488800 0.397500
vt 0.287500 0.397500
vt 0.226300 0.980000
vt 0.020000 0.972800
vt 0.226300 0.972800
vt 0.264100 0.408300
vt 0.020000 0.401100
vt 0.264100 0.401100
vt 0.020000 0.511100
vt 0.264100 0.518200
vt 0.020000 0.518200
vt 0.287500 0.473200
vt 0.488800 0.480400
vt 0.287500 0.480400
vt 0.511100 0.427000
vt 0.653100 0.416400
vt 0.664200 0.427700
vt 0.031200 0.152100
vt 0.240100 0.163100
vt 0.020000 0.163400
vt 0.488800 0.639600
vt 0.287500 0.628300
vt 0.488800 0.628300
vt 0.240100 0.151900
vt 0.249000 0.163100
vt 0.821600 0.481800
vt 0.679600 0.491700
vt 0.679600 0.481800
vt 0.756400 0.056100
vt 0.746400 0.045700
vt 0.756400 0.045700
vt 0.756300 0.163100
vt 0.962600 0.152100
vt 0.973800 0.163400
vt 0.503000 0.152000
vt 0.746400 0.163100
vt 0.503000 0.163200
vt 0.821600 0.507400
vt 0.679600 0.517300
vt 0.679600 0.507400
vt 0.493100 0.045700
vt 0.493100 0.152000
vt 0.493100 0.163200
vt 0.249000 0.151900
vt 0.821600 0.452400
vt 0.679600 0.461400
vt 0.679600 0.452400
vt 0.240100 0.045700
vt 0.746400 0.151900
vt 0.664200 0.397500
vt 0.522300 0.397500
vt 0.226300 0.914000
vt 0.020000 0.906900
vt 0.226300 0.906900
vt 0.511100 0.610000
vt 0.653000 0.610000
vt 0.020000 0.950800
vt 0.226300 0.958000
vt 0.020000 0.958000
vt 0.020000 0.774900
vt 0.228900 0.782100
vt 0.020000 0.782100
vt 0.264100 0.364300
vt 0.020000 0.357200
vt 0.264100 0.357200
vt 0.511100 0.569700
vt 0.653000 0.569700
vt 0.020000 0.379100
vt 0.264100 0.386300
vt 0.020000 0.386300
vt 0.511100 0.667400
vt 0.653000 0.674600
vt 0.511100 0.674600
vt 0.020000 0.643000
vt 0.263400 0.650200
vt 0.020000 0.650200
vt 0.511100 0.627100
vt 0.653000 0.634300
vt 0.511100 0.634300
vt 0.263400 0.540200
vt 0.020000 0.533100
vt 0.263400 0.533100
vt 0.331200 0.885100
vt 0.258400 0.874200
vt 0.331100 0.873900
vt 0.962600 0.020000
vt 0.240100 0.029900
vt 0.031200 0.029900
vt 0.962600 0.056100
vt 0.962600 0.045700
vt 0.973800 0.045700
vt 0.511100 0.445300
vt 0.653000 0.456300
vt 0.511100 0.456500
vt 0.488800 0.547900
vt 0.287500 0.536700
vt 0.488800 0.536700
vt 0.240100 0.056100
vt 0.031200 0.056100
vt 0.511100 0.492800
vt 0.815600 0.427000
vt 0.020000 0.339300
vt 0.973800 0.239900
vt 0.679600 0.624700
vt 0.804400 0.649000
vt 0.020000 0.599000
vt 0.946900 0.379100
vt 0.020000 0.309900
vt 0.935700 0.397500
vt 0.020000 0.884900
vt 0.250900 0.716300
vt 0.226300 0.936000
vt 0.247200 0.903200
vt 0.323700 0.783600
vt 0.020000 0.862900
vt 0.020000 0.489100
vt 0.250900 0.760300
vt 0.264100 0.430300
vt 0.323700 0.824800
vt 0.263400 0.672200
vt 0.250900 0.800600
vt 0.287500 0.496400
vt 0.721000 0.364300
vt 0.287500 0.566000
vt 0.228900 0.716100
vt 0.488800 0.439100
vt 0.020000 0.818900
vt 0.287500 0.415800
vt 0.263400 0.628200
vt 0.488800 0.520700
vt 0.020000 0.687000
vt 0.287500 0.456100
vt 0.687000 0.397500
vt 0.488800 0.390400
vt 0.973800 0.269200
vt 0.698200 0.379100
vt 0.653000 0.593000
vt 0.020000 0.840900
vt 0.511100 0.650300
vt 0.331200 0.921600
vt 0.973800 0.097000
vt 0.511100 0.379100
vt 0.488800 0.584400
vt 0.522200 0.511600
vt 0.522300 0.551600
vt 0.240100 0.134000
vt 0.372000 0.979100
vt 0.756300 0.210600
vt 0.372000 0.949800
vt 0.800700 0.673900
vt 0.741900 0.364300
vt 0.493800 0.357200
vt 0.228900 0.796900
vt 0.020000 0.738100
vt 0.020000 0.452300
vt 0.264100 0.467100
vt 0.263400 0.577000
vt 0.334800 0.856100
vt 0.240100 0.192700
vt 0.921000 0.425700
vt 0.917300 0.455000
vt 0.411600 0.725200
vt 0.228900 0.752900
vt 0.020000 0.562200
vt 0.488800 0.667600
vt 0.488800 0.693200
vt 0.488800 0.611600
vt 0.020000 0.980000
vt 0.020000 0.408300
vt 0.264100 0.511100
vt 0.511100 0.415800
vt 0.287500 0.639600
vt 0.821600 0.491700
vt 0.756300 0.151900
vt 0.821600 0.517300
vt 0.821600 0.461400
vt 0.020000 0.914000
vt 0.226300 0.950800
vt 0.228900 0.774900
vt 0.020000 0.364300
vt 0.264100 0.379100
vt 0.263400 0.643000
vt 0.020000 0.540200
vt 0.247200 0.885500
vt 0.973800 0.056100
vt 0.664200 0.445100
vt 0.287500 0.547900
s 0
f 417/1121/660 419/1122/661 420/1123/662
f 421/1124/660 419/1125/663 418/1126/660
f 424/1127/660 426/1128/664 423/1129/660
f 427/1130/660 425/1131/665 424/1132/660
f 429/1133/660 422/1134/666 421/1124/660
f 431/1135/660 420/1136/667 432/1137/668
s 1
f 433/1138/668 435/1139/669 428/1140/670
s 0
f 436/1141/660 428/1142/671 427/1130/660
f 437/1143/660 426/1144/672 435/1145/669
f 439/1146/660 440/1147/673 438/1148/660
s 1
f 442/1149/668 440/1150/669 441/1151/670
s 0
f 445/1152/660 441/1153/674 444/1154/660
f 438/1148/660 443/1155/675 446/1156/660
f 447/1157/660 442/1158/676 445/1152/660
f 446/1156/660 430/1159/677 429/1133/660
s 1
f 432/1160/668 430/1161/669 448/1162/670
s 0
f 431/1135/660 448/1163/678 447/1157/660
f 444/1154/660 433/1164/679 436/1141/660
f 437/1143/660 434/1165/680 439/1146/660
f 435/1139/681 450/1166/682 428/1140/670
f 433/1138/683 452/1167/684 434/1168/685
f 441/1169/686 451/1170/687 433/1171/668
f 455/1172/660 457/1173/688 454/1174/660
f 458/1175/660 460/1176/689 461/1177/690
f 462/1178/660 460/1179/665 459/1180/660
f 464/1181/660 466/1182/667 467/1183/668
s 1
f 468/1184/668 470/1185/669 463/1186/670
s 0
f 471/1187/660 463/1188/671 462/1178/660
f 473/1189/691 474/1190/692 472/1191/670
s 1
f 476/1192/668 474/1193/669 475/1194/670
s 0
f 479/1195/660 475/1196/674 478/1197/660
f 480/1198/660 476/1199/676 479/1195/660
f 483/1200/691 484/1201/693 482/1202/670
s 1
f 467/1203/668 484/1204/669 481/1205/670
s 0
f 464/1181/660 481/1206/678 480/1198/660
f 478/1197/660 468/1207/679 471/1187/660
f 460/1176/694 487/1208/695 461/1177/685
f 463/1209/696 486/1210/697 460/1211/668
f 470/1185/698 488/1212/699 463/1186/670
f 461/1213/700 489/1214/701 470/1215/669
f 457/1216/698 491/1217/699 466/1218/670
f 467/1203/694 493/1219/695 485/1220/685
f 466/1221/702 492/1222/703 467/1223/668
f 481/1224/686 495/1225/704 476/1226/668
f 484/1204/698 494/1227/699 481/1205/670
f 477/1228/705 496/1229/706 484/1230/669
f 476/1192/694 497/1231/695 477/1232/685
f 469/1233/705 499/1234/707 474/1235/669
f 474/1193/698 500/1236/699 475/1194/670
f 502/1237/660 504/1238/708 501/1239/660
f 458/1240/660 506/1241/709 505/1242/660
s 1
f 473/1243/668 509/1244/669 507/1245/670
s 0
f 469/1246/710 507/1247/711 470/1248/669
f 511/1249/712 512/1250/713 510/1251/670
s 1
f 483/1252/668 512/1253/669 472/1254/670
s 0
f 477/1255/714 472/1191/715 474/1190/669
f 515/1256/712 516/1257/716 514/1258/670
s 1
f 517/1259/668 516/1260/669 482/1261/670
s 0
f 485/1262/717 482/1202/718 484/1201/669
f 509/1244/719 520/1263/720 507/1245/670
f 521/1264/700 519/1265/701 509/1266/669
f 504/1267/719 524/1268/720 456/1269/670
f 518/1270/721 523/1271/722 504/1272/669
f 517/1259/723 525/1273/724 518/1274/685
f 456/1275/702 526/1276/703 517/1277/668
f 516/1260/719 528/1278/720 482/1261/670
f 508/1279/705 530/1280/707 512/1281/669
f 473/1243/723 529/1282/724 508/1283/685
f 472/1284/686 531/1285/687 473/1286/668
f 512/1253/719 532/1287/720 472/1254/670
f 502/1288/660 534/1289/725 503/1290/726
f 535/1291/660 534/1292/663 533/1293/660
f 505/1294/660 521/1295/727 537/1296/660
f 538/1297/660 536/1298/666 535/1291/660
s 1
f 511/1299/668 542/1300/669 540/1301/670
s 0
f 508/1302/728 540/1303/729 509/1304/669
f 543/1305/660 545/1306/672 542/1307/669
f 547/1308/660 548/1309/673 546/1310/660
s 1
f 515/1311/668 548/1312/669 510/1313/670
s 0
f 513/1314/730 510/1251/731 512/1250/669
f 546/1310/660 549/1315/675 550/1316/660
f 550/1316/660 539/1317/677 538/1297/660
s 1
f 551/1318/668 539/1319/669 514/1320/670
s 0
f 518/1321/732 514/1258/733 516/1257/669
f 543/1305/660 541/1322/680 547/1308/660
f 534/1289/734 553/1323/735 503/1290/670
f 551/1318/736 555/1324/737 536/1325/685
f 503/1326/702 554/1327/703 551/1328/668
f 548/1312/734 557/1329/735 510/1313/670
f 466/1218/738 454/1330/660 457/1216/739
f 470/1248/740 506/1241/741 461/1331/685
f 517/1332/742 457/1173/743 456/1333/670
f 509/1304/744 558/1334/745 521/1335/685
f 558/1334/746 537/1336/660 521/1335/685
f 545/1337/747 559/1338/660 558/1339/748
f 456/1269/749 501/1340/660 504/1267/669
f 551/1341/750 504/1238/751 503/1342/670
f 560/1343/752 562/1344/753 563/1345/752
f 562/1346/754 565/1347/752 563/1348/752
f 567/1349/755 569/1350/752 566/1351/752
f 568/1352/756 570/1353/752 569/1354/752
f 564/1355/757 572/1356/752 565/1347/752
f 573/1357/752 561/1358/758 560/1359/752
s 1
f 449/1360/759 451/1361/760 450/1362/761
s 0
f 450/1363/762 575/1364/752 570/1353/752
f 576/1365/752 567/1366/763 566/1367/752
f 578/1368/764 579/1369/752 577/1370/752
s 1
f 578/1371/759 581/1372/760 453/1373/761
s 0
f 453/1374/765 583/1375/752 582/1376/752
f 580/1377/766 577/1370/752 584/1378/752
f 581/1379/767 586/1380/752 583/1375/752
f 571/1381/768 584/1378/752 572/1356/752
s 1
f 571/1382/759 574/1383/760 585/1384/761
s 0
f 585/1385/769 573/1357/752 586/1380/752
f 451/1386/770 582/1376/752 575/1364/752
f 452/1387/771 576/1365/752 579/1369/752
f 426/1128/772 568/1388/773 567/1389/774
f 425/1390/775 450/1391/776 568/1392/760
f 435/1393/777 567/1394/778 449/1395/759
f 420/1123/779 562/1396/780 561/1397/761
f 419/1398/781 564/1399/782 562/1400/759
f 422/1401/772 574/1402/773 564/1403/774
f 432/1404/783 561/1405/784 574/1406/760
f 442/1407/785 585/1408/786 581/1409/760
f 448/1162/779 571/1410/780 585/1411/761
f 430/1412/787 580/1413/788 571/1414/759
f 443/1415/772 581/1416/773 580/1417/774
f 440/1418/789 452/1419/788 578/1420/759
f 441/1151/779 578/1421/780 453/1422/761
f 490/1423/790 588/1424/752 587/1425/752
f 589/1426/752 486/1427/791 590/1428/752
f 486/1429/756 591/1430/752 590/1431/752
f 592/1432/752 491/1433/758 593/1434/752
s 1
f 489/1435/759 594/1436/760 488/1437/761
s 0
f 488/1438/762 595/1439/752 591/1430/752
f 499/1440/792 531/1441/793 532/1442/761
s 1
f 499/1443/759 495/1444/760 500/1445/761
s 0
f 500/1446/765 597/1447/752 596/1448/752
f 495/1449/767 598/1450/752 597/1447/752
f 496/1451/794 599/1452/793 528/1453/761
s 1
f 496/1454/759 492/1455/760 494/1456/761
s 0
f 494/1457/769 592/1432/752 598/1450/752
f 594/1458/770 596/1448/752 595/1439/752
f 457/1459/781 493/1460/782 490/1461/759
f 469/1462/795 594/1463/796 498/1464/774
f 468/1465/797 500/1466/786 594/1467/760
f 523/1468/798 601/1469/752 600/1470/752
f 603/1471/799 589/1472/752 602/1473/752
s 1
f 519/1474/759 531/1475/760 520/1476/761
s 0
f 520/1477/800 498/1478/801 489/1479/759
f 530/1480/802 604/1481/803 557/1482/761
s 1
f 530/1483/759 599/1484/760 532/1485/761
s 0
f 532/1442/804 497/1486/805 499/1440/759
f 527/1487/806 607/1488/803 606/1489/761
s 1
f 527/1490/759 526/1491/760 528/1492/761
s 0
f 528/1453/807 493/1493/808 496/1451/759
f 521/1295/809 603/1494/810 522/1495/774
f 506/1496/775 520/1497/776 603/1498/760
f 483/1499/785 528/1500/786 599/1501/760
f 516/1502/787 605/1503/788 527/1504/759
f 513/1505/809 599/1506/810 605/1507/774
f 601/1508/752 552/1509/811 608/1510/752
f 552/1511/754 609/1512/752 608/1513/752
f 522/1514/812 602/1515/752 610/1516/752
f 555/1517/757 612/1518/752 609/1512/752
s 1
f 614/1519/759 604/1520/760 613/1521/761
s 0
f 613/1522/813 529/1523/814 519/1524/759
f 616/1525/752 617/1526/763 618/1527/752
f 556/1528/764 620/1529/752 619/1530/752
s 1
f 556/1531/759 607/1532/760 557/1533/761
s 0
f 557/1482/815 605/1534/816 530/1480/759
f 621/1535/766 619/1530/752 622/1536/752
f 611/1537/768 622/1536/752 612/1518/752
s 1
f 611/1538/759 554/1539/760 606/1540/761
s 0
f 606/1489/817 525/1541/818 527/1487/759
f 615/1542/771 616/1525/752 620/1529/752
f 545/1337/819 623/1543/820 617/1544/774
f 558/1545/775 613/1546/776 623/1547/760
f 540/1301/821 614/1548/822 613/1549/761
f 542/1550/777 617/1551/778 614/1552/759
f 534/1553/781 555/1554/782 552/1555/759
f 515/1556/785 606/1557/786 607/1558/760
f 514/1320/821 611/1559/822 606/1560/761
f 539/1561/787 621/1562/788 611/1563/759
f 549/1564/819 607/1565/820 621/1566/774
f 548/1567/789 615/1568/788 556/1569/759
f 541/1570/819 604/1571/820 615/1572/774
f 511/1573/797 557/1574/786 604/1575/760
f 587/1576/752 491/1577/823 490/1578/824
f 603/1471/825 489/1479/826 487/1579/774
f 490/1423/827 526/1580/828 524/1581/761
f 623/1582/829 519/1524/830 522/1583/774
f 610/1584/752 623/1582/831 522/1583/774
f 624/1585/752 617/1586/832 623/1587/760
f 600/1588/752 524/1589/833 523/1590/759
f 523/1468/834 554/1591/835 553/1592/761
f 417/1121/660 418/1593/660 419/1122/836
f 421/1124/660 422/1134/685 419/1125/837
f 424/1127/660 425/1594/838 426/1128/839
f 427/1130/660 428/1142/670 425/1131/840
f 429/1133/660 430/1159/669 422/1134/841
f 431/1135/660 417/1595/660 420/1136/842
s 1
f 433/1138/668 434/1168/685 435/1139/669
s 0
f 436/1141/660 433/1164/668 428/1142/843
f 437/1143/660 423/1596/660 426/1144/844
f 439/1146/660 434/1165/685 440/1147/845
s 1
f 442/1149/668 443/1415/685 440/1150/669
s 0
f 445/1152/660 442/1158/668 441/1153/846
f 438/1148/660 440/1147/669 443/1155/847
f 447/1157/660 448/1163/670 442/1158/848
f 446/1156/660 443/1155/685 430/1159/845
s 1
f 432/1160/668 422/1401/685 430/1161/669
s 0
f 431/1135/660 432/1137/668 448/1163/849
f 444/1154/660 441/1153/670 433/1164/848
f 437/1143/660 435/1145/669 434/1165/850
f 435/1139/851 449/1597/759 450/1166/852
f 433/1138/853 451/1598/760 452/1167/854
f 441/1169/855 453/1599/761 451/1170/856
f 455/1172/660 456/1333/670 457/1173/857
f 458/1175/660 459/1600/660 460/1176/858
f 462/1178/660 463/1188/670 460/1179/840
f 464/1181/660 465/1601/660 466/1182/842
s 1
f 468/1184/668 469/1462/685 470/1185/669
s 0
f 471/1187/660 468/1207/668 463/1188/843
f 473/1189/859 469/1246/685 474/1190/860
s 1
f 476/1192/668 477/1232/685 474/1193/669
s 0
f 479/1195/660 476/1199/668 475/1196/846
f 480/1198/660 481/1206/670 476/1199/848
f 483/1200/861 477/1255/685 484/1201/860
s 1
f 467/1203/668 485/1220/685 484/1204/669
s 0
f 464/1181/660 467/1183/668 481/1206/849
f 478/1197/660 475/1196/670 468/1207/848
f 460/1176/862 486/1602/760 487/1208/863
f 463/1209/864 488/1603/761 486/1210/865
f 470/1185/866 489/1604/759 488/1212/867
f 461/1213/868 487/1605/774 489/1214/869
f 457/1216/866 490/1606/759 491/1217/867
f 467/1203/862 492/1607/760 493/1219/863
f 466/1221/870 491/1608/761 492/1222/871
f 481/1224/872 494/1609/761 495/1225/856
f 484/1204/866 496/1610/759 494/1227/867
f 477/1228/873 497/1611/774 496/1229/874
f 476/1192/862 495/1612/760 497/1231/863
f 469/1233/875 498/1613/774 499/1234/874
f 474/1193/866 499/1614/759 500/1236/867
f 502/1237/660 503/1342/670 504/1238/876
f 458/1240/660 461/1331/685 506/1241/877
s 1
f 473/1243/668 508/1283/685 509/1244/669
s 0
f 469/1246/878 473/1189/668 507/1247/879
f 511/1249/880 508/1302/685 512/1250/881
s 1
f 483/1252/668 513/1505/685 512/1253/669
s 0
f 477/1255/882 483/1200/668 472/1191/883
f 515/1256/884 513/1314/685 516/1257/881
s 1
f 517/1259/668 518/1274/685 516/1260/669
s 0
f 485/1262/885 517/1332/668 482/1202/886
f 509/1244/887 519/1615/759 520/1263/888
f 521/1264/868 522/1616/774 519/1265/869
f 504/1267/887 523/1617/759 524/1268/888
f 518/1270/889 525/1618/774 523/1271/890
f 517/1259/891 526/1619/760 525/1273/892
f 456/1275/870 524/1620/761 526/1276/871
f 516/1260/887 527/1621/759 528/1278/888
f 508/1279/875 529/1622/774 530/1280/874
f 473/1243/891 531/1623/760 529/1282/892
f 472/1284/855 532/1624/761 531/1285/856
f 512/1253/887 530/1625/759 532/1287/888
f 502/1288/660 533/1626/660 534/1289/893
f 535/1291/660 536/1298/685 534/1292/837
f 505/1294/660 506/1627/668 521/1295/894
f 538/1297/660 539/1317/669 536/1298/841
s 1
f 511/1299/668 541/1570/685 542/1300/669
s 0
f 508/1302/895 511/1249/668 540/1303/896
f 543/1305/660 544/1628/660 545/1306/844
f 547/1308/660 541/1322/685 548/1309/845
s 1
f 515/1311/668 549/1564/685 548/1312/669
s 0
f 513/1314/897 515/1256/668 510/1251/898
f 546/1310/660 548/1309/669 549/1315/847
f 550/1316/660 549/1315/685 539/1317/845
s 1
f 551/1318/668 536/1325/685 539/1319/669
s 0
f 518/1321/899 551/1341/668 514/1258/900
f 543/1305/660 542/1307/669 541/1322/850
f 534/1289/901 552/1629/759 553/1323/902
f 551/1318/903 554/1630/760 555/1324/904
f 503/1326/870 553/1631/761 554/1327/871
f 548/1312/901 556/1632/759 557/1329/902
f 466/1218/905 465/1633/660 454/1330/660
f 470/1248/906 507/1247/670 506/1241/907
f 517/1332/908 485/1262/685 457/1173/909
f 509/1304/910 540/1303/670 558/1334/750
f 558/1334/911 559/1634/660 537/1336/660
f 545/1337/912 544/1635/660 559/1338/660
f 456/1269/913 455/1636/660 501/1340/660
f 551/1341/914 518/1321/685 504/1238/744
f 560/1343/752 561/1637/761 562/1344/915
f 562/1346/916 564/1355/774 565/1347/752
f 567/1349/917 568/1638/760 569/1350/752
f 568/1352/918 450/1363/761 570/1353/752
f 564/1355/919 571/1381/759 572/1356/752
f 573/1357/752 574/1639/760 561/1358/920
s 1
f 449/1360/759 452/1640/774 451/1361/760
s 0
f 450/1363/921 451/1386/760 575/1364/752
f 576/1365/752 449/1641/759 567/1366/922
f 578/1368/923 452/1387/774 579/1369/752
s 1
f 578/1371/759 580/1642/774 581/1372/760
s 0
f 453/1374/924 581/1379/760 583/1375/752
f 580/1377/925 578/1368/759 577/1370/752
f 581/1379/926 585/1385/761 586/1380/752
f 571/1381/923 580/1377/774 584/1378/752
s 1
f 571/1382/759 564/1643/774 574/1383/760
s 0
f 585/1385/927 574/1639/760 573/1357/752
f 451/1386/926 453/1374/761 582/1376/752
f 452/1387/928 449/1641/759 576/1365/752
f 426/1128/929 425/1594/668 568/1388/930
f 425/1390/931 428/1644/670 450/1391/932
f 435/1393/933 426/1645/685 567/1394/934
f 420/1123/935 419/1122/669 562/1396/936
f 419/1398/937 422/1646/685 564/1399/938
f 422/1401/929 432/1160/668 574/1402/930
f 432/1404/939 420/1647/670 561/1405/940
f 442/1407/941 448/1648/670 585/1408/942
f 448/1162/935 430/1161/669 571/1410/936
f 430/1412/943 443/1649/685 580/1413/944
f 443/1415/929 442/1149/668 581/1416/930
f 440/1418/943 434/1650/685 452/1419/945
f 441/1151/935 440/1150/669 578/1421/936
f 490/1423/946 524/1581/761 588/1424/752
f 589/1426/752 487/1651/947 486/1427/948
f 486/1429/918 488/1438/761 591/1430/752
f 592/1432/752 492/1652/760 491/1433/920
s 1
f 489/1435/759 498/1653/774 594/1436/760
s 0
f 488/1438/921 594/1458/760 595/1439/752
f 499/1440/949 498/1478/774 531/1441/950
s 1
f 499/1443/759 497/1654/774 495/1444/760
s 0
f 500/1446/924 495/1449/760 597/1447/752
f 495/1449/926 494/1457/761 598/1450/752
f 496/1451/949 497/1486/774 599/1452/951
s 1
f 496/1454/759 493/1655/774 492/1455/760
s 0
f 494/1457/927 492/1652/760 592/1432/752
f 594/1458/926 500/1446/761 596/1448/752
f 457/1459/937 485/1656/685 493/1460/938
f 469/1462/952 468/1184/668 594/1463/953
f 468/1465/941 475/1657/670 500/1466/954
f 523/1468/955 553/1592/761 601/1469/752
f 603/1471/956 487/1579/774 589/1472/752
s 1
f 519/1474/759 529/1658/774 531/1475/760
s 0
f 520/1477/957 531/1441/760 498/1478/958
f 530/1480/959 529/1523/774 604/1481/960
s 1
f 530/1483/759 605/1659/774 599/1484/760
s 0
f 532/1442/961 599/1452/760 497/1486/962
f 527/1487/959 605/1534/774 607/1488/963
s 1
f 527/1490/759 525/1660/774 526/1491/760
s 0
f 528/1453/964 526/1580/760 493/1493/965
f 521/1295/966 506/1627/668 603/1494/967
f 506/1496/931 507/1661/670 520/1497/932
f 483/1499/941 482/1662/670 528/1500/942
f 516/1502/943 513/1663/685 605/1503/944
f 513/1505/966 483/1252/668 599/1506/967
f 601/1508/752 553/1664/761 552/1509/915
f 552/1511/916 555/1517/774 609/1512/752
f 522/1514/968 603/1665/760 602/1515/752
f 555/1517/919 611/1537/759 612/1518/752
s 1
f 614/1519/759 615/1666/774 604/1520/760
s 0
f 613/1522/969 604/1481/760 529/1523/970
f 616/1525/752 614/1667/759 617/1526/922
f 556/1528/923 615/1542/774 620/1529/752
s 1
f 556/1531/759 621/1668/774 607/1532/760
s 0
f 557/1482/971 607/1488/760 605/1534/972
f 621/1535/925 556/1528/759 619/1530/752
f 611/1537/923 621/1535/774 622/1536/752
s 1
f 611/1538/759 555/1669/774 554/1539/760
s 0
f 606/1489/973 554/1591/760 525/1541/974
f 615/1542/928 614/1667/759 616/1525/752
f 545/1337/975 558/1339/668 623/1543/976
f 558/1545/931 540/1670/670 613/1546/932
f 540/1301/977 542/1300/669 614/1548/978
f 542/1550/933 545/1671/685 617/1551/934
f 534/1553/937 536/1672/685 555/1554/938
f 515/1556/941 514/1673/670 606/1557/942
f 514/1320/977 539/1319/669 611/1559/978
f 539/1561/943 549/1674/685 621/1562/944
f 549/1564/975 515/1311/668 607/1565/976
f 548/1567/943 541/1675/685 615/1568/945
f 541/1570/975 511/1299/668 604/1571/976
f 511/1573/941 510/1676/670 557/1574/954
f 587/1576/752 593/1677/752 491/1577/979
f 603/1471/980 520/1477/761 489/1479/981
f 490/1423/982 493/1493/774 526/1580/983
f 623/1582/835 613/1522/761 519/1524/984
f 610/1584/752 624/1678/752 623/1582/985
f 624/1585/752 618/1679/752 617/1586/986
f 600/1588/752 588/1680/752 524/1589/987
f 523/1468/830 525/1541/774 554/1591/988
o window_big003
v -14.764632 5.803944 15.136692
v -14.764632 4.693043 15.136692
v -14.680037 4.777744 15.136692
v -14.680037 5.719341 15.136692
v -13.103637 4.693043 15.136692
v -13.103637 4.777744 15.136692
v -7.565337 4.693043 15.136692
v -7.565337 5.803944 15.136692
v -7.649932 5.719341 15.136692
v -7.649932 4.777744 15.136692
v -9.206832 5.803944 15.136692
v -9.206832 5.719341 15.136692
v -13.036239 4.693043 15.136692
v -13.036239 4.777744 15.136692
v -13.103637 5.803944 15.136692
v -13.103637 5.719341 15.136692
v -9.281829 5.719341 15.136692
v -9.281829 4.777744 15.136692
v -9.206832 4.777744 15.136692
v -9.281829 5.803944 15.136692
v -9.206832 4.693043 15.136692
v -11.118941 4.693043 15.136692
v -9.281829 4.693043 15.136692
v -11.118941 4.777744 15.136692
v -11.118941 5.719341 15.136692
v -11.193740 5.719341 15.136692
v -11.193740 4.777744 15.136692
v -11.118941 5.803944 15.136692
v -11.193740 5.803944 15.136692
v -11.193740 4.693043 15.136692
v -13.036239 5.803944 15.136692
v -13.036239 5.719341 15.136692
v -9.206832 4.777744 15.082493
v -9.206832 5.719341 15.082493
v -9.281829 5.719341 15.082493
v -9.281829 4.777744 15.082493
v -11.118941 5.719341 15.082493
v -14.764632 3.577740 15.136692
v -14.764632 3.502942 15.136692
v -14.680037 3.502942 15.136692
v -14.680037 3.577740 15.136692
v -7.565337 3.577740 15.136692
v -7.565337 4.211643 15.136692
v -7.649932 4.127041 15.136692
v -7.649932 3.577740 15.136692
v -9.206832 4.211643 15.136692
v -9.206832 4.127041 15.136692
v -13.103637 4.211643 15.136692
v -14.764632 4.211643 15.136692
v -14.680037 4.127041 15.136692
v -13.103637 4.127041 15.136692
v -9.281829 4.127041 15.136692
v -9.281829 3.577740 15.136692
v -9.206832 3.577740 15.136692
v -9.281829 4.211643 15.136692
v -11.118941 3.502942 15.136692
v -9.281829 3.502942 15.136692
v -11.118941 3.577740 15.136692
v -11.118941 4.127041 15.136692
v -11.193740 4.127041 15.136692
v -11.193740 3.577740 15.136692
v -11.118941 4.211643 15.136692
v -11.193740 4.211643 15.136692
v -13.036239 4.211643 15.136692
v -13.036239 4.127041 15.136692
v -13.036239 3.502942 15.136692
v -11.193740 3.502942 15.136692
v -13.036239 3.577740 15.136692
v -13.103637 3.577740 15.136692
v -7.649932 4.127041 15.082493
v -7.649932 3.577740 15.082493
v -9.206832 4.127041 15.082493
v -9.206832 3.577740 15.082493
v -14.680037 3.577740 15.082493
v -14.680037 4.127041 15.082493
v -13.103637 4.127041 15.082493
v -13.103637 3.577740 15.082493
v -13.036239 4.127041 15.082493
v -11.193740 4.127041 15.082493
v -13.036239 3.577740 15.082493
v -11.193740 3.577740 15.082493
v -9.281829 3.577740 15.082493
v -11.118941 3.577740 15.082493
v -11.118941 4.127041 15.082493
v -14.764632 1.983742 15.136692
v -14.764632 1.905243 15.136692
v -14.680037 1.905243 15.136692
v -14.680037 1.983742 15.136692
v -7.565337 3.502942 15.136692
v -7.649932 3.502942 15.136692
v -9.206832 3.502942 15.136692
v -9.281829 1.983742 15.136692
v -9.206832 1.983742 15.136692
v -11.118941 1.905243 15.136692
v -9.281829 1.905243 15.136692
v -11.118941 1.983742 15.136692
v -11.193740 1.983742 15.136692
v -13.036239 1.905243 15.136692
v -11.193740 1.905243 15.136692
v -13.036239 1.983742 15.136692
v -13.103637 3.502942 15.136692
v -13.103637 1.983742 15.136692
v -9.206832 1.983742 15.082493
v -9.206832 3.502942 15.082493
v -7.649932 1.983742 15.136692
v -7.649932 1.983742 15.082493
v -14.680037 1.983742 15.082493
v -14.680037 3.502942 15.082493
v -13.103637 1.983742 15.082493
v -13.103637 3.502942 15.082493
v -13.036239 1.983742 15.082493
v -13.036239 3.502942 15.082493
v -9.281829 1.983742 15.082493
v -11.118941 1.983742 15.082493
v -9.281829 3.502942 15.082493
v -11.118941 3.502942 15.082493
v -14.764632 0.749142 15.136692
v -14.680037 0.833844 15.136692
v -13.103637 0.749142 15.136692
v -13.103637 0.833844 15.136692
v -7.565337 1.983742 15.136692
v -13.036239 0.749142 15.136692
v -13.036239 0.833844 15.136692
v -9.206832 1.905243 15.136692
v -9.281829 0.833844 15.136692
v -9.206832 0.833844 15.136692
v -9.206832 0.749142 15.136692
v -7.565337 0.749142 15.136692
v -7.649932 0.833844 15.136692
v -11.118941 0.749142 15.136692
v -9.281829 0.749142 15.136692
v -11.118941 0.833844 15.136692
v -11.193740 0.833844 15.136692
v -11.193740 0.749142 15.136692
v -13.103637 1.905243 15.136692
v -14.680037 0.833844 15.082493
v -14.680037 1.905243 15.082493
v -13.103637 1.905243 15.082493
v -13.103637 0.833844 15.082493
v -11.118941 0.833844 15.082493
v -11.118941 1.905243 15.082493
v -7.649932 1.905243 15.136692
v -7.565337 1.905243 15.136692
v -14.764632 5.803944 15.082493
v -14.680037 5.719341 15.082493
v -14.680037 4.777744 15.082493
v -14.764632 4.693043 15.082493
v -13.103637 4.777744 15.082493
v -13.103637 4.693043 15.082493
v -7.565337 4.693043 15.082493
v -7.649932 4.777744 15.082493
v -7.649932 5.719341 15.082493
v -7.565337 5.803944 15.082493
v -9.206832 5.803944 15.082493
v -13.036239 4.777744 15.082493
v -13.036239 4.693043 15.082493
v -13.103637 5.803944 15.082493
v -13.103637 5.719341 15.082493
v -9.281829 5.803944 15.082493
v -9.206832 4.693043 15.082493
v -11.118941 4.693043 15.082493
v -11.118941 4.777744 15.082493
v -9.281829 4.693043 15.082493
v -11.193740 4.777744 15.082493
v -11.193740 5.719341 15.082493
v -11.118941 5.803944 15.082493
v -11.193740 5.803944 15.082493
v -11.193740 4.693043 15.082493
v -13.036239 5.719341 15.082493
v -13.036239 5.803944 15.082493
v -14.764632 3.577740 15.082493
v -14.764632 3.502942 15.082493
v -7.565337 3.577740 15.082493
v -7.565337 4.211643 15.082493
v -9.206832 4.211643 15.082493
v -13.103637 4.211643 15.082493
v -14.764632 4.211643 15.082493
v -9.281829 4.127041 15.082493
v -9.281829 4.211643 15.082493
v -11.118941 4.211643 15.082493
v -11.193740 4.211643 15.082493
v -13.036239 4.211643 15.082493
v -11.193740 3.502942 15.082493
v -14.764632 1.983742 15.082493
v -14.764632 1.905243 15.082493
v -7.565337 3.502942 15.082493
v -7.649932 3.502942 15.082493
v -9.281829 1.905243 15.082493
v -11.193740 1.983742 15.082493
v -13.036239 1.905243 15.082493
v -11.193740 1.905243 15.082493
v -14.764632 0.749142 15.082493
v -13.103637 0.749142 15.082493
v -7.565337 1.983742 15.082493
v -13.036239 0.833844 15.082493
v -13.036239 0.749142 15.082493
v -9.206832 1.905243 15.082493
v -9.206832 0.833844 15.082493
v -9.281829 0.833844 15.082493
v -9.206832 0.749142 15.082493
v -7.649932 0.833844 15.082493
v -7.565337 0.749142 15.082493
v -11.118941 0.749142 15.082493
v -9.281829 0.749142 15.082493
v -11.193740 0.833844 15.082493
v -11.193740 0.749142 15.082493
v -7.649932 1.905243 15.082493
v -7.565337 1.905243 15.082493
vn -0.0000 -0.0000 1.0000
vn 0.4033 0.1384 0.9046
vn 0.3014 -0.3015 0.9046
vn 0.3141 0.2884 0.9045
vn -0.2810 0.3207 0.9046
vn -0.3143 -0.2882 0.9045
vn -0.1406 0.4025 0.9045
vn 0.1361 -0.4041 0.9045
vn -0.3015 -0.3015 0.9045
vn 0.3015 0.3015 0.9045
vn 0.3015 -0.3015 0.9045
vn 0.1513 -0.3987 0.9045
vn -0.1363 0.4040 0.9045
vn 0.3129 0.2897 0.9045
vn 0.1510 -0.3988 0.9045
vn -0.1509 0.3988 0.9045
vn -0.3128 -0.2898 0.9045
vn 0.3128 0.2897 0.9045
vn 0.1408 -0.4025 0.9045
vn -0.3129 -0.2897 0.9045
vn -0.1512 0.3987 0.9045
vn 0.3015 -0.0756 0.9505
vn 0.3015 -0.3395 -0.8910
vn -0.3015 0.0756 0.9505
vn -0.3015 0.3395 -0.8910
vn -0.3015 0.3015 0.9045
vn -0.0826 -0.3015 0.9499
vn -0.3211 -0.3015 -0.8978
vn 0.3987 0.1510 0.9045
vn -0.4014 -0.1441 0.9045
vn -0.3016 0.3015 0.9045
vn -0.2157 -0.3678 0.9045
vn 0.3116 0.2911 0.9045
vn 0.3115 0.2911 0.9045
vn -0.3015 0.0653 0.9512
vn -0.3015 0.3661 -0.8804
vn -0.0813 -0.3015 0.9500
vn -0.3246 -0.3015 -0.8965
vn 0.3015 -0.0653 0.9512
vn 0.3015 -0.3661 -0.8804
vn 0.0813 0.3015 0.9500
vn 0.3246 0.3015 -0.8965
vn -0.0814 -0.3015 0.9500
vn -0.3243 -0.3015 -0.8966
vn -0.3210 -0.3015 -0.8978
vn 0.0826 0.3015 0.9499
vn 0.3210 0.3015 -0.8978
vn 0.3211 0.3015 -0.8978
vn 0.3969 0.1558 0.9045
vn -0.3987 -0.1510 0.9045
vn -0.3941 0.1629 0.9045
vn 0.1635 -0.3938 0.9045
vn -0.2158 -0.3677 0.9045
vn 0.3121 0.2906 0.9045
vn -0.3940 0.1631 0.9045
vn 0.1632 -0.3939 0.9045
vn 0.3120 0.2906 0.9045
vn -0.3896 0.1733 0.9045
vn 0.1529 -0.3980 0.9045
vn 0.3015 -0.0811 0.9500
vn 0.3015 -0.3251 -0.8963
vn 0.0814 0.3015 0.9500
vn 0.3243 0.3015 -0.8966
vn -0.3015 0.0811 0.9500
vn -0.3015 0.3251 -0.8963
vn 0.4035 0.1380 0.9045
vn 0.3016 -0.3015 0.9045
vn -0.2872 0.3152 0.9045
vn -0.3921 0.1676 0.9045
vn 0.1587 -0.3958 0.9045
vn -0.3920 0.1679 0.9045
vn 0.1584 -0.3959 0.9045
vn -0.3875 0.1780 0.9045
vn 0.1481 -0.3998 0.9045
vn 0.3015 -0.0773 0.9503
vn 0.3015 -0.3349 -0.8927
vn -0.3015 0.0773 0.9503
vn -0.3015 0.3349 -0.8927
vn 0.4013 -0.1441 0.9045
vn 0.3016 0.3015 0.9045
vn 0.2162 0.3675 0.9045
vn -0.3133 -0.2892 0.9045
vn -0.2161 -0.3676 0.9045
vn 0.3132 0.2894 0.9045
vn 0.2163 0.3675 0.9045
vn -0.3139 -0.2886 0.9045
vn -0.1705 -0.3908 0.9045
vn -0.4035 0.1380 0.9045
vn -0.3016 -0.3015 0.9045
vn 0.3673 -0.2166 0.9045
vn -0.2163 -0.3675 0.9045
vn 0.3138 0.2887 0.9045
vn -0.0000 -0.0000 -1.0000
vn 0.2810 0.3207 -0.9045
vn 0.3142 0.2883 -0.9045
vn -0.2810 0.3207 -0.9045
vn -0.3143 -0.2881 -0.9045
vn -0.1406 0.4026 -0.9045
vn 0.3141 -0.2883 -0.9045
vn 0.3015 0.3015 -0.9045
vn -0.3015 -0.3015 -0.9045
vn 0.3015 -0.3015 -0.9045
vn 0.1512 -0.3987 -0.9045
vn -0.3142 0.2882 -0.9045
vn 0.3129 0.2897 -0.9045
vn 0.1510 -0.3988 -0.9045
vn -0.1509 0.3988 -0.9045
vn -0.3128 -0.2898 -0.9045
vn 0.3128 0.2897 -0.9045
vn 0.1407 -0.4025 -0.9045
vn -0.3129 -0.2897 -0.9045
vn -0.1511 0.3987 -0.9045
vn -0.3015 0.3395 0.8910
vn -0.3015 0.0756 -0.9505
vn -0.3015 0.3015 -0.9045
vn -0.3246 -0.3015 0.8965
vn -0.0813 -0.3015 -0.9500
vn 0.3246 0.3015 0.8965
vn 0.0813 0.3015 -0.9500
vn 0.3015 -0.3395 0.8910
vn 0.3015 -0.0756 -0.9505
vn 0.3243 0.3015 0.8966
vn 0.0814 0.3015 -0.9500
vn -0.3243 -0.3015 0.8966
vn -0.0814 -0.3015 -0.9500
vn -0.3210 -0.3015 0.8978
vn -0.0826 -0.3015 -0.9499
vn 0.3210 0.3015 0.8978
vn 0.0826 0.3015 -0.9499
vn 0.3211 0.3015 0.8978
vn 0.3988 0.1510 -0.9045
vn -0.2625 -0.3360 -0.9046
vn 0.3116 0.2911 -0.9045
vn -0.2157 -0.3678 -0.9045
vn 0.3115 0.2911 -0.9045
vn -0.3015 0.3661 0.8804
vn -0.3015 0.0653 -0.9512
vn -0.3211 -0.3015 0.8978
vn 0.3969 0.1558 -0.9045
vn -0.3988 -0.1510 -0.9045
vn 0.1634 -0.3938 -0.9045
vn -0.3940 0.1629 -0.9045
vn 0.3121 0.2906 -0.9045
vn -0.2158 -0.3677 -0.9045
vn 0.1631 -0.3940 -0.9045
vn -0.3939 0.1632 -0.9045
vn 0.3120 0.2906 -0.9045
vn 0.1528 -0.3981 -0.9045
vn -0.3896 0.1734 -0.9045
vn -0.3015 0.3251 0.8963
vn -0.3015 0.0811 -0.9500
vn 0.2819 0.3199 -0.9045
vn -0.2872 0.3152 -0.9045
vn 0.1586 -0.3958 -0.9045
vn -0.3920 0.1677 -0.9045
vn 0.1584 -0.3959 -0.9045
vn -0.3919 0.1679 -0.9045
vn 0.1481 -0.3999 -0.9045
vn -0.3874 0.1780 -0.9045
vn -0.3015 0.3349 0.8927
vn -0.3015 0.0773 -0.9503
vn 0.3015 -0.3349 0.8927
vn 0.3015 -0.0773 -0.9503
vn 0.4013 -0.1441 -0.9046
vn 0.3015 0.3015 -0.9046
vn -0.3133 -0.2892 -0.9045
vn 0.2162 0.3675 -0.9045
vn 0.3132 0.2894 -0.9045
vn -0.2161 -0.3676 -0.9045
vn -0.3139 -0.2886 -0.9045
vn 0.2163 0.3675 -0.9045
vn -0.1705 -0.3908 -0.9045
vn -0.4034 0.1381 -0.9045
vn 0.3673 -0.2166 -0.9045
vn 0.3138 0.2887 -0.9045
vn -0.2163 -0.3675 -0.9045
vn 0.2810 0.3207 0.9046
vn 0.1360 0.4041 0.9045
vn -0.3014 -0.3015 0.9046
vn -0.4032 0.1384 0.9046
vn -0.1361 -0.4041 0.9045
vn -0.3841 0.1852 0.9045
vn 0.3142 -0.2883 0.9045
vn 0.3889 -0.1749 0.9045
vn -0.3143 0.2881 0.9045
vn 0.2160 0.3676 0.9045
vn 0.3888 -0.1752 0.9045
vn -0.3887 0.1753 0.9045
vn -0.2160 -0.3676 0.9045
vn 0.3841 -0.1851 0.9045
vn -0.3888 0.1750 0.9045
vn 0.3015 0.3395 0.8910
vn 0.3015 0.0756 -0.9505
vn -0.3015 -0.3395 0.8910
vn -0.3015 -0.0756 -0.9505
vn 0.3211 -0.3015 0.8978
vn 0.0826 -0.3015 -0.9499
vn 0.1752 0.3888 0.9045
vn -0.2625 -0.3360 0.9045
vn -0.3116 -0.2911 0.9045
vn 0.2157 0.3678 0.9045
vn -0.3115 -0.2911 0.9045
vn -0.3015 -0.3661 0.8804
vn -0.3015 -0.0653 -0.9512
vn 0.3246 -0.3015 0.8965
vn 0.0813 -0.3015 -0.9500
vn 0.3015 0.3661 0.8804
vn 0.3015 0.0653 -0.9512
vn -0.3246 0.3015 0.8965
vn -0.0813 0.3015 -0.9500
vn 0.3243 -0.3015 0.8966
vn 0.0814 -0.3015 -0.9500
vn 0.3210 -0.3015 0.8978
vn -0.3210 0.3015 0.8978
vn -0.0826 0.3015 -0.9499
vn -0.3211 0.3015 0.8978
vn 0.1705 0.3908 0.9045
vn -0.1752 -0.3888 0.9045
vn -0.1635 0.3938 0.9045
vn 0.3941 -0.1629 0.9045
vn -0.3121 -0.2906 0.9045
vn 0.2158 0.3677 0.9045
vn -0.1632 0.3939 0.9045
vn 0.3940 -0.1631 0.9045
vn -0.3120 -0.2906 0.9045
vn -0.1529 0.3980 0.9045
vn 0.3896 -0.1733 0.9045
vn 0.3015 0.3251 0.8963
vn 0.3015 0.0811 -0.9500
vn -0.3243 0.3015 0.8966
vn -0.0814 0.3015 -0.9500
vn -0.3015 -0.3251 0.8963
vn -0.3015 -0.0811 -0.9500
vn 0.2820 0.3199 0.9045
vn -0.3673 0.2166 0.9045
vn -0.1587 0.3958 0.9045
vn 0.3921 -0.1676 0.9045
vn -0.1584 0.3959 0.9045
vn 0.3920 -0.1679 0.9045
vn -0.1481 0.3998 0.9045
vn 0.3875 -0.1780 0.9045
vn 0.3015 0.3349 0.8927
vn 0.3015 0.0773 -0.9503
vn -0.3015 -0.3349 0.8927
vn -0.3015 -0.0773 -0.9503
vn 0.2625 -0.3361 0.9045
vn 0.3133 0.2892 0.9045
vn -0.2162 -0.3675 0.9045
vn -0.3132 -0.2894 0.9045
vn 0.2161 0.3676 0.9045
vn 0.3139 0.2886 0.9045
vn -0.3969 -0.1558 0.9045
vn -0.2820 0.3199 0.9045
vn 0.2872 -0.3152 0.9045
vn -0.3138 -0.2887 0.9045
vn 0.4033 0.1383 -0.9045
vn 0.1362 0.4041 -0.9045
vn -0.4033 0.1384 -0.9045
vn -0.1362 -0.4041 -0.9045
vn -0.3841 0.1852 -0.9045
vn 0.1361 -0.4041 -0.9045
vn 0.3888 -0.1750 -0.9045
vn -0.1360 0.4041 -0.9045
vn 0.2160 0.3676 -0.9045
vn 0.3887 -0.1752 -0.9045
vn -0.3887 0.1753 -0.9045
vn -0.2160 -0.3676 -0.9045
vn 0.3841 -0.1851 -0.9045
vn -0.3888 0.1751 -0.9045
vn -0.3015 -0.0756 0.9505
vn -0.3015 -0.3395 -0.8910
vn 0.0813 -0.3015 0.9500
vn 0.3246 -0.3015 -0.8965
vn -0.0813 0.3015 0.9500
vn -0.3246 0.3015 -0.8965
vn 0.3015 0.0756 0.9505
vn 0.3015 0.3395 -0.8910
vn -0.0814 0.3015 0.9500
vn -0.3243 0.3015 -0.8966
vn 0.0814 -0.3015 0.9500
vn 0.3243 -0.3015 -0.8966
vn 0.0826 -0.3015 0.9499
vn 0.3210 -0.3015 -0.8978
vn -0.0826 0.3015 0.9499
vn -0.3210 0.3015 -0.8978
vn -0.3211 0.3015 -0.8978
vn 0.1752 0.3887 -0.9045
vn -0.3015 0.3015 -0.9046
vn -0.4013 -0.1441 -0.9046
vn 0.2157 0.3678 -0.9045
vn -0.3116 -0.2911 -0.9045
vn -0.3115 -0.2911 -0.9045
vn -0.3015 -0.0653 0.9512
vn -0.3015 -0.3661 -0.8804
vn 0.3211 -0.3015 -0.8978
vn 0.1705 0.3908 -0.9045
vn -0.1752 -0.3887 -0.9045
vn 0.3940 -0.1629 -0.9045
vn -0.1634 0.3938 -0.9045
vn 0.2158 0.3677 -0.9045
vn -0.3121 -0.2906 -0.9045
vn 0.3939 -0.1632 -0.9045
vn -0.1631 0.3940 -0.9045
vn -0.3120 -0.2906 -0.9045
vn 0.3895 -0.1734 -0.9045
vn -0.1528 0.3981 -0.9045
vn -0.3015 -0.0811 0.9500
vn -0.3015 -0.3251 -0.8963
vn 0.4034 0.1381 -0.9045
vn -0.3673 0.2166 -0.9045
vn 0.3920 -0.1677 -0.9045
vn -0.1586 0.3958 -0.9045
vn 0.3919 -0.1679 -0.9045
vn -0.1584 0.3959 -0.9045
vn 0.3874 -0.1780 -0.9045
vn -0.1481 0.3999 -0.9045
vn -0.3015 -0.0773 0.9503
vn -0.3015 -0.3349 -0.8927
vn 0.3015 0.0773 0.9503
vn 0.3015 0.3349 -0.8927
vn 0.2625 -0.3360 -0.9046
vn -0.2162 -0.3675 -0.9045
vn 0.3133 0.2892 -0.9045
vn 0.2161 0.3676 -0.9045
vn -0.3132 -0.2894 -0.9045
vn 0.3139 0.2886 -0.9045
vn -0.3969 -0.1558 -0.9045
vn -0.2819 0.3199 -0.9045
vn 0.2872 -0.3152 -0.9045
vn -0.3138 -0.2887 -0.9045
vt 0.658300 0.492800
vt 0.522300 0.481600
vt 0.647000 0.481600
vt 0.240100 0.240100
vt 0.031200 0.251100
vt 0.020000 0.239900
vt 0.826800 0.415800
vt 0.690900 0.427000
vt 0.679600 0.415800
vt 0.756300 0.339000
vt 0.962600 0.328000
vt 0.973800 0.339300
vt 0.249000 0.240100
vt 0.240100 0.251300
vt 0.240100 0.339000
vt 0.031200 0.328000
vt 0.240100 0.327800
vt 0.804400 0.641800
vt 0.679600 0.631900
vt 0.804400 0.631900
vt 0.746400 0.339000
vt 0.756300 0.327800
vt 0.756300 0.240100
vt 0.962600 0.251100
vt 0.756300 0.251300
vt 0.746400 0.240100
vt 0.503000 0.251300
vt 0.503000 0.240100
vt 0.804400 0.594100
vt 0.679600 0.584200
vt 0.804400 0.584200
vt 0.493100 0.339100
vt 0.503000 0.327900
vt 0.503000 0.339100
vt 0.493100 0.251300
vt 0.493100 0.240100
vt 0.249000 0.339000
vt 0.493100 0.327900
vt 0.249000 0.251300
vt 0.804400 0.549200
vt 0.679600 0.540200
vt 0.804400 0.540200
vt 0.249000 0.327800
vt 0.746400 0.327800
vt 0.746400 0.251300
vt 0.804400 0.624700
vt 0.679600 0.649000
vt 0.679600 0.641800
vt 0.020000 0.606200
vt 0.263400 0.599000
vt 0.263400 0.606200
vt 0.020000 0.071300
vt 0.031200 0.081200
vt 0.020000 0.081200
vt 0.862900 0.379100
vt 0.935700 0.390400
vt 0.862900 0.390400
vt 0.756300 0.309700
vt 0.962600 0.298700
vt 0.973800 0.309900
vt 0.240100 0.309700
vt 0.031200 0.298700
vt 0.240100 0.298500
vt 0.323700 0.733400
vt 0.250900 0.723500
vt 0.323700 0.723500
vt 0.746400 0.309700
vt 0.756300 0.298500
vt 0.746400 0.071300
vt 0.503000 0.081200
vt 0.503000 0.071300
vt 0.323700 0.817700
vt 0.250900 0.807800
vt 0.323700 0.807800
vt 0.493100 0.309800
vt 0.503000 0.298600
vt 0.503000 0.309800
vt 0.249000 0.309700
vt 0.493100 0.298600
vt 0.493100 0.071300
vt 0.249000 0.081200
vt 0.249000 0.071300
vt 0.323700 0.776400
vt 0.250900 0.767400
vt 0.323700 0.767400
vt 0.249000 0.298500
vt 0.746400 0.298500
vt 0.862900 0.397500
vt 0.020000 0.892000
vt 0.226300 0.884900
vt 0.226300 0.892000
vt 0.323700 0.716300
vt 0.226300 0.928800
vt 0.020000 0.936000
vt 0.020000 0.928800
vt 0.247200 0.910400
vt 0.320000 0.903200
vt 0.320000 0.910400
vt 0.250900 0.783600
vt 0.250900 0.776400
vt 0.020000 0.870100
vt 0.228900 0.862900
vt 0.228900 0.870100
vt 0.020000 0.496300
vt 0.264100 0.489100
vt 0.264100 0.496300
vt 0.323700 0.760300
vt 0.264100 0.423100
vt 0.020000 0.430300
vt 0.020000 0.423100
vt 0.250900 0.824800
vt 0.250900 0.817700
vt 0.263400 0.665000
vt 0.020000 0.672200
vt 0.020000 0.665000
vt 0.323700 0.800600
vt 0.020000 0.097000
vt 0.031200 0.107400
vt 0.020000 0.107400
vt 0.973800 0.081200
vt 0.962600 0.071300
vt 0.973800 0.071300
vt 0.488800 0.513500
vt 0.287500 0.503600
vt 0.488800 0.503600
vt 0.746400 0.081200
vt 0.756400 0.071300
vt 0.756400 0.081200
vt 0.746400 0.097000
vt 0.503000 0.107400
vt 0.503000 0.097000
vt 0.488800 0.473200
vt 0.287500 0.463300
vt 0.488800 0.463300
vt 0.493100 0.081200
vt 0.493100 0.097000
vt 0.249000 0.107400
vt 0.249000 0.097000
vt 0.488800 0.431900
vt 0.287500 0.423000
vt 0.488800 0.423000
vt 0.240100 0.081200
vt 0.488800 0.496400
vt 0.721000 0.357200
vt 0.514700 0.364300
vt 0.514700 0.357200
vt 0.287500 0.573200
vt 0.488800 0.566000
vt 0.488800 0.573200
vt 0.228900 0.709000
vt 0.020000 0.716100
vt 0.020000 0.709000
vt 0.287500 0.439100
vt 0.287500 0.431900
vt 0.020000 0.826100
vt 0.228900 0.818900
vt 0.228900 0.826100
vt 0.488800 0.415800
vt 0.263400 0.621000
vt 0.020000 0.628200
vt 0.020000 0.621000
vt 0.287500 0.520700
vt 0.287500 0.513500
vt 0.020000 0.694200
vt 0.263400 0.687000
vt 0.263400 0.694200
vt 0.488800 0.456100
vt 0.840100 0.397500
vt 0.698200 0.386300
vt 0.840100 0.386300
vt 0.240100 0.269400
vt 0.031200 0.280400
vt 0.020000 0.269200
vt 0.488800 0.379100
vt 0.287500 0.390400
vt 0.287500 0.379100
vt 0.249000 0.269400
vt 0.240100 0.280600
vt 0.653000 0.627100
vt 0.511100 0.617200
vt 0.653000 0.617200
vt 0.746400 0.107400
vt 0.756400 0.097000
vt 0.756400 0.107400
vt 0.756300 0.269400
vt 0.962600 0.280400
vt 0.756300 0.280600
vt 0.746400 0.269400
vt 0.503000 0.280600
vt 0.503000 0.269400
vt 0.653000 0.667400
vt 0.511100 0.657500
vt 0.653000 0.657500
vt 0.493100 0.107400
vt 0.493100 0.280600
vt 0.493100 0.269400
vt 0.249000 0.280600
vt 0.653000 0.585800
vt 0.511100 0.576900
vt 0.653000 0.576900
vt 0.240100 0.107400
vt 0.746400 0.280600
vt 0.840100 0.379100
vt 0.511100 0.593000
vt 0.511100 0.585800
vt 0.020000 0.848100
vt 0.228900 0.840900
vt 0.228900 0.848100
vt 0.653000 0.650300
vt 0.247200 0.921600
vt 0.962600 0.081200
vt 0.240100 0.071300
vt 0.031200 0.071300
vt 0.962600 0.097000
vt 0.962600 0.107400
vt 0.973800 0.107400
vt 0.522300 0.390400
vt 0.664200 0.379100
vt 0.664200 0.390400
vt 0.287500 0.584400
vt 0.240100 0.097000
vt 0.031200 0.097000
vt 0.511100 0.522800
vt 0.647000 0.511100
vt 0.658300 0.522200
vt 0.031200 0.210800
vt 0.240100 0.221800
vt 0.020000 0.222000
vt 0.647000 0.551600
vt 0.511100 0.540400
vt 0.658200 0.540400
vt 0.962600 0.133800
vt 0.756300 0.122800
vt 0.973800 0.122600
vt 0.240100 0.210600
vt 0.249000 0.221800
vt 0.240100 0.122800
vt 0.031200 0.133800
vt 0.020000 0.122600
vt 0.372000 0.969200
vt 0.247200 0.979100
vt 0.247200 0.969200
vt 0.756300 0.134000
vt 0.746400 0.122800
vt 0.756300 0.221800
vt 0.962600 0.210800
vt 0.973800 0.222000
vt 0.503000 0.210600
vt 0.746400 0.221800
vt 0.503000 0.221800
vt 0.372000 0.939800
vt 0.247200 0.949800
vt 0.247200 0.939800
vt 0.503000 0.134000
vt 0.493100 0.122800
vt 0.503000 0.122800
vt 0.493100 0.210600
vt 0.493100 0.221800
vt 0.493100 0.134000
vt 0.249000 0.122800
vt 0.249000 0.210600
vt 0.800700 0.665000
vt 0.676000 0.673900
vt 0.676000 0.665000
vt 0.249000 0.134000
vt 0.746400 0.134000
vt 0.746400 0.210600
vt 0.815600 0.434200
vt 0.690900 0.434200
vt 0.948200 0.364300
vt 0.741900 0.357200
vt 0.948200 0.357200
vt 0.287500 0.357200
vt 0.493800 0.364300
vt 0.287500 0.364300
vt 0.522300 0.474400
vt 0.647000 0.474400
vt 0.020000 0.796900
vt 0.228900 0.804100
vt 0.020000 0.804100
vt 0.679600 0.549200
vt 0.804400 0.556300
vt 0.679600 0.556300
vt 0.228900 0.738100
vt 0.020000 0.731000
vt 0.228900 0.731000
vt 0.264100 0.452300
vt 0.020000 0.445100
vt 0.264100 0.445100
vt 0.679600 0.533100
vt 0.804400 0.533100
vt 0.020000 0.467100
vt 0.264100 0.474300
vt 0.020000 0.474300
vt 0.679600 0.594100
vt 0.804400 0.601300
vt 0.679600 0.601300
vt 0.020000 0.577000
vt 0.263400 0.584200
vt 0.020000 0.584200
vt 0.679600 0.577000
vt 0.804400 0.577000
vt 0.031200 0.020000
vt 0.020000 0.029900
vt 0.020000 0.020000
vt 0.334900 0.844900
vt 0.262000 0.855800
vt 0.250900 0.844600
vt 0.962600 0.192500
vt 0.756300 0.181500
vt 0.973800 0.181200
vt 0.240100 0.181500
vt 0.031200 0.192500
vt 0.020000 0.181200
vt 0.921000 0.415800
vt 0.848200 0.425700
vt 0.848200 0.415800
vt 0.756300 0.192700
vt 0.746400 0.181500
vt 0.503000 0.020000
vt 0.746400 0.029900
vt 0.503000 0.029900
vt 0.917300 0.445100
vt 0.844600 0.455000
vt 0.844600 0.445100
vt 0.503000 0.192600
vt 0.493100 0.181400
vt 0.503000 0.181400
vt 0.493100 0.192600
vt 0.249000 0.181500
vt 0.249000 0.020000
vt 0.493100 0.029900
vt 0.249000 0.029900
vt 0.411600 0.716300
vt 0.338800 0.725200
vt 0.338800 0.716300
vt 0.249000 0.192700
vt 0.746400 0.192700
vt 0.020000 0.752900
vt 0.228900 0.760100
vt 0.020000 0.760100
vt 0.250900 0.733400
vt 0.323700 0.740600
vt 0.250900 0.740600
vt 0.263400 0.562200
vt 0.020000 0.555000
vt 0.263400 0.555000
vt 0.031200 0.045700
vt 0.020000 0.056100
vt 0.020000 0.045700
vt 0.962600 0.029900
vt 0.973800 0.020000
vt 0.973800 0.029900
vt 0.488800 0.657700
vt 0.287500 0.667600
vt 0.287500 0.657700
vt 0.756400 0.029900
vt 0.746400 0.020000
vt 0.756400 0.020000
vt 0.503000 0.045700
vt 0.746400 0.056100
vt 0.503000 0.056100
vt 0.488800 0.683300
vt 0.287500 0.693200
vt 0.287500 0.683300
vt 0.493100 0.020000
vt 0.249000 0.045700
vt 0.493100 0.056100
vt 0.249000 0.056100
vt 0.488800 0.602700
vt 0.287500 0.611600
vt 0.287500 0.602700
vt 0.240100 0.020000
vt 0.488800 0.397500
vt 0.287500 0.397500
vt 0.226300 0.980000
vt 0.020000 0.972800
vt 0.226300 0.972800
vt 0.264100 0.408300
vt 0.020000 0.401100
vt 0.264100 0.401100
vt 0.020000 0.511100
vt 0.264100 0.518200
vt 0.020000 0.518200
vt 0.287500 0.473200
vt 0.488800 0.480400
vt 0.287500 0.480400
vt 0.511100 0.427000
vt 0.653100 0.416400
vt 0.664200 0.427700
vt 0.031200 0.152100
vt 0.240100 0.163100
vt 0.020000 0.163400
vt 0.488800 0.639600
vt 0.287500 0.628300
vt 0.488800 0.628300
vt 0.240100 0.151900
vt 0.249000 0.163100
vt 0.821600 0.481800
vt 0.679600 0.491700
vt 0.679600 0.481800
vt 0.756400 0.056100
vt 0.746400 0.045700
vt 0.756400 0.045700
vt 0.756300 0.163100
vt 0.962600 0.152100
vt 0.973800 0.163400
vt 0.503000 0.152000
vt 0.746400 0.163100
vt 0.503000 0.163200
vt 0.821600 0.507400
vt 0.679600 0.517300
vt 0.679600 0.507400
vt 0.493100 0.045700
vt 0.493100 0.152000
vt 0.493100 0.163200
vt 0.249000 0.151900
vt 0.821600 0.452400
vt 0.679600 0.461400
vt 0.679600 0.452400
vt 0.240100 0.045700
vt 0.746400 0.151900
vt 0.664200 0.397500
vt 0.522300 0.397500
vt 0.226300 0.914000
vt 0.020000 0.906900
vt 0.226300 0.906900
vt 0.511100 0.610000
vt 0.653000 0.610000
vt 0.020000 0.950800
vt 0.226300 0.958000
vt 0.020000 0.958000
vt 0.020000 0.774900
vt 0.228900 0.782100
vt 0.020000 0.782100
vt 0.264100 0.364300
vt 0.020000 0.357200
vt 0.264100 0.357200
vt 0.511100 0.569700
vt 0.653000 0.569700
vt 0.020000 0.379100
vt 0.264100 0.386300
vt 0.020000 0.386300
vt 0.511100 0.667400
vt 0.653000 0.674600
vt 0.511100 0.674600
vt 0.020000 0.643000
vt 0.263400 0.650200
vt 0.020000 0.650200
vt 0.511100 0.627100
vt 0.653000 0.634300
vt 0.511100 0.634300
vt 0.263400 0.540200
vt 0.020000 0.533100
vt 0.263400 0.533100
vt 0.331200 0.885100
vt 0.258400 0.874200
vt 0.331100 0.873900
vt 0.962600 0.020000
vt 0.240100 0.029900
vt 0.031200 0.029900
vt 0.962600 0.056100
vt 0.962600 0.045700
vt 0.973800 0.045700
vt 0.511100 0.445300
vt 0.653000 0.456300
vt 0.511100 0.456500
vt 0.488800 0.547900
vt 0.287500 0.536700
vt 0.488800 0.536700
vt 0.240100 0.056100
vt 0.031200 0.056100
vt 0.511100 0.492800
vt 0.815600 0.427000
vt 0.020000 0.339300
vt 0.973800 0.239900
vt 0.679600 0.624700
vt 0.804400 0.649000
vt 0.020000 0.599000
vt 0.946900 0.379100
vt 0.020000 0.309900
vt 0.935700 0.397500
vt 0.020000 0.884900
vt 0.250900 0.716300
vt 0.226300 0.936000
vt 0.247200 0.903200
vt 0.323700 0.783600
vt 0.020000 0.862900
vt 0.020000 0.489100
vt 0.250900 0.760300
vt 0.264100 0.430300
vt 0.323700 0.824800
vt 0.263400 0.672200
vt 0.250900 0.800600
vt 0.287500 0.496400
vt 0.721000 0.364300
vt 0.287500 0.566000
vt 0.228900 0.716100
vt 0.488800 0.439100
vt 0.020000 0.818900
vt 0.287500 0.415800
vt 0.263400 0.628200
vt 0.488800 0.520700
vt 0.020000 0.687000
vt 0.287500 0.456100
vt 0.687000 0.397500
vt 0.488800 0.390400
vt 0.973800 0.269200
vt 0.698200 0.379100
vt 0.653000 0.593000
vt 0.020000 0.840900
vt 0.511100 0.650300
vt 0.331200 0.921600
vt 0.973800 0.097000
vt 0.511100 0.379100
vt 0.488800 0.584400
vt 0.522200 0.511600
vt 0.522300 0.551600
vt 0.240100 0.134000
vt 0.372000 0.979100
vt 0.756300 0.210600
vt 0.372000 0.949800
vt 0.800700 0.673900
vt 0.741900 0.364300
vt 0.493800 0.357200
vt 0.228900 0.796900
vt 0.020000 0.738100
vt 0.020000 0.452300
vt 0.264100 0.467100
vt 0.263400 0.577000
vt 0.334800 0.856100
vt 0.240100 0.192700
vt 0.921000 0.425700
vt 0.917300 0.455000
vt 0.411600 0.725200
vt 0.228900 0.752900
vt 0.020000 0.562200
vt 0.488800 0.667600
vt 0.488800 0.693200
vt 0.488800 0.611600
vt 0.020000 0.980000
vt 0.020000 0.408300
vt 0.264100 0.511100
vt 0.511100 0.415800
vt 0.287500 0.639600
vt 0.821600 0.491700
vt 0.756300 0.151900
vt 0.821600 0.517300
vt 0.821600 0.461400
vt 0.020000 0.914000
vt 0.226300 0.950800
vt 0.228900 0.774900
vt 0.020000 0.364300
vt 0.264100 0.379100
vt 0.263400 0.643000
vt 0.020000 0.540200
vt 0.247200 0.885500
vt 0.973800 0.056100
vt 0.664200 0.445100
vt 0.287500 0.547900
s 0
f 625/1681/989 627/1682/990 628/1683/991
f 629/1684/989 627/1685/992 626/1686/989
f 632/1687/989 634/1688/993 631/1689/989
f 635/1690/989 633/1691/994 632/1692/989
f 637/1693/989 630/1694/995 629/1684/989
f 639/1695/989 628/1696/996 640/1697/997
s 1
f 641/1698/997 643/1699/998 636/1700/999
s 0
f 644/1701/989 636/1702/1000 635/1690/989
f 645/1703/989 634/1704/1001 643/1705/998
f 647/1706/989 648/1707/1002 646/1708/989
s 1
f 650/1709/997 648/1710/998 649/1711/999
s 0
f 653/1712/989 649/1713/1003 652/1714/989
f 646/1708/989 651/1715/1004 654/1716/989
f 655/1717/989 650/1718/1005 653/1712/989
f 654/1716/989 638/1719/1006 637/1693/989
s 1
f 640/1720/997 638/1721/998 656/1722/999
s 0
f 639/1695/989 656/1723/1007 655/1717/989
f 652/1714/989 641/1724/1008 644/1701/989
f 645/1703/989 642/1725/1009 647/1706/989
f 643/1699/1010 658/1726/1011 636/1700/999
f 641/1698/1012 660/1727/1013 642/1728/1014
f 649/1729/1015 659/1730/1016 641/1731/997
f 663/1732/989 665/1733/1017 662/1734/989
f 666/1735/989 668/1736/1018 669/1737/1019
f 670/1738/989 668/1739/994 667/1740/989
f 672/1741/989 674/1742/996 675/1743/997
s 1
f 676/1744/997 678/1745/998 671/1746/999
s 0
f 679/1747/989 671/1748/1000 670/1738/989
f 681/1749/1020 682/1750/1021 680/1751/999
s 1
f 684/1752/997 682/1753/998 683/1754/999
s 0
f 687/1755/989 683/1756/1003 686/1757/989
f 688/1758/989 684/1759/1005 687/1755/989
f 691/1760/1020 692/1761/1022 690/1762/999
s 1
f 675/1763/997 692/1764/998 689/1765/999
s 0
f 672/1741/989 689/1766/1007 688/1758/989
f 686/1757/989 676/1767/1008 679/1747/989
f 668/1736/1023 695/1768/1024 669/1737/1014
f 671/1769/1025 694/1770/1026 668/1771/997
f 678/1745/1027 696/1772/1028 671/1746/999
f 669/1773/1029 697/1774/1030 678/1775/998
f 665/1776/1027 699/1777/1028 674/1778/999
f 675/1763/1023 701/1779/1024 693/1780/1014
f 674/1781/1031 700/1782/1032 675/1783/997
f 689/1784/1015 703/1785/1033 684/1786/997
f 692/1764/1027 702/1787/1028 689/1765/999
f 685/1788/1034 704/1789/1035 692/1790/998
f 684/1752/1023 705/1791/1024 685/1792/1014
f 677/1793/1034 707/1794/1036 682/1795/998
f 682/1753/1027 708/1796/1028 683/1754/999
f 710/1797/989 712/1798/1037 709/1799/989
f 666/1800/989 714/1801/1038 713/1802/989
s 1
f 681/1803/997 717/1804/998 715/1805/999
s 0
f 677/1806/1039 715/1807/1040 678/1808/998
f 719/1809/1041 720/1810/1042 718/1811/999
s 1
f 691/1812/997 720/1813/998 680/1814/999
s 0
f 685/1815/1043 680/1751/1044 682/1750/998
f 723/1816/1041 724/1817/1045 722/1818/999
s 1
f 725/1819/997 724/1820/998 690/1821/999
s 0
f 693/1822/1046 690/1762/1047 692/1761/998
f 717/1804/1048 728/1823/1049 715/1805/999
f 729/1824/1029 727/1825/1030 717/1826/998
f 712/1827/1048 732/1828/1049 664/1829/999
f 726/1830/1050 731/1831/1051 712/1832/998
f 725/1819/1052 733/1833/1053 726/1834/1014
f 664/1835/1031 734/1836/1032 725/1837/997
f 724/1820/1048 736/1838/1049 690/1821/999
f 716/1839/1034 738/1840/1036 720/1841/998
f 681/1803/1052 737/1842/1053 716/1843/1014
f 680/1844/1015 739/1845/1016 681/1846/997
f 720/1813/1048 740/1847/1049 680/1814/999
f 710/1848/989 742/1849/1054 711/1850/1055
f 743/1851/989 742/1852/992 741/1853/989
f 713/1854/989 729/1855/1056 745/1856/989
f 746/1857/989 744/1858/995 743/1851/989
s 1
f 719/1859/997 750/1860/998 748/1861/999
s 0
f 716/1862/1057 748/1863/1058 717/1864/998
f 751/1865/989 753/1866/1001 750/1867/998
f 755/1868/989 756/1869/1002 754/1870/989
s 1
f 723/1871/997 756/1872/998 718/1873/999
s 0
f 721/1874/1059 718/1811/1060 720/1810/998
f 754/1870/989 757/1875/1004 758/1876/989
f 758/1876/989 747/1877/1006 746/1857/989
s 1
f 759/1878/997 747/1879/998 722/1880/999
s 0
f 726/1881/1061 722/1818/1062 724/1817/998
f 751/1865/989 749/1882/1009 755/1868/989
f 742/1849/1063 761/1883/1064 711/1850/999
f 759/1878/1065 763/1884/1066 744/1885/1014
f 711/1886/1031 762/1887/1032 759/1888/997
f 756/1872/1063 765/1889/1064 718/1873/999
f 674/1778/1067 662/1890/989 665/1776/1068
f 678/1808/1069 714/1801/1070 669/1891/1014
f 725/1892/1071 665/1733/1072 664/1893/999
f 717/1864/1073 766/1894/1074 729/1895/1014
f 766/1894/1075 745/1896/989 729/1895/1014
f 753/1897/1076 767/1898/989 766/1899/1077
f 664/1829/1078 709/1900/989 712/1827/998
f 759/1901/1079 712/1798/1080 711/1902/999
f 768/1903/1081 770/1904/1082 771/1905/1081
f 770/1906/1083 773/1907/1081 771/1908/1081
f 775/1909/1084 777/1910/1081 774/1911/1081
f 776/1912/1085 778/1913/1081 777/1914/1081
f 772/1915/1086 780/1916/1081 773/1907/1081
f 781/1917/1081 769/1918/1087 768/1919/1081
s 1
f 657/1920/1088 659/1921/1089 658/1922/1090
s 0
f 658/1923/1091 783/1924/1081 778/1913/1081
f 784/1925/1081 775/1926/1092 774/1927/1081
f 786/1928/1093 787/1929/1081 785/1930/1081
s 1
f 786/1931/1088 789/1932/1089 661/1933/1090
s 0
f 661/1934/1094 791/1935/1081 790/1936/1081
f 788/1937/1095 785/1930/1081 792/1938/1081
f 789/1939/1096 794/1940/1081 791/1935/1081
f 779/1941/1097 792/1938/1081 780/1916/1081
s 1
f 779/1942/1088 782/1943/1089 793/1944/1090
s 0
f 793/1945/1098 781/1917/1081 794/1940/1081
f 659/1946/1099 790/1936/1081 783/1924/1081
f 660/1947/1100 784/1925/1081 787/1929/1081
f 634/1688/1101 776/1948/1102 775/1949/1103
f 633/1950/1104 658/1951/1105 776/1952/1089
f 643/1953/1106 775/1954/1107 657/1955/1088
f 628/1683/1108 770/1956/1109 769/1957/1090
f 627/1958/1110 772/1959/1111 770/1960/1088
f 630/1961/1101 782/1962/1102 772/1963/1103
f 640/1964/1112 769/1965/1113 782/1966/1089
f 650/1967/1114 793/1968/1115 789/1969/1089
f 656/1722/1108 779/1970/1109 793/1971/1090
f 638/1972/1116 788/1973/1117 779/1974/1088
f 651/1975/1101 789/1976/1102 788/1977/1103
f 648/1978/1118 660/1979/1117 786/1980/1088
f 649/1711/1108 786/1981/1109 661/1982/1090
f 698/1983/1119 796/1984/1081 795/1985/1081
f 797/1986/1081 694/1987/1120 798/1988/1081
f 694/1989/1085 799/1990/1081 798/1991/1081
f 800/1992/1081 699/1993/1087 801/1994/1081
s 1
f 697/1995/1088 802/1996/1089 696/1997/1090
s 0
f 696/1998/1091 803/1999/1081 799/1990/1081
f 707/2000/1121 739/2001/1122 740/2002/1090
s 1
f 707/2003/1088 703/2004/1089 708/2005/1090
s 0
f 708/2006/1094 805/2007/1081 804/2008/1081
f 703/2009/1096 806/2010/1081 805/2007/1081
f 704/2011/1123 807/2012/1122 736/2013/1090
s 1
f 704/2014/1088 700/2015/1089 702/2016/1090
s 0
f 702/2017/1098 800/1992/1081 806/2010/1081
f 802/2018/1099 804/2008/1081 803/1999/1081
f 665/2019/1110 701/2020/1111 698/2021/1088
f 677/2022/1124 802/2023/1125 706/2024/1103
f 676/2025/1126 708/2026/1115 802/2027/1089
f 731/2028/1127 809/2029/1081 808/2030/1081
f 811/2031/1128 797/2032/1081 810/2033/1081
s 1
f 727/2034/1088 739/2035/1089 728/2036/1090
s 0
f 728/2037/1129 706/2038/1130 697/2039/1088
f 738/2040/1131 812/2041/1132 765/2042/1090
s 1
f 738/2043/1088 807/2044/1089 740/2045/1090
s 0
f 740/2002/1133 705/2046/1134 707/2000/1088
f 735/2047/1135 815/2048/1132 814/2049/1090
s 1
f 735/2050/1088 734/2051/1089 736/2052/1090
s 0
f 736/2013/1136 701/2053/1137 704/2011/1088
f 729/1855/1138 811/2054/1139 730/2055/1103
f 714/2056/1104 728/2057/1105 811/2058/1089
f 691/2059/1114 736/2060/1115 807/2061/1089
f 724/2062/1116 813/2063/1117 735/2064/1088
f 721/2065/1138 807/2066/1139 813/2067/1103
f 809/2068/1081 760/2069/1140 816/2070/1081
f 760/2071/1083 817/2072/1081 816/2073/1081
f 730/2074/1141 810/2075/1081 818/2076/1081
f 763/2077/1086 820/2078/1081 817/2072/1081
s 1
f 822/2079/1088 812/2080/1089 821/2081/1090
s 0
f 821/2082/1142 737/2083/1143 727/2084/1088
f 824/2085/1081 825/2086/1092 826/2087/1081
f 764/2088/1093 828/2089/1081 827/2090/1081
s 1
f 764/2091/1088 815/2092/1089 765/2093/1090
s 0
f 765/2042/1144 813/2094/1145 738/2040/1088
f 829/2095/1095 827/2090/1081 830/2096/1081
f 819/2097/1097 830/2096/1081 820/2078/1081
s 1
f 819/2098/1088 762/2099/1089 814/2100/1090
s 0
f 814/2049/1146 733/2101/1147 735/2047/1088
f 823/2102/1100 824/2085/1081 828/2089/1081
f 753/1897/1148 831/2103/1149 825/2104/1103
f 766/2105/1104 821/2106/1105 831/2107/1089
f 748/1861/1150 822/2108/1151 821/2109/1090
f 750/2110/1106 825/2111/1107 822/2112/1088
f 742/2113/1110 763/2114/1111 760/2115/1088
f 723/2116/1114 814/2117/1115 815/2118/1089
f 722/1880/1150 819/2119/1151 814/2120/1090
f 747/2121/1116 829/2122/1117 819/2123/1088
f 757/2124/1148 815/2125/1149 829/2126/1103
f 756/2127/1118 823/2128/1117 764/2129/1088
f 749/2130/1148 812/2131/1149 823/2132/1103
f 719/2133/1126 765/2134/1115 812/2135/1089
f 795/2136/1081 699/2137/1152 698/2138/1153
f 811/2031/1154 697/2039/1155 695/2139/1103
f 698/1983/1156 734/2140/1157 732/2141/1090
f 831/2142/1158 727/2084/1159 730/2143/1103
f 818/2144/1081 831/2142/1160 730/2143/1103
f 832/2145/1081 825/2146/1161 831/2147/1089
f 808/2148/1081 732/2149/1162 731/2150/1088
f 731/2028/1163 762/2151/1164 761/2152/1090
f 625/1681/989 626/2153/989 627/1682/1165
f 629/1684/989 630/1694/1014 627/1685/1166
f 632/1687/989 633/2154/1167 634/1688/1168
f 635/1690/989 636/1702/999 633/1691/1169
f 637/1693/989 638/1719/998 630/1694/1170
f 639/1695/989 625/2155/989 628/1696/1171
s 1
f 641/1698/997 642/1728/1014 643/1699/998
s 0
f 644/1701/989 641/1724/997 636/1702/1172
f 645/1703/989 631/2156/989 634/1704/1173
f 647/1706/989 642/1725/1014 648/1707/1174
s 1
f 650/1709/997 651/1975/1014 648/1710/998
s 0
f 653/1712/989 650/1718/997 649/1713/1175
f 646/1708/989 648/1707/998 651/1715/1176
f 655/1717/989 656/1723/999 650/1718/1177
f 654/1716/989 651/1715/1014 638/1719/1174
s 1
f 640/1720/997 630/1961/1014 638/1721/998
s 0
f 639/1695/989 640/1697/997 656/1723/1178
f 652/1714/989 649/1713/999 641/1724/1177
f 645/1703/989 643/1705/998 642/1725/1179
f 643/1699/1180 657/2157/1088 658/1726/1181
f 641/1698/1182 659/2158/1089 660/1727/1183
f 649/1729/1184 661/2159/1090 659/1730/1185
f 663/1732/989 664/1893/999 665/1733/1186
f 666/1735/989 667/2160/989 668/1736/1187
f 670/1738/989 671/1748/999 668/1739/1169
f 672/1741/989 673/2161/989 674/1742/1171
s 1
f 676/1744/997 677/2022/1014 678/1745/998
s 0
f 679/1747/989 676/1767/997 671/1748/1172
f 681/1749/1188 677/1806/1014 682/1750/1189
s 1
f 684/1752/997 685/1792/1014 682/1753/998
s 0
f 687/1755/989 684/1759/997 683/1756/1175
f 688/1758/989 689/1766/999 684/1759/1177
f 691/1760/1190 685/1815/1014 692/1761/1189
s 1
f 675/1763/997 693/1780/1014 692/1764/998
s 0
f 672/1741/989 675/1743/997 689/1766/1178
f 686/1757/989 683/1756/999 676/1767/1177
f 668/1736/1191 694/2162/1089 695/1768/1192
f 671/1769/1193 696/2163/1090 694/1770/1194
f 678/1745/1195 697/2164/1088 696/1772/1196
f 669/1773/1197 695/2165/1103 697/1774/1198
f 665/1776/1195 698/2166/1088 699/1777/1196
f 675/1763/1191 700/2167/1089 701/1779/1192
f 674/1781/1199 699/2168/1090 700/1782/1200
f 689/1784/1201 702/2169/1090 703/1785/1185
f 692/1764/1195 704/2170/1088 702/1787/1196
f 685/1788/1202 705/2171/1103 704/1789/1203
f 684/1752/1191 703/2172/1089 705/1791/1192
f 677/1793/1204 706/2173/1103 707/1794/1203
f 682/1753/1195 707/2174/1088 708/1796/1196
f 710/1797/989 711/1902/999 712/1798/1205
f 666/1800/989 669/1891/1014 714/1801/1206
s 1
f 681/1803/997 716/1843/1014 717/1804/998
s 0
f 677/1806/1207 681/1749/997 715/1807/1208
f 719/1809/1209 716/1862/1014 720/1810/1210
s 1
f 691/1812/997 721/2065/1014 720/1813/998
s 0
f 685/1815/1211 691/1760/997 680/1751/1212
f 723/1816/1213 721/1874/1014 724/1817/1210
s 1
f 725/1819/997 726/1834/1014 724/1820/998
s 0
f 693/1822/1214 725/1892/997 690/1762/1215
f 717/1804/1216 727/2175/1088 728/1823/1217
f 729/1824/1197 730/2176/1103 727/1825/1198
f 712/1827/1216 731/2177/1088 732/1828/1217
f 726/1830/1218 733/2178/1103 731/1831/1219
f 725/1819/1220 734/2179/1089 733/1833/1221
f 664/1835/1199 732/2180/1090 734/1836/1200
f 724/1820/1216 735/2181/1088 736/1838/1217
f 716/1839/1204 737/2182/1103 738/1840/1203
f 681/1803/1220 739/2183/1089 737/1842/1221
f 680/1844/1184 740/2184/1090 739/1845/1185
f 720/1813/1216 738/2185/1088 740/1847/1217
f 710/1848/989 741/2186/989 742/1849/1222
f 743/1851/989 744/1858/1014 742/1852/1166
f 713/1854/989 714/2187/997 729/1855/1223
f 746/1857/989 747/1877/998 744/1858/1170
s 1
f 719/1859/997 749/2130/1014 750/1860/998
s 0
f 716/1862/1224 719/1809/997 748/1863/1225
f 751/1865/989 752/2188/989 753/1866/1173
f 755/1868/989 749/1882/1014 756/1869/1174
s 1
f 723/1871/997 757/2124/1014 756/1872/998
s 0
f 721/1874/1226 723/1816/997 718/1811/1227
f 754/1870/989 756/1869/998 757/1875/1176
f 758/1876/989 757/1875/1014 747/1877/1174
s 1
f 759/1878/997 744/1885/1014 747/1879/998
s 0
f 726/1881/1228 759/1901/997 722/1818/1229
f 751/1865/989 750/1867/998 749/1882/1179
f 742/1849/1230 760/2189/1088 761/1883/1231
f 759/1878/1232 762/2190/1089 763/1884/1233
f 711/1886/1199 761/2191/1090 762/1887/1200
f 756/1872/1230 764/2192/1088 765/1889/1231
f 674/1778/1234 673/2193/989 662/1890/989
f 678/1808/1235 715/1807/999 714/1801/1236
f 725/1892/1237 693/1822/1014 665/1733/1238
f 717/1864/1239 748/1863/999 766/1894/1079
f 766/1894/1240 767/2194/989 745/1896/989
f 753/1897/1241 752/2195/989 767/1898/989
f 664/1829/1242 663/2196/989 709/1900/989
f 759/1901/1243 726/1881/1014 712/1798/1073
f 768/1903/1081 769/2197/1090 770/1904/1244
f 770/1906/1245 772/1915/1103 773/1907/1081
f 775/1909/1246 776/2198/1089 777/1910/1081
f 776/1912/1247 658/1923/1090 778/1913/1081
f 772/1915/1248 779/1941/1088 780/1916/1081
f 781/1917/1081 782/2199/1089 769/1918/1249
s 1
f 657/1920/1088 660/2200/1103 659/1921/1089
s 0
f 658/1923/1250 659/1946/1089 783/1924/1081
f 784/1925/1081 657/2201/1088 775/1926/1251
f 786/1928/1252 660/1947/1103 787/1929/1081
s 1
f 786/1931/1088 788/2202/1103 789/1932/1089
s 0
f 661/1934/1253 789/1939/1089 791/1935/1081
f 788/1937/1254 786/1928/1088 785/1930/1081
f 789/1939/1255 793/1945/1090 794/1940/1081
f 779/1941/1252 788/1937/1103 792/1938/1081
s 1
f 779/1942/1088 772/2203/1103 782/1943/1089
s 0
f 793/1945/1256 782/2199/1089 781/1917/1081
f 659/1946/1255 661/1934/1090 790/1936/1081
f 660/1947/1257 657/2201/1088 784/1925/1081
f 634/1688/1258 633/2154/997 776/1948/1259
f 633/1950/1260 636/2204/999 658/1951/1261
f 643/1953/1262 634/2205/1014 775/1954/1263
f 628/1683/1264 627/1682/998 770/1956/1265
f 627/1958/1266 630/2206/1014 772/1959/1267
f 630/1961/1258 640/1720/997 782/1962/1259
f 640/1964/1268 628/2207/999 769/1965/1269
f 650/1967/1270 656/2208/999 793/1968/1271
f 656/1722/1264 638/1721/998 779/1970/1265
f 638/1972/1272 651/2209/1014 788/1973/1273
f 651/1975/1258 650/1709/997 789/1976/1259
f 648/1978/1272 642/2210/1014 660/1979/1274
f 649/1711/1264 648/1710/998 786/1981/1265
f 698/1983/1275 732/2141/1090 796/1984/1081
f 797/1986/1081 695/2211/1276 694/1987/1277
f 694/1989/1247 696/1998/1090 799/1990/1081
f 800/1992/1081 700/2212/1089 699/1993/1249
s 1
f 697/1995/1088 706/2213/1103 802/1996/1089
s 0
f 696/1998/1250 802/2018/1089 803/1999/1081
f 707/2000/1278 706/2038/1103 739/2001/1279
s 1
f 707/2003/1088 705/2214/1103 703/2004/1089
s 0
f 708/2006/1253 703/2009/1089 805/2007/1081
f 703/2009/1255 702/2017/1090 806/2010/1081
f 704/2011/1278 705/2046/1103 807/2012/1280
s 1
f 704/2014/1088 701/2215/1103 700/2015/1089
s 0
f 702/2017/1256 700/2212/1089 800/1992/1081
f 802/2018/1255 708/2006/1090 804/2008/1081
f 665/2019/1266 693/2216/1014 701/2020/1267
f 677/2022/1281 676/1744/997 802/2023/1282
f 676/2025/1270 683/2217/999 708/2026/1283
f 731/2028/1284 761/2152/1090 809/2029/1081
f 811/2031/1285 695/2139/1103 797/2032/1081
s 1
f 727/2034/1088 737/2218/1103 739/2035/1089
s 0
f 728/2037/1286 739/2001/1089 706/2038/1287
f 738/2040/1288 737/2083/1103 812/2041/1289
s 1
f 738/2043/1088 813/2219/1103 807/2044/1089
s 0
f 740/2002/1290 807/2012/1089 705/2046/1291
f 735/2047/1288 813/2094/1103 815/2048/1292
s 1
f 735/2050/1088 733/2220/1103 734/2051/1089
s 0
f 736/2013/1293 734/2140/1089 701/2053/1294
f 729/1855/1295 714/2187/997 811/2054/1296
f 714/2056/1260 715/2221/999 728/2057/1261
f 691/2059/1270 690/2222/999 736/2060/1271
f 724/2062/1272 721/2223/1014 813/2063/1273
f 721/2065/1295 691/1812/997 807/2066/1296
f 809/2068/1081 761/2224/1090 760/2069/1297
f 760/2071/1245 763/2077/1103 817/2072/1081
f 730/2074/1298 811/2225/1089 810/2075/1081
f 763/2077/1248 819/2097/1088 820/2078/1081
s 1
f 822/2079/1088 823/2226/1103 812/2080/1089
s 0
f 821/2082/1299 812/2041/1089 737/2083/1300
f 824/2085/1081 822/2227/1088 825/2086/1251
f 764/2088/1252 823/2102/1103 828/2089/1081
s 1
f 764/2091/1088 829/2228/1103 815/2092/1089
s 0
f 765/2042/1301 815/2048/1089 813/2094/1302
f 829/2095/1254 764/2088/1088 827/2090/1081
f 819/2097/1252 829/2095/1103 830/2096/1081
s 1
f 819/2098/1088 763/2229/1103 762/2099/1089
s 0
f 814/2049/1303 762/2151/1089 733/2101/1304
f 823/2102/1257 822/2227/1088 824/2085/1081
f 753/1897/1305 766/1899/997 831/2103/1306
f 766/2105/1260 748/2230/999 821/2106/1261
f 748/1861/1307 750/1860/998 822/2108/1308
f 750/2110/1262 753/2231/1014 825/2111/1263
f 742/2113/1266 744/2232/1014 763/2114/1267
f 723/2116/1270 722/2233/999 814/2117/1271
f 722/1880/1307 747/1879/998 819/2119/1308
f 747/2121/1272 757/2234/1014 829/2122/1273
f 757/2124/1305 723/1871/997 815/2125/1306
f 756/2127/1272 749/2235/1014 823/2128/1274
f 749/2130/1305 719/1859/997 812/2131/1306
f 719/2133/1270 718/2236/999 765/2134/1283
f 795/2136/1081 801/2237/1081 699/2137/1309
f 811/2031/1310 728/2037/1090 697/2039/1311
f 698/1983/1312 701/2053/1103 734/2140/1313
f 831/2142/1164 821/2082/1090 727/2084/1314
f 818/2144/1081 832/2238/1081 831/2142/1315
f 832/2145/1081 826/2239/1081 825/2146/1316
f 808/2148/1081 796/2240/1081 732/2149/1317
f 731/2028/1159 733/2101/1103 762/2151/1318
o window_big004
v 0.528459 5.803944 15.136692
v 0.528459 4.693043 15.136692
v 0.613160 4.777744 15.136692
v 0.613160 5.719341 15.136692
v 2.189561 4.693043 15.136692
v 2.189561 4.777744 15.136692
v 7.727860 4.693043 15.136692
v 7.727860 5.803944 15.136692
v 7.643159 5.719341 15.136692
v 7.643159 4.777744 15.136692
v 6.086366 5.803944 15.136692
v 6.086366 5.719341 15.136692
v 2.256959 4.693043 15.136692
v 2.256959 4.777744 15.136692
v 2.189561 5.803944 15.136692
v 2.189561 5.719341 15.136692
v 6.011369 5.719341 15.136692
v 6.011369 4.777744 15.136692
v 6.086366 4.777744 15.136692
v 6.011369 5.803944 15.136692
v 6.086366 4.693043 15.136692
v 4.174165 4.693043 15.136692
v 6.011369 4.693043 15.136692
v 4.174165 4.777744 15.136692
v 4.174165 5.719341 15.136692
v 4.099366 5.719341 15.136692
v 4.099366 4.777744 15.136692
v 4.174165 5.803944 15.136692
v 4.099366 5.803944 15.136692
v 4.099366 4.693043 15.136692
v 2.256959 5.803944 15.136692
v 2.256959 5.719341 15.136692
v 6.086366 4.777744 15.082493
v 6.086366 5.719341 15.082493
v 6.011369 5.719341 15.082493
v 6.011369 4.777744 15.082493
v 4.174165 5.719341 15.082493
v 0.528459 3.577740 15.136692
v 0.528459 3.502942 15.136692
v 0.613160 3.502942 15.136692
v 0.613160 3.577740 15.136692
v 7.727860 3.577740 15.136692
v 7.727860 4.211643 15.136692
v 7.643159 4.127041 15.136692
v 7.643159 3.577740 15.136692
v 6.086366 4.211643 15.136692
v 6.086366 4.127041 15.136692
v 2.189561 4.211643 15.136692
v 0.528459 4.211643 15.136692
v 0.613160 4.127041 15.136692
v 2.189561 4.127041 15.136692
v 6.011369 4.127041 15.136692
v 6.011369 3.577740 15.136692
v 6.086366 3.577740 15.136692
v 6.011369 4.211643 15.136692
v 4.174165 3.502942 15.136692
v 6.011369 3.502942 15.136692
v 4.174165 3.577740 15.136692
v 4.174165 4.127041 15.136692
v 4.099366 4.127041 15.136692
v 4.099366 3.577740 15.136692
v 4.174165 4.211643 15.136692
v 4.099366 4.211643 15.136692
v 2.256959 4.211643 15.136692
v 2.256959 4.127041 15.136692
v 2.256959 3.502942 15.136692
v 4.099366 3.502942 15.136692
v 2.256959 3.577740 15.136692
v 2.189561 3.577740 15.136692
v 7.643159 4.127041 15.082493
v 7.643159 3.577740 15.082493
v 6.086366 4.127041 15.082493
v 6.086366 3.577740 15.082493
v 0.613160 3.577740 15.082493
v 0.613160 4.127041 15.082493
v 2.189561 4.127041 15.082493
v 2.189561 3.577740 15.082493
v 2.256959 4.127041 15.082493
v 4.099366 4.127041 15.082493
v 2.256959 3.577740 15.082493
v 4.099366 3.577740 15.082493
v 6.011369 3.577740 15.082493
v 4.174165 3.577740 15.082493
v 4.174165 4.127041 15.082493
v 0.528459 1.983742 15.136692
v 0.528459 1.905243 15.136692
v 0.613160 1.905243 15.136692
v 0.613160 1.983742 15.136692
v 7.727860 3.502942 15.136692
v 7.643159 3.502942 15.136692
v 6.086366 3.502942 15.136692
v 6.011369 1.983742 15.136692
v 6.086366 1.983742 15.136692
v 4.174165 1.905243 15.136692
v 6.011369 1.905243 15.136692
v 4.174165 1.983742 15.136692
v 4.099366 1.983742 15.136692
v 2.256959 1.905243 15.136692
v 4.099366 1.905243 15.136692
v 2.256959 1.983742 15.136692
v 2.189561 3.502942 15.136692
v 2.189561 1.983742 15.136692
v 6.086366 1.983742 15.082493
v 6.086366 3.502942 15.082493
v 7.643159 1.983742 15.136692
v 7.643159 1.983742 15.082493
v 0.613160 1.983742 15.082493
v 0.613160 3.502942 15.082493
v 2.189561 1.983742 15.082493
v 2.189561 3.502942 15.082493
v 2.256959 1.983742 15.082493
v 2.256959 3.502942 15.082493
v 6.011369 1.983742 15.082493
v 4.174165 1.983742 15.082493
v 6.011369 3.502942 15.082493
v 4.174165 3.502942 15.082493
v 0.528459 0.749142 15.136692
v 0.613160 0.833844 15.136692
v 2.189561 0.749142 15.136692
v 2.189561 0.833844 15.136692
v 7.727860 1.983742 15.136692
v 2.256959 0.749142 15.136692
v 2.256959 0.833844 15.136692
v 6.086366 1.905243 15.136692
v 6.011369 0.833844 15.136692
v 6.086366 0.833844 15.136692
v 6.086366 0.749142 15.136692
v 7.727860 0.749142 15.136692
v 7.643159 0.833844 15.136692
v 4.174165 0.749142 15.136692
v 6.011369 0.749142 15.136692
v 4.174165 0.833844 15.136692
v 4.099366 0.833844 15.136692
v 4.099366 0.749142 15.136692
v 2.189561 1.905243 15.136692
v 0.613160 0.833844 15.082493
v 0.613160 1.905243 15.082493
v 2.189561 1.905243 15.082493
v 2.189561 0.833844 15.082493
v 4.174165 0.833844 15.082493
v 4.174165 1.905243 15.082493
v 7.643159 1.905243 15.136692
v 7.727860 1.905243 15.136692
v 0.528459 5.803944 15.082493
v 0.613160 5.719341 15.082493
v 0.613160 4.777744 15.082493
v 0.528459 4.693043 15.082493
v 2.189561 4.777744 15.082493
v 2.189561 4.693043 15.082493
v 7.727860 4.693043 15.082493
v 7.643159 4.777744 15.082493
v 7.643159 5.719341 15.082493
v 7.727860 5.803944 15.082493
v 6.086366 5.803944 15.082493
v 2.256959 4.777744 15.082493
v 2.256959 4.693043 15.082493
v 2.189561 5.803944 15.082493
v 2.189561 5.719341 15.082493
v 6.011369 5.803944 15.082493
v 6.086366 4.693043 15.082493
v 4.174165 4.693043 15.082493
v 4.174165 4.777744 15.082493
v 6.011369 4.693043 15.082493
v 4.099366 4.777744 15.082493
v 4.099366 5.719341 15.082493
v 4.174165 5.803944 15.082493
v 4.099366 5.803944 15.082493
v 4.099366 4.693043 15.082493
v 2.256959 5.719341 15.082493
v 2.256959 5.803944 15.082493
v 0.528459 3.577740 15.082493
v 0.528459 3.502942 15.082493
v 7.727860 3.577740 15.082493
v 7.727860 4.211643 15.082493
v 6.086366 4.211643 15.082493
v 2.189561 4.211643 15.082493
v 0.528459 4.211643 15.082493
v 6.011369 4.127041 15.082493
v 6.011369 4.211643 15.082493
v 4.174165 4.211643 15.082493
v 4.099366 4.211643 15.082493
v 2.256959 4.211643 15.082493
v 4.099366 3.502942 15.082493
v 0.528459 1.983742 15.082493
v 0.528459 1.905243 15.082493
v 7.727860 3.502942 15.082493
v 7.643159 3.502942 15.082493
v 6.011369 1.905243 15.082493
v 4.099366 1.983742 15.082493
v 2.256959 1.905243 15.082493
v 4.099366 1.905243 15.082493
v 0.528459 0.749142 15.082493
v 2.189561 0.749142 15.082493
v 7.727860 1.983742 15.082493
v 2.256959 0.833844 15.082493
v 2.256959 0.749142 15.082493
v 6.086366 1.905243 15.082493
v 6.086366 0.833844 15.082493
v 6.011369 0.833844 15.082493
v 6.086366 0.749142 15.082493
v 7.643159 0.833844 15.082493
v 7.727860 0.749142 15.082493
v 4.174165 0.749142 15.082493
v 6.011369 0.749142 15.082493
v 4.099366 0.833844 15.082493
v 4.099366 0.749142 15.082493
v 7.643159 1.905243 15.082493
v 7.727860 1.905243 15.082493
vn -0.0000 -0.0000 1.0000
vn 0.4032 0.1384 0.9046
vn 0.3014 -0.3015 0.9046
vn 0.3142 0.2883 0.9045
vn -0.2810 0.3207 0.9046
vn -0.3144 -0.2881 0.9045
vn -0.1406 0.4025 0.9045
vn 0.1361 -0.4041 0.9045
vn -0.3015 -0.3015 0.9045
vn 0.3015 0.3015 0.9045
vn 0.3015 -0.3015 0.9045
vn 0.1513 -0.3987 0.9045
vn -0.1362 0.4041 0.9045
vn 0.3129 0.2897 0.9045
vn 0.1510 -0.3988 0.9045
vn -0.1509 0.3988 0.9045
vn -0.3128 -0.2898 0.9045
vn 0.3128 0.2897 0.9045
vn 0.1408 -0.4025 0.9045
vn -0.3129 -0.2897 0.9045
vn -0.1512 0.3987 0.9045
vn 0.3015 -0.0756 0.9505
vn 0.3015 -0.3395 -0.8910
vn -0.3015 0.0756 0.9505
vn -0.3015 0.3395 -0.8910
vn -0.3015 0.3015 0.9045
vn -0.0826 -0.3015 0.9499
vn -0.3211 -0.3015 -0.8978
vn 0.3988 0.1509 0.9045
vn -0.4013 -0.1442 0.9045
vn -0.3016 0.3015 0.9045
vn -0.2157 -0.3678 0.9045
vn 0.3116 0.2911 0.9045
vn 0.3115 0.2911 0.9045
vn -0.3015 0.0653 0.9512
vn -0.3015 0.3661 -0.8804
vn -0.0813 -0.3015 0.9500
vn -0.3246 -0.3015 -0.8965
vn 0.3015 -0.0653 0.9512
vn 0.3015 -0.3661 -0.8804
vn 0.0813 0.3015 0.9500
vn 0.3246 0.3015 -0.8965
vn -0.0814 -0.3015 0.9500
vn -0.3243 -0.3015 -0.8966
vn -0.3210 -0.3015 -0.8978
vn 0.0826 0.3015 0.9499
vn 0.3210 0.3015 -0.8978
vn 0.3211 0.3015 -0.8978
vn 0.3970 0.1557 0.9045
vn -0.3988 -0.1509 0.9045
vn -0.3941 0.1629 0.9045
vn 0.1635 -0.3938 0.9045
vn -0.2158 -0.3677 0.9045
vn 0.3121 0.2906 0.9045
vn -0.3940 0.1631 0.9045
vn 0.1632 -0.3939 0.9045
vn 0.3120 0.2906 0.9045
vn -0.3896 0.1733 0.9045
vn 0.1529 -0.3980 0.9045
vn 0.3015 -0.0811 0.9500
vn 0.3015 -0.3251 -0.8963
vn 0.0814 0.3015 0.9500
vn 0.3243 0.3015 -0.8966
vn -0.3015 0.0811 0.9500
vn -0.3015 0.3251 -0.8963
vn 0.4035 0.1381 0.9045
vn 0.3016 -0.3015 0.9045
vn -0.2872 0.3152 0.9045
vn -0.3921 0.1676 0.9045
vn 0.1587 -0.3958 0.9045
vn -0.3920 0.1679 0.9045
vn 0.1584 -0.3959 0.9045
vn -0.3875 0.1780 0.9045
vn 0.1481 -0.3998 0.9045
vn 0.3015 -0.0773 0.9503
vn 0.3015 -0.3349 -0.8927
vn -0.3015 0.0773 0.9503
vn -0.3015 0.3349 -0.8927
vn 0.4014 -0.1440 0.9045
vn 0.3016 0.3015 0.9045
vn 0.2162 0.3675 0.9045
vn -0.3133 -0.2892 0.9045
vn -0.2161 -0.3676 0.9045
vn 0.3132 0.2894 0.9045
vn 0.2163 0.3675 0.9045
vn -0.3139 -0.2886 0.9045
vn -0.1706 -0.3908 0.9045
vn -0.4034 0.1382 0.9045
vn -0.3016 -0.3015 0.9045
vn 0.3673 -0.2166 0.9045
vn -0.2163 -0.3675 0.9045
vn 0.3138 0.2887 0.9045
vn -0.0000 -0.0000 -1.0000
vn 0.2811 0.3206 -0.9045
vn 0.3142 0.2883 -0.9045
vn -0.2809 0.3207 -0.9045
vn -0.3143 -0.2881 -0.9045
vn -0.1406 0.4026 -0.9045
vn 0.3142 -0.2883 -0.9045
vn 0.3015 0.3015 -0.9045
vn -0.3015 -0.3015 -0.9045
vn 0.3015 -0.3015 -0.9045
vn 0.1512 -0.3987 -0.9045
vn -0.3143 0.2881 -0.9045
vn 0.3129 0.2897 -0.9045
vn 0.1510 -0.3988 -0.9045
vn -0.1509 0.3988 -0.9045
vn -0.3128 -0.2898 -0.9045
vn 0.3128 0.2897 -0.9045
vn 0.1407 -0.4025 -0.9045
vn -0.3129 -0.2897 -0.9045
vn -0.1511 0.3987 -0.9045
vn -0.3015 0.3395 0.8910
vn -0.3015 0.0756 -0.9505
vn -0.3015 0.3015 -0.9045
vn -0.3246 -0.3015 0.8965
vn -0.0813 -0.3015 -0.9500
vn 0.3246 0.3015 0.8965
vn 0.0813 0.3015 -0.9500
vn 0.3015 -0.3395 0.8910
vn 0.3015 -0.0756 -0.9505
vn 0.3243 0.3015 0.8966
vn 0.0814 0.3015 -0.9500
vn -0.3243 -0.3015 0.8966
vn -0.0814 -0.3015 -0.9500
vn -0.3210 -0.3015 0.8978
vn -0.0826 -0.3015 -0.9499
vn 0.3210 0.3015 0.8978
vn 0.0826 0.3015 -0.9499
vn 0.3211 0.3015 0.8978
vn 0.3988 0.1509 -0.9045
vn -0.2624 -0.3360 -0.9046
vn 0.3116 0.2911 -0.9045
vn -0.2157 -0.3678 -0.9045
vn 0.3115 0.2911 -0.9045
vn -0.3015 0.3661 0.8804
vn -0.3015 0.0653 -0.9512
vn -0.3211 -0.3015 0.8978
vn 0.3970 0.1556 -0.9045
vn -0.3988 -0.1509 -0.9045
vn 0.1634 -0.3938 -0.9045
vn -0.3940 0.1629 -0.9045
vn 0.3121 0.2906 -0.9045
vn -0.2158 -0.3677 -0.9045
vn 0.1631 -0.3940 -0.9045
vn -0.3939 0.1632 -0.9045
vn 0.3120 0.2906 -0.9045
vn 0.1528 -0.3981 -0.9045
vn -0.3896 0.1734 -0.9045
vn -0.3015 0.3251 0.8963
vn -0.3015 0.0811 -0.9500
vn 0.2819 0.3199 -0.9045
vn -0.2872 0.3152 -0.9045
vn 0.1586 -0.3958 -0.9045
vn -0.3920 0.1677 -0.9045
vn 0.1584 -0.3959 -0.9045
vn -0.3919 0.1679 -0.9045
vn 0.1481 -0.3999 -0.9045
vn -0.3874 0.1780 -0.9045
vn -0.3015 0.3349 0.8927
vn -0.3015 0.0773 -0.9503
vn 0.3015 -0.3349 0.8927
vn 0.3015 -0.0773 -0.9503
vn 0.4012 -0.1442 -0.9046
vn 0.3015 0.3015 -0.9046
vn -0.3133 -0.2892 -0.9045
vn 0.2162 0.3675 -0.9045
vn 0.3132 0.2894 -0.9045
vn -0.2161 -0.3676 -0.9045
vn -0.3139 -0.2886 -0.9045
vn 0.2163 0.3675 -0.9045
vn -0.1707 -0.3908 -0.9045
vn -0.4034 0.1382 -0.9045
vn 0.3673 -0.2166 -0.9045
vn 0.3138 0.2887 -0.9045
vn -0.2163 -0.3675 -0.9045
vn 0.2810 0.3207 0.9046
vn 0.1361 0.4041 0.9045
vn -0.3014 -0.3015 0.9046
vn -0.4032 0.1384 0.9046
vn -0.1362 -0.4041 0.9045
vn -0.3841 0.1852 0.9045
vn 0.3142 -0.2883 0.9045
vn 0.3889 -0.1749 0.9045
vn -0.3143 0.2881 0.9045
vn 0.2160 0.3676 0.9045
vn 0.3888 -0.1752 0.9045
vn -0.3887 0.1753 0.9045
vn -0.2160 -0.3676 0.9045
vn 0.3841 -0.1851 0.9045
vn -0.3888 0.1750 0.9045
vn 0.3015 0.3395 0.8910
vn 0.3015 0.0756 -0.9505
vn -0.3015 -0.3395 0.8910
vn -0.3015 -0.0756 -0.9505
vn 0.3211 -0.3015 0.8978
vn 0.0826 -0.3015 -0.9499
vn 0.1753 0.3887 0.9045
vn -0.2625 -0.3361 0.9045
vn -0.3116 -0.2911 0.9045
vn 0.2157 0.3678 0.9045
vn -0.3115 -0.2911 0.9045
vn -0.3015 -0.3661 0.8804
vn -0.3015 -0.0653 -0.9512
vn 0.3246 -0.3015 0.8965
vn 0.0813 -0.3015 -0.9500
vn 0.3015 0.3661 0.8804
vn 0.3015 0.0653 -0.9512
vn -0.3246 0.3015 0.8965
vn -0.0813 0.3015 -0.9500
vn 0.3243 -0.3015 0.8966
vn 0.0814 -0.3015 -0.9500
vn 0.3210 -0.3015 0.8978
vn -0.3210 0.3015 0.8978
vn -0.0826 0.3015 -0.9499
vn -0.3211 0.3015 0.8978
vn 0.1706 0.3908 0.9045
vn -0.1753 -0.3887 0.9045
vn -0.1635 0.3938 0.9045
vn 0.3941 -0.1629 0.9045
vn -0.3121 -0.2906 0.9045
vn 0.2158 0.3677 0.9045
vn -0.1632 0.3939 0.9045
vn 0.3940 -0.1631 0.9045
vn -0.3120 -0.2906 0.9045
vn -0.1529 0.3980 0.9045
vn 0.3896 -0.1733 0.9045
vn 0.3015 0.3251 0.8963
vn 0.3015 0.0811 -0.9500
vn -0.3243 0.3015 0.8966
vn -0.0814 0.3015 -0.9500
vn -0.3015 -0.3251 0.8963
vn -0.3015 -0.0811 -0.9500
vn 0.2819 0.3199 0.9045
vn -0.3673 0.2166 0.9045
vn -0.1587 0.3958 0.9045
vn 0.3921 -0.1676 0.9045
vn -0.1584 0.3959 0.9045
vn 0.3920 -0.1679 0.9045
vn -0.1481 0.3998 0.9045
vn 0.3875 -0.1780 0.9045
vn 0.3015 0.3349 0.8927
vn 0.3015 0.0773 -0.9503
vn -0.3015 -0.3349 0.8927
vn -0.3015 -0.0773 -0.9503
vn 0.2626 -0.3360 0.9045
vn 0.3133 0.2892 0.9045
vn -0.2162 -0.3675 0.9045
vn -0.3132 -0.2894 0.9045
vn 0.2161 0.3676 0.9045
vn 0.3139 0.2886 0.9045
vn -0.3970 -0.1557 0.9045
vn -0.2819 0.3200 0.9045
vn 0.2872 -0.3152 0.9045
vn -0.3138 -0.2887 0.9045
vn 0.4034 0.1382 -0.9045
vn 0.1361 0.4041 -0.9045
vn -0.4033 0.1385 -0.9045
vn -0.1361 -0.4041 -0.9045
vn -0.3841 0.1852 -0.9045
vn 0.1361 -0.4041 -0.9045
vn 0.3888 -0.1750 -0.9045
vn -0.1362 0.4041 -0.9045
vn 0.2160 0.3676 -0.9045
vn 0.3887 -0.1752 -0.9045
vn -0.3887 0.1753 -0.9045
vn -0.2160 -0.3676 -0.9045
vn 0.3841 -0.1851 -0.9045
vn -0.3888 0.1751 -0.9045
vn -0.3015 -0.0756 0.9505
vn -0.3015 -0.3395 -0.8910
vn 0.0813 -0.3015 0.9500
vn 0.3246 -0.3015 -0.8965
vn -0.0813 0.3015 0.9500
vn -0.3246 0.3015 -0.8965
vn 0.3015 0.0756 0.9505
vn 0.3015 0.3395 -0.8910
vn -0.0814 0.3015 0.9500
vn -0.3243 0.3015 -0.8966
vn 0.0814 -0.3015 0.9500
vn 0.3243 -0.3015 -0.8966
vn 0.0826 -0.3015 0.9499
vn 0.3210 -0.3015 -0.8978
vn -0.0826 0.3015 0.9499
vn -0.3210 0.3015 -0.8978
vn -0.3211 0.3015 -0.8978
vn 0.1753 0.3887 -0.9045
vn -0.3015 0.3015 -0.9046
vn -0.4012 -0.1442 -0.9046
vn 0.2157 0.3678 -0.9045
vn -0.3116 -0.2911 -0.9045
vn -0.3115 -0.2911 -0.9045
vn -0.3015 -0.0653 0.9512
vn -0.3015 -0.3661 -0.8804
vn 0.3211 -0.3015 -0.8978
vn 0.1707 0.3908 -0.9045
vn -0.1753 -0.3887 -0.9045
vn 0.3940 -0.1629 -0.9045
vn -0.1634 0.3938 -0.9045
vn 0.2158 0.3677 -0.9045
vn -0.3121 -0.2906 -0.9045
vn 0.3939 -0.1632 -0.9045
vn -0.1631 0.3940 -0.9045
vn -0.3120 -0.2906 -0.9045
vn 0.3895 -0.1734 -0.9045
vn -0.1528 0.3981 -0.9045
vn -0.3015 -0.0811 0.9500
vn -0.3015 -0.3251 -0.8963
vn -0.3673 0.2166 -0.9045
vn 0.3920 -0.1677 -0.9045
vn -0.1586 0.3958 -0.9045
vn 0.3919 -0.1679 -0.9045
vn -0.1584 0.3959 -0.9045
vn 0.3874 -0.1780 -0.9045
vn -0.1481 0.3999 -0.9045
vn -0.3015 -0.0773 0.9503
vn -0.3015 -0.3349 -0.8927
vn 0.3015 0.0773 0.9503
vn 0.3015 0.3349 -0.8927
vn 0.2624 -0.3360 -0.9046
vn -0.2162 -0.3675 -0.9045
vn 0.3133 0.2892 -0.9045
vn 0.2161 0.3676 -0.9045
vn -0.3132 -0.2894 -0.9045
vn 0.3139 0.2886 -0.9045
vn -0.3970 -0.1556 -0.9045
vn -0.2819 0.3199 -0.9045
vn 0.2872 -0.3152 -0.9045
vn -0.3138 -0.2887 -0.9045
vt 0.658300 0.492800
vt 0.522300 0.481600
vt 0.647000 0.481600
vt 0.240100 0.240100
vt 0.031200 0.251100
vt 0.020000 0.239900
vt 0.826800 0.415800
vt 0.690900 0.427000
vt 0.679600 0.415800
vt 0.756300 0.339000
vt 0.962600 0.328000
vt 0.973800 0.339300
vt 0.249000 0.240100
vt 0.240100 0.251300
vt 0.240100 0.339000
vt 0.031200 0.328000
vt 0.240100 0.327800
vt 0.804400 0.641800
vt 0.679600 0.631900
vt 0.804400 0.631900
vt 0.746400 0.339000
vt 0.756300 0.327800
vt 0.756300 0.240100
vt 0.962600 0.251100
vt 0.756300 0.251300
vt 0.746400 0.240100
vt 0.503000 0.251300
vt 0.503000 0.240100
vt 0.804400 0.594100
vt 0.679600 0.584200
vt 0.804400 0.584200
vt 0.493100 0.339100
vt 0.503000 0.327900
vt 0.503000 0.339100
vt 0.493100 0.251300
vt 0.493100 0.240100
vt 0.249000 0.339000
vt 0.493100 0.327900
vt 0.249000 0.251300
vt 0.804400 0.549200
vt 0.679600 0.540200
vt 0.804400 0.540200
vt 0.249000 0.327800
vt 0.746400 0.327800
vt 0.746400 0.251300
vt 0.804400 0.624700
vt 0.679600 0.649000
vt 0.679600 0.641800
vt 0.020000 0.606200
vt 0.263400 0.599000
vt 0.263400 0.606200
vt 0.020000 0.071300
vt 0.031200 0.081200
vt 0.020000 0.081200
vt 0.862900 0.379100
vt 0.935700 0.390400
vt 0.862900 0.390400
vt 0.756300 0.309700
vt 0.962600 0.298700
vt 0.973800 0.309900
vt 0.240100 0.309700
vt 0.031200 0.298700
vt 0.240100 0.298500
vt 0.323700 0.733400
vt 0.250900 0.723500
vt 0.323700 0.723500
vt 0.746400 0.309700
vt 0.756300 0.298500
vt 0.746400 0.071300
vt 0.503000 0.081200
vt 0.503000 0.071300
vt 0.323700 0.817700
vt 0.250900 0.807800
vt 0.323700 0.807800
vt 0.493100 0.309800
vt 0.503000 0.298600
vt 0.503000 0.309800
vt 0.249000 0.309700
vt 0.493100 0.298600
vt 0.493100 0.071300
vt 0.249000 0.081200
vt 0.249000 0.071300
vt 0.323700 0.776400
vt 0.250900 0.767400
vt 0.323700 0.767400
vt 0.249000 0.298500
vt 0.746400 0.298500
vt 0.862900 0.397500
vt 0.020000 0.892000
vt 0.226300 0.884900
vt 0.226300 0.892000
vt 0.323700 0.716300
vt 0.226300 0.928800
vt 0.020000 0.936000
vt 0.020000 0.928800
vt 0.247200 0.910400
vt 0.320000 0.903200
vt 0.320000 0.910400
vt 0.250900 0.783600
vt 0.250900 0.776400
vt 0.020000 0.870100
vt 0.228900 0.862900
vt 0.228900 0.870100
vt 0.020000 0.496300
vt 0.264100 0.489100
vt 0.264100 0.496300
vt 0.323700 0.760300
vt 0.264100 0.423100
vt 0.020000 0.430300
vt 0.020000 0.423100
vt 0.250900 0.824800
vt 0.250900 0.817700
vt 0.263400 0.665000
vt 0.020000 0.672200
vt 0.020000 0.665000
vt 0.323700 0.800600
vt 0.020000 0.097000
vt 0.031200 0.107400
vt 0.020000 0.107400
vt 0.973800 0.081200
vt 0.962600 0.071300
vt 0.973800 0.071300
vt 0.488800 0.513500
vt 0.287500 0.503600
vt 0.488800 0.503600
vt 0.746400 0.081200
vt 0.756400 0.071300
vt 0.756400 0.081200
vt 0.746400 0.097000
vt 0.503000 0.107400
vt 0.503000 0.097000
vt 0.488800 0.473200
vt 0.287500 0.463300
vt 0.488800 0.463300
vt 0.493100 0.081200
vt 0.493100 0.097000
vt 0.249000 0.107400
vt 0.249000 0.097000
vt 0.488800 0.431900
vt 0.287500 0.423000
vt 0.488800 0.423000
vt 0.240100 0.081200
vt 0.488800 0.496400
vt 0.721000 0.357200
vt 0.514700 0.364300
vt 0.514700 0.357200
vt 0.287500 0.573200
vt 0.488800 0.566000
vt 0.488800 0.573200
vt 0.228900 0.709000
vt 0.020000 0.716100
vt 0.020000 0.709000
vt 0.287500 0.439100
vt 0.287500 0.431900
vt 0.020000 0.826100
vt 0.228900 0.818900
vt 0.228900 0.826100
vt 0.488800 0.415800
vt 0.263400 0.621000
vt 0.020000 0.628200
vt 0.020000 0.621000
vt 0.287500 0.520700
vt 0.287500 0.513500
vt 0.020000 0.694200
vt 0.263400 0.687000
vt 0.263400 0.694200
vt 0.488800 0.456100
vt 0.840100 0.397500
vt 0.698200 0.386300
vt 0.840100 0.386300
vt 0.240100 0.269400
vt 0.031200 0.280400
vt 0.020000 0.269200
vt 0.488800 0.379100
vt 0.287500 0.390400
vt 0.287500 0.379100
vt 0.249000 0.269400
vt 0.240100 0.280600
vt 0.653000 0.627100
vt 0.511100 0.617200
vt 0.653000 0.617200
vt 0.746400 0.107400
vt 0.756400 0.097000
vt 0.756400 0.107400
vt 0.756300 0.269400
vt 0.962600 0.280400
vt 0.756300 0.280600
vt 0.746400 0.269400
vt 0.503000 0.280600
vt 0.503000 0.269400
vt 0.653000 0.667400
vt 0.511100 0.657500
vt 0.653000 0.657500
vt 0.493100 0.107400
vt 0.493100 0.280600
vt 0.493100 0.269400
vt 0.249000 0.280600
vt 0.653000 0.585800
vt 0.511100 0.576900
vt 0.653000 0.576900
vt 0.240100 0.107400
vt 0.746400 0.280600
vt 0.840100 0.379100
vt 0.511100 0.593000
vt 0.511100 0.585800
vt 0.020000 0.848100
vt 0.228900 0.840900
vt 0.228900 0.848100
vt 0.653000 0.650300
vt 0.247200 0.921600
vt 0.962600 0.081200
vt 0.240100 0.071300
vt 0.031200 0.071300
vt 0.962600 0.097000
vt 0.962600 0.107400
vt 0.973800 0.107400
vt 0.522300 0.390400
vt 0.664200 0.379100
vt 0.664200 0.390400
vt 0.287500 0.584400
vt 0.240100 0.097000
vt 0.031200 0.097000
vt 0.511100 0.522800
vt 0.647000 0.511100
vt 0.658300 0.522200
vt 0.031200 0.210800
vt 0.240100 0.221800
vt 0.020000 0.222000
vt 0.647000 0.551600
vt 0.511100 0.540400
vt 0.658200 0.540400
vt 0.962600 0.133800
vt 0.756300 0.122800
vt 0.973800 0.122600
vt 0.240100 0.210600
vt 0.249000 0.221800
vt 0.240100 0.122800
vt 0.031200 0.133800
vt 0.020000 0.122600
vt 0.372000 0.969200
vt 0.247200 0.979100
vt 0.247200 0.969200
vt 0.756300 0.134000
vt 0.746400 0.122800
vt 0.756300 0.221800
vt 0.962600 0.210800
vt 0.973800 0.222000
vt 0.503000 0.210600
vt 0.746400 0.221800
vt 0.503000 0.221800
vt 0.372000 0.939800
vt 0.247200 0.949800
vt 0.247200 0.939800
vt 0.503000 0.134000
vt 0.493100 0.122800
vt 0.503000 0.122800
vt 0.493100 0.210600
vt 0.493100 0.221800
vt 0.493100 0.134000
vt 0.249000 0.122800
vt 0.249000 0.210600
vt 0.800700 0.665000
vt 0.676000 0.673900
vt 0.676000 0.665000
vt 0.249000 0.134000
vt 0.746400 0.134000
vt 0.746400 0.210600
vt 0.815600 0.434200
vt 0.690900 0.434200
vt 0.948200 0.364300
vt 0.741900 0.357200
vt 0.948200 0.357200
vt 0.287500 0.357200
vt 0.493800 0.364300
vt 0.287500 0.364300
vt 0.522300 0.474400
vt 0.647000 0.474400
vt 0.020000 0.796900
vt 0.228900 0.804100
vt 0.020000 0.804100
vt 0.679600 0.549200
vt 0.804400 0.556300
vt 0.679600 0.556300
vt 0.228900 0.738100
vt 0.020000 0.731000
vt 0.228900 0.731000
vt 0.264100 0.452300
vt 0.020000 0.445100
vt 0.264100 0.445100
vt 0.679600 0.533100
vt 0.804400 0.533100
vt 0.020000 0.467100
vt 0.264100 0.474300
vt 0.020000 0.474300
vt 0.679600 0.594100
vt 0.804400 0.601300
vt 0.679600 0.601300
vt 0.020000 0.577000
vt 0.263400 0.584200
vt 0.020000 0.584200
vt 0.679600 0.577000
vt 0.804400 0.577000
vt 0.031200 0.020000
vt 0.020000 0.029900
vt 0.020000 0.020000
vt 0.334900 0.844900
vt 0.262000 0.855800
vt 0.250900 0.844600
vt 0.962600 0.192500
vt 0.756300 0.181500
vt 0.973800 0.181200
vt 0.240100 0.181500
vt 0.031200 0.192500
vt 0.020000 0.181200
vt 0.921000 0.415800
vt 0.848200 0.425700
vt 0.848200 0.415800
vt 0.756300 0.192700
vt 0.746400 0.181500
vt 0.503000 0.020000
vt 0.746400 0.029900
vt 0.503000 0.029900
vt 0.917300 0.445100
vt 0.844600 0.455000
vt 0.844600 0.445100
vt 0.503000 0.192600
vt 0.493100 0.181400
vt 0.503000 0.181400
vt 0.493100 0.192600
vt 0.249000 0.181500
vt 0.249000 0.020000
vt 0.493100 0.029900
vt 0.249000 0.029900
vt 0.411600 0.716300
vt 0.338800 0.725200
vt 0.338800 0.716300
vt 0.249000 0.192700
vt 0.746400 0.192700
vt 0.020000 0.752900
vt 0.228900 0.760100
vt 0.020000 0.760100
vt 0.250900 0.733400
vt 0.323700 0.740600
vt 0.250900 0.740600
vt 0.263400 0.562200
vt 0.020000 0.555000
vt 0.263400 0.555000
vt 0.031200 0.045700
vt 0.020000 0.056100
vt 0.020000 0.045700
vt 0.962600 0.029900
vt 0.973800 0.020000
vt 0.973800 0.029900
vt 0.488800 0.657700
vt 0.287500 0.667600
vt 0.287500 0.657700
vt 0.756400 0.029900
vt 0.746400 0.020000
vt 0.756400 0.020000
vt 0.503000 0.045700
vt 0.746400 0.056100
vt 0.503000 0.056100
vt 0.488800 0.683300
vt 0.287500 0.693200
vt 0.287500 0.683300
vt 0.493100 0.020000
vt 0.249000 0.045700
vt 0.493100 0.056100
vt 0.249000 0.056100
vt 0.488800 0.602700
vt 0.287500 0.611600
vt 0.287500 0.602700
vt 0.240100 0.020000
vt 0.488800 0.397500
vt 0.287500 0.397500
vt 0.226300 0.980000
vt 0.020000 0.972800
vt 0.226300 0.972800
vt 0.264100 0.408300
vt 0.020000 0.401100
vt 0.264100 0.401100
vt 0.020000 0.511100
vt 0.264100 0.518200
vt 0.020000 0.518200
vt 0.287500 0.473200
vt 0.488800 0.480400
vt 0.287500 0.480400
vt 0.511100 0.427000
vt 0.653100 0.416400
vt 0.664200 0.427700
vt 0.031200 0.152100
vt 0.240100 0.163100
vt 0.020000 0.163400
vt 0.488800 0.639600
vt 0.287500 0.628300
vt 0.488800 0.628300
vt 0.240100 0.151900
vt 0.249000 0.163100
vt 0.821600 0.481800
vt 0.679600 0.491700
vt 0.679600 0.481800
vt 0.756400 0.056100
vt 0.746400 0.045700
vt 0.756400 0.045700
vt 0.756300 0.163100
vt 0.962600 0.152100
vt 0.973800 0.163400
vt 0.503000 0.152000
vt 0.746400 0.163100
vt 0.503000 0.163200
vt 0.821600 0.507400
vt 0.679600 0.517300
vt 0.679600 0.507400
vt 0.493100 0.045700
vt 0.493100 0.152000
vt 0.493100 0.163200
vt 0.249000 0.151900
vt 0.821600 0.452400
vt 0.679600 0.461400
vt 0.679600 0.452400
vt 0.240100 0.045700
vt 0.746400 0.151900
vt 0.664200 0.397500
vt 0.522300 0.397500
vt 0.226300 0.914000
vt 0.020000 0.906900
vt 0.226300 0.906900
vt 0.511100 0.610000
vt 0.653000 0.610000
vt 0.020000 0.950800
vt 0.226300 0.958000
vt 0.020000 0.958000
vt 0.020000 0.774900
vt 0.228900 0.782100
vt 0.020000 0.782100
vt 0.264100 0.364300
vt 0.020000 0.357200
vt 0.264100 0.357200
vt 0.511100 0.569700
vt 0.653000 0.569700
vt 0.020000 0.379100
vt 0.264100 0.386300
vt 0.020000 0.386300
vt 0.511100 0.667400
vt 0.653000 0.674600
vt 0.511100 0.674600
vt 0.020000 0.643000
vt 0.263400 0.650200
vt 0.020000 0.650200
vt 0.511100 0.627100
vt 0.653000 0.634300
vt 0.511100 0.634300
vt 0.263400 0.540200
vt 0.020000 0.533100
vt 0.263400 0.533100
vt 0.331200 0.885100
vt 0.258400 0.874200
vt 0.331100 0.873900
vt 0.962600 0.020000
vt 0.240100 0.029900
vt 0.031200 0.029900
vt 0.962600 0.056100
vt 0.962600 0.045700
vt 0.973800 0.045700
vt 0.511100 0.445300
vt 0.653000 0.456300
vt 0.511100 0.456500
vt 0.488800 0.547900
vt 0.287500 0.536700
vt 0.488800 0.536700
vt 0.240100 0.056100
vt 0.031200 0.056100
vt 0.511100 0.492800
vt 0.815600 0.427000
vt 0.020000 0.339300
vt 0.973800 0.239900
vt 0.679600 0.624700
vt 0.804400 0.649000
vt 0.020000 0.599000
vt 0.946900 0.379100
vt 0.020000 0.309900
vt 0.935700 0.397500
vt 0.020000 0.884900
vt 0.250900 0.716300
vt 0.226300 0.936000
vt 0.247200 0.903200
vt 0.323700 0.783600
vt 0.020000 0.862900
vt 0.020000 0.489100
vt 0.250900 0.760300
vt 0.264100 0.430300
vt 0.323700 0.824800
vt 0.263400 0.672200
vt 0.250900 0.800600
vt 0.287500 0.496400
vt 0.721000 0.364300
vt 0.287500 0.566000
vt 0.228900 0.716100
vt 0.488800 0.439100
vt 0.020000 0.818900
vt 0.287500 0.415800
vt 0.263400 0.628200
vt 0.488800 0.520700
vt 0.020000 0.687000
vt 0.287500 0.456100
vt 0.687000 0.397500
vt 0.488800 0.390400
vt 0.973800 0.269200
vt 0.698200 0.379100
vt 0.653000 0.593000
vt 0.020000 0.840900
vt 0.511100 0.650300
vt 0.331200 0.921600
vt 0.973800 0.097000
vt 0.511100 0.379100
vt 0.488800 0.584400
vt 0.522200 0.511600
vt 0.522300 0.551600
vt 0.240100 0.134000
vt 0.372000 0.979100
vt 0.756300 0.210600
vt 0.372000 0.949800
vt 0.800700 0.673900
vt 0.741900 0.364300
vt 0.493800 0.357200
vt 0.228900 0.796900
vt 0.020000 0.738100
vt 0.020000 0.452300
vt 0.264100 0.467100
vt 0.263400 0.577000
vt 0.334800 0.856100
vt 0.240100 0.192700
vt 0.921000 0.425700
vt 0.917300 0.455000
vt 0.411600 0.725200
vt 0.228900 0.752900
vt 0.020000 0.562200
vt 0.488800 0.667600
vt 0.488800 0.693200
vt 0.488800 0.611600
vt 0.020000 0.980000
vt 0.020000 0.408300
vt 0.264100 0.511100
vt 0.511100 0.415800
vt 0.287500 0.639600
vt 0.821600 0.491700
vt 0.756300 0.151900
vt 0.821600 0.517300
vt 0.821600 0.461400
vt 0.020000 0.914000
vt 0.226300 0.950800
vt 0.228900 0.774900
vt 0.020000 0.364300
vt 0.264100 0.379100
vt 0.263400 0.643000
vt 0.020000 0.540200
vt 0.247200 0.885500
vt 0.973800 0.056100
vt 0.664200 0.445100
vt 0.287500 0.547900
s 0
f 833/2241/1319 835/2242/1320 836/2243/1321
f 837/2244/1319 835/2245/1322 834/2246/1319
f 840/2247/1319 842/2248/1323 839/2249/1319
f 843/2250/1319 841/2251/1324 840/2252/1319
f 845/2253/1319 838/2254/1325 837/2244/1319
f 847/2255/1319 836/2256/1326 848/2257/1327
s 1
f 849/2258/1327 851/2259/1328 844/2260/1329
s 0
f 852/2261/1319 844/2262/1330 843/2250/1319
f 853/2263/1319 842/2264/1331 851/2265/1328
f 855/2266/1319 856/2267/1332 854/2268/1319
s 1
f 858/2269/1327 856/2270/1328 857/2271/1329
s 0
f 861/2272/1319 857/2273/1333 860/2274/1319
f 854/2268/1319 859/2275/1334 862/2276/1319
f 863/2277/1319 858/2278/1335 861/2272/1319
f 862/2276/1319 846/2279/1336 845/2253/1319
s 1
f 848/2280/1327 846/2281/1328 864/2282/1329
s 0
f 847/2255/1319 864/2283/1337 863/2277/1319
f 860/2274/1319 849/2284/1338 852/2261/1319
f 853/2263/1319 850/2285/1339 855/2266/1319
f 851/2259/1340 866/2286/1341 844/2260/1329
f 849/2258/1342 868/2287/1343 850/2288/1344
f 857/2289/1345 867/2290/1346 849/2291/1327
f 871/2292/1319 873/2293/1347 870/2294/1319
f 874/2295/1319 876/2296/1348 877/2297/1349
f 878/2298/1319 876/2299/1324 875/2300/1319
f 880/2301/1319 882/2302/1326 883/2303/1327
s 1
f 884/2304/1327 886/2305/1328 879/2306/1329
s 0
f 887/2307/1319 879/2308/1330 878/2298/1319
f 889/2309/1350 890/2310/1351 888/2311/1329
s 1
f 892/2312/1327 890/2313/1328 891/2314/1329
s 0
f 895/2315/1319 891/2316/1333 894/2317/1319
f 896/2318/1319 892/2319/1335 895/2315/1319
f 899/2320/1350 900/2321/1352 898/2322/1329
s 1
f 883/2323/1327 900/2324/1328 897/2325/1329
s 0
f 880/2301/1319 897/2326/1337 896/2318/1319
f 894/2317/1319 884/2327/1338 887/2307/1319
f 876/2296/1353 903/2328/1354 877/2297/1344
f 879/2329/1355 902/2330/1356 876/2331/1327
f 886/2305/1357 904/2332/1358 879/2306/1329
f 877/2333/1359 905/2334/1360 886/2335/1328
f 873/2336/1357 907/2337/1358 882/2338/1329
f 883/2323/1353 909/2339/1354 901/2340/1344
f 882/2341/1361 908/2342/1362 883/2343/1327
f 897/2344/1345 911/2345/1363 892/2346/1327
f 900/2324/1357 910/2347/1358 897/2325/1329
f 893/2348/1364 912/2349/1365 900/2350/1328
f 892/2312/1353 913/2351/1354 893/2352/1344
f 885/2353/1364 915/2354/1366 890/2355/1328
f 890/2313/1357 916/2356/1358 891/2314/1329
f 918/2357/1319 920/2358/1367 917/2359/1319
f 874/2360/1319 922/2361/1368 921/2362/1319
s 1
f 889/2363/1327 925/2364/1328 923/2365/1329
s 0
f 885/2366/1369 923/2367/1370 886/2368/1328
f 927/2369/1371 928/2370/1372 926/2371/1329
s 1
f 899/2372/1327 928/2373/1328 888/2374/1329
s 0
f 893/2375/1373 888/2311/1374 890/2310/1328
f 931/2376/1371 932/2377/1375 930/2378/1329
s 1
f 933/2379/1327 932/2380/1328 898/2381/1329
s 0
f 901/2382/1376 898/2322/1377 900/2321/1328
f 925/2364/1378 936/2383/1379 923/2365/1329
f 937/2384/1359 935/2385/1360 925/2386/1328
f 920/2387/1378 940/2388/1379 872/2389/1329
f 934/2390/1380 939/2391/1381 920/2392/1328
f 933/2379/1382 941/2393/1383 934/2394/1344
f 872/2395/1361 942/2396/1362 933/2397/1327
f 932/2380/1378 944/2398/1379 898/2381/1329
f 924/2399/1364 946/2400/1366 928/2401/1328
f 889/2363/1382 945/2402/1383 924/2403/1344
f 888/2404/1345 947/2405/1346 889/2406/1327
f 928/2373/1378 948/2407/1379 888/2374/1329
f 918/2408/1319 950/2409/1384 919/2410/1385
f 951/2411/1319 950/2412/1322 949/2413/1319
f 921/2414/1319 937/2415/1386 953/2416/1319
f 954/2417/1319 952/2418/1325 951/2411/1319
s 1
f 927/2419/1327 958/2420/1328 956/2421/1329
s 0
f 924/2422/1387 956/2423/1388 925/2424/1328
f 959/2425/1319 961/2426/1331 958/2427/1328
f 963/2428/1319 964/2429/1332 962/2430/1319
s 1
f 931/2431/1327 964/2432/1328 926/2433/1329
s 0
f 929/2434/1389 926/2371/1390 928/2370/1328
f 962/2430/1319 965/2435/1334 966/2436/1319
f 966/2436/1319 955/2437/1336 954/2417/1319
s 1
f 967/2438/1327 955/2439/1328 930/2440/1329
s 0
f 934/2441/1391 930/2378/1392 932/2377/1328
f 959/2425/1319 957/2442/1339 963/2428/1319
f 950/2409/1393 969/2443/1394 919/2410/1329
f 967/2438/1395 971/2444/1396 952/2445/1344
f 919/2446/1361 970/2447/1362 967/2448/1327
f 964/2432/1393 973/2449/1394 926/2433/1329
f 882/2338/1397 870/2450/1319 873/2336/1398
f 886/2368/1399 922/2361/1400 877/2451/1344
f 933/2452/1401 873/2293/1402 872/2453/1329
f 925/2424/1403 974/2454/1404 937/2455/1344
f 974/2454/1405 953/2456/1319 937/2455/1344
f 961/2457/1406 975/2458/1319 974/2459/1407
f 872/2389/1408 917/2460/1319 920/2387/1328
f 967/2461/1409 920/2358/1410 919/2462/1329
f 976/2463/1411 978/2464/1412 979/2465/1411
f 978/2466/1413 981/2467/1411 979/2468/1411
f 983/2469/1414 985/2470/1411 982/2471/1411
f 984/2472/1415 986/2473/1411 985/2474/1411
f 980/2475/1416 988/2476/1411 981/2467/1411
f 989/2477/1411 977/2478/1417 976/2479/1411
s 1
f 865/2480/1418 867/2481/1419 866/2482/1420
s 0
f 866/2483/1421 991/2484/1411 986/2473/1411
f 992/2485/1411 983/2486/1422 982/2487/1411
f 994/2488/1423 995/2489/1411 993/2490/1411
s 1
f 994/2491/1418 997/2492/1419 869/2493/1420
s 0
f 869/2494/1424 999/2495/1411 998/2496/1411
f 996/2497/1425 993/2490/1411 1000/2498/1411
f 997/2499/1426 1002/2500/1411 999/2495/1411
f 987/2501/1427 1000/2498/1411 988/2476/1411
s 1
f 987/2502/1418 990/2503/1419 1001/2504/1420
s 0
f 1001/2505/1428 989/2477/1411 1002/2500/1411
f 867/2506/1429 998/2496/1411 991/2484/1411
f 868/2507/1430 992/2485/1411 995/2489/1411
f 842/2248/1431 984/2508/1432 983/2509/1433
f 841/2510/1434 866/2511/1435 984/2512/1419
f 851/2513/1436 983/2514/1437 865/2515/1418
f 836/2243/1438 978/2516/1439 977/2517/1420
f 835/2518/1440 980/2519/1441 978/2520/1418
f 838/2521/1431 990/2522/1432 980/2523/1433
f 848/2524/1442 977/2525/1443 990/2526/1419
f 858/2527/1444 1001/2528/1445 997/2529/1419
f 864/2282/1438 987/2530/1439 1001/2531/1420
f 846/2532/1446 996/2533/1447 987/2534/1418
f 859/2535/1431 997/2536/1432 996/2537/1433
f 856/2538/1448 868/2539/1447 994/2540/1418
f 857/2271/1438 994/2541/1439 869/2542/1420
f 906/2543/1449 1004/2544/1411 1003/2545/1411
f 1005/2546/1411 902/2547/1450 1006/2548/1411
f 902/2549/1415 1007/2550/1411 1006/2551/1411
f 1008/2552/1411 907/2553/1417 1009/2554/1411
s 1
f 905/2555/1418 1010/2556/1419 904/2557/1420
s 0
f 904/2558/1421 1011/2559/1411 1007/2550/1411
f 915/2560/1451 947/2561/1452 948/2562/1420
s 1
f 915/2563/1418 911/2564/1419 916/2565/1420
s 0
f 916/2566/1424 1013/2567/1411 1012/2568/1411
f 911/2569/1426 1014/2570/1411 1013/2567/1411
f 912/2571/1453 1015/2572/1452 944/2573/1420
s 1
f 912/2574/1418 908/2575/1419 910/2576/1420
s 0
f 910/2577/1428 1008/2552/1411 1014/2570/1411
f 1010/2578/1429 1012/2568/1411 1011/2559/1411
f 873/2579/1440 909/2580/1441 906/2581/1418
f 885/2582/1454 1010/2583/1455 914/2584/1433
f 884/2585/1456 916/2586/1445 1010/2587/1419
f 939/2588/1457 1017/2589/1411 1016/2590/1411
f 1019/2591/1458 1005/2592/1411 1018/2593/1411
s 1
f 935/2594/1418 947/2595/1419 936/2596/1420
s 0
f 936/2597/1459 914/2598/1460 905/2599/1418
f 946/2600/1461 1020/2601/1462 973/2602/1420
s 1
f 946/2603/1418 1015/2604/1419 948/2605/1420
s 0
f 948/2562/1463 913/2606/1464 915/2560/1418
f 943/2607/1465 1023/2608/1462 1022/2609/1420
s 1
f 943/2610/1418 942/2611/1419 944/2612/1420
s 0
f 944/2573/1466 909/2613/1467 912/2571/1418
f 937/2415/1468 1019/2614/1469 938/2615/1433
f 922/2616/1434 936/2617/1435 1019/2618/1419
f 899/2619/1444 944/2620/1445 1015/2621/1419
f 932/2622/1446 1021/2623/1447 943/2624/1418
f 929/2625/1468 1015/2626/1469 1021/2627/1433
f 1017/2628/1411 968/2629/1470 1024/2630/1411
f 968/2631/1413 1025/2632/1411 1024/2633/1411
f 938/2634/1471 1018/2635/1411 1026/2636/1411
f 971/2637/1416 1028/2638/1411 1025/2632/1411
s 1
f 1030/2639/1418 1020/2640/1419 1029/2641/1420
s 0
f 1029/2642/1472 945/2643/1473 935/2644/1418
f 1032/2645/1411 1033/2646/1422 1034/2647/1411
f 972/2648/1423 1036/2649/1411 1035/2650/1411
s 1
f 972/2651/1418 1023/2652/1419 973/2653/1420
s 0
f 973/2602/1474 1021/2654/1475 946/2600/1418
f 1037/2655/1425 1035/2650/1411 1038/2656/1411
f 1027/2657/1427 1038/2656/1411 1028/2638/1411
s 1
f 1027/2658/1418 970/2659/1419 1022/2660/1420
s 0
f 1022/2609/1476 941/2661/1477 943/2607/1418
f 1031/2662/1430 1032/2645/1411 1036/2649/1411
f 961/2457/1478 1039/2663/1479 1033/2664/1433
f 974/2665/1434 1029/2666/1435 1039/2667/1419
f 956/2421/1480 1030/2668/1481 1029/2669/1420
f 958/2670/1436 1033/2671/1437 1030/2672/1418
f 950/2673/1440 971/2674/1441 968/2675/1418
f 931/2676/1444 1022/2677/1445 1023/2678/1419
f 930/2440/1480 1027/2679/1481 1022/2680/1420
f 955/2681/1446 1037/2682/1447 1027/2683/1418
f 965/2684/1478 1023/2685/1479 1037/2686/1433
f 964/2687/1448 1031/2688/1447 972/2689/1418
f 957/2690/1478 1020/2691/1479 1031/2692/1433
f 927/2693/1456 973/2694/1445 1020/2695/1419
f 1003/2696/1411 907/2697/1482 906/2698/1483
f 1019/2591/1484 905/2599/1485 903/2699/1433
f 906/2543/1486 942/2700/1487 940/2701/1420
f 1039/2702/1488 935/2644/1489 938/2703/1433
f 1026/2704/1411 1039/2702/1490 938/2703/1433
f 1040/2705/1411 1033/2706/1491 1039/2707/1419
f 1016/2708/1411 940/2709/1492 939/2710/1418
f 939/2588/1493 970/2711/1494 969/2712/1420
f 833/2241/1319 834/2713/1319 835/2242/1495
f 837/2244/1319 838/2254/1344 835/2245/1496
f 840/2247/1319 841/2714/1497 842/2248/1498
f 843/2250/1319 844/2262/1329 841/2251/1499
f 845/2253/1319 846/2279/1328 838/2254/1500
f 847/2255/1319 833/2715/1319 836/2256/1501
s 1
f 849/2258/1327 850/2288/1344 851/2259/1328
s 0
f 852/2261/1319 849/2284/1327 844/2262/1502
f 853/2263/1319 839/2716/1319 842/2264/1503
f 855/2266/1319 850/2285/1344 856/2267/1504
s 1
f 858/2269/1327 859/2535/1344 856/2270/1328
s 0
f 861/2272/1319 858/2278/1327 857/2273/1505
f 854/2268/1319 856/2267/1328 859/2275/1506
f 863/2277/1319 864/2283/1329 858/2278/1507
f 862/2276/1319 859/2275/1344 846/2279/1504
s 1
f 848/2280/1327 838/2521/1344 846/2281/1328
s 0
f 847/2255/1319 848/2257/1327 864/2283/1508
f 860/2274/1319 857/2273/1329 849/2284/1507
f 853/2263/1319 851/2265/1328 850/2285/1509
f 851/2259/1510 865/2717/1418 866/2286/1511
f 849/2258/1512 867/2718/1419 868/2287/1513
f 857/2289/1514 869/2719/1420 867/2290/1515
f 871/2292/1319 872/2453/1329 873/2293/1516
f 874/2295/1319 875/2720/1319 876/2296/1517
f 878/2298/1319 879/2308/1329 876/2299/1499
f 880/2301/1319 881/2721/1319 882/2302/1501
s 1
f 884/2304/1327 885/2582/1344 886/2305/1328
s 0
f 887/2307/1319 884/2327/1327 879/2308/1502
f 889/2309/1518 885/2366/1344 890/2310/1519
s 1
f 892/2312/1327 893/2352/1344 890/2313/1328
s 0
f 895/2315/1319 892/2319/1327 891/2316/1505
f 896/2318/1319 897/2326/1329 892/2319/1507
f 899/2320/1520 893/2375/1344 900/2321/1519
s 1
f 883/2323/1327 901/2340/1344 900/2324/1328
s 0
f 880/2301/1319 883/2303/1327 897/2326/1508
f 894/2317/1319 891/2316/1329 884/2327/1507
f 876/2296/1521 902/2722/1419 903/2328/1522
f 879/2329/1523 904/2723/1420 902/2330/1524
f 886/2305/1525 905/2724/1418 904/2332/1526
f 877/2333/1527 903/2725/1433 905/2334/1528
f 873/2336/1525 906/2726/1418 907/2337/1526
f 883/2323/1521 908/2727/1419 909/2339/1522
f 882/2341/1529 907/2728/1420 908/2342/1530
f 897/2344/1531 910/2729/1420 911/2345/1515
f 900/2324/1525 912/2730/1418 910/2347/1526
f 893/2348/1532 913/2731/1433 912/2349/1533
f 892/2312/1521 911/2732/1419 913/2351/1522
f 885/2353/1534 914/2733/1433 915/2354/1533
f 890/2313/1525 915/2734/1418 916/2356/1526
f 918/2357/1319 919/2462/1329 920/2358/1535
f 874/2360/1319 877/2451/1344 922/2361/1536
s 1
f 889/2363/1327 924/2403/1344 925/2364/1328
s 0
f 885/2366/1537 889/2309/1327 923/2367/1538
f 927/2369/1539 924/2422/1344 928/2370/1540
s 1
f 899/2372/1327 929/2625/1344 928/2373/1328
s 0
f 893/2375/1541 899/2320/1327 888/2311/1542
f 931/2376/1543 929/2434/1344 932/2377/1540
s 1
f 933/2379/1327 934/2394/1344 932/2380/1328
s 0
f 901/2382/1544 933/2452/1327 898/2322/1545
f 925/2364/1546 935/2735/1418 936/2383/1547
f 937/2384/1527 938/2736/1433 935/2385/1528
f 920/2387/1546 939/2737/1418 940/2388/1547
f 934/2390/1548 941/2738/1433 939/2391/1549
f 933/2379/1550 942/2739/1419 941/2393/1551
f 872/2395/1529 940/2740/1420 942/2396/1530
f 932/2380/1546 943/2741/1418 944/2398/1547
f 924/2399/1534 945/2742/1433 946/2400/1533
f 889/2363/1550 947/2743/1419 945/2402/1551
f 888/2404/1514 948/2744/1420 947/2405/1515
f 928/2373/1546 946/2745/1418 948/2407/1547
f 918/2408/1319 949/2746/1319 950/2409/1552
f 951/2411/1319 952/2418/1344 950/2412/1496
f 921/2414/1319 922/2747/1327 937/2415/1553
f 954/2417/1319 955/2437/1328 952/2418/1500
s 1
f 927/2419/1327 957/2690/1344 958/2420/1328
s 0
f 924/2422/1554 927/2369/1327 956/2423/1555
f 959/2425/1319 960/2748/1319 961/2426/1503
f 963/2428/1319 957/2442/1344 964/2429/1504
s 1
f 931/2431/1327 965/2684/1344 964/2432/1328
s 0
f 929/2434/1556 931/2376/1327 926/2371/1557
f 962/2430/1319 964/2429/1328 965/2435/1506
f 966/2436/1319 965/2435/1344 955/2437/1504
s 1
f 967/2438/1327 952/2445/1344 955/2439/1328
s 0
f 934/2441/1558 967/2461/1327 930/2378/1559
f 959/2425/1319 958/2427/1328 957/2442/1509
f 950/2409/1560 968/2749/1418 969/2443/1561
f 967/2438/1562 970/2750/1419 971/2444/1563
f 919/2446/1529 969/2751/1420 970/2447/1530
f 964/2432/1560 972/2752/1418 973/2449/1561
f 882/2338/1564 881/2753/1319 870/2450/1319
f 886/2368/1565 923/2367/1329 922/2361/1566
f 933/2452/1567 901/2382/1344 873/2293/1568
f 925/2424/1569 956/2423/1329 974/2454/1409
f 974/2454/1570 975/2754/1319 953/2456/1319
f 961/2457/1571 960/2755/1319 975/2458/1319
f 872/2389/1572 871/2756/1319 917/2460/1319
f 967/2461/1573 934/2441/1344 920/2358/1403
f 976/2463/1411 977/2757/1420 978/2464/1574
f 978/2466/1575 980/2475/1433 981/2467/1411
f 983/2469/1576 984/2758/1419 985/2470/1411
f 984/2472/1577 866/2483/1420 986/2473/1411
f 980/2475/1578 987/2501/1418 988/2476/1411
f 989/2477/1411 990/2759/1419 977/2478/1579
s 1
f 865/2480/1418 868/2760/1433 867/2481/1419
s 0
f 866/2483/1580 867/2506/1419 991/2484/1411
f 992/2485/1411 865/2761/1418 983/2486/1581
f 994/2488/1582 868/2507/1433 995/2489/1411
s 1
f 994/2491/1418 996/2762/1433 997/2492/1419
s 0
f 869/2494/1583 997/2499/1419 999/2495/1411
f 996/2497/1584 994/2488/1418 993/2490/1411
f 997/2499/1585 1001/2505/1420 1002/2500/1411
f 987/2501/1582 996/2497/1433 1000/2498/1411
s 1
f 987/2502/1418 980/2763/1433 990/2503/1419
s 0
f 1001/2505/1586 990/2759/1419 989/2477/1411
f 867/2506/1585 869/2494/1420 998/2496/1411
f 868/2507/1587 865/2761/1418 992/2485/1411
f 842/2248/1588 841/2714/1327 984/2508/1589
f 841/2510/1590 844/2764/1329 866/2511/1591
f 851/2513/1592 842/2765/1344 983/2514/1593
f 836/2243/1594 835/2242/1328 978/2516/1595
f 835/2518/1596 838/2766/1344 980/2519/1597
f 838/2521/1588 848/2280/1327 990/2522/1589
f 848/2524/1598 836/2767/1329 977/2525/1599
f 858/2527/1600 864/2768/1329 1001/2528/1601
f 864/2282/1594 846/2281/1328 987/2530/1595
f 846/2532/1602 859/2769/1344 996/2533/1603
f 859/2535/1588 858/2269/1327 997/2536/1589
f 856/2538/1602 850/2770/1344 868/2539/1604
f 857/2271/1594 856/2270/1328 994/2541/1595
f 906/2543/1605 940/2701/1420 1004/2544/1411
f 1005/2546/1411 903/2771/1606 902/2547/1607
f 902/2549/1577 904/2558/1420 1007/2550/1411
f 1008/2552/1411 908/2772/1419 907/2553/1579
s 1
f 905/2555/1418 914/2773/1433 1010/2556/1419
s 0
f 904/2558/1580 1010/2578/1419 1011/2559/1411
f 915/2560/1608 914/2598/1433 947/2561/1609
s 1
f 915/2563/1418 913/2774/1433 911/2564/1419
s 0
f 916/2566/1583 911/2569/1419 1013/2567/1411
f 911/2569/1585 910/2577/1420 1014/2570/1411
f 912/2571/1608 913/2606/1433 1015/2572/1610
s 1
f 912/2574/1418 909/2775/1433 908/2575/1419
s 0
f 910/2577/1586 908/2772/1419 1008/2552/1411
f 1010/2578/1585 916/2566/1420 1012/2568/1411
f 873/2579/1596 901/2776/1344 909/2580/1597
f 885/2582/1611 884/2304/1327 1010/2583/1612
f 884/2585/1600 891/2777/1329 916/2586/1613
f 939/2588/1614 969/2712/1420 1017/2589/1411
f 1019/2591/1615 903/2699/1433 1005/2592/1411
s 1
f 935/2594/1418 945/2778/1433 947/2595/1419
s 0
f 936/2597/1616 947/2561/1419 914/2598/1617
f 946/2600/1618 945/2643/1433 1020/2601/1619
s 1
f 946/2603/1418 1021/2779/1433 1015/2604/1419
s 0
f 948/2562/1620 1015/2572/1419 913/2606/1621
f 943/2607/1618 1021/2654/1433 1023/2608/1622
s 1
f 943/2610/1418 941/2780/1433 942/2611/1419
s 0
f 944/2573/1623 942/2700/1419 909/2613/1624
f 937/2415/1625 922/2747/1327 1019/2614/1626
f 922/2616/1590 923/2781/1329 936/2617/1591
f 899/2619/1600 898/2782/1329 944/2620/1601
f 932/2622/1602 929/2783/1344 1021/2623/1603
f 929/2625/1625 899/2372/1327 1015/2626/1626
f 1017/2628/1411 969/2784/1420 968/2629/1574
f 968/2631/1575 971/2637/1433 1025/2632/1411
f 938/2634/1627 1019/2785/1419 1018/2635/1411
f 971/2637/1578 1027/2657/1418 1028/2638/1411
s 1
f 1030/2639/1418 1031/2786/1433 1020/2640/1419
s 0
f 1029/2642/1628 1020/2601/1419 945/2643/1629
f 1032/2645/1411 1030/2787/1418 1033/2646/1581
f 972/2648/1582 1031/2662/1433 1036/2649/1411
s 1
f 972/2651/1418 1037/2788/1433 1023/2652/1419
s 0
f 973/2602/1630 1023/2608/1419 1021/2654/1631
f 1037/2655/1584 972/2648/1418 1035/2650/1411
f 1027/2657/1582 1037/2655/1433 1038/2656/1411
s 1
f 1027/2658/1418 971/2789/1433 970/2659/1419
s 0
f 1022/2609/1632 970/2711/1419 941/2661/1633
f 1031/2662/1587 1030/2787/1418 1032/2645/1411
f 961/2457/1634 974/2459/1327 1039/2663/1635
f 974/2665/1590 956/2790/1329 1029/2666/1591
f 956/2421/1636 958/2420/1328 1030/2668/1637
f 958/2670/1592 961/2791/1344 1033/2671/1593
f 950/2673/1596 952/2792/1344 971/2674/1597
f 931/2676/1600 930/2793/1329 1022/2677/1601
f 930/2440/1636 955/2439/1328 1027/2679/1637
f 955/2681/1602 965/2794/1344 1037/2682/1603
f 965/2684/1634 931/2431/1327 1023/2685/1635
f 964/2687/1602 957/2795/1344 1031/2688/1604
f 957/2690/1634 927/2419/1327 1020/2691/1635
f 927/2693/1600 926/2796/1329 973/2694/1613
f 1003/2696/1411 1009/2797/1411 907/2697/1638
f 1019/2591/1639 936/2597/1420 905/2599/1640
f 906/2543/1641 909/2613/1433 942/2700/1642
f 1039/2702/1494 1029/2642/1420 935/2644/1643
f 1026/2704/1411 1040/2798/1411 1039/2702/1644
f 1040/2705/1411 1034/2799/1411 1033/2706/1645
f 1016/2708/1411 1004/2800/1411 940/2709/1646
f 939/2588/1489 941/2661/1433 970/2711/1647
o window_big005
v 8.175065 5.803944 15.136692
v 8.175065 4.693043 15.136692
v 8.259660 4.777744 15.136692
v 8.259660 5.719341 15.136692
v 9.836061 4.693043 15.136692
v 9.836061 4.777744 15.136692
v 15.374360 4.693043 15.136692
v 15.374360 5.803944 15.136692
v 15.289765 5.719341 15.136692
v 15.289765 4.777744 15.136692
v 13.732865 5.803944 15.136692
v 13.732865 5.719341 15.136692
v 9.903459 4.693043 15.136692
v 9.903459 4.777744 15.136692
v 9.836061 5.803944 15.136692
v 9.836061 5.719341 15.136692
v 13.657868 5.719341 15.136692
v 13.657868 4.777744 15.136692
v 13.732865 4.777744 15.136692
v 13.657868 5.803944 15.136692
v 13.732865 4.693043 15.136692
v 11.820756 4.693043 15.136692
v 13.657868 4.693043 15.136692
v 11.820756 4.777744 15.136692
v 11.820756 5.719341 15.136692
v 11.745957 5.719341 15.136692
v 11.745957 4.777744 15.136692
v 11.820756 5.803944 15.136692
v 11.745957 5.803944 15.136692
v 11.745957 4.693043 15.136692
v 9.903459 5.803944 15.136692
v 9.903459 5.719341 15.136692
v 13.732865 4.777744 15.082493
v 13.732865 5.719341 15.082493
v 13.657868 5.719341 15.082493
v 13.657868 4.777744 15.082493
v 11.820756 5.719341 15.082493
v 8.175065 3.577740 15.136692
v 8.175065 3.502942 15.136692
v 8.259660 3.502942 15.136692
v 8.259660 3.577740 15.136692
v 15.374360 3.577740 15.136692
v 15.374360 4.211643 15.136692
v 15.289765 4.127041 15.136692
v 15.289765 3.577740 15.136692
v 13.732865 4.211643 15.136692
v 13.732865 4.127041 15.136692
v 9.836061 4.211643 15.136692
v 8.175065 4.211643 15.136692
v 8.259660 4.127041 15.136692
v 9.836061 4.127041 15.136692
v 13.657868 4.127041 15.136692
v 13.657868 3.577740 15.136692
v 13.732865 3.577740 15.136692
v 13.657868 4.211643 15.136692
v 11.820756 3.502942 15.136692
v 13.657868 3.502942 15.136692
v 11.820756 3.577740 15.136692
v 11.820756 4.127041 15.136692
v 11.745957 4.127041 15.136692
v 11.745957 3.577740 15.136692
v 11.820756 4.211643 15.136692
v 11.745957 4.211643 15.136692
v 9.903459 4.211643 15.136692
v 9.903459 4.127041 15.136692
v 9.903459 3.502942 15.136692
v 11.745957 3.502942 15.136692
v 9.903459 3.577740 15.136692
v 9.836061 3.577740 15.136692
v 15.289765 4.127041 15.082493
v 15.289765 3.577740 15.082493
v 13.732865 4.127041 15.082493
v 13.732865 3.577740 15.082493
v 8.259660 3.577740 15.082493
v 8.259660 4.127041 15.082493
v 9.836061 4.127041 15.082493
v 9.836061 3.577740 15.082493
v 9.903459 4.127041 15.082493
v 11.745957 4.127041 15.082493
v 9.903459 3.577740 15.082493
v 11.745957 3.577740 15.082493
v 13.657868 3.577740 15.082493
v 11.820756 3.577740 15.082493
v 11.820756 4.127041 15.082493
v 8.175065 1.983742 15.136692
v 8.175065 1.905243 15.136692
v 8.259660 1.905243 15.136692
v 8.259660 1.983742 15.136692
v 15.374360 3.502942 15.136692
v 15.289765 3.502942 15.136692
v 13.732865 3.502942 15.136692
v 13.657868 1.983742 15.136692
v 13.732865 1.983742 15.136692
v 11.820756 1.905243 15.136692
v 13.657868 1.905243 15.136692
v 11.820756 1.983742 15.136692
v 11.745957 1.983742 15.136692
v 9.903459 1.905243 15.136692
v 11.745957 1.905243 15.136692
v 9.903459 1.983742 15.136692
v 9.836061 3.502942 15.136692
v 9.836061 1.983742 15.136692
v 13.732865 1.983742 15.082493
v 13.732865 3.502942 15.082493
v 15.289765 1.983742 15.136692
v 15.289765 1.983742 15.082493
v 8.259660 1.983742 15.082493
v 8.259660 3.502942 15.082493
v 9.836061 1.983742 15.082493
v 9.836061 3.502942 15.082493
v 9.903459 1.983742 15.082493
v 9.903459 3.502942 15.082493
v 13.657868 1.983742 15.082493
v 11.820756 1.983742 15.082493
v 13.657868 3.502942 15.082493
v 11.820756 3.502942 15.082493
v 8.175065 0.749142 15.136692
v 8.259660 0.833844 15.136692
v 9.836061 0.749142 15.136692
v 9.836061 0.833844 15.136692
v 15.374360 1.983742 15.136692
v 9.903459 0.749142 15.136692
v 9.903459 0.833844 15.136692
v 13.732865 1.905243 15.136692
v 13.657868 0.833844 15.136692
v 13.732865 0.833844 15.136692
v 13.732865 0.749142 15.136692
v 15.374360 0.749142 15.136692
v 15.289765 0.833844 15.136692
v 11.820756 0.749142 15.136692
v 13.657868 0.749142 15.136692
v 11.820756 0.833844 15.136692
v 11.745957 0.833844 15.136692
v 11.745957 0.749142 15.136692
v 9.836061 1.905243 15.136692
v 8.259660 0.833844 15.082493
v 8.259660 1.905243 15.082493
v 9.836061 1.905243 15.082493
v 9.836061 0.833844 15.082493
v 11.820756 0.833844 15.082493
v 11.820756 1.905243 15.082493
v 15.289765 1.905243 15.136692
v 15.374360 1.905243 15.136692
v 8.175065 5.803944 15.082493
v 8.259660 5.719341 15.082493
v 8.259660 4.777744 15.082493
v 8.175065 4.693043 15.082493
v 9.836061 4.777744 15.082493
v 9.836061 4.693043 15.082493
v 15.374360 4.693043 15.082493
v 15.289765 4.777744 15.082493
v 15.289765 5.719341 15.082493
v 15.374360 5.803944 15.082493
v 13.732865 5.803944 15.082493
v 9.903459 4.777744 15.082493
v 9.903459 4.693043 15.082493
v 9.836061 5.803944 15.082493
v 9.836061 5.719341 15.082493
v 13.657868 5.803944 15.082493
v 13.732865 4.693043 15.082493
v 11.820756 4.693043 15.082493
v 11.820756 4.777744 15.082493
v 13.657868 4.693043 15.082493
v 11.745957 4.777744 15.082493
v 11.745957 5.719341 15.082493
v 11.820756 5.803944 15.082493
v 11.745957 5.803944 15.082493
v 11.745957 4.693043 15.082493
v 9.903459 5.719341 15.082493
v 9.903459 5.803944 15.082493
v 8.175065 3.577740 15.082493
v 8.175065 3.502942 15.082493
v 15.374360 3.577740 15.082493
v 15.374360 4.211643 15.082493
v 13.732865 4.211643 15.082493
v 9.836061 4.211643 15.082493
v 8.175065 4.211643 15.082493
v 13.657868 4.127041 15.082493
v 13.657868 4.211643 15.082493
v 11.820756 4.211643 15.082493
v 11.745957 4.211643 15.082493
v 9.903459 4.211643 15.082493
v 11.745957 3.502942 15.082493
v 8.175065 1.983742 15.082493
v 8.175065 1.905243 15.082493
v 15.374360 3.502942 15.082493
v 15.289765 3.502942 15.082493
v 13.657868 1.905243 15.082493
v 11.745957 1.983742 15.082493
v 9.903459 1.905243 15.082493
v 11.745957 1.905243 15.082493
v 8.175065 0.749142 15.082493
v 9.836061 0.749142 15.082493
v 15.374360 1.983742 15.082493
v 9.903459 0.833844 15.082493
v 9.903459 0.749142 15.082493
v 13.732865 1.905243 15.082493
v 13.732865 0.833844 15.082493
v 13.657868 0.833844 15.082493
v 13.732865 0.749142 15.082493
v 15.289765 0.833844 15.082493
v 15.374360 0.749142 15.082493
v 11.820756 0.749142 15.082493
v 13.657868 0.749142 15.082493
v 11.745957 0.833844 15.082493
v 11.745957 0.749142 15.082493
v 15.289765 1.905243 15.082493
v 15.374360 1.905243 15.082493
vn -0.0000 -0.0000 1.0000
vn 0.4033 0.1384 0.9046
vn 0.3014 -0.3015 0.9046
vn 0.3141 0.2884 0.9045
vn -0.2810 0.3207 0.9046
vn -0.3143 -0.2882 0.9045
vn -0.1406 0.4025 0.9045
vn 0.1361 -0.4041 0.9045
vn -0.3015 -0.3015 0.9045
vn 0.3015 0.3015 0.9045
vn 0.3015 -0.3015 0.9045
vn 0.1513 -0.3987 0.9045
vn -0.1363 0.4040 0.9045
vn 0.3129 0.2897 0.9045
vn 0.1510 -0.3988 0.9045
vn -0.1509 0.3988 0.9045
vn -0.3128 -0.2898 0.9045
vn 0.3128 0.2897 0.9045
vn 0.1408 -0.4025 0.9045
vn -0.3129 -0.2897 0.9045
vn -0.1512 0.3987 0.9045
vn 0.3015 -0.0756 0.9505
vn 0.3015 -0.3395 -0.8910
vn -0.3015 0.0756 0.9505
vn -0.3015 0.3395 -0.8910
vn -0.3015 0.3015 0.9045
vn -0.0826 -0.3015 0.9499
vn -0.3211 -0.3015 -0.8978
vn 0.3987 0.1510 0.9045
vn -0.4014 -0.1441 0.9045
vn -0.3016 0.3015 0.9045
vn -0.2157 -0.3678 0.9045
vn 0.3116 0.2911 0.9045
vn 0.3115 0.2911 0.9045
vn -0.3015 0.0653 0.9512
vn -0.3015 0.3661 -0.8804
vn -0.0813 -0.3015 0.9500
vn -0.3246 -0.3015 -0.8965
vn 0.3015 -0.0653 0.9512
vn 0.3015 -0.3661 -0.8804
vn 0.0813 0.3015 0.9500
vn 0.3246 0.3015 -0.8965
vn -0.0814 -0.3015 0.9500
vn -0.3243 -0.3015 -0.8966
vn -0.3210 -0.3015 -0.8978
vn 0.0826 0.3015 0.9499
vn 0.3210 0.3015 -0.8978
vn 0.3211 0.3015 -0.8978
vn 0.3969 0.1558 0.9045
vn -0.3987 -0.1510 0.9045
vn -0.3941 0.1629 0.9045
vn 0.1635 -0.3938 0.9045
vn -0.2158 -0.3677 0.9045
vn 0.3121 0.2906 0.9045
vn -0.3940 0.1631 0.9045
vn 0.1632 -0.3939 0.9045
vn 0.3120 0.2906 0.9045
vn -0.3896 0.1733 0.9045
vn 0.1529 -0.3980 0.9045
vn 0.3015 -0.0811 0.9500
vn 0.3015 -0.3251 -0.8963
vn 0.0814 0.3015 0.9500
vn 0.3243 0.3015 -0.8966
vn -0.3015 0.0811 0.9500
vn -0.3015 0.3251 -0.8963
vn 0.4035 0.1380 0.9045
vn 0.3016 -0.3015 0.9045
vn -0.2872 0.3152 0.9045
vn -0.3921 0.1676 0.9045
vn 0.1587 -0.3958 0.9045
vn -0.3920 0.1679 0.9045
vn 0.1584 -0.3959 0.9045
vn -0.3875 0.1780 0.9045
vn 0.1481 -0.3998 0.9045
vn 0.3015 -0.0773 0.9503
vn 0.3015 -0.3349 -0.8927
vn -0.3015 0.0773 0.9503
vn -0.3015 0.3349 -0.8927
vn 0.4013 -0.1441 0.9045
vn 0.3016 0.3015 0.9045
vn 0.2162 0.3675 0.9045
vn -0.3133 -0.2892 0.9045
vn -0.2161 -0.3676 0.9045
vn 0.3132 0.2894 0.9045
vn 0.2163 0.3675 0.9045
vn -0.3139 -0.2886 0.9045
vn -0.1705 -0.3908 0.9045
vn -0.4035 0.1380 0.9045
vn -0.3016 -0.3015 0.9045
vn 0.3673 -0.2166 0.9045
vn -0.2163 -0.3675 0.9045
vn 0.3138 0.2887 0.9045
vn -0.0000 -0.0000 -1.0000
vn 0.2810 0.3207 -0.9045
vn 0.3142 0.2883 -0.9045
vn -0.2810 0.3207 -0.9045
vn -0.3143 -0.2881 -0.9045
vn -0.1406 0.4026 -0.9045
vn 0.3141 -0.2883 -0.9045
vn 0.3015 0.3015 -0.9045
vn -0.3015 -0.3015 -0.9045
vn 0.3015 -0.3015 -0.9045
vn 0.1512 -0.3987 -0.9045
vn -0.3142 0.2882 -0.9045
vn 0.3129 0.2897 -0.9045
vn 0.1510 -0.3988 -0.9045
vn -0.1509 0.3988 -0.9045
vn -0.3128 -0.2898 -0.9045
vn 0.3128 0.2897 -0.9045
vn 0.1407 -0.4025 -0.9045
vn -0.3129 -0.2897 -0.9045
vn -0.1511 0.3987 -0.9045
vn -0.3015 0.3395 0.8910
vn -0.3015 0.0756 -0.9505
vn -0.3015 0.3015 -0.9045
vn -0.3246 -0.3015 0.8965
vn -0.0813 -0.3015 -0.9500
vn 0.3246 0.3015 0.8965
vn 0.0813 0.3015 -0.9500
vn 0.3015 -0.3395 0.8910
vn 0.3015 -0.0756 -0.9505
vn 0.3243 0.3015 0.8966
vn 0.0814 0.3015 -0.9500
vn -0.3243 -0.3015 0.8966
vn -0.0814 -0.3015 -0.9500
vn -0.3210 -0.3015 0.8978
vn -0.0826 -0.3015 -0.9499
vn 0.3210 0.3015 0.8978
vn 0.0826 0.3015 -0.9499
vn 0.3211 0.3015 0.8978
vn 0.3988 0.1510 -0.9045
vn -0.2625 -0.3360 -0.9046
vn 0.3116 0.2911 -0.9045
vn -0.2157 -0.3678 -0.9045
vn 0.3115 0.2911 -0.9045
vn -0.3015 0.3661 0.8804
vn -0.3015 0.0653 -0.9512
vn -0.3211 -0.3015 0.8978
vn 0.3969 0.1558 -0.9045
vn -0.3988 -0.1510 -0.9045
vn 0.1634 -0.3938 -0.9045
vn -0.3940 0.1629 -0.9045
vn 0.3121 0.2906 -0.9045
vn -0.2158 -0.3677 -0.9045
vn 0.1631 -0.3940 -0.9045
vn -0.3939 0.1632 -0.9045
vn 0.3120 0.2906 -0.9045
vn 0.1528 -0.3981 -0.9045
vn -0.3896 0.1734 -0.9045
vn -0.3015 0.3251 0.8963
vn -0.3015 0.0811 -0.9500
vn 0.2819 0.3199 -0.9045
vn -0.2872 0.3152 -0.9045
vn 0.1586 -0.3958 -0.9045
vn -0.3920 0.1677 -0.9045
vn 0.1584 -0.3959 -0.9045
vn -0.3919 0.1679 -0.9045
vn 0.1481 -0.3999 -0.9045
vn -0.3874 0.1780 -0.9045
vn -0.3015 0.3349 0.8927
vn -0.3015 0.0773 -0.9503
vn 0.3015 -0.3349 0.8927
vn 0.3015 -0.0773 -0.9503
vn 0.4013 -0.1441 -0.9046
vn 0.3015 0.3015 -0.9046
vn -0.3133 -0.2892 -0.9045
vn 0.2162 0.3675 -0.9045
vn 0.3132 0.2894 -0.9045
vn -0.2161 -0.3676 -0.9045
vn -0.3139 -0.2886 -0.9045
vn 0.2163 0.3675 -0.9045
vn -0.1705 -0.3908 -0.9045
vn -0.4034 0.1381 -0.9045
vn 0.3673 -0.2166 -0.9045
vn 0.3138 0.2887 -0.9045
vn -0.2163 -0.3675 -0.9045
vn 0.2810 0.3207 0.9046
vn 0.1360 0.4041 0.9045
vn -0.3014 -0.3015 0.9046
vn -0.4032 0.1384 0.9046
vn -0.1361 -0.4041 0.9045
vn -0.3841 0.1852 0.9045
vn 0.3142 -0.2883 0.9045
vn 0.3889 -0.1749 0.9045
vn -0.3143 0.2881 0.9045
vn 0.2160 0.3676 0.9045
vn 0.3888 -0.1752 0.9045
vn -0.3887 0.1753 0.9045
vn -0.2160 -0.3676 0.9045
vn 0.3841 -0.1851 0.9045
vn -0.3888 0.1750 0.9045
vn 0.3015 0.3395 0.8910
vn 0.3015 0.0756 -0.9505
vn -0.3015 -0.3395 0.8910
vn -0.3015 -0.0756 -0.9505
vn 0.3211 -0.3015 0.8978
vn 0.0826 -0.3015 -0.9499
vn 0.1752 0.3888 0.9045
vn -0.2625 -0.3360 0.9045
vn -0.3116 -0.2911 0.9045
vn 0.2157 0.3678 0.9045
vn -0.3115 -0.2911 0.9045
vn -0.3015 -0.3661 0.8804
vn -0.3015 -0.0653 -0.9512
vn 0.3246 -0.3015 0.8965
vn 0.0813 -0.3015 -0.9500
vn 0.3015 0.3661 0.8804
vn 0.3015 0.0653 -0.9512
vn -0.3246 0.3015 0.8965
vn -0.0813 0.3015 -0.9500
vn 0.3243 -0.3015 0.8966
vn 0.0814 -0.3015 -0.9500
vn 0.3210 -0.3015 0.8978
vn -0.3210 0.3015 0.8978
vn -0.0826 0.3015 -0.9499
vn -0.3211 0.3015 0.8978
vn 0.1705 0.3908 0.9045
vn -0.1752 -0.3888 0.9045
vn -0.1635 0.3938 0.9045
vn 0.3941 -0.1629 0.9045
vn -0.3121 -0.2906 0.9045
vn 0.2158 0.3677 0.9045
vn -0.1632 0.3939 0.9045
vn 0.3940 -0.1631 0.9045
vn -0.3120 -0.2906 0.9045
vn -0.1529 0.3980 0.9045
vn 0.3896 -0.1733 0.9045
vn 0.3015 0.3251 0.8963
vn 0.3015 0.0811 -0.9500
vn -0.3243 0.3015 0.8966
vn -0.0814 0.3015 -0.9500
vn -0.3015 -0.3251 0.8963
vn -0.3015 -0.0811 -0.9500
vn 0.2820 0.3199 0.9045
vn -0.3673 0.2166 0.9045
vn -0.1587 0.3958 0.9045
vn 0.3921 -0.1676 0.9045
vn -0.1584 0.3959 0.9045
vn 0.3920 -0.1679 0.9045
vn -0.1481 0.3998 0.9045
vn 0.3875 -0.1780 0.9045
vn 0.3015 0.3349 0.8927
vn 0.3015 0.0773 -0.9503
vn -0.3015 -0.3349 0.8927
vn -0.3015 -0.0773 -0.9503
vn 0.2625 -0.3361 0.9045
vn 0.3133 0.2892 0.9045
vn -0.2162 -0.3675 0.9045
vn -0.3132 -0.2894 0.9045
vn 0.2161 0.3676 0.9045
vn 0.3139 0.2886 0.9045
vn -0.3969 -0.1558 0.9045
vn -0.2820 0.3199 0.9045
vn 0.2872 -0.3152 0.9045
vn -0.3138 -0.2887 0.9045
vn 0.4033 0.1383 -0.9045
vn 0.1362 0.4041 -0.9045
vn -0.4033 0.1384 -0.9045
vn -0.1362 -0.4041 -0.9045
vn -0.3841 0.1852 -0.9045
vn 0.1361 -0.4041 -0.9045
vn 0.3888 -0.1750 -0.9045
vn -0.1360 0.4041 -0.9045
vn 0.2160 0.3676 -0.9045
vn 0.3887 -0.1752 -0.9045
vn -0.3887 0.1753 -0.9045
vn -0.2160 -0.3676 -0.9045
vn 0.3841 -0.1851 -0.9045
vn -0.3888 0.1751 -0.9045
vn -0.3015 -0.0756 0.9505
vn -0.3015 -0.3395 -0.8910
vn 0.0813 -0.3015 0.9500
vn 0.3246 -0.3015 -0.8965
vn -0.0813 0.3015 0.9500
vn -0.3246 0.3015 -0.8965
vn 0.3015 0.0756 0.9505
vn 0.3015 0.3395 -0.8910
vn -0.0814 0.3015 0.9500
vn -0.3243 0.3015 -0.8966
vn 0.0814 -0.3015 0.9500
vn 0.3243 -0.3015 -0.8966
vn 0.0826 -0.3015 0.9499
vn 0.3210 -0.3015 -0.8978
vn -0.0826 0.3015 0.9499
vn -0.3210 0.3015 -0.8978
vn -0.3211 0.3015 -0.8978
vn 0.1752 0.3887 -0.9045
vn -0.3015 0.3015 -0.9046
vn -0.4013 -0.1441 -0.9046
vn 0.2157 0.3678 -0.9045
vn -0.3116 -0.2911 -0.9045
vn -0.3115 -0.2911 -0.9045
vn -0.3015 -0.0653 0.9512
vn -0.3015 -0.3661 -0.8804
vn 0.3211 -0.3015 -0.8978
vn 0.1705 0.3908 -0.9045
vn -0.1752 -0.3887 -0.9045
vn 0.3940 -0.1629 -0.9045
vn -0.1634 0.3938 -0.9045
vn 0.2158 0.3677 -0.9045
vn -0.3121 -0.2906 -0.9045
vn 0.3939 -0.1632 -0.9045
vn -0.1631 0.3940 -0.9045
vn -0.3120 -0.2906 -0.9045
vn 0.3895 -0.1734 -0.9045
vn -0.1528 0.3981 -0.9045
vn -0.3015 -0.0811 0.9500
vn -0.3015 -0.3251 -0.8963
vn 0.4034 0.1381 -0.9045
vn -0.3673 0.2166 -0.9045
vn 0.3920 -0.1677 -0.9045
vn -0.1586 0.3958 -0.9045
vn 0.3919 -0.1679 -0.9045
vn -0.1584 0.3959 -0.9045
vn 0.3874 -0.1780 -0.9045
vn -0.1481 0.3999 -0.9045
vn -0.3015 -0.0773 0.9503
vn -0.3015 -0.3349 -0.8927
vn 0.3015 0.0773 0.9503
vn 0.3015 0.3349 -0.8927
vn 0.2625 -0.3360 -0.9046
vn -0.2162 -0.3675 -0.9045
vn 0.3133 0.2892 -0.9045
vn 0.2161 0.3676 -0.9045
vn -0.3132 -0.2894 -0.9045
vn 0.3139 0.2886 -0.9045
vn -0.3969 -0.1558 -0.9045
vn -0.2819 0.3199 -0.9045
vn 0.2872 -0.3152 -0.9045
vn -0.3138 -0.2887 -0.9045
vt 0.658300 0.492800
vt 0.522300 0.481600
vt 0.647000 0.481600
vt 0.240100 0.240100
vt 0.031200 0.251100
vt 0.020000 0.239900
vt 0.826800 0.415800
vt 0.690900 0.427000
vt 0.679600 0.415800
vt 0.756300 0.339000
vt 0.962600 0.328000
vt 0.973800 0.339300
vt 0.249000 0.240100
vt 0.240100 0.251300
vt 0.240100 0.339000
vt 0.031200 0.328000
vt 0.240100 0.327800
vt 0.804400 0.641800
vt 0.679600 0.631900
vt 0.804400 0.631900
vt 0.746400 0.339000
vt 0.756300 0.327800
vt 0.756300 0.240100
vt 0.962600 0.251100
vt 0.756300 0.251300
vt 0.746400 0.240100
vt 0.503000 0.251300
vt 0.503000 0.240100
vt 0.804400 0.594100
vt 0.679600 0.584200
vt 0.804400 0.584200
vt 0.493100 0.339100
vt 0.503000 0.327900
vt 0.503000 0.339100
vt 0.493100 0.251300
vt 0.493100 0.240100
vt 0.249000 0.339000
vt 0.493100 0.327900
vt 0.249000 0.251300
vt 0.804400 0.549200
vt 0.679600 0.540200
vt 0.804400 0.540200
vt 0.249000 0.327800
vt 0.746400 0.327800
vt 0.746400 0.251300
vt 0.804400 0.624700
vt 0.679600 0.649000
vt 0.679600 0.641800
vt 0.020000 0.606200
vt 0.263400 0.599000
vt 0.263400 0.606200
vt 0.020000 0.071300
vt 0.031200 0.081200
vt 0.020000 0.081200
vt 0.862900 0.379100
vt 0.935700 0.390400
vt 0.862900 0.390400
vt 0.756300 0.309700
vt 0.962600 0.298700
vt 0.973800 0.309900
vt 0.240100 0.309700
vt 0.031200 0.298700
vt 0.240100 0.298500
vt 0.323700 0.733400
vt 0.250900 0.723500
vt 0.323700 0.723500
vt 0.746400 0.309700
vt 0.756300 0.298500
vt 0.746400 0.071300
vt 0.503000 0.081200
vt 0.503000 0.071300
vt 0.323700 0.817700
vt 0.250900 0.807800
vt 0.323700 0.807800
vt 0.493100 0.309800
vt 0.503000 0.298600
vt 0.503000 0.309800
vt 0.249000 0.309700
vt 0.493100 0.298600
vt 0.493100 0.071300
vt 0.249000 0.081200
vt 0.249000 0.071300
vt 0.323700 0.776400
vt 0.250900 0.767400
vt 0.323700 0.767400
vt 0.249000 0.298500
vt 0.746400 0.298500
vt 0.862900 0.397500
vt 0.020000 0.892000
vt 0.226300 0.884900
vt 0.226300 0.892000
vt 0.323700 0.716300
vt 0.226300 0.928800
vt 0.020000 0.936000
vt 0.020000 0.928800
vt 0.247200 0.910400
vt 0.320000 0.903200
vt 0.320000 0.910400
vt 0.250900 0.783600
vt 0.250900 0.776400
vt 0.020000 0.870100
vt 0.228900 0.862900
vt 0.228900 0.870100
vt 0.020000 0.496300
vt 0.264100 0.489100
vt 0.264100 0.496300
vt 0.323700 0.760300
vt 0.264100 0.423100
vt 0.020000 0.430300
vt 0.020000 0.423100
vt 0.250900 0.824800
vt 0.250900 0.817700
vt 0.263400 0.665000
vt 0.020000 0.672200
vt 0.020000 0.665000
vt 0.323700 0.800600
vt 0.020000 0.097000
vt 0.031200 0.107400
vt 0.020000 0.107400
vt 0.973800 0.081200
vt 0.962600 0.071300
vt 0.973800 0.071300
vt 0.488800 0.513500
vt 0.287500 0.503600
vt 0.488800 0.503600
vt 0.746400 0.081200
vt 0.756400 0.071300
vt 0.756400 0.081200
vt 0.746400 0.097000
vt 0.503000 0.107400
vt 0.503000 0.097000
vt 0.488800 0.473200
vt 0.287500 0.463300
vt 0.488800 0.463300
vt 0.493100 0.081200
vt 0.493100 0.097000
vt 0.249000 0.107400
vt 0.249000 0.097000
vt 0.488800 0.431900
vt 0.287500 0.423000
vt 0.488800 0.423000
vt 0.240100 0.081200
vt 0.488800 0.496400
vt 0.721000 0.357200
vt 0.514700 0.364300
vt 0.514700 0.357200
vt 0.287500 0.573200
vt 0.488800 0.566000
vt 0.488800 0.573200
vt 0.228900 0.709000
vt 0.020000 0.716100
vt 0.020000 0.709000
vt 0.287500 0.439100
vt 0.287500 0.431900
vt 0.020000 0.826100
vt 0.228900 0.818900
vt 0.228900 0.826100
vt 0.488800 0.415800
vt 0.263400 0.621000
vt 0.020000 0.628200
vt 0.020000 0.621000
vt 0.287500 0.520700
vt 0.287500 0.513500
vt 0.020000 0.694200
vt 0.263400 0.687000
vt 0.263400 0.694200
vt 0.488800 0.456100
vt 0.840100 0.397500
vt 0.698200 0.386300
vt 0.840100 0.386300
vt 0.240100 0.269400
vt 0.031200 0.280400
vt 0.020000 0.269200
vt 0.488800 0.379100
vt 0.287500 0.390400
vt 0.287500 0.379100
vt 0.249000 0.269400
vt 0.240100 0.280600
vt 0.653000 0.627100
vt 0.511100 0.617200
vt 0.653000 0.617200
vt 0.746400 0.107400
vt 0.756400 0.097000
vt 0.756400 0.107400
vt 0.756300 0.269400
vt 0.962600 0.280400
vt 0.756300 0.280600
vt 0.746400 0.269400
vt 0.503000 0.280600
vt 0.503000 0.269400
vt 0.653000 0.667400
vt 0.511100 0.657500
vt 0.653000 0.657500
vt 0.493100 0.107400
vt 0.493100 0.280600
vt 0.493100 0.269400
vt 0.249000 0.280600
vt 0.653000 0.585800
vt 0.511100 0.576900
vt 0.653000 0.576900
vt 0.240100 0.107400
vt 0.746400 0.280600
vt 0.840100 0.379100
vt 0.511100 0.593000
vt 0.511100 0.585800
vt 0.020000 0.848100
vt 0.228900 0.840900
vt 0.228900 0.848100
vt 0.653000 0.650300
vt 0.247200 0.921600
vt 0.962600 0.081200
vt 0.240100 0.071300
vt 0.031200 0.071300
vt 0.962600 0.097000
vt 0.962600 0.107400
vt 0.973800 0.107400
vt 0.522300 0.390400
vt 0.664200 0.379100
vt 0.664200 0.390400
vt 0.287500 0.584400
vt 0.240100 0.097000
vt 0.031200 0.097000
vt 0.511100 0.522800
vt 0.647000 0.511100
vt 0.658300 0.522200
vt 0.031200 0.210800
vt 0.240100 0.221800
vt 0.020000 0.222000
vt 0.647000 0.551600
vt 0.511100 0.540400
vt 0.658200 0.540400
vt 0.962600 0.133800
vt 0.756300 0.122800
vt 0.973800 0.122600
vt 0.240100 0.210600
vt 0.249000 0.221800
vt 0.240100 0.122800
vt 0.031200 0.133800
vt 0.020000 0.122600
vt 0.372000 0.969200
vt 0.247200 0.979100
vt 0.247200 0.969200
vt 0.756300 0.134000
vt 0.746400 0.122800
vt 0.756300 0.221800
vt 0.962600 0.210800
vt 0.973800 0.222000
vt 0.503000 0.210600
vt 0.746400 0.221800
vt 0.503000 0.221800
vt 0.372000 0.939800
vt 0.247200 0.949800
vt 0.247200 0.939800
vt 0.503000 0.134000
vt 0.493100 0.122800
vt 0.503000 0.122800
vt 0.493100 0.210600
vt 0.493100 0.221800
vt 0.493100 0.134000
vt 0.249000 0.122800
vt 0.249000 0.210600
vt 0.800700 0.665000
vt 0.676000 0.673900
vt 0.676000 0.665000
vt 0.249000 0.134000
vt 0.746400 0.134000
vt 0.746400 0.210600
vt 0.815600 0.434200
vt 0.690900 0.434200
vt 0.948200 0.364300
vt 0.741900 0.357200
vt 0.948200 0.357200
vt 0.287500 0.357200
vt 0.493800 0.364300
vt 0.287500 0.364300
vt 0.522300 0.474400
vt 0.647000 0.474400
vt 0.020000 0.796900
vt 0.228900 0.804100
vt 0.020000 0.804100
vt 0.679600 0.549200
vt 0.804400 0.556300
vt 0.679600 0.556300
vt 0.228900 0.738100
vt 0.020000 0.731000
vt 0.228900 0.731000
vt 0.264100 0.452300
vt 0.020000 0.445100
vt 0.264100 0.445100
vt 0.679600 0.533100
vt 0.804400 0.533100
vt 0.020000 0.467100
vt 0.264100 0.474300
vt 0.020000 0.474300
vt 0.679600 0.594100
vt 0.804400 0.601300
vt 0.679600 0.601300
vt 0.020000 0.577000
vt 0.263400 0.584200
vt 0.020000 0.584200
vt 0.679600 0.577000
vt 0.804400 0.577000
vt 0.031200 0.020000
vt 0.020000 0.029900
vt 0.020000 0.020000
vt 0.334900 0.844900
vt 0.262000 0.855800
vt 0.250900 0.844600
vt 0.962600 0.192500
vt 0.756300 0.181500
vt 0.973800 0.181200
vt 0.240100 0.181500
vt 0.031200 0.192500
vt 0.020000 0.181200
vt 0.921000 0.415800
vt 0.848200 0.425700
vt 0.848200 0.415800
vt 0.756300 0.192700
vt 0.746400 0.181500
vt 0.503000 0.020000
vt 0.746400 0.029900
vt 0.503000 0.029900
vt 0.917300 0.445100
vt 0.844600 0.455000
vt 0.844600 0.445100
vt 0.503000 0.192600
vt 0.493100 0.181400
vt 0.503000 0.181400
vt 0.493100 0.192600
vt 0.249000 0.181500
vt 0.249000 0.020000
vt 0.493100 0.029900
vt 0.249000 0.029900
vt 0.411600 0.716300
vt 0.338800 0.725200
vt 0.338800 0.716300
vt 0.249000 0.192700
vt 0.746400 0.192700
vt 0.020000 0.752900
vt 0.228900 0.760100
vt 0.020000 0.760100
vt 0.250900 0.733400
vt 0.323700 0.740600
vt 0.250900 0.740600
vt 0.263400 0.562200
vt 0.020000 0.555000
vt 0.263400 0.555000
vt 0.031200 0.045700
vt 0.020000 0.056100
vt 0.020000 0.045700
vt 0.962600 0.029900
vt 0.973800 0.020000
vt 0.973800 0.029900
vt 0.488800 0.657700
vt 0.287500 0.667600
vt 0.287500 0.657700
vt 0.756400 0.029900
vt 0.746400 0.020000
vt 0.756400 0.020000
vt 0.503000 0.045700
vt 0.746400 0.056100
vt 0.503000 0.056100
vt 0.488800 0.683300
vt 0.287500 0.693200
vt 0.287500 0.683300
vt 0.493100 0.020000
vt 0.249000 0.045700
vt 0.493100 0.056100
vt 0.249000 0.056100
vt 0.488800 0.602700
vt 0.287500 0.611600
vt 0.287500 0.602700
vt 0.240100 0.020000
vt 0.488800 0.397500
vt 0.287500 0.397500
vt 0.226300 0.980000
vt 0.020000 0.972800
vt 0.226300 0.972800
vt 0.264100 0.408300
vt 0.020000 0.401100
vt 0.264100 0.401100
vt 0.020000 0.511100
vt 0.264100 0.518200
vt 0.020000 0.518200
vt 0.287500 0.473200
vt 0.488800 0.480400
vt 0.287500 0.480400
vt 0.511100 0.427000
vt 0.653100 0.416400
vt 0.664200 0.427700
vt 0.031200 0.152100
vt 0.240100 0.163100
vt 0.020000 0.163400
vt 0.488800 0.639600
vt 0.287500 0.628300
vt 0.488800 0.628300
vt 0.240100 0.151900
vt 0.249000 0.163100
vt 0.821600 0.481800
vt 0.679600 0.491700
vt 0.679600 0.481800
vt 0.756400 0.056100
vt 0.746400 0.045700
vt 0.756400 0.045700
vt 0.756300 0.163100
vt 0.962600 0.152100
vt 0.973800 0.163400
vt 0.503000 0.152000
vt 0.746400 0.163100
vt 0.503000 0.163200
vt 0.821600 0.507400
vt 0.679600 0.517300
vt 0.679600 0.507400
vt 0.493100 0.045700
vt 0.493100 0.152000
vt 0.493100 0.163200
vt 0.249000 0.151900
vt 0.821600 0.452400
vt 0.679600 0.461400
vt 0.679600 0.452400
vt 0.240100 0.045700
vt 0.746400 0.151900
vt 0.664200 0.397500
vt 0.522300 0.397500
vt 0.226300 0.914000
vt 0.020000 0.906900
vt 0.226300 0.906900
vt 0.511100 0.610000
vt 0.653000 0.610000
vt 0.020000 0.950800
vt 0.226300 0.958000
vt 0.020000 0.958000
vt 0.020000 0.774900
vt 0.228900 0.782100
vt 0.020000 0.782100
vt 0.264100 0.364300
vt 0.020000 0.357200
vt 0.264100 0.357200
vt 0.511100 0.569700
vt 0.653000 0.569700
vt 0.020000 0.379100
vt 0.264100 0.386300
vt 0.020000 0.386300
vt 0.511100 0.667400
vt 0.653000 0.674600
vt 0.511100 0.674600
vt 0.020000 0.643000
vt 0.263400 0.650200
vt 0.020000 0.650200
vt 0.511100 0.627100
vt 0.653000 0.634300
vt 0.511100 0.634300
vt 0.263400 0.540200
vt 0.020000 0.533100
vt 0.263400 0.533100
vt 0.331200 0.885100
vt 0.258400 0.874200
vt 0.331100 0.873900
vt 0.962600 0.020000
vt 0.240100 0.029900
vt 0.031200 0.029900
vt 0.962600 0.056100
vt 0.962600 0.045700
vt 0.973800 0.045700
vt 0.511100 0.445300
vt 0.653000 0.456300
vt 0.511100 0.456500
vt 0.488800 0.547900
vt 0.287500 0.536700
vt 0.488800 0.536700
vt 0.240100 0.056100
vt 0.031200 0.056100
vt 0.511100 0.492800
vt 0.815600 0.427000
vt 0.020000 0.339300
vt 0.973800 0.239900
vt 0.679600 0.624700
vt 0.804400 0.649000
vt 0.020000 0.599000
vt 0.946900 0.379100
vt 0.020000 0.309900
vt 0.935700 0.397500
vt 0.020000 0.884900
vt 0.250900 0.716300
vt 0.226300 0.936000
vt 0.247200 0.903200
vt 0.323700 0.783600
vt 0.020000 0.862900
vt 0.020000 0.489100
vt 0.250900 0.760300
vt 0.264100 0.430300
vt 0.323700 0.824800
vt 0.263400 0.672200
vt 0.250900 0.800600
vt 0.287500 0.496400
vt 0.721000 0.364300
vt 0.287500 0.566000
vt 0.228900 0.716100
vt 0.488800 0.439100
vt 0.020000 0.818900
vt 0.287500 0.415800
vt 0.263400 0.628200
vt 0.488800 0.520700
vt 0.020000 0.687000
vt 0.287500 0.456100
vt 0.687000 0.397500
vt 0.488800 0.390400
vt 0.973800 0.269200
vt 0.698200 0.379100
vt 0.653000 0.593000
vt 0.020000 0.840900
vt 0.511100 0.650300
vt 0.331200 0.921600
vt 0.973800 0.097000
vt 0.511100 0.379100
vt 0.488800 0.584400
vt 0.522200 0.511600
vt 0.522300 0.551600
vt 0.240100 0.134000
vt 0.372000 0.979100
vt 0.756300 0.210600
vt 0.372000 0.949800
vt 0.800700 0.673900
vt 0.741900 0.364300
vt 0.493800 0.357200
vt 0.228900 0.796900
vt 0.020000 0.738100
vt 0.020000 0.452300
vt 0.264100 0.467100
vt 0.263400 0.577000
vt 0.334800 0.856100
vt 0.240100 0.192700
vt 0.921000 0.425700
vt 0.917300 0.455000
vt 0.411600 0.725200
vt 0.228900 0.752900
vt 0.020000 0.562200
vt 0.488800 0.667600
vt 0.488800 0.693200
vt 0.488800 0.611600
vt 0.020000 0.980000
vt 0.020000 0.408300
vt 0.264100 0.511100
vt 0.511100 0.415800
vt 0.287500 0.639600
vt 0.821600 0.491700
vt 0.756300 0.151900
vt 0.821600 0.517300
vt 0.821600 0.461400
vt 0.020000 0.914000
vt 0.226300 0.950800
vt 0.228900 0.774900
vt 0.020000 0.364300
vt 0.264100 0.379100
vt 0.263400 0.643000
vt 0.020000 0.540200
vt 0.247200 0.885500
vt 0.973800 0.056100
vt 0.664200 0.445100
vt 0.287500 0.547900
s 0
f 1041/2801/1648 1043/2802/1649 1044/2803/1650
f 1045/2804/1648 1043/2805/1651 1042/2806/1648
f 1048/2807/1648 1050/2808/1652 1047/2809/1648
f 1051/2810/1648 1049/2811/1653 1048/2812/1648
f 1053/2813/1648 1046/2814/1654 1045/2804/1648
f 1055/2815/1648 1044/2816/1655 1056/2817/1656
s 1
f 1057/2818/1656 1059/2819/1657 1052/2820/1658
s 0
f 1060/2821/1648 1052/2822/1659 1051/2810/1648
f 1061/2823/1648 1050/2824/1660 1059/2825/1657
f 1063/2826/1648 1064/2827/1661 1062/2828/1648
s 1
f 1066/2829/1656 1064/2830/1657 1065/2831/1658
s 0
f 1069/2832/1648 1065/2833/1662 1068/2834/1648
f 1062/2828/1648 1067/2835/1663 1070/2836/1648
f 1071/2837/1648 1066/2838/1664 1069/2832/1648
f 1070/2836/1648 1054/2839/1665 1053/2813/1648
s 1
f 1056/2840/1656 1054/2841/1657 1072/2842/1658
s 0
f 1055/2815/1648 1072/2843/1666 1071/2837/1648
f 1068/2834/1648 1057/2844/1667 1060/2821/1648
f 1061/2823/1648 1058/2845/1668 1063/2826/1648
f 1059/2819/1669 1074/2846/1670 1052/2820/1658
f 1057/2818/1671 1076/2847/1672 1058/2848/1673
f 1065/2849/1674 1075/2850/1675 1057/2851/1656
f 1079/2852/1648 1081/2853/1676 1078/2854/1648
f 1082/2855/1648 1084/2856/1677 1085/2857/1678
f 1086/2858/1648 1084/2859/1653 1083/2860/1648
f 1088/2861/1648 1090/2862/1655 1091/2863/1656
s 1
f 1092/2864/1656 1094/2865/1657 1087/2866/1658
s 0
f 1095/2867/1648 1087/2868/1659 1086/2858/1648
f 1097/2869/1679 1098/2870/1680 1096/2871/1658
s 1
f 1100/2872/1656 1098/2873/1657 1099/2874/1658
s 0
f 1103/2875/1648 1099/2876/1662 1102/2877/1648
f 1104/2878/1648 1100/2879/1664 1103/2875/1648
f 1107/2880/1679 1108/2881/1681 1106/2882/1658
s 1
f 1091/2883/1656 1108/2884/1657 1105/2885/1658
s 0
f 1088/2861/1648 1105/2886/1666 1104/2878/1648
f 1102/2877/1648 1092/2887/1667 1095/2867/1648
f 1084/2856/1682 1111/2888/1683 1085/2857/1673
f 1087/2889/1684 1110/2890/1685 1084/2891/1656
f 1094/2865/1686 1112/2892/1687 1087/2866/1658
f 1085/2893/1688 1113/2894/1689 1094/2895/1657
f 1081/2896/1686 1115/2897/1687 1090/2898/1658
f 1091/2883/1682 1117/2899/1683 1109/2900/1673
f 1090/2901/1690 1116/2902/1691 1091/2903/1656
f 1105/2904/1674 1119/2905/1692 1100/2906/1656
f 1108/2884/1686 1118/2907/1687 1105/2885/1658
f 1101/2908/1693 1120/2909/1694 1108/2910/1657
f 1100/2872/1682 1121/2911/1683 1101/2912/1673
f 1093/2913/1693 1123/2914/1695 1098/2915/1657
f 1098/2873/1686 1124/2916/1687 1099/2874/1658
f 1126/2917/1648 1128/2918/1696 1125/2919/1648
f 1082/2920/1648 1130/2921/1697 1129/2922/1648
s 1
f 1097/2923/1656 1133/2924/1657 1131/2925/1658
s 0
f 1093/2926/1698 1131/2927/1699 1094/2928/1657
f 1135/2929/1700 1136/2930/1701 1134/2931/1658
s 1
f 1107/2932/1656 1136/2933/1657 1096/2934/1658
s 0
f 1101/2935/1702 1096/2871/1703 1098/2870/1657
f 1139/2936/1700 1140/2937/1704 1138/2938/1658
s 1
f 1141/2939/1656 1140/2940/1657 1106/2941/1658
s 0
f 1109/2942/1705 1106/2882/1706 1108/2881/1657
f 1133/2924/1707 1144/2943/1708 1131/2925/1658
f 1145/2944/1688 1143/2945/1689 1133/2946/1657
f 1128/2947/1707 1148/2948/1708 1080/2949/1658
f 1142/2950/1709 1147/2951/1710 1128/2952/1657
f 1141/2939/1711 1149/2953/1712 1142/2954/1673
f 1080/2955/1690 1150/2956/1691 1141/2957/1656
f 1140/2940/1707 1152/2958/1708 1106/2941/1658
f 1132/2959/1693 1154/2960/1695 1136/2961/1657
f 1097/2923/1711 1153/2962/1712 1132/2963/1673
f 1096/2964/1674 1155/2965/1675 1097/2966/1656
f 1136/2933/1707 1156/2967/1708 1096/2934/1658
f 1126/2968/1648 1158/2969/1713 1127/2970/1714
f 1159/2971/1648 1158/2972/1651 1157/2973/1648
f 1129/2974/1648 1145/2975/1715 1161/2976/1648
f 1162/2977/1648 1160/2978/1654 1159/2971/1648
s 1
f 1135/2979/1656 1166/2980/1657 1164/2981/1658
s 0
f 1132/2982/1716 1164/2983/1717 1133/2984/1657
f 1167/2985/1648 1169/2986/1660 1166/2987/1657
f 1171/2988/1648 1172/2989/1661 1170/2990/1648
s 1
f 1139/2991/1656 1172/2992/1657 1134/2993/1658
s 0
f 1137/2994/1718 1134/2931/1719 1136/2930/1657
f 1170/2990/1648 1173/2995/1663 1174/2996/1648
f 1174/2996/1648 1163/2997/1665 1162/2977/1648
s 1
f 1175/2998/1656 1163/2999/1657 1138/3000/1658
s 0
f 1142/3001/1720 1138/2938/1721 1140/2937/1657
f 1167/2985/1648 1165/3002/1668 1171/2988/1648
f 1158/2969/1722 1177/3003/1723 1127/2970/1658
f 1175/2998/1724 1179/3004/1725 1160/3005/1673
f 1127/3006/1690 1178/3007/1691 1175/3008/1656
f 1172/2992/1722 1181/3009/1723 1134/2993/1658
f 1090/2898/1726 1078/3010/1648 1081/2896/1727
f 1094/2928/1728 1130/2921/1729 1085/3011/1673
f 1141/3012/1730 1081/2853/1731 1080/3013/1658
f 1133/2984/1732 1182/3014/1733 1145/3015/1673
f 1182/3014/1734 1161/3016/1648 1145/3015/1673
f 1169/3017/1735 1183/3018/1648 1182/3019/1736
f 1080/2949/1737 1125/3020/1648 1128/2947/1657
f 1175/3021/1738 1128/2918/1739 1127/3022/1658
f 1184/3023/1740 1186/3024/1741 1187/3025/1740
f 1186/3026/1742 1189/3027/1740 1187/3028/1740
f 1191/3029/1743 1193/3030/1740 1190/3031/1740
f 1192/3032/1744 1194/3033/1740 1193/3034/1740
f 1188/3035/1745 1196/3036/1740 1189/3027/1740
f 1197/3037/1740 1185/3038/1746 1184/3039/1740
s 1
f 1073/3040/1747 1075/3041/1748 1074/3042/1749
s 0
f 1074/3043/1750 1199/3044/1740 1194/3033/1740
f 1200/3045/1740 1191/3046/1751 1190/3047/1740
f 1202/3048/1752 1203/3049/1740 1201/3050/1740
s 1
f 1202/3051/1747 1205/3052/1748 1077/3053/1749
s 0
f 1077/3054/1753 1207/3055/1740 1206/3056/1740
f 1204/3057/1754 1201/3050/1740 1208/3058/1740
f 1205/3059/1755 1210/3060/1740 1207/3055/1740
f 1195/3061/1756 1208/3058/1740 1196/3036/1740
s 1
f 1195/3062/1747 1198/3063/1748 1209/3064/1749
s 0
f 1209/3065/1757 1197/3037/1740 1210/3060/1740
f 1075/3066/1758 1206/3056/1740 1199/3044/1740
f 1076/3067/1759 1200/3045/1740 1203/3049/1740
f 1050/2808/1760 1192/3068/1761 1191/3069/1762
f 1049/3070/1763 1074/3071/1764 1192/3072/1748
f 1059/3073/1765 1191/3074/1766 1073/3075/1747
f 1044/2803/1767 1186/3076/1768 1185/3077/1749
f 1043/3078/1769 1188/3079/1770 1186/3080/1747
f 1046/3081/1760 1198/3082/1761 1188/3083/1762
f 1056/3084/1771 1185/3085/1772 1198/3086/1748
f 1066/3087/1773 1209/3088/1774 1205/3089/1748
f 1072/2842/1767 1195/3090/1768 1209/3091/1749
f 1054/3092/1775 1204/3093/1776 1195/3094/1747
f 1067/3095/1760 1205/3096/1761 1204/3097/1762
f 1064/3098/1777 1076/3099/1776 1202/3100/1747
f 1065/2831/1767 1202/3101/1768 1077/3102/1749
f 1114/3103/1778 1212/3104/1740 1211/3105/1740
f 1213/3106/1740 1110/3107/1779 1214/3108/1740
f 1110/3109/1744 1215/3110/1740 1214/3111/1740
f 1216/3112/1740 1115/3113/1746 1217/3114/1740
s 1
f 1113/3115/1747 1218/3116/1748 1112/3117/1749
s 0
f 1112/3118/1750 1219/3119/1740 1215/3110/1740
f 1123/3120/1780 1155/3121/1781 1156/3122/1749
s 1
f 1123/3123/1747 1119/3124/1748 1124/3125/1749
s 0
f 1124/3126/1753 1221/3127/1740 1220/3128/1740
f 1119/3129/1755 1222/3130/1740 1221/3127/1740
f 1120/3131/1782 1223/3132/1781 1152/3133/1749
s 1
f 1120/3134/1747 1116/3135/1748 1118/3136/1749
s 0
f 1118/3137/1757 1216/3112/1740 1222/3130/1740
f 1218/3138/1758 1220/3128/1740 1219/3119/1740
f 1081/3139/1769 1117/3140/1770 1114/3141/1747
f 1093/3142/1783 1218/3143/1784 1122/3144/1762
f 1092/3145/1785 1124/3146/1774 1218/3147/1748
f 1147/3148/1786 1225/3149/1740 1224/3150/1740
f 1227/3151/1787 1213/3152/1740 1226/3153/1740
s 1
f 1143/3154/1747 1155/3155/1748 1144/3156/1749
s 0
f 1144/3157/1788 1122/3158/1789 1113/3159/1747
f 1154/3160/1790 1228/3161/1791 1181/3162/1749
s 1
f 1154/3163/1747 1223/3164/1748 1156/3165/1749
s 0
f 1156/3122/1792 1121/3166/1793 1123/3120/1747
f 1151/3167/1794 1231/3168/1791 1230/3169/1749
s 1
f 1151/3170/1747 1150/3171/1748 1152/3172/1749
s 0
f 1152/3133/1795 1117/3173/1796 1120/3131/1747
f 1145/2975/1797 1227/3174/1798 1146/3175/1762
f 1130/3176/1763 1144/3177/1764 1227/3178/1748
f 1107/3179/1773 1152/3180/1774 1223/3181/1748
f 1140/3182/1775 1229/3183/1776 1151/3184/1747
f 1137/3185/1797 1223/3186/1798 1229/3187/1762
f 1225/3188/1740 1176/3189/1799 1232/3190/1740
f 1176/3191/1742 1233/3192/1740 1232/3193/1740
f 1146/3194/1800 1226/3195/1740 1234/3196/1740
f 1179/3197/1745 1236/3198/1740 1233/3192/1740
s 1
f 1238/3199/1747 1228/3200/1748 1237/3201/1749
s 0
f 1237/3202/1801 1153/3203/1802 1143/3204/1747
f 1240/3205/1740 1241/3206/1751 1242/3207/1740
f 1180/3208/1752 1244/3209/1740 1243/3210/1740
s 1
f 1180/3211/1747 1231/3212/1748 1181/3213/1749
s 0
f 1181/3162/1803 1229/3214/1804 1154/3160/1747
f 1245/3215/1754 1243/3210/1740 1246/3216/1740
f 1235/3217/1756 1246/3216/1740 1236/3198/1740
s 1
f 1235/3218/1747 1178/3219/1748 1230/3220/1749
s 0
f 1230/3169/1805 1149/3221/1806 1151/3167/1747
f 1239/3222/1759 1240/3205/1740 1244/3209/1740
f 1169/3017/1807 1247/3223/1808 1241/3224/1762
f 1182/3225/1763 1237/3226/1764 1247/3227/1748
f 1164/2981/1809 1238/3228/1810 1237/3229/1749
f 1166/3230/1765 1241/3231/1766 1238/3232/1747
f 1158/3233/1769 1179/3234/1770 1176/3235/1747
f 1139/3236/1773 1230/3237/1774 1231/3238/1748
f 1138/3000/1809 1235/3239/1810 1230/3240/1749
f 1163/3241/1775 1245/3242/1776 1235/3243/1747
f 1173/3244/1807 1231/3245/1808 1245/3246/1762
f 1172/3247/1777 1239/3248/1776 1180/3249/1747
f 1165/3250/1807 1228/3251/1808 1239/3252/1762
f 1135/3253/1785 1181/3254/1774 1228/3255/1748
f 1211/3256/1740 1115/3257/1811 1114/3258/1812
f 1227/3151/1813 1113/3159/1814 1111/3259/1762
f 1114/3103/1815 1150/3260/1816 1148/3261/1749
f 1247/3262/1817 1143/3204/1818 1146/3263/1762
f 1234/3264/1740 1247/3262/1819 1146/3263/1762
f 1248/3265/1740 1241/3266/1820 1247/3267/1748
f 1224/3268/1740 1148/3269/1821 1147/3270/1747
f 1147/3148/1822 1178/3271/1823 1177/3272/1749
f 1041/2801/1648 1042/3273/1648 1043/2802/1824
f 1045/2804/1648 1046/2814/1673 1043/2805/1825
f 1048/2807/1648 1049/3274/1826 1050/2808/1827
f 1051/2810/1648 1052/2822/1658 1049/2811/1828
f 1053/2813/1648 1054/2839/1657 1046/2814/1829
f 1055/2815/1648 1041/3275/1648 1044/2816/1830
s 1
f 1057/2818/1656 1058/2848/1673 1059/2819/1657
s 0
f 1060/2821/1648 1057/2844/1656 1052/2822/1831
f 1061/2823/1648 1047/3276/1648 1050/2824/1832
f 1063/2826/1648 1058/2845/1673 1064/2827/1833
s 1
f 1066/2829/1656 1067/3095/1673 1064/2830/1657
s 0
f 1069/2832/1648 1066/2838/1656 1065/2833/1834
f 1062/2828/1648 1064/2827/1657 1067/2835/1835
f 1071/2837/1648 1072/2843/1658 1066/2838/1836
f 1070/2836/1648 1067/2835/1673 1054/2839/1833
s 1
f 1056/2840/1656 1046/3081/1673 1054/2841/1657
s 0
f 1055/2815/1648 1056/2817/1656 1072/2843/1837
f 1068/2834/1648 1065/2833/1658 1057/2844/1836
f 1061/2823/1648 1059/2825/1657 1058/2845/1838
f 1059/2819/1839 1073/3277/1747 1074/2846/1840
f 1057/2818/1841 1075/3278/1748 1076/2847/1842
f 1065/2849/1843 1077/3279/1749 1075/2850/1844
f 1079/2852/1648 1080/3013/1658 1081/2853/1845
f 1082/2855/1648 1083/3280/1648 1084/2856/1846
f 1086/2858/1648 1087/2868/1658 1084/2859/1828
f 1088/2861/1648 1089/3281/1648 1090/2862/1830
s 1
f 1092/2864/1656 1093/3142/1673 1094/2865/1657
s 0
f 1095/2867/1648 1092/2887/1656 1087/2868/1831
f 1097/2869/1847 1093/2926/1673 1098/2870/1848
s 1
f 1100/2872/1656 1101/2912/1673 1098/2873/1657
s 0
f 1103/2875/1648 1100/2879/1656 1099/2876/1834
f 1104/2878/1648 1105/2886/1658 1100/2879/1836
f 1107/2880/1849 1101/2935/1673 1108/2881/1848
s 1
f 1091/2883/1656 1109/2900/1673 1108/2884/1657
s 0
f 1088/2861/1648 1091/2863/1656 1105/2886/1837
f 1102/2877/1648 1099/2876/1658 1092/2887/1836
f 1084/2856/1850 1110/3282/1748 1111/2888/1851
f 1087/2889/1852 1112/3283/1749 1110/2890/1853
f 1094/2865/1854 1113/3284/1747 1112/2892/1855
f 1085/2893/1856 1111/3285/1762 1113/2894/1857
f 1081/2896/1854 1114/3286/1747 1115/2897/1855
f 1091/2883/1850 1116/3287/1748 1117/2899/1851
f 1090/2901/1858 1115/3288/1749 1116/2902/1859
f 1105/2904/1860 1118/3289/1749 1119/2905/1844
f 1108/2884/1854 1120/3290/1747 1118/2907/1855
f 1101/2908/1861 1121/3291/1762 1120/2909/1862
f 1100/2872/1850 1119/3292/1748 1121/2911/1851
f 1093/2913/1863 1122/3293/1762 1123/2914/1862
f 1098/2873/1854 1123/3294/1747 1124/2916/1855
f 1126/2917/1648 1127/3022/1658 1128/2918/1864
f 1082/2920/1648 1085/3011/1673 1130/2921/1865
s 1
f 1097/2923/1656 1132/2963/1673 1133/2924/1657
s 0
f 1093/2926/1866 1097/2869/1656 1131/2927/1867
f 1135/2929/1868 1132/2982/1673 1136/2930/1869
s 1
f 1107/2932/1656 1137/3185/1673 1136/2933/1657
s 0
f 1101/2935/1870 1107/2880/1656 1096/2871/1871
f 1139/2936/1872 1137/2994/1673 1140/2937/1869
s 1
f 1141/2939/1656 1142/2954/1673 1140/2940/1657
s 0
f 1109/2942/1873 1141/3012/1656 1106/2882/1874
f 1133/2924/1875 1143/3295/1747 1144/2943/1876
f 1145/2944/1856 1146/3296/1762 1143/2945/1857
f 1128/2947/1875 1147/3297/1747 1148/2948/1876
f 1142/2950/1877 1149/3298/1762 1147/2951/1878
f 1141/2939/1879 1150/3299/1748 1149/2953/1880
f 1080/2955/1858 1148/3300/1749 1150/2956/1859
f 1140/2940/1875 1151/3301/1747 1152/2958/1876
f 1132/2959/1863 1153/3302/1762 1154/2960/1862
f 1097/2923/1879 1155/3303/1748 1153/2962/1880
f 1096/2964/1843 1156/3304/1749 1155/2965/1844
f 1136/2933/1875 1154/3305/1747 1156/2967/1876
f 1126/2968/1648 1157/3306/1648 1158/2969/1881
f 1159/2971/1648 1160/2978/1673 1158/2972/1825
f 1129/2974/1648 1130/3307/1656 1145/2975/1882
f 1162/2977/1648 1163/2997/1657 1160/2978/1829
s 1
f 1135/2979/1656 1165/3250/1673 1166/2980/1657
s 0
f 1132/2982/1883 1135/2929/1656 1164/2983/1884
f 1167/2985/1648 1168/3308/1648 1169/2986/1832
f 1171/2988/1648 1165/3002/1673 1172/2989/1833
s 1
f 1139/2991/1656 1173/3244/1673 1172/2992/1657
s 0
f 1137/2994/1885 1139/2936/1656 1134/2931/1886
f 1170/2990/1648 1172/2989/1657 1173/2995/1835
f 1174/2996/1648 1173/2995/1673 1163/2997/1833
s 1
f 1175/2998/1656 1160/3005/1673 1163/2999/1657
s 0
f 1142/3001/1887 1175/3021/1656 1138/2938/1888
f 1167/2985/1648 1166/2987/1657 1165/3002/1838
f 1158/2969/1889 1176/3309/1747 1177/3003/1890
f 1175/2998/1891 1178/3310/1748 1179/3004/1892
f 1127/3006/1858 1177/3311/1749 1178/3007/1859
f 1172/2992/1889 1180/3312/1747 1181/3009/1890
f 1090/2898/1893 1089/3313/1648 1078/3010/1648
f 1094/2928/1894 1131/2927/1658 1130/2921/1895
f 1141/3012/1896 1109/2942/1673 1081/2853/1897
f 1133/2984/1898 1164/2983/1658 1182/3014/1738
f 1182/3014/1899 1183/3314/1648 1161/3016/1648
f 1169/3017/1900 1168/3315/1648 1183/3018/1648
f 1080/2949/1901 1079/3316/1648 1125/3020/1648
f 1175/3021/1902 1142/3001/1673 1128/2918/1732
f 1184/3023/1740 1185/3317/1749 1186/3024/1903
f 1186/3026/1904 1188/3035/1762 1189/3027/1740
f 1191/3029/1905 1192/3318/1748 1193/3030/1740
f 1192/3032/1906 1074/3043/1749 1194/3033/1740
f 1188/3035/1907 1195/3061/1747 1196/3036/1740
f 1197/3037/1740 1198/3319/1748 1185/3038/1908
s 1
f 1073/3040/1747 1076/3320/1762 1075/3041/1748
s 0
f 1074/3043/1909 1075/3066/1748 1199/3044/1740
f 1200/3045/1740 1073/3321/1747 1191/3046/1910
f 1202/3048/1911 1076/3067/1762 1203/3049/1740
s 1
f 1202/3051/1747 1204/3322/1762 1205/3052/1748
s 0
f 1077/3054/1912 1205/3059/1748 1207/3055/1740
f 1204/3057/1913 1202/3048/1747 1201/3050/1740
f 1205/3059/1914 1209/3065/1749 1210/3060/1740
f 1195/3061/1911 1204/3057/1762 1208/3058/1740
s 1
f 1195/3062/1747 1188/3323/1762 1198/3063/1748
s 0
f 1209/3065/1915 1198/3319/1748 1197/3037/1740
f 1075/3066/1914 1077/3054/1749 1206/3056/1740
f 1076/3067/1916 1073/3321/1747 1200/3045/1740
f 1050/2808/1917 1049/3274/1656 1192/3068/1918
f 1049/3070/1919 1052/3324/1658 1074/3071/1920
f 1059/3073/1921 1050/3325/1673 1191/3074/1922
f 1044/2803/1923 1043/2802/1657 1186/3076/1924
f 1043/3078/1925 1046/3326/1673 1188/3079/1926
f 1046/3081/1917 1056/2840/1656 1198/3082/1918
f 1056/3084/1927 1044/3327/1658 1185/3085/1928
f 1066/3087/1929 1072/3328/1658 1209/3088/1930
f 1072/2842/1923 1054/2841/1657 1195/3090/1924
f 1054/3092/1931 1067/3329/1673 1204/3093/1932
f 1067/3095/1917 1066/2829/1656 1205/3096/1918
f 1064/3098/1931 1058/3330/1673 1076/3099/1933
f 1065/2831/1923 1064/2830/1657 1202/3101/1924
f 1114/3103/1934 1148/3261/1749 1212/3104/1740
f 1213/3106/1740 1111/3331/1935 1110/3107/1936
f 1110/3109/1906 1112/3118/1749 1215/3110/1740
f 1216/3112/1740 1116/3332/1748 1115/3113/1908
s 1
f 1113/3115/1747 1122/3333/1762 1218/3116/1748
s 0
f 1112/3118/1909 1218/3138/1748 1219/3119/1740
f 1123/3120/1937 1122/3158/1762 1155/3121/1938
s 1
f 1123/3123/1747 1121/3334/1762 1119/3124/1748
s 0
f 1124/3126/1912 1119/3129/1748 1221/3127/1740
f 1119/3129/1914 1118/3137/1749 1222/3130/1740
f 1120/3131/1937 1121/3166/1762 1223/3132/1939
s 1
f 1120/3134/1747 1117/3335/1762 1116/3135/1748
s 0
f 1118/3137/1915 1116/3332/1748 1216/3112/1740
f 1218/3138/1914 1124/3126/1749 1220/3128/1740
f 1081/3139/1925 1109/3336/1673 1117/3140/1926
f 1093/3142/1940 1092/2864/1656 1218/3143/1941
f 1092/3145/1929 1099/3337/1658 1124/3146/1942
f 1147/3148/1943 1177/3272/1749 1225/3149/1740
f 1227/3151/1944 1111/3259/1762 1213/3152/1740
s 1
f 1143/3154/1747 1153/3338/1762 1155/3155/1748
s 0
f 1144/3157/1945 1155/3121/1748 1122/3158/1946
f 1154/3160/1947 1153/3203/1762 1228/3161/1948
s 1
f 1154/3163/1747 1229/3339/1762 1223/3164/1748
s 0
f 1156/3122/1949 1223/3132/1748 1121/3166/1950
f 1151/3167/1947 1229/3214/1762 1231/3168/1951
s 1
f 1151/3170/1747 1149/3340/1762 1150/3171/1748
s 0
f 1152/3133/1952 1150/3260/1748 1117/3173/1953
f 1145/2975/1954 1130/3307/1656 1227/3174/1955
f 1130/3176/1919 1131/3341/1658 1144/3177/1920
f 1107/3179/1929 1106/3342/1658 1152/3180/1930
f 1140/3182/1931 1137/3343/1673 1229/3183/1932
f 1137/3185/1954 1107/2932/1656 1223/3186/1955
f 1225/3188/1740 1177/3344/1749 1176/3189/1956
f 1176/3191/1904 1179/3197/1762 1233/3192/1740
f 1146/3194/1957 1227/3345/1748 1226/3195/1740
f 1179/3197/1907 1235/3217/1747 1236/3198/1740
s 1
f 1238/3199/1747 1239/3346/1762 1228/3200/1748
s 0
f 1237/3202/1958 1228/3161/1748 1153/3203/1959
f 1240/3205/1740 1238/3347/1747 1241/3206/1910
f 1180/3208/1911 1239/3222/1762 1244/3209/1740
s 1
f 1180/3211/1747 1245/3348/1762 1231/3212/1748
s 0
f 1181/3162/1960 1231/3168/1748 1229/3214/1961
f 1245/3215/1913 1180/3208/1747 1243/3210/1740
f 1235/3217/1911 1245/3215/1762 1246/3216/1740
s 1
f 1235/3218/1747 1179/3349/1762 1178/3219/1748
s 0
f 1230/3169/1962 1178/3271/1748 1149/3221/1963
f 1239/3222/1916 1238/3347/1747 1240/3205/1740
f 1169/3017/1964 1182/3019/1656 1247/3223/1965
f 1182/3225/1919 1164/3350/1658 1237/3226/1920
f 1164/2981/1966 1166/2980/1657 1238/3228/1967
f 1166/3230/1921 1169/3351/1673 1241/3231/1922
f 1158/3233/1925 1160/3352/1673 1179/3234/1926
f 1139/3236/1929 1138/3353/1658 1230/3237/1930
f 1138/3000/1966 1163/2999/1657 1235/3239/1967
f 1163/3241/1931 1173/3354/1673 1245/3242/1932
f 1173/3244/1964 1139/2991/1656 1231/3245/1965
f 1172/3247/1931 1165/3355/1673 1239/3248/1933
f 1165/3250/1964 1135/2979/1656 1228/3251/1965
f 1135/3253/1929 1134/3356/1658 1181/3254/1942
f 1211/3256/1740 1217/3357/1740 1115/3257/1968
f 1227/3151/1969 1144/3157/1749 1113/3159/1970
f 1114/3103/1971 1117/3173/1762 1150/3260/1972
f 1247/3262/1823 1237/3202/1749 1143/3204/1973
f 1234/3264/1740 1248/3358/1740 1247/3262/1974
f 1248/3265/1740 1242/3359/1740 1241/3266/1975
f 1224/3268/1740 1212/3360/1740 1148/3269/1976
f 1147/3148/1818 1149/3221/1762 1178/3271/1977
o window_big006
v 15.821565 5.803944 15.136692
v 15.821565 4.693043 15.136692
v 15.906266 4.777744 15.136692
v 15.906266 5.719341 15.136692
v 17.482666 4.693043 15.136692
v 17.482666 4.777744 15.136692
v 23.020966 4.693043 15.136692
v 23.020966 5.803944 15.136692
v 22.936264 5.719341 15.136692
v 22.936264 4.777744 15.136692
v 21.379456 5.803944 15.136692
v 21.379456 5.719341 15.136692
v 17.550064 4.693043 15.136692
v 17.550064 4.777744 15.136692
v 17.482666 5.803944 15.136692
v 17.482666 5.719341 15.136692
v 21.304459 5.719341 15.136692
v 21.304459 4.777744 15.136692
v 21.379456 4.777744 15.136692
v 21.304459 5.803944 15.136692
v 21.379456 4.693043 15.136692
v 19.467270 4.693043 15.136692
v 21.304459 4.693043 15.136692
v 19.467270 4.777744 15.136692
v 19.467270 5.719341 15.136692
v 19.392456 5.719341 15.136692
v 19.392456 4.777744 15.136692
v 19.467270 5.803944 15.136692
v 19.392456 5.803944 15.136692
v 19.392456 4.693043 15.136692
v 17.550064 5.803944 15.136692
v 17.550064 5.719341 15.136692
v 21.379456 4.777744 15.082493
v 21.379456 5.719341 15.082493
v 21.304459 5.719341 15.082493
v 21.304459 4.777744 15.082493
v 19.467270 5.719341 15.082493
v 15.821565 3.577740 15.136692
v 15.821565 3.502942 15.136692
v 15.906266 3.502942 15.136692
v 15.906266 3.577740 15.136692
v 23.020966 3.577740 15.136692
v 23.020966 4.211643 15.136692
v 22.936264 4.127041 15.136692
v 22.936264 3.577740 15.136692
v 21.379456 4.211643 15.136692
v 21.379456 4.127041 15.136692
v 17.482666 4.211643 15.136692
v 15.821565 4.211643 15.136692
v 15.906266 4.127041 15.136692
v 17.482666 4.127041 15.136692
v 21.304459 4.127041 15.136692
v 21.304459 3.577740 15.136692
v 21.379456 3.577740 15.136692
v 21.304459 4.211643 15.136692
v 19.467270 3.502942 15.136692
v 21.304459 3.502942 15.136692
v 19.467270 3.577740 15.136692
v 19.467270 4.127041 15.136692
v 19.392456 4.127041 15.136692
v 19.392456 3.577740 15.136692
v 19.467270 4.211643 15.136692
v 19.392456 4.211643 15.136692
v 17.550064 4.211643 15.136692
v 17.550064 4.127041 15.136692
v 17.550064 3.502942 15.136692
v 19.392456 3.502942 15.136692
v 17.550064 3.577740 15.136692
v 17.482666 3.577740 15.136692
v 22.936264 4.127041 15.082493
v 22.936264 3.577740 15.082493
v 21.379456 4.127041 15.082493
v 21.379456 3.577740 15.082493
v 15.906266 3.577740 15.082493
v 15.906266 4.127041 15.082493
v 17.482666 4.127041 15.082493
v 17.482666 3.577740 15.082493
v 17.550064 4.127041 15.082493
v 19.392456 4.127041 15.082493
v 17.550064 3.577740 15.082493
v 19.392456 3.577740 15.082493
v 21.304459 3.577740 15.082493
v 19.467270 3.577740 15.082493
v 19.467270 4.127041 15.082493
v 15.821565 1.983742 15.136692
v 15.821565 1.905243 15.136692
v 15.906266 1.905243 15.136692
v 15.906266 1.983742 15.136692
v 23.020966 3.502942 15.136692
v 22.936264 3.502942 15.136692
v 21.379456 3.502942 15.136692
v 21.304459 1.983742 15.136692
v 21.379456 1.983742 15.136692
v 19.467270 1.905243 15.136692
v 21.304459 1.905243 15.136692
v 19.467270 1.983742 15.136692
v 19.392456 1.983742 15.136692
v 17.550064 1.905243 15.136692
v 19.392456 1.905243 15.136692
v 17.550064 1.983742 15.136692
v 17.482666 3.502942 15.136692
v 17.482666 1.983742 15.136692
v 21.379456 1.983742 15.082493
v 21.379456 3.502942 15.082493
v 22.936264 1.983742 15.136692
v 22.936264 1.983742 15.082493
v 15.906266 1.983742 15.082493
v 15.906266 3.502942 15.082493
v 17.482666 1.983742 15.082493
v 17.482666 3.502942 15.082493
v 17.550064 1.983742 15.082493
v 17.550064 3.502942 15.082493
v 21.304459 1.983742 15.082493
v 19.467270 1.983742 15.082493
v 21.304459 3.502942 15.082493
v 19.467270 3.502942 15.082493
v 15.821565 0.749142 15.136692
v 15.906266 0.833844 15.136692
v 17.482666 0.749142 15.136692
v 17.482666 0.833844 15.136692
v 23.020966 1.983742 15.136692
v 17.550064 0.749142 15.136692
v 17.550064 0.833844 15.136692
v 21.379456 1.905243 15.136692
v 21.304459 0.833844 15.136692
v 21.379456 0.833844 15.136692
v 21.379456 0.749142 15.136692
v 23.020966 0.749142 15.136692
v 22.936264 0.833844 15.136692
v 19.467270 0.749142 15.136692
v 21.304459 0.749142 15.136692
v 19.467270 0.833844 15.136692
v 19.392456 0.833844 15.136692
v 19.392456 0.749142 15.136692
v 17.482666 1.905243 15.136692
v 15.906266 0.833844 15.082493
v 15.906266 1.905243 15.082493
v 17.482666 1.905243 15.082493
v 17.482666 0.833844 15.082493
v 19.467270 0.833844 15.082493
v 19.467270 1.905243 15.082493
v 22.936264 1.905243 15.136692
v 23.020966 1.905243 15.136692
v 15.821565 5.803944 15.082493
v 15.906266 5.719341 15.082493
v 15.906266 4.777744 15.082493
v 15.821565 4.693043 15.082493
v 17.482666 4.777744 15.082493
v 17.482666 4.693043 15.082493
v 23.020966 4.693043 15.082493
v 22.936264 4.777744 15.082493
v 22.936264 5.719341 15.082493
v 23.020966 5.803944 15.082493
v 21.379456 5.803944 15.082493
v 17.550064 4.777744 15.082493
v 17.550064 4.693043 15.082493
v 17.482666 5.803944 15.082493
v 17.482666 5.719341 15.082493
v 21.304459 5.803944 15.082493
v 21.379456 4.693043 15.082493
v 19.467270 4.693043 15.082493
v 19.467270 4.777744 15.082493
v 21.304459 4.693043 15.082493
v 19.392456 4.777744 15.082493
v 19.392456 5.719341 15.082493
v 19.467270 5.803944 15.082493
v 19.392456 5.803944 15.082493
v 19.392456 4.693043 15.082493
v 17.550064 5.719341 15.082493
v 17.550064 5.803944 15.082493
v 15.821565 3.577740 15.082493
v 15.821565 3.502942 15.082493
v 23.020966 3.577740 15.082493
v 23.020966 4.211643 15.082493
v 21.379456 4.211643 15.082493
v 17.482666 4.211643 15.082493
v 15.821565 4.211643 15.082493
v 21.304459 4.127041 15.082493
v 21.304459 4.211643 15.082493
v 19.467270 4.211643 15.082493
v 19.392456 4.211643 15.082493
v 17.550064 4.211643 15.082493
v 19.392456 3.502942 15.082493
v 15.821565 1.983742 15.082493
v 15.821565 1.905243 15.082493
v 23.020966 3.502942 15.082493
v 22.936264 3.502942 15.082493
v 21.304459 1.905243 15.082493
v 19.392456 1.983742 15.082493
v 17.550064 1.905243 15.082493
v 19.392456 1.905243 15.082493
v 15.821565 0.749142 15.082493
v 17.482666 0.749142 15.082493
v 23.020966 1.983742 15.082493
v 17.550064 0.833844 15.082493
v 17.550064 0.749142 15.082493
v 21.379456 1.905243 15.082493
v 21.379456 0.833844 15.082493
v 21.304459 0.833844 15.082493
v 21.379456 0.749142 15.082493
v 22.936264 0.833844 15.082493
v 23.020966 0.749142 15.082493
v 19.467270 0.749142 15.082493
v 21.304459 0.749142 15.082493
v 19.392456 0.833844 15.082493
v 19.392456 0.749142 15.082493
v 22.936264 1.905243 15.082493
v 23.020966 1.905243 15.082493
vn -0.0000 -0.0000 1.0000
vn 0.4032 0.1384 0.9046
vn 0.3014 -0.3015 0.9046
vn 0.3142 0.2883 0.9045
vn -0.2810 0.3207 0.9046
vn -0.3144 -0.2881 0.9045
vn -0.1406 0.4025 0.9045
vn 0.1361 -0.4041 0.9045
vn -0.3015 -0.3015 0.9045
vn 0.3015 0.3015 0.9045
vn 0.3015 -0.3015 0.9045
vn 0.1513 -0.3987 0.9045
vn -0.1362 0.4041 0.9045
vn 0.3129 0.2897 0.9045
vn 0.1511 -0.3987 0.9045
vn -0.1509 0.3988 0.9045
vn -0.3128 -0.2898 0.9045
vn 0.3128 0.2897 0.9045
vn 0.1408 -0.4025 0.9045
vn -0.3129 -0.2897 0.9045
vn -0.1512 0.3987 0.9045
vn 0.3015 -0.0756 0.9505
vn 0.3015 -0.3395 -0.8910
vn -0.3015 0.0756 0.9505
vn -0.3015 0.3395 -0.8910
vn -0.3015 0.3015 0.9045
vn -0.0826 -0.3015 0.9499
vn -0.3211 -0.3015 -0.8978
vn 0.3988 0.1509 0.9045
vn -0.4013 -0.1442 0.9045
vn -0.3016 0.3015 0.9045
vn -0.2157 -0.3678 0.9045
vn 0.3116 0.2911 0.9045
vn 0.3115 0.2911 0.9045
vn -0.3015 0.0653 0.9512
vn -0.3015 0.3661 -0.8804
vn -0.0813 -0.3015 0.9500
vn -0.3246 -0.3015 -0.8965
vn 0.3015 -0.0653 0.9512
vn 0.3015 -0.3661 -0.8804
vn 0.0813 0.3015 0.9500
vn 0.3246 0.3015 -0.8965
vn -0.0814 -0.3015 0.9500
vn -0.3243 -0.3015 -0.8966
vn -0.3210 -0.3015 -0.8978
vn 0.0826 0.3015 0.9499
vn 0.3210 0.3015 -0.8978
vn 0.3211 0.3015 -0.8978
vn 0.3970 0.1557 0.9045
vn -0.3988 -0.1509 0.9045
vn -0.3941 0.1629 0.9045
vn 0.1635 -0.3938 0.9045
vn -0.2158 -0.3677 0.9045
vn 0.3121 0.2906 0.9045
vn -0.3940 0.1631 0.9045
vn 0.1632 -0.3939 0.9045
vn 0.3120 0.2906 0.9045
vn -0.3896 0.1733 0.9045
vn 0.1529 -0.3980 0.9045
vn 0.3015 -0.0811 0.9500
vn 0.3015 -0.3251 -0.8963
vn 0.0814 0.3015 0.9500
vn 0.3243 0.3015 -0.8966
vn -0.3015 0.0811 0.9500
vn -0.3015 0.3251 -0.8963
vn 0.4035 0.1381 0.9045
vn 0.3016 -0.3015 0.9045
vn -0.2872 0.3152 0.9045
vn -0.3921 0.1676 0.9045
vn 0.1587 -0.3958 0.9045
vn -0.3920 0.1679 0.9045
vn 0.1585 -0.3959 0.9045
vn -0.3875 0.1780 0.9045
vn 0.1481 -0.3998 0.9045
vn 0.3015 -0.0773 0.9503
vn 0.3015 -0.3349 -0.8927
vn -0.3015 0.0773 0.9503
vn -0.3015 0.3349 -0.8927
vn 0.4014 -0.1440 0.9045
vn 0.3016 0.3015 0.9045
vn 0.2162 0.3675 0.9045
vn -0.3133 -0.2892 0.9045
vn -0.2161 -0.3676 0.9045
vn 0.3132 0.2894 0.9045
vn 0.2163 0.3675 0.9045
vn -0.3139 -0.2886 0.9045
vn -0.1706 -0.3908 0.9045
vn -0.4034 0.1382 0.9045
vn -0.3016 -0.3015 0.9045
vn 0.3673 -0.2166 0.9045
vn -0.2163 -0.3675 0.9045
vn 0.3138 0.2887 0.9045
vn -0.0000 -0.0000 -1.0000
vn 0.2811 0.3206 -0.9045
vn 0.3142 0.2883 -0.9045
vn -0.2809 0.3207 -0.9045
vn -0.3143 -0.2881 -0.9045
vn -0.1406 0.4026 -0.9045
vn 0.3142 -0.2883 -0.9045
vn 0.3015 0.3015 -0.9045
vn -0.3015 -0.3015 -0.9045
vn 0.3015 -0.3015 -0.9045
vn 0.1512 -0.3987 -0.9045
vn -0.3143 0.2881 -0.9045
vn 0.3129 0.2897 -0.9045
vn 0.1510 -0.3988 -0.9045
vn -0.1509 0.3988 -0.9045
vn -0.3128 -0.2898 -0.9045
vn 0.3128 0.2897 -0.9045
vn 0.1407 -0.4025 -0.9045
vn -0.3129 -0.2897 -0.9045
vn -0.1511 0.3987 -0.9045
vn -0.3015 0.3395 0.8910
vn -0.3015 0.0756 -0.9505
vn -0.3015 0.3015 -0.9045
vn -0.3246 -0.3015 0.8965
vn -0.0813 -0.3015 -0.9500
vn 0.3246 0.3015 0.8965
vn 0.0813 0.3015 -0.9500
vn 0.3015 -0.3395 0.8910
vn 0.3015 -0.0756 -0.9505
vn 0.3243 0.3015 0.8966
vn 0.0814 0.3015 -0.9500
vn -0.3243 -0.3015 0.8966
vn -0.0814 -0.3015 -0.9500
vn -0.3210 -0.3015 0.8978
vn -0.0826 -0.3015 -0.9499
vn 0.3210 0.3015 0.8978
vn 0.0826 0.3015 -0.9499
vn 0.3211 0.3015 0.8978
vn 0.3988 0.1509 -0.9045
vn -0.2624 -0.3360 -0.9046
vn 0.3116 0.2911 -0.9045
vn -0.2157 -0.3678 -0.9045
vn 0.3115 0.2911 -0.9045
vn -0.3015 0.3661 0.8804
vn -0.3015 0.0653 -0.9512
vn -0.3211 -0.3015 0.8978
vn 0.3970 0.1556 -0.9045
vn -0.3988 -0.1509 -0.9045
vn 0.1634 -0.3938 -0.9045
vn -0.3940 0.1629 -0.9045
vn 0.3121 0.2906 -0.9045
vn -0.2158 -0.3677 -0.9045
vn 0.1632 -0.3939 -0.9045
vn -0.3939 0.1632 -0.9045
vn 0.3120 0.2906 -0.9045
vn 0.1528 -0.3981 -0.9045
vn -0.3896 0.1734 -0.9045
vn -0.3015 0.3251 0.8963
vn -0.3015 0.0811 -0.9500
vn 0.2819 0.3199 -0.9045
vn -0.2872 0.3152 -0.9045
vn 0.1586 -0.3958 -0.9045
vn -0.3920 0.1677 -0.9045
vn 0.1584 -0.3959 -0.9045
vn -0.3919 0.1679 -0.9045
vn 0.1481 -0.3999 -0.9045
vn -0.3874 0.1780 -0.9045
vn -0.3015 0.3349 0.8927
vn -0.3015 0.0773 -0.9503
vn 0.3015 -0.3349 0.8927
vn 0.3015 -0.0773 -0.9503
vn 0.4012 -0.1442 -0.9046
vn 0.3015 0.3015 -0.9046
vn -0.3133 -0.2892 -0.9045
vn 0.2162 0.3675 -0.9045
vn 0.3132 0.2894 -0.9045
vn -0.2161 -0.3676 -0.9045
vn -0.3139 -0.2886 -0.9045
vn 0.2163 0.3675 -0.9045
vn -0.1707 -0.3908 -0.9045
vn -0.4034 0.1382 -0.9045
vn 0.3673 -0.2166 -0.9045
vn 0.3138 0.2887 -0.9045
vn -0.2163 -0.3675 -0.9045
vn 0.2810 0.3207 0.9046
vn 0.1361 0.4041 0.9045
vn -0.3014 -0.3015 0.9046
vn -0.4032 0.1384 0.9046
vn -0.1362 -0.4041 0.9045
vn -0.3841 0.1852 0.9045
vn 0.3142 -0.2883 0.9045
vn 0.3889 -0.1749 0.9045
vn -0.3143 0.2881 0.9045
vn 0.2160 0.3676 0.9045
vn 0.3888 -0.1751 0.9045
vn -0.3887 0.1753 0.9045
vn -0.2160 -0.3676 0.9045
vn 0.3841 -0.1851 0.9045
vn -0.3888 0.1750 0.9045
vn 0.3015 0.3395 0.8910
vn 0.3015 0.0756 -0.9505
vn -0.3015 -0.3395 0.8910
vn -0.3015 -0.0756 -0.9505
vn 0.3211 -0.3015 0.8978
vn 0.0826 -0.3015 -0.9499
vn 0.1753 0.3887 0.9045
vn -0.2625 -0.3361 0.9045
vn -0.3116 -0.2911 0.9045
vn 0.2157 0.3678 0.9045
vn -0.3115 -0.2911 0.9045
vn -0.3015 -0.3661 0.8804
vn -0.3015 -0.0653 -0.9512
vn 0.3246 -0.3015 0.8965
vn 0.0813 -0.3015 -0.9500
vn 0.3015 0.3661 0.8804
vn 0.3015 0.0653 -0.9512
vn -0.3246 0.3015 0.8965
vn -0.0813 0.3015 -0.9500
vn 0.3243 -0.3015 0.8966
vn 0.0814 -0.3015 -0.9500
vn 0.3210 -0.3015 0.8978
vn -0.3210 0.3015 0.8978
vn -0.0826 0.3015 -0.9499
vn -0.3211 0.3015 0.8978
vn 0.1706 0.3908 0.9045
vn -0.1753 -0.3887 0.9045
vn -0.1635 0.3938 0.9045
vn 0.3941 -0.1629 0.9045
vn -0.3121 -0.2906 0.9045
vn 0.2158 0.3677 0.9045
vn -0.1632 0.3939 0.9045
vn 0.3940 -0.1631 0.9045
vn -0.3120 -0.2906 0.9045
vn -0.1529 0.3980 0.9045
vn 0.3896 -0.1733 0.9045
vn 0.3015 0.3251 0.8963
vn 0.3015 0.0811 -0.9500
vn -0.3243 0.3015 0.8966
vn -0.0814 0.3015 -0.9500
vn -0.3015 -0.3251 0.8963
vn -0.3015 -0.0811 -0.9500
vn 0.2819 0.3199 0.9045
vn -0.3673 0.2166 0.9045
vn -0.1587 0.3958 0.9045
vn 0.3921 -0.1676 0.9045
vn -0.1585 0.3959 0.9045
vn 0.3920 -0.1679 0.9045
vn -0.1481 0.3998 0.9045
vn 0.3875 -0.1780 0.9045
vn 0.3015 0.3349 0.8927
vn 0.3015 0.0773 -0.9503
vn -0.3015 -0.3349 0.8927
vn -0.3015 -0.0773 -0.9503
vn 0.2626 -0.3360 0.9045
vn 0.3133 0.2892 0.9045
vn -0.2162 -0.3675 0.9045
vn -0.3132 -0.2894 0.9045
vn 0.2161 0.3676 0.9045
vn 0.3139 0.2886 0.9045
vn -0.3970 -0.1557 0.9045
vn -0.2819 0.3200 0.9045
vn 0.2872 -0.3152 0.9045
vn -0.3138 -0.2887 0.9045
vn 0.4034 0.1382 -0.9045
vn 0.1361 0.4041 -0.9045
vn -0.4033 0.1385 -0.9045
vn -0.1361 -0.4041 -0.9045
vn -0.3841 0.1852 -0.9045
vn 0.1361 -0.4041 -0.9045
vn 0.3888 -0.1750 -0.9045
vn -0.1362 0.4041 -0.9045
vn 0.2160 0.3676 -0.9045
vn 0.3887 -0.1752 -0.9045
vn -0.3887 0.1753 -0.9045
vn -0.2160 -0.3676 -0.9045
vn 0.3841 -0.1851 -0.9045
vn -0.3888 0.1751 -0.9045
vn -0.3015 -0.0756 0.9505
vn -0.3015 -0.3395 -0.8910
vn 0.0813 -0.3015 0.9500
vn 0.3246 -0.3015 -0.8965
vn -0.0813 0.3015 0.9500
vn -0.3246 0.3015 -0.8965
vn 0.3015 0.0756 0.9505
vn 0.3015 0.3395 -0.8910
vn -0.0814 0.3015 0.9500
vn -0.3243 0.3015 -0.8966
vn 0.0814 -0.3015 0.9500
vn 0.3243 -0.3015 -0.8966
vn 0.0826 -0.3015 0.9499
vn 0.3210 -0.3015 -0.8978
vn -0.0826 0.3015 0.9499
vn -0.3210 0.3015 -0.8978
vn -0.3211 0.3015 -0.8978
vn 0.1753 0.3887 -0.9045
vn -0.3015 0.3015 -0.9046
vn -0.4012 -0.1442 -0.9046
vn 0.2157 0.3678 -0.9045
vn -0.3116 -0.2911 -0.9045
vn -0.3115 -0.2911 -0.9045
vn -0.3015 -0.0653 0.9512
vn -0.3015 -0.3661 -0.8804
vn 0.3211 -0.3015 -0.8978
vn 0.1707 0.3908 -0.9045
vn -0.1753 -0.3887 -0.9045
vn 0.3940 -0.1629 -0.9045
vn -0.1634 0.3938 -0.9045
vn 0.2158 0.3677 -0.9045
vn -0.3121 -0.2906 -0.9045
vn 0.3939 -0.1632 -0.9045
vn -0.1632 0.3939 -0.9045
vn -0.3120 -0.2906 -0.9045
vn 0.3895 -0.1734 -0.9045
vn -0.1528 0.3981 -0.9045
vn -0.3015 -0.0811 0.9500
vn -0.3015 -0.3251 -0.8963
vn -0.3673 0.2166 -0.9045
vn 0.3920 -0.1677 -0.9045
vn -0.1586 0.3958 -0.9045
vn 0.3919 -0.1679 -0.9045
vn -0.1584 0.3959 -0.9045
vn 0.3874 -0.1780 -0.9045
vn -0.1481 0.3999 -0.9045
vn -0.3015 -0.0773 0.9503
vn -0.3015 -0.3349 -0.8927
vn 0.3015 0.0773 0.9503
vn 0.3015 0.3349 -0.8927
vn 0.2624 -0.3360 -0.9046
vn -0.2162 -0.3675 -0.9045
vn 0.3133 0.2892 -0.9045
vn 0.2161 0.3676 -0.9045
vn -0.3132 -0.2894 -0.9045
vn 0.3139 0.2886 -0.9045
vn -0.3970 -0.1556 -0.9045
vn -0.2819 0.3199 -0.9045
vn 0.2872 -0.3152 -0.9045
vn -0.3138 -0.2887 -0.9045
vt 0.658300 0.492800
vt 0.522300 0.481600
vt 0.647000 0.481600
vt 0.240100 0.240100
vt 0.031200 0.251100
vt 0.020000 0.239900
vt 0.826800 0.415800
vt 0.690900 0.427000
vt 0.679600 0.415800
vt 0.756300 0.339000
vt 0.962600 0.328000
vt 0.973800 0.339300
vt 0.249000 0.240100
vt 0.240100 0.251300
vt 0.240100 0.339000
vt 0.031200 0.328000
vt 0.240100 0.327800
vt 0.804400 0.641800
vt 0.679600 0.631900
vt 0.804400 0.631900
vt 0.746400 0.339000
vt 0.756300 0.327800
vt 0.756300 0.240100
vt 0.962600 0.251100
vt 0.756300 0.251300
vt 0.746400 0.240100
vt 0.503000 0.251300
vt 0.503000 0.240100
vt 0.804400 0.594100
vt 0.679600 0.584200
vt 0.804400 0.584200
vt 0.493100 0.339100
vt 0.503000 0.327900
vt 0.503000 0.339100
vt 0.493100 0.251300
vt 0.493100 0.240100
vt 0.249000 0.339000
vt 0.493100 0.327900
vt 0.249000 0.251300
vt 0.804400 0.549200
vt 0.679600 0.540200
vt 0.804400 0.540200
vt 0.249000 0.327800
vt 0.746400 0.327800
vt 0.746400 0.251300
vt 0.804400 0.624700
vt 0.679600 0.649000
vt 0.679600 0.641800
vt 0.020000 0.606200
vt 0.263400 0.599000
vt 0.263400 0.606200
vt 0.020000 0.071300
vt 0.031200 0.081200
vt 0.020000 0.081200
vt 0.862900 0.379100
vt 0.935700 0.390400
vt 0.862900 0.390400
vt 0.756300 0.309700
vt 0.962600 0.298700
vt 0.973800 0.309900
vt 0.240100 0.309700
vt 0.031200 0.298700
vt 0.240100 0.298500
vt 0.323700 0.733400
vt 0.250900 0.723500
vt 0.323700 0.723500
vt 0.746400 0.309700
vt 0.756300 0.298500
vt 0.746400 0.071300
vt 0.503000 0.081200
vt 0.503000 0.071300
vt 0.323700 0.817700
vt 0.250900 0.807800
vt 0.323700 0.807800
vt 0.493100 0.309800
vt 0.503000 0.298600
vt 0.503000 0.309800
vt 0.249000 0.309700
vt 0.493100 0.298600
vt 0.493100 0.071300
vt 0.249000 0.081200
vt 0.249000 0.071300
vt 0.323700 0.776400
vt 0.250900 0.767400
vt 0.323700 0.767400
vt 0.249000 0.298500
vt 0.746400 0.298500
vt 0.862900 0.397500
vt 0.020000 0.892000
vt 0.226300 0.884900
vt 0.226300 0.892000
vt 0.323700 0.716300
vt 0.226300 0.928800
vt 0.020000 0.936000
vt 0.020000 0.928800
vt 0.247200 0.910400
vt 0.320000 0.903200
vt 0.320000 0.910400
vt 0.250900 0.783600
vt 0.250900 0.776400
vt 0.020000 0.870100
vt 0.228900 0.862900
vt 0.228900 0.870100
vt 0.020000 0.496300
vt 0.264100 0.489100
vt 0.264100 0.496300
vt 0.323700 0.760300
vt 0.264100 0.423100
vt 0.020000 0.430300
vt 0.020000 0.423100
vt 0.250900 0.824800
vt 0.250900 0.817700
vt 0.263400 0.665000
vt 0.020000 0.672200
vt 0.020000 0.665000
vt 0.323700 0.800600
vt 0.020000 0.097000
vt 0.031200 0.107400
vt 0.020000 0.107400
vt 0.973800 0.081200
vt 0.962600 0.071300
vt 0.973800 0.071300
vt 0.488800 0.513500
vt 0.287500 0.503600
vt 0.488800 0.503600
vt 0.746400 0.081200
vt 0.756400 0.071300
vt 0.756400 0.081200
vt 0.746400 0.097000
vt 0.503000 0.107400
vt 0.503000 0.097000
vt 0.488800 0.473200
vt 0.287500 0.463300
vt 0.488800 0.463300
vt 0.493100 0.081200
vt 0.493100 0.097000
vt 0.249000 0.107400
vt 0.249000 0.097000
vt 0.488800 0.431900
vt 0.287500 0.423000
vt 0.488800 0.423000
vt 0.240100 0.081200
vt 0.488800 0.496400
vt 0.721000 0.357200
vt 0.514700 0.364300
vt 0.514700 0.357200
vt 0.287500 0.573200
vt 0.488800 0.566000
vt 0.488800 0.573200
vt 0.228900 0.709000
vt 0.020000 0.716100
vt 0.020000 0.709000
vt 0.287500 0.439100
vt 0.287500 0.431900
vt 0.020000 0.826100
vt 0.228900 0.818900
vt 0.228900 0.826100
vt 0.488800 0.415800
vt 0.263400 0.621000
vt 0.020000 0.628200
vt 0.020000 0.621000
vt 0.287500 0.520700
vt 0.287500 0.513500
vt 0.020000 0.694200
vt 0.263400 0.687000
vt 0.263400 0.694200
vt 0.488800 0.456100
vt 0.840100 0.397500
vt 0.698200 0.386300
vt 0.840100 0.386300
vt 0.240100 0.269400
vt 0.031200 0.280400
vt 0.020000 0.269200
vt 0.488800 0.379100
vt 0.287500 0.390400
vt 0.287500 0.379100
vt 0.249000 0.269400
vt 0.240100 0.280600
vt 0.653000 0.627100
vt 0.511100 0.617200
vt 0.653000 0.617200
vt 0.746400 0.107400
vt 0.756400 0.097000
vt 0.756400 0.107400
vt 0.756300 0.269400
vt 0.962600 0.280400
vt 0.756300 0.280600
vt 0.746400 0.269400
vt 0.503000 0.280600
vt 0.503000 0.269400
vt 0.653000 0.667400
vt 0.511100 0.657500
vt 0.653000 0.657500
vt 0.493100 0.107400
vt 0.493100 0.280600
vt 0.493100 0.269400
vt 0.249000 0.280600
vt 0.653000 0.585800
vt 0.511100 0.576900
vt 0.653000 0.576900
vt 0.240100 0.107400
vt 0.746400 0.280600
vt 0.840100 0.379100
vt 0.511100 0.593000
vt 0.511100 0.585800
vt 0.020000 0.848100
vt 0.228900 0.840900
vt 0.228900 0.848100
vt 0.653000 0.650300
vt 0.247200 0.921600
vt 0.962600 0.081200
vt 0.240100 0.071300
vt 0.031200 0.071300
vt 0.962600 0.097000
vt 0.962600 0.107400
vt 0.973800 0.107400
vt 0.522300 0.390400
vt 0.664200 0.379100
vt 0.664200 0.390400
vt 0.287500 0.584400
vt 0.240100 0.097000
vt 0.031200 0.097000
vt 0.511100 0.522800
vt 0.647000 0.511100
vt 0.658300 0.522200
vt 0.031200 0.210800
vt 0.240100 0.221800
vt 0.020000 0.222000
vt 0.647000 0.551600
vt 0.511100 0.540400
vt 0.658200 0.540400
vt 0.962600 0.133800
vt 0.756300 0.122800
vt 0.973800 0.122600
vt 0.240100 0.210600
vt 0.249000 0.221800
vt 0.240100 0.122800
vt 0.031200 0.133800
vt 0.020000 0.122600
vt 0.372000 0.969200
vt 0.247200 0.979100
vt 0.247200 0.969200
vt 0.756300 0.134000
vt 0.746400 0.122800
vt 0.756300 0.221800
vt 0.962600 0.210800
vt 0.973800 0.222000
vt 0.503000 0.210600
vt 0.746400 0.221800
vt 0.503000 0.221800
vt 0.372000 0.939800
vt 0.247200 0.949800
vt 0.247200 0.939800
vt 0.503000 0.134000
vt 0.493100 0.122800
vt 0.503000 0.122800
vt 0.493100 0.210600
vt 0.493100 0.221800
vt 0.493100 0.134000
vt 0.249000 0.122800
vt 0.249000 0.210600
vt 0.800700 0.665000
vt 0.676000 0.673900
vt 0.676000 0.665000
vt 0.249000 0.134000
vt 0.746400 0.134000
vt 0.746400 0.210600
vt 0.815600 0.434200
vt 0.690900 0.434200
vt 0.948200 0.364300
vt 0.741900 0.357200
vt 0.948200 0.357200
vt 0.287500 0.357200
vt 0.493800 0.364300
vt 0.287500 0.364300
vt 0.522300 0.474400
vt 0.647000 0.474400
vt 0.020000 0.796900
vt 0.228900 0.804100
vt 0.020000 0.804100
vt 0.679600 0.549200
vt 0.804400 0.556300
vt 0.679600 0.556300
vt 0.228900 0.738100
vt 0.020000 0.731000
vt 0.228900 0.731000
vt 0.264100 0.452300
vt 0.020000 0.445100
vt 0.264100 0.445100
vt 0.679600 0.533100
vt 0.804400 0.533100
vt 0.020000 0.467100
vt 0.264100 0.474300
vt 0.020000 0.474300
vt 0.679600 0.594100
vt 0.804400 0.601300
vt 0.679600 0.601300
vt 0.020000 0.577000
vt 0.263400 0.584200
vt 0.020000 0.584200
vt 0.679600 0.577000
vt 0.804400 0.577000
vt 0.031200 0.020000
vt 0.020000 0.029900
vt 0.020000 0.020000
vt 0.334900 0.844900
vt 0.262000 0.855800
vt 0.250900 0.844600
vt 0.962600 0.192500
vt 0.756300 0.181500
vt 0.973800 0.181200
vt 0.240100 0.181500
vt 0.031200 0.192500
vt 0.020000 0.181200
vt 0.921000 0.415800
vt 0.848200 0.425700
vt 0.848200 0.415800
vt 0.756300 0.192700
vt 0.746400 0.181500
vt 0.503000 0.020000
vt 0.746400 0.029900
vt 0.503000 0.029900
vt 0.917300 0.445100
vt 0.844600 0.455000
vt 0.844600 0.445100
vt 0.503000 0.192600
vt 0.493100 0.181400
vt 0.503000 0.181400
vt 0.493100 0.192600
vt 0.249000 0.181500
vt 0.249000 0.020000
vt 0.493100 0.029900
vt 0.249000 0.029900
vt 0.411600 0.716300
vt 0.338800 0.725200
vt 0.338800 0.716300
vt 0.249000 0.192700
vt 0.746400 0.192700
vt 0.020000 0.752900
vt 0.228900 0.760100
vt 0.020000 0.760100
vt 0.250900 0.733400
vt 0.323700 0.740600
vt 0.250900 0.740600
vt 0.263400 0.562200
vt 0.020000 0.555000
vt 0.263400 0.555000
vt 0.031200 0.045700
vt 0.020000 0.056100
vt 0.020000 0.045700
vt 0.962600 0.029900
vt 0.973800 0.020000
vt 0.973800 0.029900
vt 0.488800 0.657700
vt 0.287500 0.667600
vt 0.287500 0.657700
vt 0.756400 0.029900
vt 0.746400 0.020000
vt 0.756400 0.020000
vt 0.503000 0.045700
vt 0.746400 0.056100
vt 0.503000 0.056100
vt 0.488800 0.683300
vt 0.287500 0.693200
vt 0.287500 0.683300
vt 0.493100 0.020000
vt 0.249000 0.045700
vt 0.493100 0.056100
vt 0.249000 0.056100
vt 0.488800 0.602700
vt 0.287500 0.611600
vt 0.287500 0.602700
vt 0.240100 0.020000
vt 0.488800 0.397500
vt 0.287500 0.397500
vt 0.226300 0.980000
vt 0.020000 0.972800
vt 0.226300 0.972800
vt 0.264100 0.408300
vt 0.020000 0.401100
vt 0.264100 0.401100
vt 0.020000 0.511100
vt 0.264100 0.518200
vt 0.020000 0.518200
vt 0.287500 0.473200
vt 0.488800 0.480400
vt 0.287500 0.480400
vt 0.511100 0.427000
vt 0.653100 0.416400
vt 0.664200 0.427700
vt 0.031200 0.152100
vt 0.240100 0.163100
vt 0.020000 0.163400
vt 0.488800 0.639600
vt 0.287500 0.628300
vt 0.488800 0.628300
vt 0.240100 0.151900
vt 0.249000 0.163100
vt 0.821600 0.481800
vt 0.679600 0.491700
vt 0.679600 0.481800
vt 0.756400 0.056100
vt 0.746400 0.045700
vt 0.756400 0.045700
vt 0.756300 0.163100
vt 0.962600 0.152100
vt 0.973800 0.163400
vt 0.503000 0.152000
vt 0.746400 0.163100
vt 0.503000 0.163200
vt 0.821600 0.507400
vt 0.679600 0.517300
vt 0.679600 0.507400
vt 0.493100 0.045700
vt 0.493100 0.152000
vt 0.493100 0.163200
vt 0.249000 0.151900
vt 0.821600 0.452400
vt 0.679600 0.461400
vt 0.679600 0.452400
vt 0.240100 0.045700
vt 0.746400 0.151900
vt 0.664200 0.397500
vt 0.522300 0.397500
vt 0.226300 0.914000
vt 0.020000 0.906900
vt 0.226300 0.906900
vt 0.511100 0.610000
vt 0.653000 0.610000
vt 0.020000 0.950800
vt 0.226300 0.958000
vt 0.020000 0.958000
vt 0.020000 0.774900
vt 0.228900 0.782100
vt 0.020000 0.782100
vt 0.264100 0.364300
vt 0.020000 0.357200
vt 0.264100 0.357200
vt 0.511100 0.569700
vt 0.653000 0.569700
vt 0.020000 0.379100
vt 0.264100 0.386300
vt 0.020000 0.386300
vt 0.511100 0.667400
vt 0.653000 0.674600
vt 0.511100 0.674600
vt 0.020000 0.643000
vt 0.263400 0.650200
vt 0.020000 0.650200
vt 0.511100 0.627100
vt 0.653000 0.634300
vt 0.511100 0.634300
vt 0.263400 0.540200
vt 0.020000 0.533100
vt 0.263400 0.533100
vt 0.331200 0.885100
vt 0.258400 0.874200
vt 0.331100 0.873900
vt 0.962600 0.020000
vt 0.240100 0.029900
vt 0.031200 0.029900
vt 0.962600 0.056100
vt 0.962600 0.045700
vt 0.973800 0.045700
vt 0.511100 0.445300
vt 0.653000 0.456300
vt 0.511100 0.456500
vt 0.488800 0.547900
vt 0.287500 0.536700
vt 0.488800 0.536700
vt 0.240100 0.056100
vt 0.031200 0.056100
vt 0.511100 0.492800
vt 0.815600 0.427000
vt 0.020000 0.339300
vt 0.973800 0.239900
vt 0.679600 0.624700
vt 0.804400 0.649000
vt 0.020000 0.599000
vt 0.946900 0.379100
vt 0.020000 0.309900
vt 0.935700 0.397500
vt 0.020000 0.884900
vt 0.250900 0.716300
vt 0.226300 0.936000
vt 0.247200 0.903200
vt 0.323700 0.783600
vt 0.020000 0.862900
vt 0.020000 0.489100
vt 0.250900 0.760300
vt 0.264100 0.430300
vt 0.323700 0.824800
vt 0.263400 0.672200
vt 0.250900 0.800600
vt 0.287500 0.496400
vt 0.721000 0.364300
vt 0.287500 0.566000
vt 0.228900 0.716100
vt 0.488800 0.439100
vt 0.020000 0.818900
vt 0.287500 0.415800
vt 0.263400 0.628200
vt 0.488800 0.520700
vt 0.020000 0.687000
vt 0.287500 0.456100
vt 0.687000 0.397500
vt 0.488800 0.390400
vt 0.973800 0.269200
vt 0.698200 0.379100
vt 0.653000 0.593000
vt 0.020000 0.840900
vt 0.511100 0.650300
vt 0.331200 0.921600
vt 0.973800 0.097000
vt 0.511100 0.379100
vt 0.488800 0.584400
vt 0.522200 0.511600
vt 0.522300 0.551600
vt 0.240100 0.134000
vt 0.372000 0.979100
vt 0.756300 0.210600
vt 0.372000 0.949800
vt 0.800700 0.673900
vt 0.741900 0.364300
vt 0.493800 0.357200
vt 0.228900 0.796900
vt 0.020000 0.738100
vt 0.020000 0.452300
vt 0.264100 0.467100
vt 0.263400 0.577000
vt 0.334800 0.856100
vt 0.240100 0.192700
vt 0.921000 0.425700
vt 0.917300 0.455000
vt 0.411600 0.725200
vt 0.228900 0.752900
vt 0.020000 0.562200
vt 0.488800 0.667600
vt 0.488800 0.693200
vt 0.488800 0.611600
vt 0.020000 0.980000
vt 0.020000 0.408300
vt 0.264100 0.511100
vt 0.511100 0.415800
vt 0.287500 0.639600
vt 0.821600 0.491700
vt 0.756300 0.151900
vt 0.821600 0.517300
vt 0.821600 0.461400
vt 0.020000 0.914000
vt 0.226300 0.950800
vt 0.228900 0.774900
vt 0.020000 0.364300
vt 0.264100 0.379100
vt 0.263400 0.643000
vt 0.020000 0.540200
vt 0.247200 0.885500
vt 0.973800 0.056100
vt 0.664200 0.445100
vt 0.287500 0.547900
s 0
f 1249/3361/1978 1251/3362/1979 1252/3363/1980
f 1253/3364/1978 1251/3365/1981 1250/3366/1978
f 1256/3367/1978 1258/3368/1982 1255/3369/1978
f 1259/3370/1978 1257/3371/1983 1256/3372/1978
f 1261/3373/1978 1254/3374/1984 1253/3364/1978
f 1263/3375/1978 1252/3376/1985 1264/3377/1986
s 1
f 1265/3378/1986 1267/3379/1987 1260/3380/1988
s 0
f 1268/3381/1978 1260/3382/1989 1259/3370/1978
f 1269/3383/1978 1258/3384/1990 1267/3385/1987
f 1271/3386/1978 1272/3387/1991 1270/3388/1978
s 1
f 1274/3389/1986 1272/3390/1987 1273/3391/1988
s 0
f 1277/3392/1978 1273/3393/1992 1276/3394/1978
f 1270/3388/1978 1275/3395/1993 1278/3396/1978
f 1279/3397/1978 1274/3398/1994 1277/3392/1978
f 1278/3396/1978 1262/3399/1995 1261/3373/1978
s 1
f 1264/3400/1986 1262/3401/1987 1280/3402/1988
s 0
f 1263/3375/1978 1280/3403/1996 1279/3397/1978
f 1276/3394/1978 1265/3404/1997 1268/3381/1978
f 1269/3383/1978 1266/3405/1998 1271/3386/1978
f 1267/3379/1999 1282/3406/2000 1260/3380/1988
f 1265/3378/2001 1284/3407/2002 1266/3408/2003
f 1273/3409/2004 1283/3410/2005 1265/3411/1986
f 1287/3412/1978 1289/3413/2006 1286/3414/1978
f 1290/3415/1978 1292/3416/2007 1293/3417/2008
f 1294/3418/1978 1292/3419/1983 1291/3420/1978
f 1296/3421/1978 1298/3422/1985 1299/3423/1986
s 1
f 1300/3424/1986 1302/3425/1987 1295/3426/1988
s 0
f 1303/3427/1978 1295/3428/1989 1294/3418/1978
f 1305/3429/2009 1306/3430/2010 1304/3431/1988
s 1
f 1308/3432/1986 1306/3433/1987 1307/3434/1988
s 0
f 1311/3435/1978 1307/3436/1992 1310/3437/1978
f 1312/3438/1978 1308/3439/1994 1311/3435/1978
f 1315/3440/2009 1316/3441/2011 1314/3442/1988
s 1
f 1299/3443/1986 1316/3444/1987 1313/3445/1988
s 0
f 1296/3421/1978 1313/3446/1996 1312/3438/1978
f 1310/3437/1978 1300/3447/1997 1303/3427/1978
f 1292/3416/2012 1319/3448/2013 1293/3417/2003
f 1295/3449/2014 1318/3450/2015 1292/3451/1986
f 1302/3425/2016 1320/3452/2017 1295/3426/1988
f 1293/3453/2018 1321/3454/2019 1302/3455/1987
f 1289/3456/2016 1323/3457/2017 1298/3458/1988
f 1299/3443/2012 1325/3459/2013 1317/3460/2003
f 1298/3461/2020 1324/3462/2021 1299/3463/1986
f 1313/3464/2004 1327/3465/2022 1308/3466/1986
f 1316/3444/2016 1326/3467/2017 1313/3445/1988
f 1309/3468/2023 1328/3469/2024 1316/3470/1987
f 1308/3432/2012 1329/3471/2013 1309/3472/2003
f 1301/3473/2023 1331/3474/2025 1306/3475/1987
f 1306/3433/2016 1332/3476/2017 1307/3434/1988
f 1334/3477/1978 1336/3478/2026 1333/3479/1978
f 1290/3480/1978 1338/3481/2027 1337/3482/1978
s 1
f 1305/3483/1986 1341/3484/1987 1339/3485/1988
s 0
f 1301/3486/2028 1339/3487/2029 1302/3488/1987
f 1343/3489/2030 1344/3490/2031 1342/3491/1988
s 1
f 1315/3492/1986 1344/3493/1987 1304/3494/1988
s 0
f 1309/3495/2032 1304/3431/2033 1306/3430/1987
f 1347/3496/2030 1348/3497/2034 1346/3498/1988
s 1
f 1349/3499/1986 1348/3500/1987 1314/3501/1988
s 0
f 1317/3502/2035 1314/3442/2036 1316/3441/1987
f 1341/3484/2037 1352/3503/2038 1339/3485/1988
f 1353/3504/2018 1351/3505/2019 1341/3506/1987
f 1336/3507/2037 1356/3508/2038 1288/3509/1988
f 1350/3510/2039 1355/3511/2040 1336/3512/1987
f 1349/3499/2041 1357/3513/2042 1350/3514/2003
f 1288/3515/2020 1358/3516/2021 1349/3517/1986
f 1348/3500/2037 1360/3518/2038 1314/3501/1988
f 1340/3519/2023 1362/3520/2025 1344/3521/1987
f 1305/3483/2041 1361/3522/2042 1340/3523/2003
f 1304/3524/2004 1363/3525/2005 1305/3526/1986
f 1344/3493/2037 1364/3527/2038 1304/3494/1988
f 1334/3528/1978 1366/3529/2043 1335/3530/2044
f 1367/3531/1978 1366/3532/1981 1365/3533/1978
f 1337/3534/1978 1353/3535/2045 1369/3536/1978
f 1370/3537/1978 1368/3538/1984 1367/3531/1978
s 1
f 1343/3539/1986 1374/3540/1987 1372/3541/1988
s 0
f 1340/3542/2046 1372/3543/2047 1341/3544/1987
f 1375/3545/1978 1377/3546/1990 1374/3547/1987
f 1379/3548/1978 1380/3549/1991 1378/3550/1978
s 1
f 1347/3551/1986 1380/3552/1987 1342/3553/1988
s 0
f 1345/3554/2048 1342/3491/2049 1344/3490/1987
f 1378/3550/1978 1381/3555/1993 1382/3556/1978
f 1382/3556/1978 1371/3557/1995 1370/3537/1978
s 1
f 1383/3558/1986 1371/3559/1987 1346/3560/1988
s 0
f 1350/3561/2050 1346/3498/2051 1348/3497/1987
f 1375/3545/1978 1373/3562/1998 1379/3548/1978
f 1366/3529/2052 1385/3563/2053 1335/3530/1988
f 1383/3558/2054 1387/3564/2055 1368/3565/2003
f 1335/3566/2020 1386/3567/2021 1383/3568/1986
f 1380/3552/2052 1389/3569/2053 1342/3553/1988
f 1298/3458/2056 1286/3570/1978 1289/3456/2057
f 1302/3488/2058 1338/3481/2059 1293/3571/2003
f 1349/3572/2060 1289/3413/2061 1288/3573/1988
f 1341/3544/2062 1390/3574/2063 1353/3575/2003
f 1390/3574/2064 1369/3576/1978 1353/3575/2003
f 1377/3577/2065 1391/3578/1978 1390/3579/2066
f 1288/3509/2067 1333/3580/1978 1336/3507/1987
f 1383/3581/2068 1336/3478/2069 1335/3582/1988
f 1392/3583/2070 1394/3584/2071 1395/3585/2070
f 1394/3586/2072 1397/3587/2070 1395/3588/2070
f 1399/3589/2073 1401/3590/2070 1398/3591/2070
f 1400/3592/2074 1402/3593/2070 1401/3594/2070
f 1396/3595/2075 1404/3596/2070 1397/3587/2070
f 1405/3597/2070 1393/3598/2076 1392/3599/2070
s 1
f 1281/3600/2077 1283/3601/2078 1282/3602/2079
s 0
f 1282/3603/2080 1407/3604/2070 1402/3593/2070
f 1408/3605/2070 1399/3606/2081 1398/3607/2070
f 1410/3608/2082 1411/3609/2070 1409/3610/2070
s 1
f 1410/3611/2077 1413/3612/2078 1285/3613/2079
s 0
f 1285/3614/2083 1415/3615/2070 1414/3616/2070
f 1412/3617/2084 1409/3610/2070 1416/3618/2070
f 1413/3619/2085 1418/3620/2070 1415/3615/2070
f 1403/3621/2086 1416/3618/2070 1404/3596/2070
s 1
f 1403/3622/2077 1406/3623/2078 1417/3624/2079
s 0
f 1417/3625/2087 1405/3597/2070 1418/3620/2070
f 1283/3626/2088 1414/3616/2070 1407/3604/2070
f 1284/3627/2089 1408/3605/2070 1411/3609/2070
f 1258/3368/2090 1400/3628/2091 1399/3629/2092
f 1257/3630/2093 1282/3631/2094 1400/3632/2078
f 1267/3633/2095 1399/3634/2096 1281/3635/2077
f 1252/3363/2097 1394/3636/2098 1393/3637/2079
f 1251/3638/2099 1396/3639/2100 1394/3640/2077
f 1254/3641/2090 1406/3642/2091 1396/3643/2092
f 1264/3644/2101 1393/3645/2102 1406/3646/2078
f 1274/3647/2103 1417/3648/2104 1413/3649/2078
f 1280/3402/2097 1403/3650/2098 1417/3651/2079
f 1262/3652/2105 1412/3653/2106 1403/3654/2077
f 1275/3655/2090 1413/3656/2091 1412/3657/2092
f 1272/3658/2107 1284/3659/2106 1410/3660/2077
f 1273/3391/2097 1410/3661/2098 1285/3662/2079
f 1322/3663/2108 1420/3664/2070 1419/3665/2070
f 1421/3666/2070 1318/3667/2109 1422/3668/2070
f 1318/3669/2074 1423/3670/2070 1422/3671/2070
f 1424/3672/2070 1323/3673/2076 1425/3674/2070
s 1
f 1321/3675/2077 1426/3676/2078 1320/3677/2079
s 0
f 1320/3678/2080 1427/3679/2070 1423/3670/2070
f 1331/3680/2110 1363/3681/2111 1364/3682/2079
s 1
f 1331/3683/2077 1327/3684/2078 1332/3685/2079
s 0
f 1332/3686/2083 1429/3687/2070 1428/3688/2070
f 1327/3689/2085 1430/3690/2070 1429/3687/2070
f 1328/3691/2112 1431/3692/2111 1360/3693/2079
s 1
f 1328/3694/2077 1324/3695/2078 1326/3696/2079
s 0
f 1326/3697/2087 1424/3672/2070 1430/3690/2070
f 1426/3698/2088 1428/3688/2070 1427/3679/2070
f 1289/3699/2099 1325/3700/2100 1322/3701/2077
f 1301/3702/2113 1426/3703/2114 1330/3704/2092
f 1300/3705/2115 1332/3706/2104 1426/3707/2078
f 1355/3708/2116 1433/3709/2070 1432/3710/2070
f 1435/3711/2117 1421/3712/2070 1434/3713/2070
s 1
f 1351/3714/2077 1363/3715/2078 1352/3716/2079
s 0
f 1352/3717/2118 1330/3718/2119 1321/3719/2077
f 1362/3720/2120 1436/3721/2121 1389/3722/2079
s 1
f 1362/3723/2077 1431/3724/2078 1364/3725/2079
s 0
f 1364/3682/2122 1329/3726/2123 1331/3680/2077
f 1359/3727/2124 1439/3728/2121 1438/3729/2079
s 1
f 1359/3730/2077 1358/3731/2078 1360/3732/2079
s 0
f 1360/3693/2125 1325/3733/2126 1328/3691/2077
f 1353/3535/2127 1435/3734/2128 1354/3735/2092
f 1338/3736/2093 1352/3737/2094 1435/3738/2078
f 1315/3739/2103 1360/3740/2104 1431/3741/2078
f 1348/3742/2105 1437/3743/2106 1359/3744/2077
f 1345/3745/2127 1431/3746/2128 1437/3747/2092
f 1433/3748/2070 1384/3749/2129 1440/3750/2070
f 1384/3751/2072 1441/3752/2070 1440/3753/2070
f 1354/3754/2130 1434/3755/2070 1442/3756/2070
f 1387/3757/2075 1444/3758/2070 1441/3752/2070
s 1
f 1446/3759/2077 1436/3760/2078 1445/3761/2079
s 0
f 1445/3762/2131 1361/3763/2132 1351/3764/2077
f 1448/3765/2070 1449/3766/2081 1450/3767/2070
f 1388/3768/2082 1452/3769/2070 1451/3770/2070
s 1
f 1388/3771/2077 1439/3772/2078 1389/3773/2079
s 0
f 1389/3722/2133 1437/3774/2134 1362/3720/2077
f 1453/3775/2084 1451/3770/2070 1454/3776/2070
f 1443/3777/2086 1454/3776/2070 1444/3758/2070
s 1
f 1443/3778/2077 1386/3779/2078 1438/3780/2079
s 0
f 1438/3729/2135 1357/3781/2136 1359/3727/2077
f 1447/3782/2089 1448/3765/2070 1452/3769/2070
f 1377/3577/2137 1455/3783/2138 1449/3784/2092
f 1390/3785/2093 1445/3786/2094 1455/3787/2078
f 1372/3541/2139 1446/3788/2140 1445/3789/2079
f 1374/3790/2095 1449/3791/2096 1446/3792/2077
f 1366/3793/2099 1387/3794/2100 1384/3795/2077
f 1347/3796/2103 1438/3797/2104 1439/3798/2078
f 1346/3560/2139 1443/3799/2140 1438/3800/2079
f 1371/3801/2105 1453/3802/2106 1443/3803/2077
f 1381/3804/2137 1439/3805/2138 1453/3806/2092
f 1380/3807/2107 1447/3808/2106 1388/3809/2077
f 1373/3810/2137 1436/3811/2138 1447/3812/2092
f 1343/3813/2115 1389/3814/2104 1436/3815/2078
f 1419/3816/2070 1323/3817/2141 1322/3818/2142
f 1435/3711/2143 1321/3719/2144 1319/3819/2092
f 1322/3663/2145 1358/3820/2146 1356/3821/2079
f 1455/3822/2147 1351/3764/2148 1354/3823/2092
f 1442/3824/2070 1455/3822/2149 1354/3823/2092
f 1456/3825/2070 1449/3826/2150 1455/3827/2078
f 1432/3828/2070 1356/3829/2151 1355/3830/2077
f 1355/3708/2152 1386/3831/2153 1385/3832/2079
f 1249/3361/1978 1250/3833/1978 1251/3362/2154
f 1253/3364/1978 1254/3374/2003 1251/3365/2155
f 1256/3367/1978 1257/3834/2156 1258/3368/2157
f 1259/3370/1978 1260/3382/1988 1257/3371/2158
f 1261/3373/1978 1262/3399/1987 1254/3374/2159
f 1263/3375/1978 1249/3835/1978 1252/3376/2160
s 1
f 1265/3378/1986 1266/3408/2003 1267/3379/1987
s 0
f 1268/3381/1978 1265/3404/1986 1260/3382/2161
f 1269/3383/1978 1255/3836/1978 1258/3384/2162
f 1271/3386/1978 1266/3405/2003 1272/3387/2163
s 1
f 1274/3389/1986 1275/3655/2003 1272/3390/1987
s 0
f 1277/3392/1978 1274/3398/1986 1273/3393/2164
f 1270/3388/1978 1272/3387/1987 1275/3395/2165
f 1279/3397/1978 1280/3403/1988 1274/3398/2166
f 1278/3396/1978 1275/3395/2003 1262/3399/2163
s 1
f 1264/3400/1986 1254/3641/2003 1262/3401/1987
s 0
f 1263/3375/1978 1264/3377/1986 1280/3403/2167
f 1276/3394/1978 1273/3393/1988 1265/3404/2166
f 1269/3383/1978 1267/3385/1987 1266/3405/2168
f 1267/3379/2169 1281/3837/2077 1282/3406/2170
f 1265/3378/2171 1283/3838/2078 1284/3407/2172
f 1273/3409/2173 1285/3839/2079 1283/3410/2174
f 1287/3412/1978 1288/3573/1988 1289/3413/2175
f 1290/3415/1978 1291/3840/1978 1292/3416/2176
f 1294/3418/1978 1295/3428/1988 1292/3419/2158
f 1296/3421/1978 1297/3841/1978 1298/3422/2160
s 1
f 1300/3424/1986 1301/3702/2003 1302/3425/1987
s 0
f 1303/3427/1978 1300/3447/1986 1295/3428/2161
f 1305/3429/2177 1301/3486/2003 1306/3430/2178
s 1
f 1308/3432/1986 1309/3472/2003 1306/3433/1987
s 0
f 1311/3435/1978 1308/3439/1986 1307/3436/2164
f 1312/3438/1978 1313/3446/1988 1308/3439/2166
f 1315/3440/2179 1309/3495/2003 1316/3441/2178
s 1
f 1299/3443/1986 1317/3460/2003 1316/3444/1987
s 0
f 1296/3421/1978 1299/3423/1986 1313/3446/2167
f 1310/3437/1978 1307/3436/1988 1300/3447/2166
f 1292/3416/2180 1318/3842/2078 1319/3448/2181
f 1295/3449/2182 1320/3843/2079 1318/3450/2183
f 1302/3425/2184 1321/3844/2077 1320/3452/2185
f 1293/3453/2186 1319/3845/2092 1321/3454/2187
f 1289/3456/2184 1322/3846/2077 1323/3457/2185
f 1299/3443/2180 1324/3847/2078 1325/3459/2181
f 1298/3461/2188 1323/3848/2079 1324/3462/2189
f 1313/3464/2190 1326/3849/2079 1327/3465/2174
f 1316/3444/2184 1328/3850/2077 1326/3467/2185
f 1309/3468/2191 1329/3851/2092 1328/3469/2192
f 1308/3432/2180 1327/3852/2078 1329/3471/2181
f 1301/3473/2193 1330/3853/2092 1331/3474/2192
f 1306/3433/2184 1331/3854/2077 1332/3476/2185
f 1334/3477/1978 1335/3582/1988 1336/3478/2194
f 1290/3480/1978 1293/3571/2003 1338/3481/2195
s 1
f 1305/3483/1986 1340/3523/2003 1341/3484/1987
s 0
f 1301/3486/2196 1305/3429/1986 1339/3487/2197
f 1343/3489/2198 1340/3542/2003 1344/3490/2199
s 1
f 1315/3492/1986 1345/3745/2003 1344/3493/1987
s 0
f 1309/3495/2200 1315/3440/1986 1304/3431/2201
f 1347/3496/2202 1345/3554/2003 1348/3497/2199
s 1
f 1349/3499/1986 1350/3514/2003 1348/3500/1987
s 0
f 1317/3502/2203 1349/3572/1986 1314/3442/2204
f 1341/3484/2205 1351/3855/2077 1352/3503/2206
f 1353/3504/2186 1354/3856/2092 1351/3505/2187
f 1336/3507/2205 1355/3857/2077 1356/3508/2206
f 1350/3510/2207 1357/3858/2092 1355/3511/2208
f 1349/3499/2209 1358/3859/2078 1357/3513/2210
f 1288/3515/2188 1356/3860/2079 1358/3516/2189
f 1348/3500/2205 1359/3861/2077 1360/3518/2206
f 1340/3519/2193 1361/3862/2092 1362/3520/2192
f 1305/3483/2209 1363/3863/2078 1361/3522/2210
f 1304/3524/2173 1364/3864/2079 1363/3525/2174
f 1344/3493/2205 1362/3865/2077 1364/3527/2206
f 1334/3528/1978 1365/3866/1978 1366/3529/2211
f 1367/3531/1978 1368/3538/2003 1366/3532/2155
f 1337/3534/1978 1338/3867/1986 1353/3535/2212
f 1370/3537/1978 1371/3557/1987 1368/3538/2159
s 1
f 1343/3539/1986 1373/3810/2003 1374/3540/1987
s 0
f 1340/3542/2213 1343/3489/1986 1372/3543/2214
f 1375/3545/1978 1376/3868/1978 1377/3546/2162
f 1379/3548/1978 1373/3562/2003 1380/3549/2163
s 1
f 1347/3551/1986 1381/3804/2003 1380/3552/1987
s 0
f 1345/3554/2215 1347/3496/1986 1342/3491/2216
f 1378/3550/1978 1380/3549/1987 1381/3555/2165
f 1382/3556/1978 1381/3555/2003 1371/3557/2163
s 1
f 1383/3558/1986 1368/3565/2003 1371/3559/1987
s 0
f 1350/3561/2217 1383/3581/1986 1346/3498/2218
f 1375/3545/1978 1374/3547/1987 1373/3562/2168
f 1366/3529/2219 1384/3869/2077 1385/3563/2220
f 1383/3558/2221 1386/3870/2078 1387/3564/2222
f 1335/3566/2188 1385/3871/2079 1386/3567/2189
f 1380/3552/2219 1388/3872/2077 1389/3569/2220
f 1298/3458/2223 1297/3873/1978 1286/3570/1978
f 1302/3488/2224 1339/3487/1988 1338/3481/2225
f 1349/3572/2226 1317/3502/2003 1289/3413/2227
f 1341/3544/2228 1372/3543/1988 1390/3574/2068
f 1390/3574/2229 1391/3874/1978 1369/3576/1978
f 1377/3577/2230 1376/3875/1978 1391/3578/1978
f 1288/3509/2231 1287/3876/1978 1333/3580/1978
f 1383/3581/2232 1350/3561/2003 1336/3478/2062
f 1392/3583/2070 1393/3877/2079 1394/3584/2233
f 1394/3586/2234 1396/3595/2092 1397/3587/2070
f 1399/3589/2235 1400/3878/2078 1401/3590/2070
f 1400/3592/2236 1282/3603/2079 1402/3593/2070
f 1396/3595/2237 1403/3621/2077 1404/3596/2070
f 1405/3597/2070 1406/3879/2078 1393/3598/2238
s 1
f 1281/3600/2077 1284/3880/2092 1283/3601/2078
s 0
f 1282/3603/2239 1283/3626/2078 1407/3604/2070
f 1408/3605/2070 1281/3881/2077 1399/3606/2240
f 1410/3608/2241 1284/3627/2092 1411/3609/2070
s 1
f 1410/3611/2077 1412/3882/2092 1413/3612/2078
s 0
f 1285/3614/2242 1413/3619/2078 1415/3615/2070
f 1412/3617/2243 1410/3608/2077 1409/3610/2070
f 1413/3619/2244 1417/3625/2079 1418/3620/2070
f 1403/3621/2241 1412/3617/2092 1416/3618/2070
s 1
f 1403/3622/2077 1396/3883/2092 1406/3623/2078
s 0
f 1417/3625/2245 1406/3879/2078 1405/3597/2070
f 1283/3626/2244 1285/3614/2079 1414/3616/2070
f 1284/3627/2246 1281/3881/2077 1408/3605/2070
f 1258/3368/2247 1257/3834/1986 1400/3628/2248
f 1257/3630/2249 1260/3884/1988 1282/3631/2250
f 1267/3633/2251 1258/3885/2003 1399/3634/2252
f 1252/3363/2253 1251/3362/1987 1394/3636/2254
f 1251/3638/2255 1254/3886/2003 1396/3639/2256
f 1254/3641/2247 1264/3400/1986 1406/3642/2248
f 1264/3644/2257 1252/3887/1988 1393/3645/2258
f 1274/3647/2259 1280/3888/1988 1417/3648/2260
f 1280/3402/2253 1262/3401/1987 1403/3650/2254
f 1262/3652/2261 1275/3889/2003 1412/3653/2262
f 1275/3655/2247 1274/3389/1986 1413/3656/2248
f 1272/3658/2261 1266/3890/2003 1284/3659/2263
f 1273/3391/2253 1272/3390/1987 1410/3661/2254
f 1322/3663/2264 1356/3821/2079 1420/3664/2070
f 1421/3666/2070 1319/3891/2265 1318/3667/2266
f 1318/3669/2236 1320/3678/2079 1423/3670/2070
f 1424/3672/2070 1324/3892/2078 1323/3673/2238
s 1
f 1321/3675/2077 1330/3893/2092 1426/3676/2078
s 0
f 1320/3678/2239 1426/3698/2078 1427/3679/2070
f 1331/3680/2267 1330/3718/2092 1363/3681/2268
s 1
f 1331/3683/2077 1329/3894/2092 1327/3684/2078
s 0
f 1332/3686/2242 1327/3689/2078 1429/3687/2070
f 1327/3689/2244 1326/3697/2079 1430/3690/2070
f 1328/3691/2267 1329/3726/2092 1431/3692/2269
s 1
f 1328/3694/2077 1325/3895/2092 1324/3695/2078
s 0
f 1326/3697/2245 1324/3892/2078 1424/3672/2070
f 1426/3698/2244 1332/3686/2079 1428/3688/2070
f 1289/3699/2255 1317/3896/2003 1325/3700/2256
f 1301/3702/2270 1300/3424/1986 1426/3703/2271
f 1300/3705/2259 1307/3897/1988 1332/3706/2272
f 1355/3708/2273 1385/3832/2079 1433/3709/2070
f 1435/3711/2274 1319/3819/2092 1421/3712/2070
s 1
f 1351/3714/2077 1361/3898/2092 1363/3715/2078
s 0
f 1352/3717/2275 1363/3681/2078 1330/3718/2276
f 1362/3720/2277 1361/3763/2092 1436/3721/2278
s 1
f 1362/3723/2077 1437/3899/2092 1431/3724/2078
s 0
f 1364/3682/2279 1431/3692/2078 1329/3726/2280
f 1359/3727/2277 1437/3774/2092 1439/3728/2281
s 1
f 1359/3730/2077 1357/3900/2092 1358/3731/2078
s 0
f 1360/3693/2282 1358/3820/2078 1325/3733/2283
f 1353/3535/2284 1338/3867/1986 1435/3734/2285
f 1338/3736/2249 1339/3901/1988 1352/3737/2250
f 1315/3739/2259 1314/3902/1988 1360/3740/2260
f 1348/3742/2261 1345/3903/2003 1437/3743/2262
f 1345/3745/2284 1315/3492/1986 1431/3746/2285
f 1433/3748/2070 1385/3904/2079 1384/3749/2233
f 1384/3751/2234 1387/3757/2092 1441/3752/2070
f 1354/3754/2286 1435/3905/2078 1434/3755/2070
f 1387/3757/2237 1443/3777/2077 1444/3758/2070
s 1
f 1446/3759/2077 1447/3906/2092 1436/3760/2078
s 0
f 1445/3762/2287 1436/3721/2078 1361/3763/2288
f 1448/3765/2070 1446/3907/2077 1449/3766/2240
f 1388/3768/2241 1447/3782/2092 1452/3769/2070
s 1
f 1388/3771/2077 1453/3908/2092 1439/3772/2078
s 0
f 1389/3722/2289 1439/3728/2078 1437/3774/2290
f 1453/3775/2243 1388/3768/2077 1451/3770/2070
f 1443/3777/2241 1453/3775/2092 1454/3776/2070
s 1
f 1443/3778/2077 1387/3909/2092 1386/3779/2078
s 0
f 1438/3729/2291 1386/3831/2078 1357/3781/2292
f 1447/3782/2246 1446/3907/2077 1448/3765/2070
f 1377/3577/2293 1390/3579/1986 1455/3783/2294
f 1390/3785/2249 1372/3910/1988 1445/3786/2250
f 1372/3541/2295 1374/3540/1987 1446/3788/2296
f 1374/3790/2251 1377/3911/2003 1449/3791/2252
f 1366/3793/2255 1368/3912/2003 1387/3794/2256
f 1347/3796/2259 1346/3913/1988 1438/3797/2260
f 1346/3560/2295 1371/3559/1987 1443/3799/2296
f 1371/3801/2261 1381/3914/2003 1453/3802/2262
f 1381/3804/2293 1347/3551/1986 1439/3805/2294
f 1380/3807/2261 1373/3915/2003 1447/3808/2263
f 1373/3810/2293 1343/3539/1986 1436/3811/2294
f 1343/3813/2259 1342/3916/1988 1389/3814/2272
f 1419/3816/2070 1425/3917/2070 1323/3817/2297
f 1435/3711/2298 1352/3717/2079 1321/3719/2299
f 1322/3663/2300 1325/3733/2092 1358/3820/2301
f 1455/3822/2153 1445/3762/2079 1351/3764/2302
f 1442/3824/2070 1456/3918/2070 1455/3822/2303
f 1456/3825/2070 1450/3919/2070 1449/3826/2304
f 1432/3828/2070 1420/3920/2070 1356/3829/2305
f 1355/3708/2148 1357/3781/2092 1386/3831/2306
o window_big007
v 31.114670 5.803944 15.136692
v 31.114670 4.693043 15.136692
v 31.199356 4.777744 15.136692
v 31.199356 5.719341 15.136692
v 32.775757 4.693043 15.136692
v 32.775757 4.777744 15.136692
v 38.314056 4.693043 15.136692
v 38.314056 5.803944 15.136692
v 38.229370 5.719341 15.136692
v 38.229370 4.777744 15.136692
v 36.672562 5.803944 15.136692
v 36.672562 5.719341 15.136692
v 32.843170 4.693043 15.136692
v 32.843170 4.777744 15.136692
v 32.775757 5.803944 15.136692
v 32.775757 5.719341 15.136692
v 36.597565 5.719341 15.136692
v 36.597565 4.777744 15.136692
v 36.672562 4.777744 15.136692
v 36.597565 5.803944 15.136692
v 36.672562 4.693043 15.136692
v 34.760361 4.693043 15.136692
v 36.597565 4.693043 15.136692
v 34.760361 4.777744 15.136692
v 34.760361 5.719341 15.136692
v 34.685562 5.719341 15.136692
v 34.685562 4.777744 15.136692
v 34.760361 5.803944 15.136692
v 34.685562 5.803944 15.136692
v 34.685562 4.693043 15.136692
v 32.843170 5.803944 15.136692
v 32.843170 5.719341 15.136692
v 36.672562 4.777744 15.082493
v 36.672562 5.719341 15.082493
v 36.597565 5.719341 15.082493
v 36.597565 4.777744 15.082493
v 34.760361 5.719341 15.082493
v 31.114670 3.577740 15.136692
v 31.114761 3.502942 15.136692
v 31.199356 3.502942 15.136692
v 31.199356 3.577740 15.136692
v 38.314056 3.577740 15.136692
v 38.314056 4.211643 15.136692
v 38.229370 4.127041 15.136692
v 38.229370 3.577740 15.136692
v 36.672562 4.211643 15.136692
v 36.672562 4.127041 15.136692
v 32.775757 4.211643 15.136692
v 31.114670 4.211643 15.136692
v 31.199356 4.127041 15.136692
v 32.775757 4.127041 15.136692
v 36.597565 4.127041 15.136692
v 36.597565 3.577740 15.136692
v 36.672562 3.577740 15.136692
v 36.597565 4.211643 15.136692
v 34.760361 3.502942 15.136692
v 36.597565 3.502942 15.136692
v 34.760361 3.577740 15.136692
v 34.760361 4.127041 15.136692
v 34.685562 4.127041 15.136692
v 34.685562 3.577740 15.136692
v 34.760361 4.211643 15.136692
v 34.685562 4.211643 15.136692
v 32.843170 4.211643 15.136692
v 32.843170 4.127041 15.136692
v 32.843170 3.502942 15.136692
v 34.685562 3.502942 15.136692
v 32.843170 3.577740 15.136692
v 32.775757 3.577740 15.136692
v 38.229370 4.127041 15.082493
v 38.229370 3.577740 15.082493
v 36.672562 4.127041 15.082493
v 36.672562 3.577740 15.082493
v 31.199356 3.577740 15.082493
v 31.199356 4.127041 15.082493
v 32.775757 4.127041 15.082493
v 32.775757 3.577740 15.082493
v 32.843170 4.127041 15.082493
v 34.685562 4.127041 15.082493
v 32.843170 3.577740 15.082493
v 34.685562 3.577740 15.082493
v 36.597565 3.577740 15.082493
v 34.760361 3.577740 15.082493
v 34.760361 4.127041 15.082493
v 31.114670 1.983742 15.136692
v 31.114670 1.905243 15.136692
v 31.199356 1.905243 15.136692
v 31.199356 1.983742 15.136692
v 38.314056 3.502942 15.136692
v 38.229370 3.502942 15.136692
v 36.672562 3.502942 15.136692
v 36.597565 1.983742 15.136692
v 36.672562 1.983742 15.136692
v 34.760361 1.905243 15.136692
v 36.597565 1.905243 15.136692
v 34.760361 1.983742 15.136692
v 34.685562 1.983742 15.136692
v 32.843170 1.905243 15.136692
v 34.685562 1.905243 15.136692
v 32.843170 1.983742 15.136692
v 32.775757 3.502942 15.136692
v 32.775757 1.983742 15.136692
v 36.672562 1.983742 15.082493
v 36.672562 3.502942 15.082493
v 38.229370 1.983742 15.136692
v 38.229370 1.983742 15.082493
v 31.199356 1.983742 15.082493
v 31.199356 3.502942 15.082493
v 32.775757 1.983742 15.082493
v 32.775757 3.502942 15.082493
v 32.843170 1.983742 15.082493
v 32.843170 3.502942 15.082493
v 36.597565 1.983742 15.082493
v 34.760361 1.983742 15.082493
v 36.597565 3.502942 15.082493
v 34.760361 3.502942 15.082493
v 31.114670 0.749142 15.136692
v 31.199356 0.833844 15.136692
v 32.775757 0.749142 15.136692
v 32.775757 0.833844 15.136692
v 38.314056 1.983742 15.136692
v 32.843170 0.749142 15.136692
v 32.843170 0.833844 15.136692
v 36.672562 1.905243 15.136692
v 36.597565 0.833844 15.136692
v 36.672562 0.833844 15.136692
v 36.672562 0.749142 15.136692
v 38.314056 0.749142 15.136692
v 38.229370 0.833844 15.136692
v 34.760361 0.749142 15.136692
v 36.597565 0.749142 15.136692
v 34.760361 0.833844 15.136692
v 34.685562 0.833844 15.136692
v 34.685562 0.749142 15.136692
v 32.775757 1.905243 15.136692
v 31.199356 0.833844 15.082493
v 31.199356 1.905243 15.082493
v 32.775757 1.905243 15.082493
v 32.775757 0.833844 15.082493
v 34.760361 0.833844 15.082493
v 34.760361 1.905243 15.082493
v 38.229370 1.905243 15.136692
v 38.314056 1.905243 15.136692
v 31.114670 5.803944 15.082493
v 31.199356 5.719341 15.082493
v 31.199356 4.777744 15.082493
v 31.114670 4.693043 15.082493
v 32.775757 4.777744 15.082493
v 32.775757 4.693043 15.082493
v 38.314056 4.693043 15.082493
v 38.229370 4.777744 15.082493
v 38.229370 5.719341 15.082493
v 38.314056 5.803944 15.082493
v 36.672562 5.803944 15.082493
v 32.843170 4.777744 15.082493
v 32.843170 4.693043 15.082493
v 32.775757 5.803944 15.082493
v 32.775757 5.719341 15.082493
v 36.597565 5.803944 15.082493
v 36.672562 4.693043 15.082493
v 34.760361 4.693043 15.082493
v 34.760361 4.777744 15.082493
v 36.597565 4.693043 15.082493
v 34.685562 4.777744 15.082493
v 34.685562 5.719341 15.082493
v 34.760361 5.803944 15.082493
v 34.685562 5.803944 15.082493
v 34.685562 4.693043 15.082493
v 32.843170 5.719341 15.082493
v 32.843170 5.803944 15.082493
v 31.114670 3.577740 15.082493
v 31.114761 3.502942 15.082493
v 38.314056 3.577740 15.082493
v 38.314056 4.211643 15.082493
v 36.672562 4.211643 15.082493
v 32.775757 4.211643 15.082493
v 31.114670 4.211643 15.082493
v 36.597565 4.127041 15.082493
v 36.597565 4.211643 15.082493
v 34.760361 4.211643 15.082493
v 34.685562 4.211643 15.082493
v 32.843170 4.211643 15.082493
v 34.685562 3.502942 15.082493
v 31.114670 1.983742 15.082493
v 31.114670 1.905243 15.082493
v 38.314056 3.502942 15.082493
v 38.229370 3.502942 15.082493
v 36.597565 1.905243 15.082493
v 34.685562 1.983742 15.082493
v 32.843170 1.905243 15.082493
v 34.685562 1.905243 15.082493
v 31.114670 0.749142 15.082493
v 32.775757 0.749142 15.082493
v 38.314056 1.983742 15.082493
v 32.843170 0.833844 15.082493
v 32.843170 0.749142 15.082493
v 36.672562 1.905243 15.082493
v 36.672562 0.833844 15.082493
v 36.597565 0.833844 15.082493
v 36.672562 0.749142 15.082493
v 38.229370 0.833844 15.082493
v 38.314056 0.749142 15.082493
v 34.760361 0.749142 15.082493
v 36.597565 0.749142 15.082493
v 34.685562 0.833844 15.082493
v 34.685562 0.749142 15.082493
v 38.229370 1.905243 15.082493
v 38.314056 1.905243 15.082493
vn -0.0000 -0.0000 1.0000
vn 0.4032 0.1384 0.9046
vn 0.3014 -0.3015 0.9046
vn 0.3141 0.2883 0.9045
vn -0.2810 0.3207 0.9046
vn -0.3143 -0.2881 0.9045
vn -0.1407 0.4025 0.9045
vn 0.1361 -0.4041 0.9045
vn -0.3015 -0.3015 0.9045
vn 0.3015 0.3015 0.9045
vn 0.3015 -0.3015 0.9045
vn 0.1513 -0.3987 0.9045
vn -0.1362 0.4041 0.9045
vn 0.3129 0.2897 0.9045
vn 0.1510 -0.3988 0.9045
vn -0.1509 0.3988 0.9045
vn -0.3128 -0.2898 0.9045
vn 0.3128 0.2897 0.9045
vn 0.1408 -0.4025 0.9045
vn -0.3129 -0.2897 0.9045
vn -0.1512 0.3987 0.9045
vn 0.3015 -0.0756 0.9505
vn 0.3015 -0.3395 -0.8910
vn -0.3015 0.0756 0.9505
vn -0.3015 0.3395 -0.8910
vn -0.3015 0.3015 0.9045
vn -0.0826 -0.3015 0.9499
vn -0.3211 -0.3015 -0.8978
vn 0.3987 0.1510 0.9045
vn -0.4014 -0.1441 0.9045
vn -0.3016 0.3015 0.9045
vn -0.3145 -0.2880 0.9045
vn -0.2157 -0.3678 0.9045
vn 0.3116 0.2911 0.9045
vn 0.3115 0.2911 0.9045
vn -0.3015 0.0653 0.9512
vn -0.3015 0.3661 -0.8804
vn -0.0813 -0.3015 0.9500
vn -0.3246 -0.3015 -0.8965
vn 0.3015 -0.0653 0.9512
vn 0.3015 -0.3661 -0.8804
vn 0.0813 0.3015 0.9500
vn 0.3246 0.3015 -0.8965
vn -0.0814 -0.3015 0.9500
vn -0.3243 -0.3015 -0.8966
vn -0.3210 -0.3015 -0.8978
vn 0.0826 0.3015 0.9499
vn 0.3210 0.3015 -0.8978
vn 0.3211 0.3015 -0.8978
vn 0.3969 0.1557 0.9045
vn -0.3988 -0.1509 0.9045
vn -0.3941 0.1629 0.9045
vn 0.1635 -0.3938 0.9045
vn -0.2158 -0.3677 0.9045
vn 0.3121 0.2906 0.9045
vn -0.3940 0.1631 0.9045
vn 0.1632 -0.3939 0.9045
vn 0.3120 0.2906 0.9045
vn -0.3896 0.1733 0.9045
vn 0.1529 -0.3980 0.9045
vn 0.3015 -0.0811 0.9500
vn 0.3015 -0.3251 -0.8963
vn 0.0814 0.3015 0.9500
vn 0.3243 0.3015 -0.8966
vn -0.3015 0.0811 0.9500
vn -0.3015 0.3251 -0.8963
vn 0.4035 0.1380 0.9045
vn 0.3016 -0.3015 0.9045
vn -0.2872 0.3152 0.9045
vn -0.3921 0.1676 0.9045
vn 0.1587 -0.3958 0.9045
vn -0.3920 0.1679 0.9045
vn 0.1584 -0.3959 0.9045
vn -0.3875 0.1780 0.9045
vn 0.1482 -0.3998 0.9045
vn 0.3015 -0.0773 0.9503
vn 0.3015 -0.3349 -0.8927
vn -0.3015 0.0773 0.9503
vn -0.3015 0.3349 -0.8927
vn 0.4014 -0.1441 0.9045
vn 0.3016 0.3015 0.9045
vn 0.2162 0.3675 0.9045
vn -0.3133 -0.2892 0.9045
vn -0.2161 -0.3676 0.9045
vn 0.3132 0.2894 0.9045
vn 0.2163 0.3675 0.9045
vn -0.3139 -0.2886 0.9045
vn -0.1706 -0.3908 0.9045
vn -0.4035 0.1380 0.9045
vn -0.3016 -0.3015 0.9045
vn 0.2872 0.3152 0.9045
vn -0.2163 -0.3675 0.9045
vn 0.3138 0.2887 0.9045
vn -0.0000 -0.0000 -1.0000
vn 0.2810 0.3207 -0.9045
vn 0.3142 0.2883 -0.9045
vn -0.2809 0.3207 -0.9045
vn -0.3143 -0.2881 -0.9045
vn -0.1406 0.4025 -0.9045
vn 0.3142 -0.2883 -0.9045
vn 0.3015 0.3015 -0.9045
vn -0.3015 -0.3015 -0.9045
vn 0.3015 -0.3015 -0.9045
vn 0.1512 -0.3987 -0.9045
vn -0.3143 0.2881 -0.9045
vn 0.3129 0.2897 -0.9045
vn 0.1510 -0.3988 -0.9045
vn -0.1509 0.3988 -0.9045
vn -0.3128 -0.2898 -0.9045
vn 0.3128 0.2897 -0.9045
vn 0.1407 -0.4025 -0.9045
vn -0.3129 -0.2897 -0.9045
vn -0.1511 0.3987 -0.9045
vn -0.3015 0.3395 0.8910
vn -0.3015 0.0756 -0.9505
vn -0.3015 0.3015 -0.9045
vn -0.3246 -0.3015 0.8965
vn -0.0813 -0.3015 -0.9500
vn 0.3246 0.3015 0.8965
vn 0.0813 0.3015 -0.9500
vn 0.3015 -0.3395 0.8910
vn 0.3015 -0.0756 -0.9505
vn 0.3243 0.3015 0.8966
vn 0.0814 0.3015 -0.9500
vn -0.3243 -0.3015 0.8966
vn -0.0814 -0.3015 -0.9500
vn -0.3210 -0.3015 0.8978
vn -0.0826 -0.3015 -0.9499
vn 0.3210 0.3015 0.8978
vn 0.0826 0.3015 -0.9499
vn 0.3211 0.3015 0.8978
vn 0.3988 0.1510 -0.9045
vn -0.2624 -0.3360 -0.9046
vn 0.3143 -0.2881 -0.9045
vn 0.3116 0.2911 -0.9045
vn -0.2157 -0.3678 -0.9045
vn 0.3115 0.2911 -0.9045
vn -0.3015 0.3661 0.8804
vn -0.3015 0.0653 -0.9512
vn -0.3211 -0.3015 0.8978
vn 0.3970 0.1556 -0.9045
vn -0.3988 -0.1509 -0.9045
vn 0.1634 -0.3938 -0.9045
vn -0.3940 0.1629 -0.9045
vn 0.3121 0.2906 -0.9045
vn -0.2158 -0.3677 -0.9045
vn 0.1631 -0.3940 -0.9045
vn -0.3939 0.1632 -0.9045
vn 0.3120 0.2906 -0.9045
vn 0.1529 -0.3981 -0.9045
vn -0.3896 0.1734 -0.9045
vn -0.3015 0.3251 0.8963
vn -0.3015 0.0811 -0.9500
vn 0.2819 0.3199 -0.9045
vn -0.2872 0.3152 -0.9045
vn 0.1586 -0.3958 -0.9045
vn -0.3920 0.1677 -0.9045
vn 0.1584 -0.3959 -0.9045
vn -0.3919 0.1679 -0.9045
vn 0.1481 -0.3999 -0.9045
vn -0.3875 0.1780 -0.9045
vn -0.3015 0.3349 0.8927
vn -0.3015 0.0773 -0.9503
vn 0.3015 -0.3349 0.8927
vn 0.3015 -0.0773 -0.9503
vn 0.4012 -0.1442 -0.9046
vn 0.3015 0.3015 -0.9046
vn -0.3133 -0.2892 -0.9045
vn 0.2162 0.3675 -0.9045
vn 0.3132 0.2894 -0.9045
vn -0.2161 -0.3676 -0.9045
vn -0.3139 -0.2886 -0.9045
vn 0.2163 0.3675 -0.9045
vn -0.1706 -0.3908 -0.9045
vn -0.4034 0.1382 -0.9045
vn 0.3673 0.2166 -0.9045
vn 0.3138 0.2887 -0.9045
vn -0.2163 -0.3675 -0.9045
vn 0.2810 0.3207 0.9046
vn 0.1361 0.4041 0.9045
vn -0.3014 -0.3015 0.9046
vn -0.4032 0.1384 0.9046
vn -0.1361 -0.4041 0.9045
vn -0.3841 0.1852 0.9045
vn 0.3142 -0.2883 0.9045
vn 0.3889 -0.1749 0.9045
vn -0.3143 0.2881 0.9045
vn 0.2160 0.3676 0.9045
vn 0.3888 -0.1752 0.9045
vn -0.3887 0.1753 0.9045
vn -0.2160 -0.3676 0.9045
vn 0.3841 -0.1851 0.9045
vn -0.3888 0.1750 0.9045
vn 0.3015 0.3395 0.8910
vn 0.3015 0.0756 -0.9505
vn -0.3015 -0.3395 0.8910
vn -0.3015 -0.0756 -0.9505
vn 0.3211 -0.3015 0.8978
vn 0.0826 -0.3015 -0.9499
vn 0.1752 0.3888 0.9045
vn -0.2625 -0.3360 0.9045
vn -0.1364 -0.4040 0.9045
vn -0.3116 -0.2911 0.9045
vn 0.2157 0.3678 0.9045
vn -0.3115 -0.2911 0.9045
vn -0.3015 -0.3661 0.8804
vn -0.3015 -0.0653 -0.9512
vn 0.3246 -0.3015 0.8965
vn 0.0813 -0.3015 -0.9500
vn 0.3015 0.3661 0.8804
vn 0.3015 0.0653 -0.9512
vn -0.3246 0.3015 0.8965
vn -0.0813 0.3015 -0.9500
vn 0.3243 -0.3015 0.8966
vn 0.0814 -0.3015 -0.9500
vn 0.3210 -0.3015 0.8978
vn -0.3210 0.3015 0.8978
vn -0.0826 0.3015 -0.9499
vn -0.3211 0.3015 0.8978
vn 0.1706 0.3908 0.9045
vn -0.1753 -0.3887 0.9045
vn -0.1635 0.3938 0.9045
vn 0.3941 -0.1629 0.9045
vn -0.3121 -0.2906 0.9045
vn 0.2158 0.3677 0.9045
vn -0.1632 0.3939 0.9045
vn 0.3940 -0.1631 0.9045
vn -0.3120 -0.2906 0.9045
vn -0.1529 0.3980 0.9045
vn 0.3896 -0.1733 0.9045
vn 0.3015 0.3251 0.8963
vn 0.3015 0.0811 -0.9500
vn -0.3243 0.3015 0.8966
vn -0.0814 0.3015 -0.9500
vn -0.3015 -0.3251 0.8963
vn -0.3015 -0.0811 -0.9500
vn 0.2820 0.3199 0.9045
vn -0.3673 0.2166 0.9045
vn -0.1587 0.3958 0.9045
vn 0.3921 -0.1676 0.9045
vn -0.1584 0.3959 0.9045
vn 0.3920 -0.1679 0.9045
vn -0.1482 0.3998 0.9045
vn 0.3875 -0.1780 0.9045
vn 0.3015 0.3349 0.8927
vn 0.3015 0.0773 -0.9503
vn -0.3015 -0.3349 0.8927
vn -0.3015 -0.0773 -0.9503
vn 0.2625 -0.3360 0.9045
vn 0.3133 0.2892 0.9045
vn -0.2162 -0.3675 0.9045
vn -0.3132 -0.2894 0.9045
vn 0.2161 0.3676 0.9045
vn 0.3139 0.2886 0.9045
vn -0.3969 -0.1557 0.9045
vn -0.2820 0.3199 0.9045
vn 0.3673 0.2166 0.9045
vn -0.3138 -0.2887 0.9045
vn 0.4033 0.1385 -0.9045
vn 0.1361 0.4041 -0.9045
vn -0.4033 0.1385 -0.9045
vn -0.1361 -0.4041 -0.9045
vn -0.3841 0.1852 -0.9045
vn 0.1361 -0.4041 -0.9045
vn 0.3888 -0.1750 -0.9045
vn -0.1361 0.4041 -0.9045
vn 0.2160 0.3676 -0.9045
vn 0.3887 -0.1752 -0.9045
vn -0.3887 0.1753 -0.9045
vn -0.2160 -0.3676 -0.9045
vn 0.3841 -0.1851 -0.9045
vn -0.3888 0.1751 -0.9045
vn -0.3015 -0.0756 0.9505
vn -0.3015 -0.3395 -0.8910
vn 0.0813 -0.3015 0.9500
vn 0.3246 -0.3015 -0.8965
vn -0.0813 0.3015 0.9500
vn -0.3246 0.3015 -0.8965
vn 0.3015 0.0756 0.9505
vn 0.3015 0.3395 -0.8910
vn -0.0814 0.3015 0.9500
vn -0.3243 0.3015 -0.8966
vn 0.0814 -0.3015 0.9500
vn 0.3243 -0.3015 -0.8966
vn 0.0826 -0.3015 0.9499
vn 0.3210 -0.3015 -0.8978
vn -0.0826 0.3015 0.9499
vn -0.3210 0.3015 -0.8978
vn -0.3211 0.3015 -0.8978
vn 0.1752 0.3887 -0.9045
vn -0.3015 0.3015 -0.9046
vn -0.4012 -0.1442 -0.9046
vn 0.1364 -0.4040 -0.9045
vn 0.2157 0.3678 -0.9045
vn -0.3116 -0.2911 -0.9045
vn -0.3115 -0.2911 -0.9045
vn -0.3015 -0.0653 0.9512
vn -0.3015 -0.3661 -0.8804
vn 0.3211 -0.3015 -0.8978
vn 0.1706 0.3908 -0.9045
vn -0.1753 -0.3887 -0.9045
vn 0.3940 -0.1629 -0.9045
vn -0.1634 0.3938 -0.9045
vn 0.2158 0.3677 -0.9045
vn -0.3121 -0.2906 -0.9045
vn 0.3939 -0.1632 -0.9045
vn -0.1631 0.3940 -0.9045
vn -0.3120 -0.2906 -0.9045
vn 0.3896 -0.1734 -0.9045
vn -0.1529 0.3981 -0.9045
vn -0.3015 -0.0811 0.9500
vn -0.3015 -0.3251 -0.8963
vn 0.4034 0.1382 -0.9045
vn -0.3673 0.2166 -0.9045
vn 0.3920 -0.1677 -0.9045
vn -0.1586 0.3958 -0.9045
vn 0.3919 -0.1679 -0.9045
vn -0.1584 0.3959 -0.9045
vn 0.3875 -0.1780 -0.9045
vn -0.1481 0.3999 -0.9045
vn -0.3015 -0.0773 0.9503
vn -0.3015 -0.3349 -0.8927
vn 0.3015 0.0773 0.9503
vn 0.3015 0.3349 -0.8927
vn 0.2624 -0.3360 -0.9046
vn -0.2162 -0.3675 -0.9045
vn 0.3133 0.2892 -0.9045
vn 0.2161 0.3676 -0.9045
vn -0.3132 -0.2894 -0.9045
vn 0.3139 0.2886 -0.9045
vn -0.3970 -0.1556 -0.9045
vn -0.2819 0.3199 -0.9045
vn 0.2872 0.3152 -0.9045
vn -0.3138 -0.2887 -0.9045
vt 0.658300 0.492800
vt 0.522300 0.481600
vt 0.647000 0.481600
vt 0.240100 0.240100
vt 0.031200 0.251100
vt 0.020000 0.239900
vt 0.826800 0.415800
vt 0.690900 0.427000
vt 0.679600 0.415800
vt 0.756300 0.339000
vt 0.962600 0.328000
vt 0.973800 0.339300
vt 0.249000 0.240100
vt 0.240100 0.251300
vt 0.240100 0.339000
vt 0.031200 0.328000
vt 0.240100 0.327800
vt 0.804400 0.641800
vt 0.679600 0.631900
vt 0.804400 0.631900
vt 0.746400 0.339000
vt 0.756300 0.327800
vt 0.756300 0.240100
vt 0.962600 0.251100
vt 0.756300 0.251300
vt 0.746400 0.240100
vt 0.503000 0.251300
vt 0.503000 0.240100
vt 0.804400 0.594100
vt 0.679600 0.584200
vt 0.804400 0.584200
vt 0.493100 0.339100
vt 0.503000 0.327900
vt 0.503000 0.339100
vt 0.493100 0.251300
vt 0.493100 0.240100
vt 0.249000 0.339000
vt 0.493100 0.327900
vt 0.249000 0.251300
vt 0.804400 0.549200
vt 0.679600 0.540200
vt 0.804400 0.540200
vt 0.249000 0.327800
vt 0.746400 0.327800
vt 0.746400 0.251300
vt 0.804400 0.624700
vt 0.679600 0.649000
vt 0.679600 0.641800
vt 0.020000 0.606200
vt 0.263400 0.599000
vt 0.263400 0.606200
vt 0.020000 0.071300
vt 0.031200 0.081200
vt 0.020000 0.081200
vt 0.862900 0.379100
vt 0.935700 0.390400
vt 0.862900 0.390400
vt 0.756300 0.309700
vt 0.962600 0.298700
vt 0.973800 0.309900
vt 0.240100 0.309700
vt 0.031200 0.298700
vt 0.240100 0.298500
vt 0.323700 0.733400
vt 0.250900 0.723500
vt 0.323700 0.723500
vt 0.746400 0.309700
vt 0.756300 0.298500
vt 0.746400 0.071300
vt 0.503000 0.081200
vt 0.503000 0.071300
vt 0.323700 0.817700
vt 0.250900 0.807800
vt 0.323700 0.807800
vt 0.493100 0.309800
vt 0.503000 0.298600
vt 0.503000 0.309800
vt 0.249000 0.309700
vt 0.493100 0.298600
vt 0.493100 0.071300
vt 0.249000 0.081200
vt 0.249000 0.071300
vt 0.323700 0.776400
vt 0.250900 0.767400
vt 0.323700 0.767400
vt 0.249000 0.298500
vt 0.746400 0.298500
vt 0.862900 0.397500
vt 0.020000 0.892000
vt 0.226300 0.884900
vt 0.226300 0.892000
vt 0.323700 0.716300
vt 0.226300 0.928800
vt 0.020000 0.936000
vt 0.020000 0.928800
vt 0.247200 0.910400
vt 0.320000 0.903200
vt 0.320000 0.910400
vt 0.250900 0.783600
vt 0.250900 0.776400
vt 0.020000 0.870100
vt 0.228900 0.862900
vt 0.228900 0.870100
vt 0.020000 0.496300
vt 0.264100 0.489100
vt 0.264100 0.496300
vt 0.323700 0.760300
vt 0.264100 0.423100
vt 0.020000 0.430300
vt 0.020000 0.423100
vt 0.250900 0.824800
vt 0.250900 0.817700
vt 0.263400 0.665000
vt 0.020000 0.672200
vt 0.020000 0.665000
vt 0.323700 0.800600
vt 0.020000 0.097000
vt 0.031200 0.107400
vt 0.020000 0.107400
vt 0.973800 0.081200
vt 0.962600 0.071300
vt 0.973800 0.071300
vt 0.488800 0.513500
vt 0.287500 0.503600
vt 0.488800 0.503600
vt 0.746400 0.081200
vt 0.756400 0.071300
vt 0.756400 0.081200
vt 0.746400 0.097000
vt 0.503000 0.107400
vt 0.503000 0.097000
vt 0.488800 0.473200
vt 0.287500 0.463300
vt 0.488800 0.463300
vt 0.493100 0.081200
vt 0.493100 0.097000
vt 0.249000 0.107400
vt 0.249000 0.097000
vt 0.488800 0.431900
vt 0.287500 0.423000
vt 0.488800 0.423000
vt 0.240100 0.081200
vt 0.488800 0.496400
vt 0.721000 0.357200
vt 0.514700 0.364300
vt 0.514700 0.357200
vt 0.287500 0.573200
vt 0.488800 0.566000
vt 0.488800 0.573200
vt 0.228900 0.709000
vt 0.020000 0.716100
vt 0.020000 0.709000
vt 0.287500 0.439100
vt 0.287500 0.431900
vt 0.020000 0.826100
vt 0.228900 0.818900
vt 0.228900 0.826100
vt 0.488800 0.415800
vt 0.263400 0.621000
vt 0.020000 0.628200
vt 0.020000 0.621000
vt 0.287500 0.520700
vt 0.287500 0.513500
vt 0.020000 0.694200
vt 0.263400 0.687000
vt 0.263400 0.694200
vt 0.488800 0.456100
vt 0.840100 0.397500
vt 0.698200 0.386300
vt 0.840100 0.386300
vt 0.240100 0.269400
vt 0.031200 0.280400
vt 0.020000 0.269200
vt 0.488800 0.379100
vt 0.287500 0.390400
vt 0.287500 0.379100
vt 0.249000 0.269400
vt 0.240100 0.280600
vt 0.653000 0.627100
vt 0.511100 0.617200
vt 0.653000 0.617200
vt 0.746400 0.107400
vt 0.756400 0.097000
vt 0.756400 0.107400
vt 0.756300 0.269400
vt 0.962600 0.280400
vt 0.756300 0.280600
vt 0.746400 0.269400
vt 0.503000 0.280600
vt 0.503000 0.269400
vt 0.653000 0.667400
vt 0.511100 0.657500
vt 0.653000 0.657500
vt 0.493100 0.107400
vt 0.493100 0.280600
vt 0.493100 0.269400
vt 0.249000 0.280600
vt 0.653000 0.585800
vt 0.511100 0.576900
vt 0.653000 0.576900
vt 0.240100 0.107400
vt 0.746400 0.280600
vt 0.840100 0.379100
vt 0.511100 0.593000
vt 0.511100 0.585800
vt 0.020000 0.848100
vt 0.228900 0.840900
vt 0.228900 0.848100
vt 0.653000 0.650300
vt 0.247200 0.921600
vt 0.962600 0.081200
vt 0.240100 0.071300
vt 0.031200 0.071300
vt 0.962600 0.097000
vt 0.962600 0.107400
vt 0.973800 0.107400
vt 0.522300 0.390400
vt 0.664200 0.379100
vt 0.664200 0.390400
vt 0.488800 0.584400
vt 0.287500 0.584400
vt 0.240100 0.097000
vt 0.031200 0.097000
vt 0.511100 0.522800
vt 0.647000 0.511100
vt 0.658300 0.522200
vt 0.031200 0.210800
vt 0.240100 0.221800
vt 0.020000 0.222000
vt 0.647000 0.551600
vt 0.511100 0.540400
vt 0.658200 0.540400
vt 0.962600 0.133800
vt 0.756300 0.122800
vt 0.973800 0.122600
vt 0.240100 0.210600
vt 0.249000 0.221800
vt 0.240100 0.122800
vt 0.031200 0.133800
vt 0.020000 0.122600
vt 0.372000 0.969200
vt 0.247200 0.979100
vt 0.247200 0.969200
vt 0.756300 0.134000
vt 0.746400 0.122800
vt 0.756300 0.221800
vt 0.962600 0.210800
vt 0.973800 0.222000
vt 0.503000 0.210600
vt 0.746400 0.221800
vt 0.503000 0.221800
vt 0.372000 0.939800
vt 0.247200 0.949800
vt 0.247200 0.939800
vt 0.503000 0.134000
vt 0.493100 0.122800
vt 0.503000 0.122800
vt 0.493100 0.210600
vt 0.493100 0.221800
vt 0.493100 0.134000
vt 0.249000 0.122800
vt 0.249000 0.210600
vt 0.800700 0.665000
vt 0.676000 0.673900
vt 0.676000 0.665000
vt 0.249000 0.134000
vt 0.746400 0.134000
vt 0.746400 0.210600
vt 0.815600 0.434200
vt 0.690900 0.434200
vt 0.948200 0.364300
vt 0.741900 0.357200
vt 0.948200 0.357200
vt 0.287500 0.357200
vt 0.493800 0.364300
vt 0.287500 0.364300
vt 0.522300 0.474400
vt 0.647000 0.474400
vt 0.020000 0.796900
vt 0.228900 0.804100
vt 0.020000 0.804100
vt 0.679600 0.549200
vt 0.804400 0.556300
vt 0.679600 0.556300
vt 0.228900 0.738100
vt 0.020000 0.731000
vt 0.228900 0.731000
vt 0.264100 0.452300
vt 0.020000 0.445100
vt 0.264100 0.445100
vt 0.679600 0.533100
vt 0.804400 0.533100
vt 0.020000 0.467100
vt 0.264100 0.474300
vt 0.020000 0.474300
vt 0.679600 0.594100
vt 0.804400 0.601300
vt 0.679600 0.601300
vt 0.020000 0.577000
vt 0.263400 0.584200
vt 0.020000 0.584200
vt 0.679600 0.577000
vt 0.804400 0.577000
vt 0.031200 0.020000
vt 0.020000 0.029900
vt 0.020000 0.020000
vt 0.334900 0.844900
vt 0.262000 0.855800
vt 0.250900 0.844600
vt 0.962600 0.192500
vt 0.756300 0.181500
vt 0.973800 0.181200
vt 0.240100 0.181500
vt 0.031200 0.192500
vt 0.020000 0.181200
vt 0.921000 0.415800
vt 0.848200 0.425700
vt 0.848200 0.415800
vt 0.756300 0.192700
vt 0.746400 0.181500
vt 0.503000 0.020000
vt 0.746400 0.029900
vt 0.503000 0.029900
vt 0.917300 0.445100
vt 0.844600 0.455000
vt 0.844600 0.445100
vt 0.503000 0.192600
vt 0.493100 0.181400
vt 0.503000 0.181400
vt 0.493100 0.192600
vt 0.249000 0.181500
vt 0.249000 0.020000
vt 0.493100 0.029900
vt 0.249000 0.029900
vt 0.411600 0.716300
vt 0.338800 0.725200
vt 0.338800 0.716300
vt 0.249000 0.192700
vt 0.746400 0.192700
vt 0.020000 0.752900
vt 0.228900 0.760100
vt 0.020000 0.760100
vt 0.250900 0.733400
vt 0.323700 0.740600
vt 0.250900 0.740600
vt 0.263400 0.562200
vt 0.020000 0.555000
vt 0.263400 0.555000
vt 0.031200 0.045700
vt 0.020000 0.056100
vt 0.020000 0.045700
vt 0.962600 0.029900
vt 0.973800 0.020000
vt 0.973800 0.029900
vt 0.488800 0.657700
vt 0.287500 0.667600
vt 0.287500 0.657700
vt 0.756400 0.029900
vt 0.746400 0.020000
vt 0.756400 0.020000
vt 0.503000 0.045700
vt 0.746400 0.056100
vt 0.503000 0.056100
vt 0.488800 0.683300
vt 0.287500 0.693200
vt 0.287500 0.683300
vt 0.493100 0.020000
vt 0.249000 0.045700
vt 0.493100 0.056100
vt 0.249000 0.056100
vt 0.488800 0.602700
vt 0.287500 0.611600
vt 0.287500 0.602700
vt 0.240100 0.020000
vt 0.488800 0.397500
vt 0.287500 0.397500
vt 0.226300 0.980000
vt 0.020000 0.972800
vt 0.226300 0.972800
vt 0.264100 0.408300
vt 0.020000 0.401100
vt 0.264100 0.401100
vt 0.020000 0.511100
vt 0.264100 0.518200
vt 0.020000 0.518200
vt 0.287500 0.473200
vt 0.488800 0.480400
vt 0.287500 0.480400
vt 0.511100 0.427000
vt 0.653100 0.416400
vt 0.664200 0.427700
vt 0.031200 0.152100
vt 0.240100 0.163100
vt 0.020000 0.163400
vt 0.488800 0.639600
vt 0.287500 0.628300
vt 0.488800 0.628300
vt 0.240100 0.151900
vt 0.249000 0.163100
vt 0.821600 0.481800
vt 0.679600 0.491700
vt 0.679600 0.481800
vt 0.756400 0.056100
vt 0.746400 0.045700
vt 0.756400 0.045700
vt 0.756300 0.163100
vt 0.962600 0.152100
vt 0.973800 0.163400
vt 0.503000 0.152000
vt 0.746400 0.163100
vt 0.503000 0.163200
vt 0.821600 0.507400
vt 0.679600 0.517300
vt 0.679600 0.507400
vt 0.493100 0.045700
vt 0.493100 0.152000
vt 0.493100 0.163200
vt 0.249000 0.151900
vt 0.821600 0.452400
vt 0.679600 0.461400
vt 0.679600 0.452400
vt 0.240100 0.045700
vt 0.746400 0.151900
vt 0.664200 0.397500
vt 0.522300 0.397500
vt 0.226300 0.914000
vt 0.020000 0.906900
vt 0.226300 0.906900
vt 0.511100 0.610000
vt 0.653000 0.610000
vt 0.020000 0.950800
vt 0.226300 0.958000
vt 0.020000 0.958000
vt 0.020000 0.774900
vt 0.228900 0.782100
vt 0.020000 0.782100
vt 0.264100 0.364300
vt 0.020000 0.357200
vt 0.264100 0.357200
vt 0.511100 0.569700
vt 0.653000 0.569700
vt 0.020000 0.379100
vt 0.264100 0.386300
vt 0.020000 0.386300
vt 0.511100 0.667400
vt 0.653000 0.674600
vt 0.511100 0.674600
vt 0.020000 0.643000
vt 0.263400 0.650200
vt 0.020000 0.650200
vt 0.511100 0.627100
vt 0.653000 0.634300
vt 0.511100 0.634300
vt 0.263400 0.540200
vt 0.020000 0.533100
vt 0.263400 0.533100
vt 0.331200 0.885100
vt 0.258400 0.874200
vt 0.331100 0.873900
vt 0.962600 0.020000
vt 0.240100 0.029900
vt 0.031200 0.029900
vt 0.962600 0.056100
vt 0.962600 0.045700
vt 0.973800 0.045700
vt 0.511100 0.445300
vt 0.653000 0.456300
vt 0.511100 0.456500
vt 0.488800 0.536700
vt 0.287500 0.547900
vt 0.287500 0.536700
vt 0.240100 0.056100
vt 0.031200 0.056100
vt 0.511100 0.492800
vt 0.815600 0.427000
vt 0.020000 0.339300
vt 0.973800 0.239900
vt 0.679600 0.624700
vt 0.804400 0.649000
vt 0.020000 0.599000
vt 0.946900 0.379100
vt 0.020000 0.309900
vt 0.935700 0.397500
vt 0.020000 0.884900
vt 0.250900 0.716300
vt 0.226300 0.936000
vt 0.247200 0.903200
vt 0.323700 0.783600
vt 0.020000 0.862900
vt 0.020000 0.489100
vt 0.250900 0.760300
vt 0.264100 0.430300
vt 0.323700 0.824800
vt 0.263400 0.672200
vt 0.250900 0.800600
vt 0.287500 0.496400
vt 0.721000 0.364300
vt 0.287500 0.566000
vt 0.228900 0.716100
vt 0.488800 0.439100
vt 0.020000 0.818900
vt 0.287500 0.415800
vt 0.263400 0.628200
vt 0.488800 0.520700
vt 0.020000 0.687000
vt 0.287500 0.456100
vt 0.687000 0.397500
vt 0.488800 0.390400
vt 0.973800 0.269200
vt 0.698200 0.379100
vt 0.653000 0.593000
vt 0.020000 0.840900
vt 0.511100 0.650300
vt 0.331200 0.921600
vt 0.973800 0.097000
vt 0.511100 0.379100
vt 0.522200 0.511600
vt 0.522300 0.551600
vt 0.240100 0.134000
vt 0.372000 0.979100
vt 0.756300 0.210600
vt 0.372000 0.949800
vt 0.800700 0.673900
vt 0.741900 0.364300
vt 0.493800 0.357200
vt 0.228900 0.796900
vt 0.020000 0.738100
vt 0.020000 0.452300
vt 0.264100 0.467100
vt 0.263400 0.577000
vt 0.334800 0.856100
vt 0.240100 0.192700
vt 0.921000 0.425700
vt 0.917300 0.455000
vt 0.411600 0.725200
vt 0.228900 0.752900
vt 0.020000 0.562200
vt 0.488800 0.667600
vt 0.488800 0.693200
vt 0.488800 0.611600
vt 0.020000 0.980000
vt 0.020000 0.408300
vt 0.264100 0.511100
vt 0.511100 0.415800
vt 0.287500 0.639600
vt 0.821600 0.491700
vt 0.756300 0.151900
vt 0.821600 0.517300
vt 0.821600 0.461400
vt 0.020000 0.914000
vt 0.226300 0.950800
vt 0.228900 0.774900
vt 0.020000 0.364300
vt 0.264100 0.379100
vt 0.263400 0.643000
vt 0.020000 0.540200
vt 0.247200 0.885500
vt 0.973800 0.056100
vt 0.664200 0.445100
vt 0.488800 0.547900
s 0
f 1457/3921/2307 1459/3922/2308 1460/3923/2309
f 1461/3924/2307 1459/3925/2310 1458/3926/2307
f 1464/3927/2307 1466/3928/2311 1463/3929/2307
f 1467/3930/2307 1465/3931/2312 1464/3932/2307
f 1469/3933/2307 1462/3934/2313 1461/3924/2307
f 1471/3935/2307 1460/3936/2314 1472/3937/2315
s 1
f 1473/3938/2315 1475/3939/2316 1468/3940/2317
s 0
f 1476/3941/2307 1468/3942/2318 1467/3930/2307
f 1477/3943/2307 1466/3944/2319 1475/3945/2316
f 1479/3946/2307 1480/3947/2320 1478/3948/2307
s 1
f 1482/3949/2315 1480/3950/2316 1481/3951/2317
s 0
f 1485/3952/2307 1481/3953/2321 1484/3954/2307
f 1478/3948/2307 1483/3955/2322 1486/3956/2307
f 1487/3957/2307 1482/3958/2323 1485/3952/2307
f 1486/3956/2307 1470/3959/2324 1469/3933/2307
s 1
f 1472/3960/2315 1470/3961/2316 1488/3962/2317
s 0
f 1471/3935/2307 1488/3963/2325 1487/3957/2307
f 1484/3954/2307 1473/3964/2326 1476/3941/2307
f 1477/3943/2307 1474/3965/2327 1479/3946/2307
f 1475/3939/2328 1490/3966/2329 1468/3940/2317
f 1473/3938/2330 1492/3967/2331 1474/3968/2332
f 1481/3969/2333 1491/3970/2334 1473/3971/2315
f 1495/3972/2307 1497/3973/2335 1494/3974/2307
f 1498/3975/2307 1500/3976/2336 1501/3977/2337
f 1502/3978/2307 1500/3979/2338 1499/3980/2307
f 1504/3981/2307 1506/3982/2314 1507/3983/2315
s 1
f 1508/3984/2315 1510/3985/2316 1503/3986/2317
s 0
f 1511/3987/2307 1503/3988/2318 1502/3978/2307
f 1513/3989/2339 1514/3990/2340 1512/3991/2317
s 1
f 1516/3992/2315 1514/3993/2316 1515/3994/2317
s 0
f 1519/3995/2307 1515/3996/2321 1518/3997/2307
f 1520/3998/2307 1516/3999/2323 1519/3995/2307
f 1523/4000/2339 1524/4001/2341 1522/4002/2317
s 1
f 1507/4003/2315 1524/4004/2316 1521/4005/2317
s 0
f 1504/3981/2307 1521/4006/2325 1520/3998/2307
f 1518/3997/2307 1508/4007/2326 1511/3987/2307
f 1500/3976/2342 1527/4008/2343 1501/3977/2332
f 1503/4009/2344 1526/4010/2345 1500/4011/2315
f 1510/3985/2346 1528/4012/2347 1503/3986/2317
f 1501/4013/2348 1529/4014/2349 1510/4015/2316
f 1497/4016/2346 1531/4017/2347 1506/4018/2317
f 1507/4003/2342 1533/4019/2343 1525/4020/2332
f 1506/4021/2350 1532/4022/2351 1507/4023/2315
f 1521/4024/2333 1535/4025/2352 1516/4026/2315
f 1524/4004/2346 1534/4027/2347 1521/4005/2317
f 1517/4028/2353 1536/4029/2354 1524/4030/2316
f 1516/3992/2342 1537/4031/2343 1517/4032/2332
f 1509/4033/2353 1539/4034/2355 1514/4035/2316
f 1514/3993/2346 1540/4036/2347 1515/3994/2317
f 1542/4037/2307 1544/4038/2356 1541/4039/2307
f 1498/4040/2307 1546/4041/2357 1545/4042/2307
s 1
f 1513/4043/2315 1549/4044/2316 1547/4045/2317
s 0
f 1509/4046/2358 1547/4047/2359 1510/4048/2316
f 1551/4049/2360 1552/4050/2361 1550/4051/2317
s 1
f 1523/4052/2315 1552/4053/2316 1512/4054/2317
s 0
f 1517/4055/2362 1512/3991/2363 1514/3990/2316
f 1555/4056/2360 1556/4057/2364 1554/4058/2317
s 1
f 1557/4059/2315 1556/4060/2316 1522/4061/2317
s 0
f 1525/4062/2365 1522/4002/2366 1524/4001/2316
f 1549/4044/2367 1560/4063/2368 1547/4045/2317
f 1561/4064/2348 1559/4065/2349 1549/4066/2316
f 1544/4067/2367 1564/4068/2368 1496/4069/2317
f 1558/4070/2369 1563/4071/2370 1544/4072/2316
f 1557/4059/2371 1565/4073/2372 1558/4074/2332
f 1496/4075/2350 1566/4076/2351 1557/4077/2315
f 1556/4060/2367 1568/4078/2368 1522/4061/2317
f 1548/4079/2353 1570/4080/2355 1552/4081/2316
f 1513/4043/2371 1569/4082/2372 1548/4083/2332
f 1512/4084/2333 1571/4085/2334 1513/4086/2315
f 1552/4053/2367 1572/4087/2368 1512/4054/2317
f 1542/4088/2307 1574/4089/2373 1543/4090/2374
f 1575/4091/2307 1574/4092/2310 1573/4093/2307
f 1545/4094/2307 1561/4095/2375 1577/4096/2307
f 1578/4097/2307 1576/4098/2313 1575/4091/2307
s 1
f 1551/4099/2315 1582/4100/2316 1580/4101/2317
s 0
f 1548/4102/2376 1580/4103/2377 1549/4104/2316
f 1583/4105/2307 1585/4106/2319 1582/4107/2316
f 1587/4108/2307 1588/4109/2320 1586/4110/2307
s 1
f 1555/4111/2315 1588/4112/2316 1550/4113/2317
s 0
f 1553/4114/2378 1550/4051/2379 1552/4050/2316
f 1586/4110/2307 1589/4115/2322 1590/4116/2307
f 1590/4116/2307 1579/4117/2324 1578/4097/2307
s 1
f 1591/4118/2315 1579/4119/2316 1554/4120/2317
s 0
f 1558/4121/2380 1554/4058/2381 1556/4057/2316
f 1583/4105/2307 1581/4122/2327 1587/4108/2307
f 1574/4089/2382 1593/4123/2383 1543/4090/2317
f 1591/4118/2384 1595/4124/2385 1576/4125/2332
f 1543/4126/2350 1594/4127/2351 1591/4128/2315
f 1588/4112/2382 1597/4129/2383 1550/4113/2317
f 1506/4018/2386 1494/4130/2307 1497/4016/2387
f 1510/4048/2388 1546/4041/2389 1501/4131/2332
f 1557/4132/2390 1497/3973/2391 1496/4133/2317
f 1549/4104/2392 1598/4134/2393 1561/4135/2332
f 1598/4134/2394 1577/4136/2307 1561/4135/2332
f 1585/4137/2395 1599/4138/2307 1598/4139/2396
f 1544/4067/2397 1495/4140/2307 1541/4141/2307
f 1591/4142/2398 1544/4038/2399 1543/4143/2317
f 1600/4144/2400 1602/4145/2401 1603/4146/2400
f 1602/4147/2402 1605/4148/2400 1603/4149/2400
f 1607/4150/2403 1609/4151/2400 1606/4152/2400
f 1608/4153/2404 1610/4154/2400 1609/4155/2400
f 1604/4156/2405 1612/4157/2400 1605/4148/2400
f 1613/4158/2400 1601/4159/2406 1600/4160/2400
s 1
f 1489/4161/2407 1491/4162/2408 1490/4163/2409
s 0
f 1490/4164/2410 1615/4165/2400 1610/4154/2400
f 1616/4166/2400 1607/4167/2411 1606/4168/2400
f 1618/4169/2412 1619/4170/2400 1617/4171/2400
s 1
f 1618/4172/2407 1621/4173/2408 1493/4174/2409
s 0
f 1493/4175/2413 1623/4176/2400 1622/4177/2400
f 1620/4178/2414 1617/4171/2400 1624/4179/2400
f 1621/4180/2415 1626/4181/2400 1623/4176/2400
f 1611/4182/2416 1624/4179/2400 1612/4157/2400
s 1
f 1611/4183/2407 1614/4184/2408 1625/4185/2409
s 0
f 1625/4186/2417 1613/4158/2400 1626/4181/2400
f 1491/4187/2418 1622/4177/2400 1615/4165/2400
f 1492/4188/2419 1616/4166/2400 1619/4170/2400
f 1466/3928/2420 1608/4189/2421 1607/4190/2422
f 1465/4191/2423 1490/4192/2424 1608/4193/2408
f 1475/4194/2425 1607/4195/2426 1489/4196/2407
f 1460/3923/2427 1602/4197/2428 1601/4198/2409
f 1459/4199/2429 1604/4200/2430 1602/4201/2407
f 1462/4202/2420 1614/4203/2421 1604/4204/2422
f 1472/4205/2431 1601/4206/2432 1614/4207/2408
f 1482/4208/2433 1625/4209/2434 1621/4210/2408
f 1488/3962/2427 1611/4211/2428 1625/4212/2409
f 1470/4213/2435 1620/4214/2436 1611/4215/2407
f 1483/4216/2420 1621/4217/2421 1620/4218/2422
f 1480/4219/2437 1492/4220/2436 1618/4221/2407
f 1481/3951/2427 1618/4222/2428 1493/4223/2409
f 1530/4224/2438 1628/4225/2400 1627/4226/2400
f 1629/4227/2400 1526/4228/2439 1630/4229/2400
f 1526/4230/2404 1631/4231/2400 1630/4232/2400
f 1632/4233/2400 1531/4234/2440 1633/4235/2400
s 1
f 1529/4236/2407 1634/4237/2408 1528/4238/2409
s 0
f 1528/4239/2410 1635/4240/2400 1631/4231/2400
f 1539/4241/2441 1571/4242/2442 1572/4243/2409
s 1
f 1539/4244/2407 1535/4245/2408 1540/4246/2409
s 0
f 1540/4247/2413 1637/4248/2400 1636/4249/2400
f 1535/4250/2415 1638/4251/2400 1637/4248/2400
f 1536/4252/2443 1639/4253/2442 1568/4254/2409
s 1
f 1536/4255/2407 1532/4256/2408 1534/4257/2409
s 0
f 1534/4258/2417 1632/4233/2400 1638/4251/2400
f 1634/4259/2418 1636/4249/2400 1635/4240/2400
f 1497/4260/2429 1533/4261/2430 1530/4262/2407
f 1509/4263/2444 1634/4264/2445 1538/4265/2422
f 1508/4266/2446 1540/4267/2434 1634/4268/2408
f 1563/4269/2447 1641/4270/2400 1640/4271/2400
f 1643/4272/2448 1629/4273/2400 1642/4274/2400
s 1
f 1559/4275/2407 1571/4276/2408 1560/4277/2409
s 0
f 1560/4278/2449 1538/4279/2450 1529/4280/2407
f 1570/4281/2451 1644/4282/2452 1597/4283/2409
s 1
f 1570/4284/2407 1639/4285/2408 1572/4286/2409
s 0
f 1572/4243/2453 1537/4287/2454 1539/4241/2407
f 1567/4288/2455 1647/4289/2452 1646/4290/2409
s 1
f 1567/4291/2407 1566/4292/2408 1568/4293/2409
s 0
f 1568/4254/2456 1533/4294/2457 1536/4252/2407
f 1561/4095/2458 1643/4295/2459 1562/4296/2422
f 1546/4297/2423 1560/4298/2424 1643/4299/2408
f 1523/4300/2433 1568/4301/2434 1639/4302/2408
f 1556/4303/2435 1645/4304/2436 1567/4305/2407
f 1553/4306/2458 1639/4307/2459 1645/4308/2422
f 1641/4309/2400 1592/4310/2460 1648/4311/2400
f 1592/4312/2402 1649/4313/2400 1648/4314/2400
f 1562/4315/2461 1642/4316/2400 1650/4317/2400
f 1595/4318/2405 1652/4319/2400 1649/4313/2400
s 1
f 1654/4320/2407 1644/4321/2408 1653/4322/2409
s 0
f 1653/4323/2462 1569/4324/2463 1559/4325/2407
f 1656/4326/2400 1657/4327/2411 1658/4328/2400
f 1596/4329/2412 1660/4330/2400 1659/4331/2400
s 1
f 1596/4332/2407 1647/4333/2408 1597/4334/2409
s 0
f 1597/4283/2464 1645/4335/2465 1570/4281/2407
f 1661/4336/2414 1659/4331/2400 1662/4337/2400
f 1651/4338/2416 1662/4337/2400 1652/4319/2400
s 1
f 1651/4339/2407 1594/4340/2408 1646/4341/2409
s 0
f 1646/4290/2466 1565/4342/2467 1567/4288/2407
f 1655/4343/2419 1656/4326/2400 1660/4330/2400
f 1585/4137/2468 1663/4344/2469 1657/4345/2422
f 1598/4346/2423 1653/4347/2424 1663/4348/2408
f 1580/4101/2470 1654/4349/2471 1653/4350/2409
f 1582/4351/2425 1657/4352/2426 1654/4353/2407
f 1574/4354/2429 1595/4355/2430 1592/4356/2407
f 1555/4357/2433 1646/4358/2434 1647/4359/2408
f 1554/4120/2470 1651/4360/2471 1646/4361/2409
f 1579/4362/2435 1661/4363/2436 1651/4364/2407
f 1589/4365/2468 1647/4366/2469 1661/4367/2422
f 1588/4368/2437 1655/4369/2436 1596/4370/2407
f 1581/4371/2468 1644/4372/2469 1655/4373/2422
f 1551/4374/2446 1597/4375/2434 1644/4376/2408
f 1627/4377/2400 1531/4378/2472 1530/4379/2473
f 1643/4272/2474 1529/4280/2475 1527/4380/2422
f 1530/4224/2476 1566/4381/2477 1564/4382/2409
f 1663/4383/2478 1559/4325/2479 1562/4384/2422
f 1650/4385/2400 1663/4383/2480 1562/4384/2422
f 1664/4386/2400 1657/4387/2481 1663/4388/2408
f 1563/4389/2482 1628/4390/2400 1564/4391/2409
f 1563/4269/2483 1594/4392/2484 1593/4393/2409
f 1457/3921/2307 1458/4394/2307 1459/3922/2485
f 1461/3924/2307 1462/3934/2332 1459/3925/2486
f 1464/3927/2307 1465/4395/2487 1466/3928/2488
f 1467/3930/2307 1468/3942/2317 1465/3931/2489
f 1469/3933/2307 1470/3959/2316 1462/3934/2490
f 1471/3935/2307 1457/4396/2307 1460/3936/2491
s 1
f 1473/3938/2315 1474/3968/2332 1475/3939/2316
s 0
f 1476/3941/2307 1473/3964/2315 1468/3942/2492
f 1477/3943/2307 1463/4397/2307 1466/3944/2493
f 1479/3946/2307 1474/3965/2332 1480/3947/2494
s 1
f 1482/3949/2315 1483/4216/2332 1480/3950/2316
s 0
f 1485/3952/2307 1482/3958/2315 1481/3953/2495
f 1478/3948/2307 1480/3947/2316 1483/3955/2496
f 1487/3957/2307 1488/3963/2317 1482/3958/2497
f 1486/3956/2307 1483/3955/2332 1470/3959/2494
s 1
f 1472/3960/2315 1462/4202/2332 1470/3961/2316
s 0
f 1471/3935/2307 1472/3937/2315 1488/3963/2498
f 1484/3954/2307 1481/3953/2317 1473/3964/2497
f 1477/3943/2307 1475/3945/2316 1474/3965/2499
f 1475/3939/2500 1489/4398/2407 1490/3966/2501
f 1473/3938/2502 1491/4399/2408 1492/3967/2503
f 1481/3969/2504 1493/4400/2409 1491/3970/2505
f 1495/3972/2307 1496/4133/2317 1497/3973/2506
f 1498/3975/2307 1499/4401/2307 1500/3976/2507
f 1502/3978/2307 1503/3988/2317 1500/3979/2508
f 1504/3981/2307 1505/4402/2307 1506/3982/2491
s 1
f 1508/3984/2315 1509/4263/2332 1510/3985/2316
s 0
f 1511/3987/2307 1508/4007/2315 1503/3988/2492
f 1513/3989/2509 1509/4046/2332 1514/3990/2510
s 1
f 1516/3992/2315 1517/4032/2332 1514/3993/2316
s 0
f 1519/3995/2307 1516/3999/2315 1515/3996/2495
f 1520/3998/2307 1521/4006/2317 1516/3999/2497
f 1523/4000/2511 1517/4055/2332 1524/4001/2510
s 1
f 1507/4003/2315 1525/4020/2332 1524/4004/2316
s 0
f 1504/3981/2307 1507/3983/2315 1521/4006/2498
f 1518/3997/2307 1515/3996/2317 1508/4007/2497
f 1500/3976/2512 1526/4403/2408 1527/4008/2513
f 1503/4009/2514 1528/4404/2409 1526/4010/2515
f 1510/3985/2516 1529/4405/2407 1528/4012/2517
f 1501/4013/2518 1527/4406/2422 1529/4014/2519
f 1497/4016/2516 1530/4407/2407 1531/4017/2517
f 1507/4003/2512 1532/4408/2408 1533/4019/2513
f 1506/4021/2520 1531/4409/2409 1532/4022/2521
f 1521/4024/2522 1534/4410/2409 1535/4025/2505
f 1524/4004/2516 1536/4411/2407 1534/4027/2517
f 1517/4028/2523 1537/4412/2422 1536/4029/2524
f 1516/3992/2512 1535/4413/2408 1537/4031/2513
f 1509/4033/2525 1538/4414/2422 1539/4034/2524
f 1514/3993/2516 1539/4415/2407 1540/4036/2517
f 1542/4037/2307 1543/4143/2317 1544/4038/2526
f 1498/4040/2307 1501/4131/2332 1546/4041/2527
s 1
f 1513/4043/2315 1548/4083/2332 1549/4044/2316
s 0
f 1509/4046/2528 1513/3989/2315 1547/4047/2529
f 1551/4049/2530 1548/4102/2332 1552/4050/2531
s 1
f 1523/4052/2315 1553/4306/2332 1552/4053/2316
s 0
f 1517/4055/2532 1523/4000/2315 1512/3991/2533
f 1555/4056/2534 1553/4114/2332 1556/4057/2531
s 1
f 1557/4059/2315 1558/4074/2332 1556/4060/2316
s 0
f 1525/4062/2535 1557/4132/2315 1522/4002/2536
f 1549/4044/2537 1559/4416/2407 1560/4063/2538
f 1561/4064/2518 1562/4417/2422 1559/4065/2519
f 1544/4067/2537 1563/4418/2407 1564/4068/2538
f 1558/4070/2539 1565/4419/2422 1563/4071/2540
f 1557/4059/2541 1566/4420/2408 1565/4073/2542
f 1496/4075/2520 1564/4421/2409 1566/4076/2521
f 1556/4060/2537 1567/4422/2407 1568/4078/2538
f 1548/4079/2525 1569/4423/2422 1570/4080/2524
f 1513/4043/2541 1571/4424/2408 1569/4082/2542
f 1512/4084/2504 1572/4425/2409 1571/4085/2505
f 1552/4053/2537 1570/4426/2407 1572/4087/2538
f 1542/4088/2307 1573/4427/2307 1574/4089/2543
f 1575/4091/2307 1576/4098/2332 1574/4092/2486
f 1545/4094/2307 1546/4428/2315 1561/4095/2544
f 1578/4097/2307 1579/4117/2316 1576/4098/2490
s 1
f 1551/4099/2315 1581/4371/2332 1582/4100/2316
s 0
f 1548/4102/2545 1551/4049/2315 1580/4103/2546
f 1583/4105/2307 1584/4429/2307 1585/4106/2493
f 1587/4108/2307 1581/4122/2332 1588/4109/2494
s 1
f 1555/4111/2315 1589/4365/2332 1588/4112/2316
s 0
f 1553/4114/2547 1555/4056/2315 1550/4051/2548
f 1586/4110/2307 1588/4109/2316 1589/4115/2496
f 1590/4116/2307 1589/4115/2332 1579/4117/2494
s 1
f 1591/4118/2315 1576/4125/2332 1579/4119/2316
s 0
f 1558/4121/2549 1591/4142/2315 1554/4058/2550
f 1583/4105/2307 1582/4107/2316 1581/4122/2499
f 1574/4089/2551 1592/4430/2407 1593/4123/2552
f 1591/4118/2553 1594/4431/2408 1595/4124/2554
f 1543/4126/2520 1593/4432/2409 1594/4127/2521
f 1588/4112/2551 1596/4433/2407 1597/4129/2552
f 1506/4018/2555 1505/4434/2307 1494/4130/2307
f 1510/4048/2556 1547/4047/2317 1546/4041/2557
f 1557/4132/2558 1525/4062/2332 1497/3973/2559
f 1549/4104/2560 1580/4103/2317 1598/4134/2398
f 1598/4134/2561 1599/4435/2307 1577/4136/2307
f 1585/4137/2562 1584/4436/2307 1599/4138/2307
f 1544/4067/2563 1496/4069/2317 1495/4140/2307
f 1591/4142/2564 1558/4121/2332 1544/4038/2392
f 1600/4144/2400 1601/4437/2409 1602/4145/2565
f 1602/4147/2566 1604/4156/2422 1605/4148/2400
f 1607/4150/2567 1608/4438/2408 1609/4151/2400
f 1608/4153/2568 1490/4164/2409 1610/4154/2400
f 1604/4156/2569 1611/4182/2407 1612/4157/2400
f 1613/4158/2400 1614/4439/2408 1601/4159/2570
s 1
f 1489/4161/2407 1492/4440/2422 1491/4162/2408
s 0
f 1490/4164/2571 1491/4187/2408 1615/4165/2400
f 1616/4166/2400 1489/4441/2407 1607/4167/2572
f 1618/4169/2573 1492/4188/2422 1619/4170/2400
s 1
f 1618/4172/2407 1620/4442/2422 1621/4173/2408
s 0
f 1493/4175/2574 1621/4180/2408 1623/4176/2400
f 1620/4178/2575 1618/4169/2407 1617/4171/2400
f 1621/4180/2576 1625/4186/2409 1626/4181/2400
f 1611/4182/2573 1620/4178/2422 1624/4179/2400
s 1
f 1611/4183/2407 1604/4443/2422 1614/4184/2408
s 0
f 1625/4186/2577 1614/4439/2408 1613/4158/2400
f 1491/4187/2576 1493/4175/2409 1622/4177/2400
f 1492/4188/2578 1489/4441/2407 1616/4166/2400
f 1466/3928/2579 1465/4395/2315 1608/4189/2580
f 1465/4191/2581 1468/4444/2317 1490/4192/2582
f 1475/4194/2583 1466/4445/2332 1607/4195/2584
f 1460/3923/2585 1459/3922/2316 1602/4197/2586
f 1459/4199/2587 1462/4446/2332 1604/4200/2588
f 1462/4202/2579 1472/3960/2315 1614/4203/2580
f 1472/4205/2589 1460/4447/2317 1601/4206/2590
f 1482/4208/2591 1488/4448/2317 1625/4209/2592
f 1488/3962/2585 1470/3961/2316 1611/4211/2586
f 1470/4213/2593 1483/4449/2332 1620/4214/2594
f 1483/4216/2579 1482/3949/2315 1621/4217/2580
f 1480/4219/2593 1474/4450/2332 1492/4220/2595
f 1481/3951/2585 1480/3950/2316 1618/4222/2586
f 1530/4224/2596 1564/4382/2409 1628/4225/2400
f 1629/4227/2400 1527/4451/2597 1526/4228/2598
f 1526/4230/2568 1528/4239/2409 1631/4231/2400
f 1632/4233/2400 1532/4452/2408 1531/4234/2599
s 1
f 1529/4236/2407 1538/4453/2422 1634/4237/2408
s 0
f 1528/4239/2571 1634/4259/2408 1635/4240/2400
f 1539/4241/2600 1538/4279/2422 1571/4242/2601
s 1
f 1539/4244/2407 1537/4454/2422 1535/4245/2408
s 0
f 1540/4247/2574 1535/4250/2408 1637/4248/2400
f 1535/4250/2576 1534/4258/2409 1638/4251/2400
f 1536/4252/2600 1537/4287/2422 1639/4253/2602
s 1
f 1536/4255/2407 1533/4455/2422 1532/4256/2408
s 0
f 1534/4258/2577 1532/4452/2408 1632/4233/2400
f 1634/4259/2576 1540/4247/2409 1636/4249/2400
f 1497/4260/2587 1525/4456/2332 1533/4261/2588
f 1509/4263/2603 1508/3984/2315 1634/4264/2604
f 1508/4266/2591 1515/4457/2317 1540/4267/2605
f 1563/4269/2606 1593/4393/2409 1641/4270/2400
f 1643/4272/2607 1527/4380/2422 1629/4273/2400
s 1
f 1559/4275/2407 1569/4458/2422 1571/4276/2408
s 0
f 1560/4278/2608 1571/4242/2408 1538/4279/2609
f 1570/4281/2610 1569/4324/2422 1644/4282/2611
s 1
f 1570/4284/2407 1645/4459/2422 1639/4285/2408
s 0
f 1572/4243/2612 1639/4253/2408 1537/4287/2613
f 1567/4288/2610 1645/4335/2422 1647/4289/2614
s 1
f 1567/4291/2407 1565/4460/2422 1566/4292/2408
s 0
f 1568/4254/2615 1566/4381/2408 1533/4294/2616
f 1561/4095/2617 1546/4428/2315 1643/4295/2618
f 1546/4297/2581 1547/4461/2317 1560/4298/2582
f 1523/4300/2591 1522/4462/2317 1568/4301/2592
f 1556/4303/2593 1553/4463/2332 1645/4304/2594
f 1553/4306/2617 1523/4052/2315 1639/4307/2618
f 1641/4309/2400 1593/4464/2409 1592/4310/2619
f 1592/4312/2566 1595/4318/2422 1649/4313/2400
f 1562/4315/2620 1643/4465/2408 1642/4316/2400
f 1595/4318/2569 1651/4338/2407 1652/4319/2400
s 1
f 1654/4320/2407 1655/4466/2422 1644/4321/2408
s 0
f 1653/4323/2621 1644/4282/2408 1569/4324/2622
f 1656/4326/2400 1654/4467/2407 1657/4327/2572
f 1596/4329/2573 1655/4343/2422 1660/4330/2400
s 1
f 1596/4332/2407 1661/4468/2422 1647/4333/2408
s 0
f 1597/4283/2623 1647/4289/2408 1645/4335/2624
f 1661/4336/2575 1596/4329/2407 1659/4331/2400
f 1651/4338/2573 1661/4336/2422 1662/4337/2400
s 1
f 1651/4339/2407 1595/4469/2422 1594/4340/2408
s 0
f 1646/4290/2625 1594/4392/2408 1565/4342/2626
f 1655/4343/2578 1654/4467/2407 1656/4326/2400
f 1585/4137/2627 1598/4139/2315 1663/4344/2628
f 1598/4346/2581 1580/4470/2317 1653/4347/2582
f 1580/4101/2629 1582/4100/2316 1654/4349/2630
f 1582/4351/2583 1585/4471/2332 1657/4352/2584
f 1574/4354/2587 1576/4472/2332 1595/4355/2588
f 1555/4357/2591 1554/4473/2317 1646/4358/2592
f 1554/4120/2629 1579/4119/2316 1651/4360/2630
f 1579/4362/2593 1589/4474/2332 1661/4363/2594
f 1589/4365/2627 1555/4111/2315 1647/4366/2628
f 1588/4368/2593 1581/4475/2332 1655/4369/2595
f 1581/4371/2627 1551/4099/2315 1644/4372/2628
f 1551/4374/2591 1550/4476/2317 1597/4375/2605
f 1627/4377/2400 1633/4477/2400 1531/4378/2631
f 1643/4272/2632 1560/4278/2409 1529/4280/2633
f 1530/4224/2634 1533/4294/2422 1566/4381/2635
f 1663/4383/2484 1653/4323/2409 1559/4325/2636
f 1650/4385/2400 1664/4478/2400 1663/4383/2637
f 1664/4386/2400 1658/4479/2400 1657/4387/2638
f 1563/4389/2639 1640/4480/2400 1628/4390/2400
f 1563/4269/2479 1565/4342/2422 1594/4392/2640
o window_big008
v -22.839539 5.803942 -15.808113
v -22.839539 4.693041 -15.808113
v -22.924133 4.777742 -15.808113
v -22.924133 5.719339 -15.808113
v -24.500534 4.693041 -15.808113
v -24.500534 4.777742 -15.808113
v -30.038834 4.693041 -15.808113
v -30.038834 5.803942 -15.808113
v -29.954239 5.719339 -15.808113
v -29.954239 4.777742 -15.808113
v -28.397339 5.803942 -15.808113
v -28.397339 5.719339 -15.808113
v -24.567932 4.693041 -15.808113
v -24.567932 4.777742 -15.808113
v -24.500534 5.803942 -15.808113
v -24.500534 5.719339 -15.808113
v -28.322342 5.719339 -15.808113
v -28.322342 4.777742 -15.808113
v -28.397339 4.777742 -15.808113
v -28.322342 5.803942 -15.808113
v -28.397339 4.693041 -15.808113
v -26.485245 4.693041 -15.808113
v -28.322342 4.693041 -15.808113
v -26.485245 4.777742 -15.808113
v -26.485245 5.719339 -15.808113
v -26.410431 5.719339 -15.808113
v -26.410431 4.777742 -15.808113
v -26.485245 5.803942 -15.808113
v -26.410431 5.803942 -15.808113
v -26.410431 4.693041 -15.808113
v -24.567932 5.803942 -15.808113
v -24.567932 5.719339 -15.808113
v -28.397339 4.777742 -15.753914
v -28.397339 5.719339 -15.753914
v -28.322342 5.719339 -15.753914
v -28.322342 4.777742 -15.753914
v -26.485245 5.719339 -15.753914
v -22.839539 3.577738 -15.808113
v -22.839539 3.502939 -15.808113
v -22.924133 3.502939 -15.808113
v -22.924133 3.577738 -15.808113
v -30.038834 3.577738 -15.808113
v -30.038834 4.211641 -15.808113
v -29.954239 4.127039 -15.808113
v -29.954239 3.577738 -15.808113
v -28.397339 4.211641 -15.808113
v -28.397339 4.127039 -15.808113
v -24.500534 4.211641 -15.808113
v -22.839539 4.211641 -15.808113
v -22.924133 4.127039 -15.808113
v -24.500534 4.127039 -15.808113
v -28.322342 4.127039 -15.808113
v -28.322342 3.577738 -15.808113
v -28.397339 3.577738 -15.808113
v -28.322342 4.211641 -15.808113
v -26.485245 3.502939 -15.808113
v -28.322342 3.502939 -15.808113
v -26.485245 3.577738 -15.808113
v -26.485245 4.127039 -15.808113
v -26.410431 4.127039 -15.808113
v -26.410431 3.577738 -15.808113
v -26.485245 4.211641 -15.808113
v -26.410431 4.211641 -15.808113
v -24.567932 4.211641 -15.808113
v -24.567932 4.127039 -15.808113
v -24.567932 3.502939 -15.808113
v -26.410431 3.502939 -15.808113
v -24.567932 3.577738 -15.808113
v -24.500534 3.577738 -15.808113
v -29.954239 4.127039 -15.753914
v -29.954239 3.577738 -15.753914
v -28.397339 4.127039 -15.753914
v -28.397339 3.577738 -15.753914
v -22.924133 3.577738 -15.753914
v -22.924133 4.127039 -15.753914
v -24.500534 4.127039 -15.753914
v -24.500534 3.577738 -15.753914
v -24.567932 4.127039 -15.753914
v -26.410431 4.127039 -15.753914
v -24.567932 3.577738 -15.753914
v -26.410431 3.577738 -15.753914
v -28.322342 3.577738 -15.753914
v -26.485245 3.577738 -15.753914
v -26.485245 4.127039 -15.753914
v -22.839539 1.983740 -15.808113
v -22.839539 1.905241 -15.808113
v -22.924133 1.905241 -15.808113
v -22.924133 1.983740 -15.808113
v -30.038834 3.502939 -15.808113
v -29.954239 3.502939 -15.808113
v -28.397339 3.502939 -15.808113
v -28.322342 1.983740 -15.808113
v -28.397339 1.983740 -15.808113
v -26.485245 1.905241 -15.808113
v -28.322342 1.905241 -15.808113
v -26.485245 1.983740 -15.808113
v -26.410431 1.983740 -15.808113
v -24.567932 1.905241 -15.808113
v -26.410431 1.905241 -15.808113
v -24.567932 1.983740 -15.808113
v -24.500534 3.502939 -15.808113
v -24.500534 1.983740 -15.808113
v -28.397339 1.983740 -15.753914
v -28.397339 3.502939 -15.753914
v -29.954239 1.983740 -15.808113
v -29.954239 1.983740 -15.753914
v -22.924133 1.983740 -15.753914
v -22.924133 3.502939 -15.753914
v -24.500534 1.983740 -15.753914
v -24.500534 3.502939 -15.753914
v -24.567932 1.983740 -15.753914
v -24.567932 3.502939 -15.753914
v -28.322342 1.983740 -15.753914
v -26.485245 1.983740 -15.753914
v -28.322342 3.502939 -15.753914
v -26.485245 3.502939 -15.753914
v -22.839539 0.749140 -15.808113
v -22.924133 0.833841 -15.808113
v -24.500534 0.749140 -15.808113
v -24.500534 0.833841 -15.808113
v -30.038834 1.983740 -15.808113
v -24.567932 0.749140 -15.808113
v -24.567932 0.833841 -15.808113
v -28.397339 1.905241 -15.808113
v -28.322342 0.833841 -15.808113
v -28.397339 0.833841 -15.808113
v -28.397339 0.749140 -15.808113
v -30.038834 0.749140 -15.808113
v -29.954239 0.833841 -15.808113
v -26.485245 0.749140 -15.808113
v -28.322342 0.749140 -15.808113
v -26.485245 0.833841 -15.808113
v -26.410431 0.833841 -15.808113
v -26.410431 0.749140 -15.808113
v -24.500534 1.905241 -15.808113
v -22.924133 0.833841 -15.753914
v -22.924133 1.905241 -15.753914
v -24.500534 1.905241 -15.753914
v -24.500534 0.833841 -15.753914
v -26.485245 0.833841 -15.753914
v -26.485245 1.905241 -15.753914
v -29.954239 1.905241 -15.808113
v -30.038834 1.905241 -15.808113
v -22.839539 5.803942 -15.753914
v -22.924133 5.719339 -15.753914
v -22.924133 4.777742 -15.753914
v -22.839539 4.693041 -15.753914
v -24.500534 4.777742 -15.753914
v -24.500534 4.693041 -15.753914
v -30.038834 4.693041 -15.753914
v -29.954239 4.777742 -15.753914
v -29.954239 5.719339 -15.753914
v -30.038834 5.803942 -15.753914
v -28.397339 5.803942 -15.753914
v -24.567932 4.777742 -15.753914
v -24.567932 4.693041 -15.753914
v -24.500534 5.803942 -15.753914
v -24.500534 5.719339 -15.753914
v -28.322342 5.803942 -15.753914
v -28.397339 4.693041 -15.753914
v -26.485245 4.693041 -15.753914
v -26.485245 4.777742 -15.753914
v -28.322342 4.693041 -15.753914
v -26.410431 4.777742 -15.753914
v -26.410431 5.719339 -15.753914
v -26.485245 5.803942 -15.753914
v -26.410431 5.803942 -15.753914
v -26.410431 4.693041 -15.753914
v -24.567932 5.719339 -15.753914
v -24.567932 5.803942 -15.753914
v -22.839539 3.577738 -15.753914
v -22.839539 3.502939 -15.753914
v -30.038834 3.577738 -15.753914
v -30.038834 4.211641 -15.753914
v -28.397339 4.211641 -15.753914
v -24.500534 4.211641 -15.753914
v -22.839539 4.211641 -15.753914
v -28.322342 4.127039 -15.753914
v -28.322342 4.211641 -15.753914
v -26.485245 4.211641 -15.753914
v -26.410431 4.211641 -15.753914
v -24.567932 4.211641 -15.753914
v -26.410431 3.502939 -15.753914
v -22.839539 1.983740 -15.753914
v -22.839539 1.905241 -15.753914
v -30.038834 3.502939 -15.753914
v -29.954239 3.502939 -15.753914
v -28.322342 1.905241 -15.753914
v -26.410431 1.983740 -15.753914
v -24.567932 1.905241 -15.753914
v -26.410431 1.905241 -15.753914
v -22.839539 0.749140 -15.753914
v -24.500534 0.749140 -15.753914
v -30.038834 1.983740 -15.753914
v -24.567932 0.833841 -15.753914
v -24.567932 0.749140 -15.753914
v -28.397339 1.905241 -15.753914
v -28.397339 0.833841 -15.753914
v -28.322342 0.833841 -15.753914
v -28.397339 0.749140 -15.753914
v -29.954239 0.833841 -15.753914
v -30.038834 0.749140 -15.753914
v -26.485245 0.749140 -15.753914
v -28.322342 0.749140 -15.753914
v -26.410431 0.833841 -15.753914
v -26.410431 0.749140 -15.753914
v -29.954239 1.905241 -15.753914
v -30.038834 1.905241 -15.753914
vn -0.0000 -0.0000 -1.0000
vn -0.4033 0.1384 -0.9045
vn -0.3015 -0.3015 -0.9045
vn -0.3141 0.2884 -0.9045
vn 0.2809 0.3208 -0.9045
vn 0.3143 -0.2882 -0.9045
vn 0.1406 0.4025 -0.9045
vn -0.1361 -0.4041 -0.9045
vn 0.3015 -0.3015 -0.9045
vn -0.3015 0.3015 -0.9045
vn -0.1513 -0.3987 -0.9045
vn 0.1363 0.4040 -0.9045
vn -0.3129 0.2897 -0.9045
vn -0.1511 -0.3987 -0.9045
vn 0.1509 0.3988 -0.9045
vn 0.3128 -0.2898 -0.9045
vn -0.3128 0.2897 -0.9045
vn -0.1408 -0.4025 -0.9045
vn 0.3129 -0.2897 -0.9045
vn 0.1512 0.3987 -0.9045
vn -0.3015 -0.0756 -0.9505
vn -0.3015 -0.3395 0.8910
vn 0.3015 0.0756 -0.9505
vn 0.3015 0.3395 0.8910
vn 0.3015 0.3015 -0.9045
vn 0.0826 -0.3015 -0.9499
vn 0.3211 -0.3015 0.8978
vn -0.3987 0.1510 -0.9045
vn 0.4013 -0.1441 -0.9045
vn 0.2157 -0.3678 -0.9045
vn -0.3116 0.2911 -0.9045
vn -0.3115 0.2911 -0.9045
vn 0.3015 0.0653 -0.9512
vn 0.3015 0.3661 0.8804
vn 0.0813 -0.3015 -0.9500
vn 0.3246 -0.3015 0.8965
vn -0.3015 -0.0653 -0.9512
vn -0.3015 -0.3661 0.8804
vn -0.0813 0.3015 -0.9500
vn -0.3246 0.3015 0.8965
vn 0.0814 -0.3015 -0.9500
vn 0.3243 -0.3015 0.8966
vn 0.3210 -0.3015 0.8978
vn -0.0826 0.3015 -0.9499
vn -0.3210 0.3015 0.8978
vn -0.3211 0.3015 0.8978
vn -0.3969 0.1558 -0.9045
vn 0.3987 -0.1510 -0.9045
vn 0.3941 0.1629 -0.9045
vn -0.1635 -0.3938 -0.9045
vn 0.2158 -0.3677 -0.9045
vn -0.3121 0.2906 -0.9045
vn 0.3940 0.1631 -0.9045
vn -0.1632 -0.3939 -0.9045
vn -0.3120 0.2906 -0.9045
vn 0.3896 0.1733 -0.9045
vn -0.1529 -0.3980 -0.9045
vn -0.3015 -0.0811 -0.9500
vn -0.3015 -0.3251 0.8963
vn -0.0814 0.3015 -0.9500
vn -0.3243 0.3015 0.8966
vn 0.3015 0.0811 -0.9500
vn 0.3015 0.3251 0.8963
vn -0.4033 0.1382 -0.9046
vn -0.3014 -0.3015 -0.9046
vn 0.2872 0.3152 -0.9045
vn 0.3921 0.1676 -0.9045
vn -0.1587 -0.3958 -0.9045
vn 0.3920 0.1679 -0.9045
vn -0.1585 -0.3959 -0.9045
vn 0.3875 0.1780 -0.9045
vn -0.1481 -0.3998 -0.9045
vn -0.3015 -0.0773 -0.9503
vn -0.3015 -0.3349 0.8927
vn 0.3015 0.0773 -0.9503
vn 0.3015 0.3349 0.8927
vn -0.4013 -0.1441 -0.9045
vn -0.2162 0.3675 -0.9045
vn 0.3133 -0.2892 -0.9045
vn 0.2161 -0.3676 -0.9045
vn -0.3132 0.2894 -0.9045
vn -0.2163 0.3675 -0.9045
vn 0.3139 -0.2886 -0.9045
vn 0.1705 -0.3908 -0.9045
vn 0.4033 0.1382 -0.9046
vn 0.3014 -0.3015 -0.9046
vn -0.3673 -0.2166 -0.9045
vn 0.2163 -0.3675 -0.9045
vn -0.3138 0.2887 -0.9045
vn -0.0000 -0.0000 1.0000
vn -0.2810 0.3207 0.9045
vn -0.3142 0.2883 0.9045
vn 0.2811 0.3207 0.9045
vn 0.3143 -0.2881 0.9045
vn 0.1406 0.4026 0.9045
vn -0.3141 -0.2883 0.9045
vn -0.3015 0.3015 0.9045
vn 0.3015 -0.3015 0.9045
vn -0.3015 -0.3015 0.9045
vn -0.1512 -0.3987 0.9045
vn 0.3142 0.2882 0.9045
vn -0.3129 0.2897 0.9045
vn -0.1510 -0.3988 0.9045
vn 0.1509 0.3988 0.9045
vn 0.3128 -0.2898 0.9045
vn -0.3128 0.2897 0.9045
vn -0.1407 -0.4025 0.9045
vn 0.3129 -0.2897 0.9045
vn 0.1511 0.3987 0.9045
vn 0.3015 0.3395 -0.8910
vn 0.3015 0.0756 0.9505
vn 0.3015 0.3015 0.9045
vn 0.3246 -0.3015 -0.8965
vn 0.0813 -0.3015 0.9500
vn -0.3246 0.3015 -0.8965
vn -0.0813 0.3015 0.9500
vn -0.3015 -0.3395 -0.8910
vn -0.3015 -0.0756 0.9505
vn -0.3243 0.3015 -0.8966
vn -0.0814 0.3015 0.9500
vn 0.3243 -0.3015 -0.8966
vn 0.0814 -0.3015 0.9500
vn 0.3210 -0.3015 -0.8978
vn 0.0826 -0.3015 0.9499
vn -0.3210 0.3015 -0.8978
vn -0.0826 0.3015 0.9499
vn -0.3211 0.3015 -0.8978
vn -0.3988 0.1510 0.9045
vn 0.2625 -0.3360 0.9045
vn -0.3116 0.2911 0.9045
vn 0.2157 -0.3678 0.9045
vn -0.3115 0.2911 0.9045
vn 0.3015 0.3661 -0.8804
vn 0.3015 0.0653 0.9512
vn 0.3211 -0.3015 -0.8978
vn -0.3969 0.1558 0.9045
vn 0.3988 -0.1510 0.9045
vn -0.1634 -0.3938 0.9045
vn 0.3940 0.1629 0.9045
vn -0.3121 0.2906 0.9045
vn 0.2158 -0.3677 0.9045
vn -0.1632 -0.3939 0.9045
vn 0.3939 0.1632 0.9045
vn -0.3120 0.2906 0.9045
vn -0.1528 -0.3981 0.9045
vn 0.3895 0.1734 0.9045
vn 0.3015 0.3251 -0.8963
vn 0.3015 0.0811 0.9500
vn -0.2820 0.3199 0.9045
vn 0.2872 0.3152 0.9045
vn -0.1586 -0.3958 0.9045
vn 0.3920 0.1677 0.9045
vn -0.1584 -0.3959 0.9045
vn 0.3919 0.1679 0.9045
vn -0.1481 -0.3999 0.9045
vn 0.3874 0.1780 0.9045
vn 0.3015 0.3349 -0.8927
vn 0.3015 0.0773 0.9503
vn -0.3015 -0.3349 -0.8927
vn -0.3015 -0.0773 0.9503
vn -0.4013 -0.1440 0.9045
vn 0.3133 -0.2892 0.9045
vn -0.2162 0.3675 0.9045
vn -0.3132 0.2894 0.9045
vn 0.2161 -0.3676 0.9045
vn 0.3139 -0.2886 0.9045
vn -0.2163 0.3675 0.9045
vn 0.1705 -0.3908 0.9045
vn 0.4035 0.1380 0.9045
vn -0.3673 -0.2166 0.9045
vn -0.3138 0.2887 0.9045
vn 0.2163 -0.3675 0.9045
vn -0.2810 0.3207 -0.9045
vn -0.1360 0.4041 -0.9045
vn 0.4033 0.1385 -0.9045
vn 0.1361 -0.4041 -0.9045
vn 0.3841 0.1852 -0.9045
vn -0.3142 -0.2883 -0.9045
vn -0.3889 -0.1749 -0.9045
vn 0.3143 0.2881 -0.9045
vn -0.2160 0.3676 -0.9045
vn -0.3888 -0.1751 -0.9045
vn 0.3887 0.1753 -0.9045
vn 0.2160 -0.3676 -0.9045
vn -0.3841 -0.1851 -0.9045
vn 0.3888 0.1750 -0.9045
vn -0.3015 0.3395 -0.8910
vn -0.3015 0.0756 0.9505
vn 0.3015 -0.3395 -0.8910
vn 0.3015 -0.0756 0.9505
vn -0.3211 -0.3015 -0.8978
vn -0.0826 -0.3015 0.9499
vn -0.1752 0.3888 -0.9045
vn 0.2625 -0.3360 -0.9045
vn 0.3116 -0.2911 -0.9045
vn -0.2157 0.3678 -0.9045
vn 0.3115 -0.2911 -0.9045
vn 0.3015 -0.3661 -0.8804
vn 0.3015 -0.0653 0.9512
vn -0.3246 -0.3015 -0.8965
vn -0.0813 -0.3015 0.9500
vn -0.3015 0.3661 -0.8804
vn -0.3015 0.0653 0.9512
vn 0.3246 0.3015 -0.8965
vn 0.0813 0.3015 0.9500
vn -0.3243 -0.3015 -0.8966
vn -0.0814 -0.3015 0.9500
vn -0.3210 -0.3015 -0.8978
vn 0.3210 0.3015 -0.8978
vn 0.0826 0.3015 0.9499
vn 0.3211 0.3015 -0.8978
vn -0.1705 0.3908 -0.9045
vn 0.1752 -0.3888 -0.9045
vn 0.1635 0.3938 -0.9045
vn -0.3941 -0.1629 -0.9045
vn 0.3121 -0.2906 -0.9045
vn -0.2158 0.3677 -0.9045
vn 0.1632 0.3939 -0.9045
vn -0.3940 -0.1631 -0.9045
vn 0.3120 -0.2906 -0.9045
vn 0.1529 0.3980 -0.9045
vn -0.3896 -0.1733 -0.9045
vn -0.3015 0.3251 -0.8963
vn -0.3015 0.0811 0.9500
vn 0.3243 0.3015 -0.8966
vn 0.0814 0.3015 0.9500
vn 0.3015 -0.3251 -0.8963
vn 0.3015 -0.0811 0.9500
vn -0.2819 0.3199 -0.9046
vn 0.3673 0.2166 -0.9045
vn 0.1587 0.3958 -0.9045
vn -0.3921 -0.1676 -0.9045
vn 0.1585 0.3959 -0.9045
vn -0.3920 -0.1679 -0.9045
vn 0.1481 0.3998 -0.9045
vn -0.3875 -0.1780 -0.9045
vn -0.3015 0.3349 -0.8927
vn -0.3015 0.0773 0.9503
vn 0.3015 -0.3349 -0.8927
vn 0.3015 -0.0773 0.9503
vn -0.2625 -0.3360 -0.9045
vn -0.3133 0.2892 -0.9045
vn 0.2162 -0.3675 -0.9045
vn 0.3132 -0.2894 -0.9045
vn -0.2161 0.3676 -0.9045
vn -0.3139 0.2886 -0.9045
vn 0.3969 -0.1558 -0.9045
vn 0.2818 0.3200 -0.9045
vn -0.2872 -0.3152 -0.9045
vn 0.3138 -0.2887 -0.9045
vn -0.3016 -0.3015 0.9045
vn -0.4034 0.1384 0.9045
vn -0.1362 0.4041 0.9045
vn 0.4033 0.1383 0.9045
vn 0.3016 -0.3014 0.9045
vn 0.1362 -0.4041 0.9045
vn 0.3841 0.1852 0.9045
vn -0.1361 -0.4041 0.9045
vn -0.3888 -0.1750 0.9045
vn 0.1360 0.4041 0.9045
vn -0.2160 0.3676 0.9045
vn -0.3887 -0.1752 0.9045
vn 0.3887 0.1753 0.9045
vn 0.2160 -0.3676 0.9045
vn -0.3841 -0.1851 0.9045
vn 0.3888 0.1751 0.9045
vn 0.3015 -0.0756 -0.9505
vn 0.3015 -0.3395 0.8910
vn -0.0813 -0.3015 -0.9500
vn -0.3246 -0.3015 0.8965
vn 0.0813 0.3015 -0.9500
vn 0.3246 0.3015 0.8965
vn -0.3015 0.0756 -0.9505
vn -0.3015 0.3395 0.8910
vn 0.0814 0.3015 -0.9500
vn 0.3243 0.3015 0.8966
vn -0.0814 -0.3015 -0.9500
vn -0.3243 -0.3015 0.8966
vn -0.0826 -0.3015 -0.9499
vn -0.3210 -0.3015 0.8978
vn 0.0826 0.3015 -0.9499
vn 0.3210 0.3015 0.8978
vn 0.3211 0.3015 0.8978
vn -0.1752 0.3887 0.9045
vn 0.4013 -0.1441 0.9045
vn -0.2157 0.3678 0.9045
vn 0.3116 -0.2911 0.9045
vn 0.3115 -0.2911 0.9045
vn 0.3015 -0.0653 -0.9512
vn 0.3015 -0.3661 0.8804
vn -0.3211 -0.3015 0.8978
vn -0.1705 0.3908 0.9045
vn 0.1752 -0.3887 0.9045
vn -0.3940 -0.1629 0.9045
vn 0.1634 0.3938 0.9045
vn -0.2158 0.3677 0.9045
vn 0.3121 -0.2906 0.9045
vn -0.3939 -0.1632 0.9045
vn 0.1632 0.3939 0.9045
vn 0.3120 -0.2906 0.9045
vn -0.3896 -0.1734 0.9045
vn 0.1528 0.3981 0.9045
vn 0.3015 -0.0811 -0.9500
vn 0.3015 -0.3251 0.8963
vn -0.4035 0.1380 0.9045
vn 0.3673 0.2166 0.9045
vn -0.3920 -0.1677 0.9045
vn 0.1586 0.3958 0.9045
vn -0.3919 -0.1679 0.9045
vn 0.1584 0.3959 0.9045
vn -0.3874 -0.1780 0.9045
vn 0.1481 0.3999 0.9045
vn 0.3015 -0.0773 -0.9503
vn 0.3015 -0.3349 0.8927
vn -0.3015 0.0773 -0.9503
vn -0.3015 0.3349 0.8927
vn -0.2625 -0.3360 0.9045
vn 0.2162 -0.3675 0.9045
vn -0.3133 0.2892 0.9045
vn -0.2161 0.3676 0.9045
vn 0.3132 -0.2894 0.9045
vn -0.3139 0.2886 0.9045
vn 0.3969 -0.1558 0.9045
vn 0.2820 0.3199 0.9045
vn -0.2872 -0.3152 0.9045
vn 0.3138 -0.2887 0.9045
vt 0.658300 0.492800
vt 0.522300 0.481600
vt 0.647000 0.481600
vt 0.240100 0.240100
vt 0.031200 0.251100
vt 0.020000 0.239900
vt 0.826800 0.415800
vt 0.690900 0.427000
vt 0.679600 0.415800
vt 0.756300 0.339000
vt 0.962600 0.328000
vt 0.973800 0.339300
vt 0.249000 0.240100
vt 0.240100 0.251300
vt 0.240100 0.339000
vt 0.031200 0.328000
vt 0.240100 0.327800
vt 0.804400 0.641800
vt 0.679600 0.631900
vt 0.804400 0.631900
vt 0.746400 0.339000
vt 0.756300 0.327800
vt 0.756300 0.240100
vt 0.962600 0.251100
vt 0.756300 0.251300
vt 0.746400 0.240100
vt 0.503000 0.251300
vt 0.503000 0.240100
vt 0.804400 0.594100
vt 0.679600 0.584200
vt 0.804400 0.584200
vt 0.493100 0.339100
vt 0.503000 0.327900
vt 0.503000 0.339100
vt 0.493100 0.251300
vt 0.493100 0.240100
vt 0.249000 0.339000
vt 0.493100 0.327900
vt 0.249000 0.251300
vt 0.804400 0.549200
vt 0.679600 0.540200
vt 0.804400 0.540200
vt 0.249000 0.327800
vt 0.746400 0.327800
vt 0.746400 0.251300
vt 0.804400 0.624700
vt 0.679600 0.649000
vt 0.679600 0.641800
vt 0.020000 0.606200
vt 0.263400 0.599000
vt 0.263400 0.606200
vt 0.020000 0.071300
vt 0.031200 0.081200
vt 0.020000 0.081200
vt 0.862900 0.379100
vt 0.935700 0.390400
vt 0.862900 0.390400
vt 0.756300 0.309700
vt 0.962600 0.298700
vt 0.973800 0.309900
vt 0.240100 0.309700
vt 0.031200 0.298700
vt 0.240100 0.298500
vt 0.323700 0.733400
vt 0.250900 0.723500
vt 0.323700 0.723500
vt 0.746400 0.309700
vt 0.756300 0.298500
vt 0.746400 0.071300
vt 0.503000 0.081200
vt 0.503000 0.071300
vt 0.323700 0.817700
vt 0.250900 0.807800
vt 0.323700 0.807800
vt 0.493100 0.309800
vt 0.503000 0.298600
vt 0.503000 0.309800
vt 0.249000 0.309700
vt 0.493100 0.298600
vt 0.493100 0.071300
vt 0.249000 0.081200
vt 0.249000 0.071300
vt 0.323700 0.776400
vt 0.250900 0.767400
vt 0.323700 0.767400
vt 0.249000 0.298500
vt 0.746400 0.298500
vt 0.862900 0.397500
vt 0.020000 0.892000
vt 0.226300 0.884900
vt 0.226300 0.892000
vt 0.323700 0.716300
vt 0.226300 0.928800
vt 0.020000 0.936000
vt 0.020000 0.928800
vt 0.247200 0.910400
vt 0.320000 0.903200
vt 0.320000 0.910400
vt 0.250900 0.783600
vt 0.250900 0.776400
vt 0.020000 0.870100
vt 0.228900 0.862900
vt 0.228900 0.870100
vt 0.020000 0.496300
vt 0.264100 0.489100
vt 0.264100 0.496300
vt 0.323700 0.760300
vt 0.264100 0.423100
vt 0.020000 0.430300
vt 0.020000 0.423100
vt 0.250900 0.824800
vt 0.250900 0.817700
vt 0.263400 0.665000
vt 0.020000 0.672200
vt 0.020000 0.665000
vt 0.323700 0.800600
vt 0.020000 0.097000
vt 0.031200 0.107400
vt 0.020000 0.107400
vt 0.973800 0.081200
vt 0.962600 0.071300
vt 0.973800 0.071300
vt 0.488800 0.513500
vt 0.287500 0.503600
vt 0.488800 0.503600
vt 0.746400 0.081200
vt 0.756400 0.071300
vt 0.756400 0.081200
vt 0.746400 0.097000
vt 0.503000 0.107400
vt 0.503000 0.097000
vt 0.488800 0.473200
vt 0.287500 0.463300
vt 0.488800 0.463300
vt 0.493100 0.081200
vt 0.493100 0.097000
vt 0.249000 0.107400
vt 0.249000 0.097000
vt 0.488800 0.431900
vt 0.287500 0.423000
vt 0.488800 0.423000
vt 0.240100 0.081200
vt 0.488800 0.496400
vt 0.721000 0.357200
vt 0.514700 0.364300
vt 0.514700 0.357200
vt 0.287500 0.573200
vt 0.488800 0.566000
vt 0.488800 0.573200
vt 0.228900 0.709000
vt 0.020000 0.716100
vt 0.020000 0.709000
vt 0.287500 0.439100
vt 0.287500 0.431900
vt 0.020000 0.826100
vt 0.228900 0.818900
vt 0.228900 0.826100
vt 0.488800 0.415800
vt 0.263400 0.621000
vt 0.020000 0.628200
vt 0.020000 0.621000
vt 0.287500 0.520700
vt 0.287500 0.513500
vt 0.020000 0.694200
vt 0.263400 0.687000
vt 0.263400 0.694200
vt 0.488800 0.456100
vt 0.840100 0.397500
vt 0.698200 0.386300
vt 0.840100 0.386300
vt 0.240100 0.269400
vt 0.031200 0.280400
vt 0.020000 0.269200
vt 0.488800 0.379100
vt 0.287500 0.390400
vt 0.287500 0.379100
vt 0.249000 0.269400
vt 0.240100 0.280600
vt 0.653000 0.627100
vt 0.511100 0.617200
vt 0.653000 0.617200
vt 0.746400 0.107400
vt 0.756400 0.097000
vt 0.756400 0.107400
vt 0.756300 0.269400
vt 0.962600 0.280400
vt 0.756300 0.280600
vt 0.746400 0.269400
vt 0.503000 0.280600
vt 0.503000 0.269400
vt 0.653000 0.667400
vt 0.511100 0.657500
vt 0.653000 0.657500
vt 0.493100 0.107400
vt 0.493100 0.280600
vt 0.493100 0.269400
vt 0.249000 0.280600
vt 0.653000 0.585800
vt 0.511100 0.576900
vt 0.653000 0.576900
vt 0.240100 0.107400
vt 0.746400 0.280600
vt 0.840100 0.379100
vt 0.511100 0.593000
vt 0.511100 0.585800
vt 0.020000 0.848100
vt 0.228900 0.840900
vt 0.228900 0.848100
vt 0.653000 0.650300
vt 0.247200 0.921600
vt 0.962600 0.081200
vt 0.240100 0.071300
vt 0.031200 0.071300
vt 0.962600 0.097000
vt 0.962600 0.107400
vt 0.973800 0.107400
vt 0.522300 0.390400
vt 0.664200 0.379100
vt 0.664200 0.390400
vt 0.287500 0.584400
vt 0.240100 0.097000
vt 0.031200 0.097000
vt 0.511100 0.522800
vt 0.647000 0.511100
vt 0.658300 0.522200
vt 0.031200 0.210800
vt 0.240100 0.221800
vt 0.020000 0.222000
vt 0.647000 0.551600
vt 0.511100 0.540400
vt 0.658200 0.540400
vt 0.962600 0.133800
vt 0.756300 0.122800
vt 0.973800 0.122600
vt 0.240100 0.210600
vt 0.249000 0.221800
vt 0.240100 0.122800
vt 0.031200 0.133800
vt 0.020000 0.122600
vt 0.372000 0.969200
vt 0.247200 0.979100
vt 0.247200 0.969200
vt 0.756300 0.134000
vt 0.746400 0.122800
vt 0.756300 0.221800
vt 0.962600 0.210800
vt 0.973800 0.222000
vt 0.503000 0.210600
vt 0.746400 0.221800
vt 0.503000 0.221800
vt 0.372000 0.939800
vt 0.247200 0.949800
vt 0.247200 0.939800
vt 0.503000 0.134000
vt 0.493100 0.122800
vt 0.503000 0.122800
vt 0.493100 0.210600
vt 0.493100 0.221800
vt 0.493100 0.134000
vt 0.249000 0.122800
vt 0.249000 0.210600
vt 0.800700 0.665000
vt 0.676000 0.673900
vt 0.676000 0.665000
vt 0.249000 0.134000
vt 0.746400 0.134000
vt 0.746400 0.210600
vt 0.815600 0.434200
vt 0.690900 0.434200
vt 0.948200 0.364300
vt 0.741900 0.357200
vt 0.948200 0.357200
vt 0.287500 0.357200
vt 0.493800 0.364300
vt 0.287500 0.364300
vt 0.522300 0.474400
vt 0.647000 0.474400
vt 0.020000 0.796900
vt 0.228900 0.804100
vt 0.020000 0.804100
vt 0.679600 0.549200
vt 0.804400 0.556300
vt 0.679600 0.556300
vt 0.228900 0.738100
vt 0.020000 0.731000
vt 0.228900 0.731000
vt 0.264100 0.452300
vt 0.020000 0.445100
vt 0.264100 0.445100
vt 0.679600 0.533100
vt 0.804400 0.533100
vt 0.020000 0.467100
vt 0.264100 0.474300
vt 0.020000 0.474300
vt 0.679600 0.594100
vt 0.804400 0.601300
vt 0.679600 0.601300
vt 0.020000 0.577000
vt 0.263400 0.584200
vt 0.020000 0.584200
vt 0.679600 0.577000
vt 0.804400 0.577000
vt 0.031200 0.020000
vt 0.020000 0.029900
vt 0.020000 0.020000
vt 0.334900 0.844900
vt 0.262000 0.855800
vt 0.250900 0.844600
vt 0.962600 0.192500
vt 0.756300 0.181500
vt 0.973800 0.181200
vt 0.240100 0.181500
vt 0.031200 0.192500
vt 0.020000 0.181200
vt 0.921000 0.415800
vt 0.848200 0.425700
vt 0.848200 0.415800
vt 0.756300 0.192700
vt 0.746400 0.181500
vt 0.503000 0.020000
vt 0.746400 0.029900
vt 0.503000 0.029900
vt 0.917300 0.445100
vt 0.844600 0.455000
vt 0.844600 0.445100
vt 0.503000 0.192600
vt 0.493100 0.181400
vt 0.503000 0.181400
vt 0.493100 0.192600
vt 0.249000 0.181500
vt 0.249000 0.020000
vt 0.493100 0.029900
vt 0.249000 0.029900
vt 0.411600 0.716300
vt 0.338800 0.725200
vt 0.338800 0.716300
vt 0.249000 0.192700
vt 0.746400 0.192700
vt 0.020000 0.752900
vt 0.228900 0.760100
vt 0.020000 0.760100
vt 0.250900 0.733400
vt 0.323700 0.740600
vt 0.250900 0.740600
vt 0.263400 0.562200
vt 0.020000 0.555000
vt 0.263400 0.555000
vt 0.031200 0.045700
vt 0.020000 0.056100
vt 0.020000 0.045700
vt 0.962600 0.029900
vt 0.973800 0.020000
vt 0.973800 0.029900
vt 0.488800 0.657700
vt 0.287500 0.667600
vt 0.287500 0.657700
vt 0.756400 0.029900
vt 0.746400 0.020000
vt 0.756400 0.020000
vt 0.503000 0.045700
vt 0.746400 0.056100
vt 0.503000 0.056100
vt 0.488800 0.683300
vt 0.287500 0.693200
vt 0.287500 0.683300
vt 0.493100 0.020000
vt 0.249000 0.045700
vt 0.493100 0.056100
vt 0.249000 0.056100
vt 0.488800 0.602700
vt 0.287500 0.611600
vt 0.287500 0.602700
vt 0.240100 0.020000
vt 0.488800 0.397500
vt 0.287500 0.397500
vt 0.226300 0.980000
vt 0.020000 0.972800
vt 0.226300 0.972800
vt 0.264100 0.408300
vt 0.020000 0.401100
vt 0.264100 0.401100
vt 0.020000 0.511100
vt 0.264100 0.518200
vt 0.020000 0.518200
vt 0.287500 0.473200
vt 0.488800 0.480400
vt 0.287500 0.480400
vt 0.511100 0.427000
vt 0.653100 0.416400
vt 0.664200 0.427700
vt 0.031200 0.152100
vt 0.240100 0.163100
vt 0.020000 0.163400
vt 0.488800 0.639600
vt 0.287500 0.628300
vt 0.488800 0.628300
vt 0.240100 0.151900
vt 0.249000 0.163100
vt 0.821600 0.481800
vt 0.679600 0.491700
vt 0.679600 0.481800
vt 0.756400 0.056100
vt 0.746400 0.045700
vt 0.756400 0.045700
vt 0.756300 0.163100
vt 0.962600 0.152100
vt 0.973800 0.163400
vt 0.503000 0.152000
vt 0.746400 0.163100
vt 0.503000 0.163200
vt 0.821600 0.507400
vt 0.679600 0.517300
vt 0.679600 0.507400
vt 0.493100 0.045700
vt 0.493100 0.152000
vt 0.493100 0.163200
vt 0.249000 0.151900
vt 0.821600 0.452400
vt 0.679600 0.461400
vt 0.679600 0.452400
vt 0.240100 0.045700
vt 0.746400 0.151900
vt 0.664200 0.397500
vt 0.522300 0.397500
vt 0.226300 0.914000
vt 0.020000 0.906900
vt 0.226300 0.906900
vt 0.511100 0.610000
vt 0.653000 0.610000
vt 0.020000 0.950800
vt 0.226300 0.958000
vt 0.020000 0.958000
vt 0.020000 0.774900
vt 0.228900 0.782100
vt 0.020000 0.782100
vt 0.264100 0.364300
vt 0.020000 0.357200
vt 0.264100 0.357200
vt 0.511100 0.569700
vt 0.653000 0.569700
vt 0.020000 0.379100
vt 0.264100 0.386300
vt 0.020000 0.386300
vt 0.511100 0.667400
vt 0.653000 0.674600
vt 0.511100 0.674600
vt 0.020000 0.643000
vt 0.263400 0.650200
vt 0.020000 0.650200
vt 0.511100 0.627100
vt 0.653000 0.634300
vt 0.511100 0.634300
vt 0.263400 0.540200
vt 0.020000 0.533100
vt 0.263400 0.533100
vt 0.331200 0.885100
vt 0.258400 0.874200
vt 0.331100 0.873900
vt 0.962600 0.020000
vt 0.240100 0.029900
vt 0.031200 0.029900
vt 0.962600 0.056100
vt 0.962600 0.045700
vt 0.973800 0.045700
vt 0.511100 0.445300
vt 0.653000 0.456300
vt 0.511100 0.456500
vt 0.488800 0.547900
vt 0.287500 0.536700
vt 0.488800 0.536700
vt 0.240100 0.056100
vt 0.031200 0.056100
vt 0.511100 0.492800
vt 0.815600 0.427000
vt 0.020000 0.339300
vt 0.973800 0.239900
vt 0.679600 0.624700
vt 0.804400 0.649000
vt 0.020000 0.599000
vt 0.946900 0.379100
vt 0.020000 0.309900
vt 0.935700 0.397500
vt 0.020000 0.884900
vt 0.250900 0.716300
vt 0.226300 0.936000
vt 0.247200 0.903200
vt 0.323700 0.783600
vt 0.020000 0.862900
vt 0.020000 0.489100
vt 0.250900 0.760300
vt 0.264100 0.430300
vt 0.323700 0.824800
vt 0.263400 0.672200
vt 0.250900 0.800600
vt 0.287500 0.496400
vt 0.721000 0.364300
vt 0.287500 0.566000
vt 0.228900 0.716100
vt 0.488800 0.439100
vt 0.020000 0.818900
vt 0.287500 0.415800
vt 0.263400 0.628200
vt 0.488800 0.520700
vt 0.020000 0.687000
vt 0.287500 0.456100
vt 0.687000 0.397500
vt 0.488800 0.390400
vt 0.973800 0.269200
vt 0.698200 0.379100
vt 0.653000 0.593000
vt 0.020000 0.840900
vt 0.511100 0.650300
vt 0.331200 0.921600
vt 0.973800 0.097000
vt 0.511100 0.379100
vt 0.488800 0.584400
vt 0.522200 0.511600
vt 0.522300 0.551600
vt 0.240100 0.134000
vt 0.372000 0.979100
vt 0.756300 0.210600
vt 0.372000 0.949800
vt 0.800700 0.673900
vt 0.741900 0.364300
vt 0.493800 0.357200
vt 0.228900 0.796900
vt 0.020000 0.738100
vt 0.020000 0.452300
vt 0.264100 0.467100
vt 0.263400 0.577000
vt 0.334800 0.856100
vt 0.240100 0.192700
vt 0.921000 0.425700
vt 0.917300 0.455000
vt 0.411600 0.725200
vt 0.228900 0.752900
vt 0.020000 0.562200
vt 0.488800 0.667600
vt 0.488800 0.693200
vt 0.488800 0.611600
vt 0.020000 0.980000
vt 0.020000 0.408300
vt 0.264100 0.511100
vt 0.511100 0.415800
vt 0.287500 0.639600
vt 0.821600 0.491700
vt 0.756300 0.151900
vt 0.821600 0.517300
vt 0.821600 0.461400
vt 0.020000 0.914000
vt 0.226300 0.950800
vt 0.228900 0.774900
vt 0.020000 0.364300
vt 0.264100 0.379100
vt 0.263400 0.643000
vt 0.020000 0.540200
vt 0.247200 0.885500
vt 0.973800 0.056100
vt 0.664200 0.445100
vt 0.287500 0.547900
s 0
f 1665/4481/2641 1667/4482/2642 1668/4483/2643
f 1669/4484/2641 1667/4485/2644 1666/4486/2641
f 1672/4487/2641 1674/4488/2645 1671/4489/2641
f 1675/4490/2641 1673/4491/2646 1672/4492/2641
f 1677/4493/2641 1670/4494/2647 1669/4484/2641
f 1679/4495/2641 1668/4496/2648 1680/4497/2649
s 1
f 1681/4498/2649 1683/4499/2650 1676/4500/2643
s 0
f 1684/4501/2641 1676/4502/2651 1675/4490/2641
f 1685/4503/2641 1674/4504/2652 1683/4505/2650
f 1687/4506/2641 1688/4507/2653 1686/4508/2641
s 1
f 1690/4509/2649 1688/4510/2650 1689/4511/2643
s 0
f 1693/4512/2641 1689/4513/2654 1692/4514/2641
f 1686/4508/2641 1691/4515/2655 1694/4516/2641
f 1695/4517/2641 1690/4518/2656 1693/4512/2641
f 1694/4516/2641 1678/4519/2657 1677/4493/2641
s 1
f 1680/4520/2649 1678/4521/2650 1696/4522/2643
s 0
f 1679/4495/2641 1696/4523/2658 1695/4517/2641
f 1692/4514/2641 1681/4524/2659 1684/4501/2641
f 1685/4503/2641 1682/4525/2660 1687/4506/2641
f 1683/4499/2661 1698/4526/2662 1676/4500/2643
f 1681/4498/2663 1700/4527/2664 1682/4528/2665
f 1689/4529/2666 1699/4530/2667 1681/4531/2649
f 1703/4532/2641 1705/4533/2668 1702/4534/2641
f 1706/4535/2641 1708/4536/2669 1709/4537/2665
f 1710/4538/2641 1708/4539/2646 1707/4540/2641
f 1712/4541/2641 1714/4542/2648 1715/4543/2649
s 1
f 1716/4544/2649 1718/4545/2650 1711/4546/2643
s 0
f 1719/4547/2641 1711/4548/2651 1710/4538/2641
f 1721/4549/2670 1722/4550/2671 1720/4551/2643
s 1
f 1724/4552/2649 1722/4553/2650 1723/4554/2643
s 0
f 1727/4555/2641 1723/4556/2654 1726/4557/2641
f 1728/4558/2641 1724/4559/2656 1727/4555/2641
f 1731/4560/2670 1732/4561/2672 1730/4562/2643
s 1
f 1715/4563/2649 1732/4564/2650 1729/4565/2643
s 0
f 1712/4541/2641 1729/4566/2658 1728/4558/2641
f 1726/4557/2641 1716/4567/2659 1719/4547/2641
f 1708/4536/2673 1735/4568/2674 1709/4537/2665
f 1711/4569/2675 1734/4570/2676 1708/4571/2649
f 1718/4545/2677 1736/4572/2678 1711/4546/2643
f 1709/4573/2679 1737/4574/2680 1718/4575/2650
f 1705/4576/2677 1739/4577/2678 1714/4578/2643
f 1715/4563/2673 1741/4579/2674 1733/4580/2665
f 1714/4581/2681 1740/4582/2682 1715/4583/2649
f 1729/4584/2666 1743/4585/2683 1724/4586/2649
f 1732/4564/2677 1742/4587/2678 1729/4565/2643
f 1725/4588/2684 1744/4589/2685 1732/4590/2650
f 1724/4552/2673 1745/4591/2674 1725/4592/2665
f 1717/4593/2684 1747/4594/2686 1722/4595/2650
f 1722/4553/2677 1748/4596/2678 1723/4554/2643
f 1750/4597/2641 1752/4598/2687 1749/4599/2641
f 1706/4600/2641 1754/4601/2688 1753/4602/2641
s 1
f 1721/4603/2649 1757/4604/2650 1755/4605/2643
s 0
f 1717/4606/2689 1755/4607/2690 1718/4608/2650
f 1759/4609/2691 1760/4610/2692 1758/4611/2643
s 1
f 1731/4612/2649 1760/4613/2650 1720/4614/2643
s 0
f 1725/4615/2693 1720/4551/2694 1722/4550/2650
f 1763/4616/2691 1764/4617/2695 1762/4618/2643
s 1
f 1765/4619/2649 1764/4620/2650 1730/4621/2643
s 0
f 1733/4622/2696 1730/4562/2697 1732/4561/2650
f 1757/4604/2698 1768/4623/2699 1755/4605/2643
f 1769/4624/2679 1767/4625/2680 1757/4626/2650
f 1752/4627/2698 1772/4628/2699 1704/4629/2643
f 1766/4630/2700 1771/4631/2701 1752/4632/2650
f 1765/4619/2702 1773/4633/2703 1766/4634/2665
f 1704/4635/2681 1774/4636/2682 1765/4637/2649
f 1764/4620/2698 1776/4638/2699 1730/4621/2643
f 1756/4639/2684 1778/4640/2686 1760/4641/2650
f 1721/4603/2702 1777/4642/2703 1756/4643/2665
f 1720/4644/2666 1779/4645/2667 1721/4646/2649
f 1760/4613/2698 1780/4647/2699 1720/4614/2643
f 1750/4648/2641 1782/4649/2704 1751/4650/2705
f 1783/4651/2641 1782/4652/2644 1781/4653/2641
f 1753/4654/2641 1769/4655/2706 1785/4656/2641
f 1786/4657/2641 1784/4658/2647 1783/4651/2641
s 1
f 1759/4659/2649 1790/4660/2650 1788/4661/2643
s 0
f 1756/4662/2707 1788/4663/2708 1757/4664/2650
f 1791/4665/2641 1793/4666/2652 1790/4667/2650
f 1795/4668/2641 1796/4669/2653 1794/4670/2641
s 1
f 1763/4671/2649 1796/4672/2650 1758/4673/2643
s 0
f 1761/4674/2709 1758/4611/2710 1760/4610/2650
f 1794/4670/2641 1797/4675/2655 1798/4676/2641
f 1798/4676/2641 1787/4677/2657 1786/4657/2641
s 1
f 1799/4678/2649 1787/4679/2650 1762/4680/2643
s 0
f 1766/4681/2711 1762/4618/2712 1764/4617/2650
f 1791/4665/2641 1789/4682/2660 1795/4668/2641
f 1782/4649/2713 1801/4683/2714 1751/4650/2643
f 1799/4678/2715 1803/4684/2716 1784/4685/2665
f 1751/4686/2681 1802/4687/2682 1799/4688/2649
f 1796/4672/2713 1805/4689/2714 1758/4673/2643
f 1714/4578/2717 1702/4690/2641 1705/4576/2650
f 1718/4608/2718 1754/4601/2719 1709/4691/2665
f 1765/4692/2720 1705/4533/2721 1704/4693/2643
f 1757/4664/2722 1806/4694/2723 1769/4695/2665
f 1806/4694/2724 1785/4696/2641 1769/4695/2665
f 1793/4697/2725 1807/4698/2641 1806/4699/2726
f 1704/4629/2727 1749/4700/2641 1752/4627/2650
f 1799/4701/2728 1752/4598/2729 1751/4702/2643
f 1808/4703/2730 1810/4704/2731 1811/4705/2730
f 1810/4706/2732 1813/4707/2730 1811/4708/2730
f 1815/4709/2733 1817/4710/2730 1814/4711/2730
f 1816/4712/2734 1818/4713/2730 1817/4714/2730
f 1812/4715/2735 1820/4716/2730 1813/4707/2730
f 1821/4717/2730 1809/4718/2736 1808/4719/2730
s 1
f 1697/4720/2737 1699/4721/2738 1698/4722/2739
s 0
f 1698/4723/2740 1823/4724/2730 1818/4713/2730
f 1824/4725/2730 1815/4726/2741 1814/4727/2730
f 1826/4728/2742 1827/4729/2730 1825/4730/2730
s 1
f 1826/4731/2737 1829/4732/2738 1701/4733/2739
s 0
f 1701/4734/2743 1831/4735/2730 1830/4736/2730
f 1828/4737/2744 1825/4730/2730 1832/4738/2730
f 1829/4739/2745 1834/4740/2730 1831/4735/2730
f 1819/4741/2746 1832/4738/2730 1820/4716/2730
s 1
f 1819/4742/2737 1822/4743/2738 1833/4744/2739
s 0
f 1833/4745/2747 1821/4717/2730 1834/4740/2730
f 1699/4746/2748 1830/4736/2730 1823/4724/2730
f 1700/4747/2749 1824/4725/2730 1827/4729/2730
f 1674/4488/2750 1816/4748/2751 1815/4749/2752
f 1673/4750/2753 1698/4751/2754 1816/4752/2738
f 1683/4753/2755 1815/4754/2756 1697/4755/2737
f 1668/4483/2757 1810/4756/2758 1809/4757/2739
f 1667/4758/2759 1812/4759/2760 1810/4760/2737
f 1670/4761/2750 1822/4762/2751 1812/4763/2752
f 1680/4764/2761 1809/4765/2762 1822/4766/2738
f 1690/4767/2763 1833/4768/2764 1829/4769/2738
f 1696/4522/2757 1819/4770/2758 1833/4771/2739
f 1678/4772/2765 1828/4773/2766 1819/4774/2737
f 1691/4775/2750 1829/4776/2751 1828/4777/2752
f 1688/4778/2767 1700/4779/2766 1826/4780/2737
f 1689/4511/2757 1826/4781/2758 1701/4782/2739
f 1738/4783/2768 1836/4784/2730 1835/4785/2730
f 1837/4786/2730 1734/4787/2769 1838/4788/2730
f 1734/4789/2734 1839/4790/2730 1838/4791/2730
f 1840/4792/2730 1739/4793/2736 1841/4794/2730
s 1
f 1737/4795/2737 1842/4796/2738 1736/4797/2739
s 0
f 1736/4798/2740 1843/4799/2730 1839/4790/2730
f 1747/4800/2770 1779/4801/2771 1780/4802/2739
s 1
f 1747/4803/2737 1743/4804/2738 1748/4805/2739
s 0
f 1748/4806/2743 1845/4807/2730 1844/4808/2730
f 1743/4809/2745 1846/4810/2730 1845/4807/2730
f 1744/4811/2772 1847/4812/2771 1776/4813/2739
s 1
f 1744/4814/2737 1740/4815/2738 1742/4816/2739
s 0
f 1742/4817/2747 1840/4792/2730 1846/4810/2730
f 1842/4818/2748 1844/4808/2730 1843/4799/2730
f 1705/4819/2759 1741/4820/2760 1738/4821/2737
f 1717/4822/2773 1842/4823/2774 1746/4824/2752
f 1716/4825/2775 1748/4826/2764 1842/4827/2738
f 1771/4828/2776 1849/4829/2730 1848/4830/2730
f 1851/4831/2777 1837/4832/2730 1850/4833/2730
s 1
f 1767/4834/2737 1779/4835/2738 1768/4836/2739
s 0
f 1768/4837/2778 1746/4838/2779 1737/4839/2737
f 1778/4840/2780 1852/4841/2781 1805/4842/2739
s 1
f 1778/4843/2737 1847/4844/2738 1780/4845/2739
s 0
f 1780/4802/2782 1745/4846/2783 1747/4800/2737
f 1775/4847/2784 1855/4848/2781 1854/4849/2739
s 1
f 1775/4850/2737 1774/4851/2738 1776/4852/2739
s 0
f 1776/4813/2785 1741/4853/2786 1744/4811/2737
f 1769/4655/2787 1851/4854/2788 1770/4855/2752
f 1754/4856/2753 1768/4857/2754 1851/4858/2738
f 1731/4859/2763 1776/4860/2764 1847/4861/2738
f 1764/4862/2765 1853/4863/2766 1775/4864/2737
f 1761/4865/2787 1847/4866/2788 1853/4867/2752
f 1849/4868/2730 1800/4869/2789 1856/4870/2730
f 1800/4871/2732 1857/4872/2730 1856/4873/2730
f 1770/4874/2790 1850/4875/2730 1858/4876/2730
f 1803/4877/2735 1860/4878/2730 1857/4872/2730
s 1
f 1862/4879/2737 1852/4880/2738 1861/4881/2739
s 0
f 1861/4882/2791 1777/4883/2792 1767/4884/2737
f 1864/4885/2730 1865/4886/2741 1866/4887/2730
f 1804/4888/2742 1868/4889/2730 1867/4890/2730
s 1
f 1804/4891/2737 1855/4892/2738 1805/4893/2739
s 0
f 1805/4842/2793 1853/4894/2794 1778/4840/2737
f 1869/4895/2744 1867/4890/2730 1870/4896/2730
f 1859/4897/2746 1870/4896/2730 1860/4878/2730
s 1
f 1859/4898/2737 1802/4899/2738 1854/4900/2739
s 0
f 1854/4849/2795 1773/4901/2796 1775/4847/2737
f 1863/4902/2749 1864/4885/2730 1868/4889/2730
f 1793/4697/2797 1871/4903/2798 1865/4904/2752
f 1806/4905/2753 1861/4906/2754 1871/4907/2738
f 1788/4661/2799 1862/4908/2800 1861/4909/2739
f 1790/4910/2755 1865/4911/2756 1862/4912/2737
f 1782/4913/2759 1803/4914/2760 1800/4915/2737
f 1763/4916/2763 1854/4917/2764 1855/4918/2738
f 1762/4680/2799 1859/4919/2800 1854/4920/2739
f 1787/4921/2765 1869/4922/2766 1859/4923/2737
f 1797/4924/2797 1855/4925/2798 1869/4926/2752
f 1796/4927/2767 1863/4928/2766 1804/4929/2737
f 1789/4930/2797 1852/4931/2798 1863/4932/2752
f 1759/4933/2775 1805/4934/2764 1852/4935/2738
f 1835/4936/2730 1739/4937/2801 1738/4938/2737
f 1851/4831/2802 1737/4839/2803 1735/4939/2752
f 1738/4783/2804 1774/4940/2805 1772/4941/2739
f 1871/4942/2806 1767/4884/2807 1770/4943/2752
f 1858/4944/2730 1871/4942/2808 1770/4943/2752
f 1872/4945/2730 1865/4946/2809 1871/4947/2738
f 1848/4948/2730 1772/4949/2810 1771/4950/2737
f 1771/4828/2811 1802/4951/2812 1801/4952/2739
f 1665/4481/2641 1666/4953/2641 1667/4482/2813
f 1669/4484/2641 1670/4494/2665 1667/4485/2814
f 1672/4487/2641 1673/4954/2649 1674/4488/2815
f 1675/4490/2641 1676/4502/2643 1673/4491/2816
f 1677/4493/2641 1678/4519/2650 1670/4494/2817
f 1679/4495/2641 1665/4955/2641 1668/4496/2818
s 1
f 1681/4498/2649 1682/4528/2665 1683/4499/2650
s 0
f 1684/4501/2641 1681/4524/2649 1676/4502/2819
f 1685/4503/2641 1671/4956/2641 1674/4504/2820
f 1687/4506/2641 1682/4525/2665 1688/4507/2821
s 1
f 1690/4509/2649 1691/4775/2665 1688/4510/2650
s 0
f 1693/4512/2641 1690/4518/2649 1689/4513/2822
f 1686/4508/2641 1688/4507/2650 1691/4515/2823
f 1695/4517/2641 1696/4523/2643 1690/4518/2824
f 1694/4516/2641 1691/4515/2665 1678/4519/2821
s 1
f 1680/4520/2649 1670/4761/2665 1678/4521/2650
s 0
f 1679/4495/2641 1680/4497/2649 1696/4523/2825
f 1692/4514/2641 1689/4513/2643 1681/4524/2824
f 1685/4503/2641 1683/4505/2650 1682/4525/2826
f 1683/4499/2827 1697/4957/2737 1698/4526/2828
f 1681/4498/2829 1699/4958/2738 1700/4527/2830
f 1689/4529/2831 1701/4959/2739 1699/4530/2832
f 1703/4532/2641 1704/4693/2643 1705/4533/2833
f 1706/4535/2641 1707/4960/2641 1708/4536/2834
f 1710/4538/2641 1711/4548/2643 1708/4539/2816
f 1712/4541/2641 1713/4961/2641 1714/4542/2818
s 1
f 1716/4544/2649 1717/4822/2665 1718/4545/2650
s 0
f 1719/4547/2641 1716/4567/2649 1711/4548/2819
f 1721/4549/2835 1717/4606/2665 1722/4550/2836
s 1
f 1724/4552/2649 1725/4592/2665 1722/4553/2650
s 0
f 1727/4555/2641 1724/4559/2649 1723/4556/2822
f 1728/4558/2641 1729/4566/2643 1724/4559/2824
f 1731/4560/2837 1725/4615/2665 1732/4561/2836
s 1
f 1715/4563/2649 1733/4580/2665 1732/4564/2650
s 0
f 1712/4541/2641 1715/4543/2649 1729/4566/2825
f 1726/4557/2641 1723/4556/2643 1716/4567/2824
f 1708/4536/2838 1734/4962/2738 1735/4568/2839
f 1711/4569/2840 1736/4963/2739 1734/4570/2841
f 1718/4545/2842 1737/4964/2737 1736/4572/2843
f 1709/4573/2844 1735/4965/2752 1737/4574/2845
f 1705/4576/2842 1738/4966/2737 1739/4577/2843
f 1715/4563/2838 1740/4967/2738 1741/4579/2839
f 1714/4581/2846 1739/4968/2739 1740/4582/2847
f 1729/4584/2848 1742/4969/2739 1743/4585/2832
f 1732/4564/2842 1744/4970/2737 1742/4587/2843
f 1725/4588/2849 1745/4971/2752 1744/4589/2850
f 1724/4552/2838 1743/4972/2738 1745/4591/2839
f 1717/4593/2851 1746/4973/2752 1747/4594/2850
f 1722/4553/2842 1747/4974/2737 1748/4596/2843
f 1750/4597/2641 1751/4702/2643 1752/4598/2852
f 1706/4600/2641 1709/4691/2665 1754/4601/2853
s 1
f 1721/4603/2649 1756/4643/2665 1757/4604/2650
s 0
f 1717/4606/2854 1721/4549/2649 1755/4607/2855
f 1759/4609/2856 1756/4662/2665 1760/4610/2857
s 1
f 1731/4612/2649 1761/4865/2665 1760/4613/2650
s 0
f 1725/4615/2858 1731/4560/2649 1720/4551/2859
f 1763/4616/2860 1761/4674/2665 1764/4617/2857
s 1
f 1765/4619/2649 1766/4634/2665 1764/4620/2650
s 0
f 1733/4622/2861 1765/4692/2649 1730/4562/2862
f 1757/4604/2863 1767/4975/2737 1768/4623/2864
f 1769/4624/2844 1770/4976/2752 1767/4625/2845
f 1752/4627/2863 1771/4977/2737 1772/4628/2864
f 1766/4630/2865 1773/4978/2752 1771/4631/2866
f 1765/4619/2867 1774/4979/2738 1773/4633/2868
f 1704/4635/2846 1772/4980/2739 1774/4636/2847
f 1764/4620/2863 1775/4981/2737 1776/4638/2864
f 1756/4639/2851 1777/4982/2752 1778/4640/2850
f 1721/4603/2867 1779/4983/2738 1777/4642/2868
f 1720/4644/2831 1780/4984/2739 1779/4645/2832
f 1760/4613/2863 1778/4985/2737 1780/4647/2864
f 1750/4648/2641 1781/4986/2641 1782/4649/2869
f 1783/4651/2641 1784/4658/2665 1782/4652/2814
f 1753/4654/2641 1754/4987/2649 1769/4655/2870
f 1786/4657/2641 1787/4677/2650 1784/4658/2817
s 1
f 1759/4659/2649 1789/4930/2665 1790/4660/2650
s 0
f 1756/4662/2871 1759/4609/2649 1788/4663/2872
f 1791/4665/2641 1792/4988/2641 1793/4666/2820
f 1795/4668/2641 1789/4682/2665 1796/4669/2821
s 1
f 1763/4671/2649 1797/4924/2665 1796/4672/2650
s 0
f 1761/4674/2873 1763/4616/2649 1758/4611/2874
f 1794/4670/2641 1796/4669/2650 1797/4675/2823
f 1798/4676/2641 1797/4675/2665 1787/4677/2821
s 1
f 1799/4678/2649 1784/4685/2665 1787/4679/2650
s 0
f 1766/4681/2875 1799/4701/2649 1762/4618/2876
f 1791/4665/2641 1790/4667/2650 1789/4682/2826
f 1782/4649/2877 1800/4989/2737 1801/4683/2878
f 1799/4678/2879 1802/4990/2738 1803/4684/2880
f 1751/4686/2846 1801/4991/2739 1802/4687/2847
f 1796/4672/2877 1804/4992/2737 1805/4689/2878
f 1714/4578/2881 1713/4993/2641 1702/4690/2641
f 1718/4608/2882 1755/4607/2643 1754/4601/2883
f 1765/4692/2884 1733/4622/2665 1705/4533/2885
f 1757/4664/2886 1788/4663/2643 1806/4694/2728
f 1806/4694/2887 1807/4994/2641 1785/4696/2641
f 1793/4697/2888 1792/4995/2641 1807/4698/2641
f 1704/4629/2889 1703/4996/2641 1749/4700/2641
f 1799/4701/2890 1766/4681/2665 1752/4598/2722
f 1808/4703/2730 1809/4997/2891 1810/4704/2892
f 1810/4706/2893 1812/4715/2752 1813/4707/2730
f 1815/4709/2894 1816/4998/2895 1817/4710/2730
f 1816/4712/2896 1698/4723/2739 1818/4713/2730
f 1812/4715/2897 1819/4741/2737 1820/4716/2730
f 1821/4717/2730 1822/4999/2738 1809/4718/2898
s 1
f 1697/4720/2737 1700/5000/2752 1699/4721/2738
s 0
f 1698/4723/2899 1699/4746/2738 1823/4724/2730
f 1824/4725/2730 1697/5001/2737 1815/4726/2900
f 1826/4728/2901 1700/4747/2752 1827/4729/2730
s 1
f 1826/4731/2737 1828/5002/2752 1829/4732/2738
s 0
f 1701/4734/2902 1829/4739/2738 1831/4735/2730
f 1828/4737/2903 1826/4728/2737 1825/4730/2730
f 1829/4739/2904 1833/4745/2739 1834/4740/2730
f 1819/4741/2901 1828/4737/2752 1832/4738/2730
s 1
f 1819/4742/2737 1812/5003/2752 1822/4743/2738
s 0
f 1833/4745/2905 1822/4999/2738 1821/4717/2730
f 1699/4746/2904 1701/4734/2739 1830/4736/2730
f 1700/4747/2906 1697/5001/2737 1824/4725/2730
f 1674/4488/2907 1673/4954/2649 1816/4748/2908
f 1673/4750/2909 1676/5004/2643 1698/4751/2910
f 1683/4753/2911 1674/5005/2665 1815/4754/2912
f 1668/4483/2913 1667/4482/2650 1810/4756/2914
f 1667/4758/2915 1670/5006/2665 1812/4759/2916
f 1670/4761/2907 1680/4520/2649 1822/4762/2908
f 1680/4764/2917 1668/5007/2643 1809/4765/2918
f 1690/4767/2919 1696/5008/2643 1833/4768/2920
f 1696/4522/2913 1678/4521/2650 1819/4770/2914
f 1678/4772/2921 1691/5009/2665 1828/4773/2922
f 1691/4775/2907 1690/4509/2649 1829/4776/2908
f 1688/4778/2921 1682/5010/2665 1700/4779/2923
f 1689/4511/2913 1688/4510/2650 1826/4781/2914
f 1738/4783/2924 1772/4941/2739 1836/4784/2730
f 1837/4786/2730 1735/5011/2752 1734/4787/2925
f 1734/4789/2896 1736/4798/2739 1839/4790/2730
f 1840/4792/2730 1740/5012/2738 1739/4793/2898
s 1
f 1737/4795/2737 1746/5013/2752 1842/4796/2738
s 0
f 1736/4798/2899 1842/4818/2738 1843/4799/2730
f 1747/4800/2926 1746/4838/2752 1779/4801/2927
s 1
f 1747/4803/2737 1745/5014/2752 1743/4804/2738
s 0
f 1748/4806/2902 1743/4809/2738 1845/4807/2730
f 1743/4809/2904 1742/4817/2739 1846/4810/2730
f 1744/4811/2926 1745/4846/2752 1847/4812/2928
s 1
f 1744/4814/2737 1741/5015/2752 1740/4815/2738
s 0
f 1742/4817/2905 1740/5012/2738 1840/4792/2730
f 1842/4818/2904 1748/4806/2739 1844/4808/2730
f 1705/4819/2915 1733/5016/2665 1741/4820/2916
f 1717/4822/2929 1716/4544/2649 1842/4823/2930
f 1716/4825/2919 1723/5017/2643 1748/4826/2931
f 1771/4828/2932 1801/4952/2739 1849/4829/2730
f 1851/4831/2933 1735/4939/2752 1837/4832/2730
s 1
f 1767/4834/2737 1777/5018/2752 1779/4835/2738
s 0
f 1768/4837/2934 1779/4801/2738 1746/4838/2935
f 1778/4840/2936 1777/4883/2752 1852/4841/2937
s 1
f 1778/4843/2737 1853/5019/2752 1847/4844/2738
s 0
f 1780/4802/2938 1847/4812/2738 1745/4846/2939
f 1775/4847/2936 1853/4894/2752 1855/4848/2940
s 1
f 1775/4850/2737 1773/5020/2752 1774/4851/2738
s 0
f 1776/4813/2941 1774/4940/2738 1741/4853/2942
f 1769/4655/2943 1754/4987/2649 1851/4854/2944
f 1754/4856/2909 1755/5021/2643 1768/4857/2910
f 1731/4859/2919 1730/5022/2643 1776/4860/2920
f 1764/4862/2921 1761/5023/2665 1853/4863/2922
f 1761/4865/2943 1731/4612/2649 1847/4866/2944
f 1849/4868/2730 1801/5024/2739 1800/4869/2945
f 1800/4871/2893 1803/4877/2752 1857/4872/2730
f 1770/4874/2946 1851/5025/2738 1850/4875/2730
f 1803/4877/2897 1859/4897/2737 1860/4878/2730
s 1
f 1862/4879/2737 1863/5026/2752 1852/4880/2738
s 0
f 1861/4882/2947 1852/4841/2738 1777/4883/2948
f 1864/4885/2730 1862/5027/2737 1865/4886/2900
f 1804/4888/2901 1863/4902/2752 1868/4889/2730
s 1
f 1804/4891/2737 1869/5028/2752 1855/4892/2738
s 0
f 1805/4842/2949 1855/4848/2738 1853/4894/2950
f 1869/4895/2903 1804/4888/2737 1867/4890/2730
f 1859/4897/2901 1869/4895/2752 1870/4896/2730
s 1
f 1859/4898/2737 1803/5029/2752 1802/4899/2738
s 0
f 1854/4849/2951 1802/4951/2738 1773/4901/2952
f 1863/4902/2906 1862/5027/2737 1864/4885/2730
f 1793/4697/2953 1806/4699/2649 1871/4903/2954
f 1806/4905/2909 1788/5030/2643 1861/4906/2910
f 1788/4661/2955 1790/4660/2650 1862/4908/2956
f 1790/4910/2911 1793/5031/2665 1865/4911/2912
f 1782/4913/2915 1784/5032/2665 1803/4914/2916
f 1763/4916/2919 1762/5033/2643 1854/4917/2920
f 1762/4680/2955 1787/4679/2650 1859/4919/2956
f 1787/4921/2921 1797/5034/2665 1869/4922/2922
f 1797/4924/2953 1763/4671/2649 1855/4925/2954
f 1796/4927/2921 1789/5035/2665 1863/4928/2923
f 1789/4930/2953 1759/4659/2649 1852/4931/2954
f 1759/4933/2919 1758/5036/2643 1805/4934/2931
f 1835/4936/2730 1841/5037/2730 1739/4937/2957
f 1851/4831/2958 1768/4837/2739 1737/4839/2959
f 1738/4783/2960 1741/4853/2752 1774/4940/2961
f 1871/4942/2812 1861/4882/2739 1767/4884/2962
f 1858/4944/2730 1872/5038/2730 1871/4942/2963
f 1872/4945/2730 1866/5039/2730 1865/4946/2964
f 1848/4948/2730 1836/5040/2730 1772/4949/2965
f 1771/4828/2807 1773/4901/2752 1802/4951/2966
o window_big009
v -15.192931 5.803942 -15.808113
v -15.192931 4.693041 -15.808113
v -15.277633 4.777742 -15.808113
v -15.277633 5.719339 -15.808113
v -16.854034 4.693041 -15.808113
v -16.854034 4.777742 -15.808113
v -22.392334 4.693041 -15.808113
v -22.392334 5.803942 -15.808113
v -22.307632 5.719339 -15.808113
v -22.307632 4.777742 -15.808113
v -20.750839 5.803942 -15.808113
v -20.750839 5.719339 -15.808113
v -16.921432 4.693041 -15.808113
v -16.921432 4.777742 -15.808113
v -16.854034 5.803942 -15.808113
v -16.854034 5.719339 -15.808113
v -20.675842 5.719339 -15.808113
v -20.675842 4.777742 -15.808113
v -20.750839 4.777742 -15.808113
v -20.675842 5.803942 -15.808113
v -20.750839 4.693041 -15.808113
v -18.838638 4.693041 -15.808113
v -20.675842 4.693041 -15.808113
v -18.838638 4.777742 -15.808113
v -18.838638 5.719339 -15.808113
v -18.763840 5.719339 -15.808113
v -18.763840 4.777742 -15.808113
v -18.838638 5.803942 -15.808113
v -18.763840 5.803942 -15.808113
v -18.763840 4.693041 -15.808113
v -16.921432 5.803942 -15.808113
v -16.921432 5.719339 -15.808113
v -20.750839 4.777742 -15.753914
v -20.750839 5.719339 -15.753914
v -20.675842 5.719339 -15.753914
v -20.675842 4.777742 -15.753914
v -18.838638 5.719339 -15.753914
v -15.192931 3.577738 -15.808113
v -15.193038 3.502939 -15.808113
v -15.277633 3.502939 -15.808113
v -15.277633 3.577738 -15.808113
v -22.392334 3.577738 -15.808113
v -22.392334 4.211641 -15.808113
v -22.307632 4.127039 -15.808113
v -22.307632 3.577738 -15.808113
v -20.750839 4.211641 -15.808113
v -20.750839 4.127039 -15.808113
v -16.854034 4.211641 -15.808113
v -15.192931 4.211641 -15.808113
v -15.277633 4.127039 -15.808113
v -16.854034 4.127039 -15.808113
v -20.675842 4.127039 -15.808113
v -20.675842 3.577738 -15.808113
v -20.750839 3.577738 -15.808113
v -20.675842 4.211641 -15.808113
v -18.838638 3.502939 -15.808113
v -20.675842 3.502939 -15.808113
v -18.838638 3.577738 -15.808113
v -18.838638 4.127039 -15.808113
v -18.763840 4.127039 -15.808113
v -18.763840 3.577738 -15.808113
v -18.838638 4.211641 -15.808113
v -18.763840 4.211641 -15.808113
v -16.921432 4.211641 -15.808113
v -16.921432 4.127039 -15.808113
v -16.921432 3.502939 -15.808113
v -18.763840 3.502939 -15.808113
v -16.921432 3.577738 -15.808113
v -16.854034 3.577738 -15.808113
v -22.307632 4.127039 -15.753914
v -22.307632 3.577738 -15.753914
v -20.750839 4.127039 -15.753914
v -20.750839 3.577738 -15.753914
v -15.277633 3.577738 -15.753914
v -15.277633 4.127039 -15.753914
v -16.854034 4.127039 -15.753914
v -16.854034 3.577738 -15.753914
v -16.921432 4.127039 -15.753914
v -18.763840 4.127039 -15.753914
v -16.921432 3.577738 -15.753914
v -18.763840 3.577738 -15.753914
v -20.675842 3.577738 -15.753914
v -18.838638 3.577738 -15.753914
v -18.838638 4.127039 -15.753914
v -15.192931 1.983740 -15.808113
v -15.192931 1.905241 -15.808113
v -15.277633 1.905241 -15.808113
v -15.277633 1.983740 -15.808113
v -22.392334 3.502939 -15.808113
v -22.307632 3.502939 -15.808113
v -20.750839 3.502939 -15.808113
v -20.675842 1.983740 -15.808113
v -20.750839 1.983740 -15.808113
v -18.838638 1.905241 -15.808113
v -20.675842 1.905241 -15.808113
v -18.838638 1.983740 -15.808113
v -18.763840 1.983740 -15.808113
v -16.921432 1.905241 -15.808113
v -18.763840 1.905241 -15.808113
v -16.921432 1.983740 -15.808113
v -16.854034 3.502939 -15.808113
v -16.854034 1.983740 -15.808113
v -20.750839 1.983740 -15.753914
v -20.750839 3.502939 -15.753914
v -22.307632 1.983740 -15.808113
v -22.307632 1.983740 -15.753914
v -15.277633 1.983740 -15.753914
v -15.277633 3.502939 -15.753914
v -16.854034 1.983740 -15.753914
v -16.854034 3.502939 -15.753914
v -16.921432 1.983740 -15.753914
v -16.921432 3.502939 -15.753914
v -20.675842 1.983740 -15.753914
v -18.838638 1.983740 -15.753914
v -20.675842 3.502939 -15.753914
v -18.838638 3.502939 -15.753914
v -15.192931 0.749140 -15.808113
v -15.277633 0.833841 -15.808113
v -16.854034 0.749140 -15.808113
v -16.854034 0.833841 -15.808113
v -22.392334 1.983740 -15.808113
v -16.921432 0.749140 -15.808113
v -16.921432 0.833841 -15.808113
v -20.750839 1.905241 -15.808113
v -20.675842 0.833841 -15.808113
v -20.750839 0.833841 -15.808113
v -20.750839 0.749140 -15.808113
v -22.392334 0.749140 -15.808113
v -22.307632 0.833841 -15.808113
v -18.838638 0.749140 -15.808113
v -20.675842 0.749140 -15.808113
v -18.838638 0.833841 -15.808113
v -18.763840 0.833841 -15.808113
v -18.763840 0.749140 -15.808113
v -16.854034 1.905241 -15.808113
v -15.277633 0.833841 -15.753914
v -15.277633 1.905241 -15.753914
v -16.854034 1.905241 -15.753914
v -16.854034 0.833841 -15.753914
v -18.838638 0.833841 -15.753914
v -18.838638 1.905241 -15.753914
v -22.307632 1.905241 -15.808113
v -22.392334 1.905241 -15.808113
v -15.192931 5.803942 -15.753914
v -15.277633 5.719339 -15.753914
v -15.277633 4.777742 -15.753914
v -15.192931 4.693041 -15.753914
v -16.854034 4.777742 -15.753914
v -16.854034 4.693041 -15.753914
v -22.392334 4.693041 -15.753914
v -22.307632 4.777742 -15.753914
v -22.307632 5.719339 -15.753914
v -22.392334 5.803942 -15.753914
v -20.750839 5.803942 -15.753914
v -16.921432 4.777742 -15.753914
v -16.921432 4.693041 -15.753914
v -16.854034 5.803942 -15.753914
v -16.854034 5.719339 -15.753914
v -20.675842 5.803942 -15.753914
v -20.750839 4.693041 -15.753914
v -18.838638 4.693041 -15.753914
v -18.838638 4.777742 -15.753914
v -20.675842 4.693041 -15.753914
v -18.763840 4.777742 -15.753914
v -18.763840 5.719339 -15.753914
v -18.838638 5.803942 -15.753914
v -18.763840 5.803942 -15.753914
v -18.763840 4.693041 -15.753914
v -16.921432 5.719339 -15.753914
v -16.921432 5.803942 -15.753914
v -15.192931 3.577738 -15.753914
v -15.193038 3.502939 -15.753914
v -22.392334 3.577738 -15.753914
v -22.392334 4.211641 -15.753914
v -20.750839 4.211641 -15.753914
v -16.854034 4.211641 -15.753914
v -15.192931 4.211641 -15.753914
v -20.675842 4.127039 -15.753914
v -20.675842 4.211641 -15.753914
v -18.838638 4.211641 -15.753914
v -18.763840 4.211641 -15.753914
v -16.921432 4.211641 -15.753914
v -18.763840 3.502939 -15.753914
v -15.192931 1.983740 -15.753914
v -15.192931 1.905241 -15.753914
v -22.392334 3.502939 -15.753914
v -22.307632 3.502939 -15.753914
v -20.675842 1.905241 -15.753914
v -18.763840 1.983740 -15.753914
v -16.921432 1.905241 -15.753914
v -18.763840 1.905241 -15.753914
v -15.192931 0.749140 -15.753914
v -16.854034 0.749140 -15.753914
v -22.392334 1.983740 -15.753914
v -16.921432 0.833841 -15.753914
v -16.921432 0.749140 -15.753914
v -20.750839 1.905241 -15.753914
v -20.750839 0.833841 -15.753914
v -20.675842 0.833841 -15.753914
v -20.750839 0.749140 -15.753914
v -22.307632 0.833841 -15.753914
v -22.392334 0.749140 -15.753914
v -18.838638 0.749140 -15.753914
v -20.675842 0.749140 -15.753914
v -18.763840 0.833841 -15.753914
v -18.763840 0.749140 -15.753914
v -22.307632 1.905241 -15.753914
v -22.392334 1.905241 -15.753914
vn -0.0000 -0.0000 -1.0000
vn -0.4033 0.1385 -0.9045
vn -0.3015 -0.3015 -0.9045
vn -0.3142 0.2883 -0.9045
vn 0.2810 0.3207 -0.9045
vn 0.3144 -0.2881 -0.9045
vn 0.1406 0.4025 -0.9045
vn -0.1361 -0.4041 -0.9045
vn 0.3015 -0.3015 -0.9045
vn -0.3015 0.3015 -0.9045
vn -0.1513 -0.3987 -0.9045
vn 0.1362 0.4041 -0.9045
vn -0.3129 0.2897 -0.9045
vn -0.1510 -0.3988 -0.9045
vn 0.1509 0.3988 -0.9045
vn 0.3128 -0.2898 -0.9045
vn -0.3128 0.2897 -0.9045
vn -0.1408 -0.4025 -0.9045
vn 0.3129 -0.2897 -0.9045
vn 0.1512 0.3987 -0.9045
vn -0.3015 -0.0756 -0.9505
vn -0.3015 -0.3395 0.8910
vn 0.3015 0.0756 -0.9505
vn 0.3015 0.3395 0.8910
vn 0.3015 0.3015 -0.9045
vn 0.0826 -0.3015 -0.9499
vn 0.3211 -0.3015 0.8978
vn -0.3987 0.1510 -0.9045
vn 0.4013 -0.1442 -0.9045
vn 0.2157 -0.3678 -0.9045
vn -0.3116 0.2911 -0.9045
vn -0.3115 0.2911 -0.9045
vn 0.3015 0.0653 -0.9512
vn 0.3015 0.3661 0.8804
vn 0.0813 -0.3015 -0.9500
vn 0.3246 -0.3015 0.8965
vn -0.3015 -0.0653 -0.9512
vn -0.3015 -0.3661 0.8804
vn -0.0813 0.3015 -0.9500
vn -0.3246 0.3015 0.8965
vn 0.0814 -0.3015 -0.9500
vn 0.3243 -0.3015 0.8966
vn 0.3210 -0.3015 0.8978
vn -0.0826 0.3015 -0.9499
vn -0.3210 0.3015 0.8978
vn -0.3211 0.3015 0.8978
vn -0.3970 0.1557 -0.9045
vn 0.3988 -0.1509 -0.9045
vn 0.3941 0.1629 -0.9045
vn -0.1635 -0.3938 -0.9045
vn 0.2158 -0.3677 -0.9045
vn -0.3121 0.2906 -0.9045
vn 0.3940 0.1631 -0.9045
vn -0.1632 -0.3939 -0.9045
vn -0.3120 0.2906 -0.9045
vn 0.3896 0.1733 -0.9045
vn -0.1529 -0.3980 -0.9045
vn -0.3015 -0.0811 -0.9500
vn -0.3015 -0.3251 0.8963
vn -0.0814 0.3015 -0.9500
vn -0.3243 0.3015 0.8966
vn 0.3015 0.0811 -0.9500
vn 0.3015 0.3251 0.8963
vn -0.4033 0.1382 -0.9046
vn -0.3014 -0.3015 -0.9046
vn 0.2872 0.3152 -0.9045
vn 0.3921 0.1676 -0.9045
vn -0.1587 -0.3958 -0.9045
vn 0.3920 0.1679 -0.9045
vn -0.1584 -0.3959 -0.9045
vn 0.3875 0.1780 -0.9045
vn -0.1481 -0.3998 -0.9045
vn -0.3015 -0.0773 -0.9503
vn -0.3015 -0.3349 0.8927
vn 0.3015 0.0773 -0.9503
vn 0.3015 0.3349 0.8927
vn -0.4013 -0.1441 -0.9045
vn -0.2162 0.3675 -0.9045
vn 0.3133 -0.2892 -0.9045
vn 0.2161 -0.3676 -0.9045
vn -0.3132 0.2894 -0.9045
vn -0.2163 0.3675 -0.9045
vn 0.3139 -0.2886 -0.9045
vn 0.1706 -0.3908 -0.9045
vn 0.4033 0.1382 -0.9046
vn 0.3014 -0.3015 -0.9046
vn -0.2872 0.3152 -0.9045
vn 0.2163 -0.3675 -0.9045
vn -0.3138 0.2887 -0.9045
vn -0.0000 -0.0000 1.0000
vn -0.2810 0.3207 0.9045
vn -0.3142 0.2883 0.9045
vn 0.2810 0.3207 0.9045
vn 0.3143 -0.2881 0.9045
vn 0.1406 0.4026 0.9045
vn -0.3142 -0.2882 0.9045
vn -0.3015 0.3015 0.9045
vn 0.3015 -0.3015 0.9045
vn -0.3015 -0.3015 0.9045
vn -0.1512 -0.3987 0.9045
vn 0.3143 0.2881 0.9045
vn -0.3129 0.2897 0.9045
vn -0.1510 -0.3988 0.9045
vn 0.1509 0.3988 0.9045
vn 0.3128 -0.2898 0.9045
vn -0.3128 0.2897 0.9045
vn -0.1407 -0.4025 0.9045
vn 0.3129 -0.2897 0.9045
vn 0.1511 0.3987 0.9045
vn 0.3015 0.3395 -0.8910
vn 0.3015 0.0756 0.9505
vn 0.3015 0.3015 0.9045
vn 0.3246 -0.3015 -0.8965
vn 0.0813 -0.3015 0.9500
vn -0.3246 0.3015 -0.8965
vn -0.0813 0.3015 0.9500
vn -0.3015 -0.3395 -0.8910
vn -0.3015 -0.0756 0.9505
vn -0.3243 0.3015 -0.8966
vn -0.0814 0.3015 0.9500
vn 0.3243 -0.3015 -0.8966
vn 0.0814 -0.3015 0.9500
vn 0.3210 -0.3015 -0.8978
vn 0.0826 -0.3015 0.9499
vn -0.3210 0.3015 -0.8978
vn -0.0826 0.3015 0.9499
vn -0.3211 0.3015 -0.8978
vn -0.3988 0.1510 0.9045
vn 0.2625 -0.3360 0.9045
vn -0.3116 0.2911 0.9045
vn 0.2157 -0.3678 0.9045
vn -0.3115 0.2911 0.9045
vn 0.3015 0.3661 -0.8804
vn 0.3015 0.0653 0.9512
vn 0.3211 -0.3015 -0.8978
vn -0.3970 0.1556 0.9045
vn 0.3988 -0.1509 0.9045
vn -0.1634 -0.3938 0.9045
vn 0.3940 0.1629 0.9045
vn -0.3121 0.2906 0.9045
vn 0.2158 -0.3677 0.9045
vn -0.1631 -0.3940 0.9045
vn 0.3939 0.1632 0.9045
vn -0.3120 0.2906 0.9045
vn -0.1528 -0.3981 0.9045
vn 0.3895 0.1734 0.9045
vn 0.3015 0.3251 -0.8963
vn 0.3015 0.0811 0.9500
vn -0.2819 0.3200 0.9045
vn 0.2872 0.3152 0.9045
vn -0.1586 -0.3958 0.9045
vn 0.3920 0.1677 0.9045
vn -0.1584 -0.3959 0.9045
vn 0.3919 0.1679 0.9045
vn -0.1481 -0.3999 0.9045
vn 0.3874 0.1780 0.9045
vn 0.3015 0.3349 -0.8927
vn 0.3015 0.0773 0.9503
vn -0.3015 -0.3349 -0.8927
vn -0.3015 -0.0773 0.9503
vn -0.4013 -0.1441 0.9045
vn 0.3133 -0.2892 0.9045
vn -0.2162 0.3675 0.9045
vn -0.3132 0.2894 0.9045
vn 0.2161 -0.3676 0.9045
vn 0.3139 -0.2886 0.9045
vn -0.2163 0.3675 0.9045
vn 0.1707 -0.3908 0.9045
vn 0.4035 0.1381 0.9045
vn -0.3673 0.2166 0.9045
vn -0.3138 0.2887 0.9045
vn 0.2163 -0.3675 0.9045
vn -0.2810 0.3207 -0.9045
vn -0.1361 0.4041 -0.9045
vn 0.4033 0.1385 -0.9045
vn 0.1362 -0.4041 -0.9045
vn 0.3841 0.1852 -0.9045
vn -0.3142 -0.2883 -0.9045
vn -0.3889 -0.1749 -0.9045
vn 0.3143 0.2881 -0.9045
vn -0.2160 0.3676 -0.9045
vn -0.3888 -0.1752 -0.9045
vn 0.3887 0.1753 -0.9045
vn 0.2160 -0.3676 -0.9045
vn -0.3841 -0.1851 -0.9045
vn 0.3888 0.1750 -0.9045
vn -0.3015 0.3395 -0.8910
vn -0.3015 0.0756 0.9505
vn 0.3015 -0.3395 -0.8910
vn 0.3015 -0.0756 0.9505
vn -0.3211 -0.3015 -0.8978
vn -0.0826 -0.3015 0.9499
vn -0.1752 0.3888 -0.9045
vn 0.2624 -0.3361 -0.9045
vn 0.3116 -0.2911 -0.9045
vn -0.2157 0.3678 -0.9045
vn 0.3115 -0.2911 -0.9045
vn 0.3015 -0.3661 -0.8804
vn 0.3015 -0.0653 0.9512
vn -0.3246 -0.3015 -0.8965
vn -0.0813 -0.3015 0.9500
vn -0.3015 0.3661 -0.8804
vn -0.3015 0.0653 0.9512
vn 0.3246 0.3015 -0.8965
vn 0.0813 0.3015 0.9500
vn -0.3243 -0.3015 -0.8966
vn -0.0814 -0.3015 0.9500
vn -0.3210 -0.3015 -0.8978
vn 0.3210 0.3015 -0.8978
vn 0.0826 0.3015 0.9499
vn 0.3211 0.3015 -0.8978
vn -0.1706 0.3908 -0.9045
vn 0.1753 -0.3887 -0.9045
vn 0.1635 0.3938 -0.9045
vn -0.3941 -0.1629 -0.9045
vn 0.3121 -0.2906 -0.9045
vn -0.2158 0.3677 -0.9045
vn 0.1632 0.3939 -0.9045
vn -0.3940 -0.1631 -0.9045
vn 0.3120 -0.2906 -0.9045
vn 0.1529 0.3980 -0.9045
vn -0.3896 -0.1733 -0.9045
vn -0.3015 0.3251 -0.8963
vn -0.3015 0.0811 0.9500
vn 0.3243 0.3015 -0.8966
vn 0.0814 0.3015 0.9500
vn 0.3015 -0.3251 -0.8963
vn 0.3015 -0.0811 0.9500
vn -0.2818 0.3199 -0.9046
vn 0.3673 0.2166 -0.9045
vn 0.1587 0.3958 -0.9045
vn -0.3921 -0.1676 -0.9045
vn 0.1584 0.3959 -0.9045
vn -0.3920 -0.1679 -0.9045
vn 0.1481 0.3998 -0.9045
vn -0.3875 -0.1780 -0.9045
vn -0.3015 0.3349 -0.8927
vn -0.3015 0.0773 0.9503
vn 0.3015 -0.3349 -0.8927
vn 0.3015 -0.0773 0.9503
vn -0.2625 -0.3360 -0.9045
vn -0.3133 0.2892 -0.9045
vn 0.2162 -0.3675 -0.9045
vn 0.3132 -0.2894 -0.9045
vn -0.2161 0.3676 -0.9045
vn -0.3139 0.2886 -0.9045
vn 0.3970 -0.1557 -0.9045
vn 0.2819 0.3199 -0.9045
vn -0.3673 0.2166 -0.9045
vn 0.3138 -0.2887 -0.9045
vn -0.3016 -0.3015 0.9045
vn -0.4033 0.1385 0.9045
vn -0.1361 0.4041 0.9045
vn 0.4033 0.1384 0.9045
vn 0.1361 -0.4041 0.9045
vn 0.3841 0.1852 0.9045
vn -0.1361 -0.4041 0.9045
vn -0.3888 -0.1750 0.9045
vn 0.1362 0.4041 0.9045
vn -0.2160 0.3676 0.9045
vn -0.3887 -0.1752 0.9045
vn 0.3887 0.1753 0.9045
vn 0.2160 -0.3676 0.9045
vn -0.3841 -0.1851 0.9045
vn 0.3888 0.1751 0.9045
vn 0.3015 -0.0756 -0.9505
vn 0.3015 -0.3395 0.8910
vn -0.0813 -0.3015 -0.9500
vn -0.3246 -0.3015 0.8965
vn 0.0813 0.3015 -0.9500
vn 0.3246 0.3015 0.8965
vn -0.3015 0.0756 -0.9505
vn -0.3015 0.3395 0.8910
vn 0.0814 0.3015 -0.9500
vn 0.3243 0.3015 0.8966
vn -0.0814 -0.3015 -0.9500
vn -0.3243 -0.3015 0.8966
vn -0.0826 -0.3015 -0.9499
vn -0.3210 -0.3015 0.8978
vn 0.0826 0.3015 -0.9499
vn 0.3210 0.3015 0.8978
vn 0.3211 0.3015 0.8978
vn -0.1752 0.3887 0.9045
vn 0.4013 -0.1441 0.9045
vn -0.2157 0.3678 0.9045
vn 0.3116 -0.2911 0.9045
vn 0.3115 -0.2911 0.9045
vn 0.3015 -0.0653 -0.9512
vn 0.3015 -0.3661 0.8804
vn -0.3211 -0.3015 0.8978
vn -0.1707 0.3908 0.9045
vn 0.1753 -0.3887 0.9045
vn -0.3940 -0.1629 0.9045
vn 0.1634 0.3938 0.9045
vn -0.2158 0.3677 0.9045
vn 0.3121 -0.2906 0.9045
vn -0.3939 -0.1632 0.9045
vn 0.1631 0.3940 0.9045
vn 0.3120 -0.2906 0.9045
vn -0.3896 -0.1734 0.9045
vn 0.1528 0.3981 0.9045
vn 0.3015 -0.0811 -0.9500
vn 0.3015 -0.3251 0.8963
vn -0.4034 0.1382 0.9045
vn 0.3673 0.2166 0.9045
vn -0.3920 -0.1677 0.9045
vn 0.1586 0.3958 0.9045
vn -0.3919 -0.1679 0.9045
vn 0.1584 0.3959 0.9045
vn -0.3874 -0.1780 0.9045
vn 0.1481 0.3999 0.9045
vn 0.3015 -0.0773 -0.9503
vn 0.3015 -0.3349 0.8927
vn -0.3015 0.0773 -0.9503
vn -0.3015 0.3349 0.8927
vn -0.2625 -0.3360 0.9045
vn 0.2162 -0.3675 0.9045
vn -0.3133 0.2892 0.9045
vn -0.2161 0.3676 0.9045
vn 0.3132 -0.2894 0.9045
vn -0.3139 0.2886 0.9045
vn 0.3970 -0.1556 0.9045
vn 0.2819 0.3199 0.9045
vn -0.2872 0.3152 0.9045
vn 0.3138 -0.2887 0.9045
vt 0.658300 0.492800
vt 0.522300 0.481600
vt 0.647000 0.481600
vt 0.240100 0.240100
vt 0.031200 0.251100
vt 0.020000 0.239900
vt 0.826800 0.415800
vt 0.690900 0.427000
vt 0.679600 0.415800
vt 0.756300 0.339000
vt 0.962600 0.328000
vt 0.973800 0.339300
vt 0.249000 0.240100
vt 0.240100 0.251300
vt 0.240100 0.339000
vt 0.031200 0.328000
vt 0.240100 0.327800
vt 0.804400 0.641800
vt 0.679600 0.631900
vt 0.804400 0.631900
vt 0.746400 0.339000
vt 0.756300 0.327800
vt 0.756300 0.240100
vt 0.962600 0.251100
vt 0.756300 0.251300
vt 0.746400 0.240100
vt 0.503000 0.251300
vt 0.503000 0.240100
vt 0.804400 0.594100
vt 0.679600 0.584200
vt 0.804400 0.584200
vt 0.493100 0.339100
vt 0.503000 0.327900
vt 0.503000 0.339100
vt 0.493100 0.251300
vt 0.493100 0.240100
vt 0.249000 0.339000
vt 0.493100 0.327900
vt 0.249000 0.251300
vt 0.804400 0.549200
vt 0.679600 0.540200
vt 0.804400 0.540200
vt 0.249000 0.327800
vt 0.746400 0.327800
vt 0.746400 0.251300
vt 0.804400 0.624700
vt 0.679600 0.649000
vt 0.679600 0.641800
vt 0.020000 0.606200
vt 0.263400 0.599000
vt 0.263400 0.606200
vt 0.020000 0.071300
vt 0.031200 0.081200
vt 0.020000 0.081200
vt 0.862900 0.379100
vt 0.935700 0.390400
vt 0.862900 0.390400
vt 0.756300 0.309700
vt 0.962600 0.298700
vt 0.973800 0.309900
vt 0.240100 0.309700
vt 0.031200 0.298700
vt 0.240100 0.298500
vt 0.323700 0.733400
vt 0.250900 0.723500
vt 0.323700 0.723500
vt 0.746400 0.309700
vt 0.756300 0.298500
vt 0.746400 0.071300
vt 0.503000 0.081200
vt 0.503000 0.071300
vt 0.323700 0.817700
vt 0.250900 0.807800
vt 0.323700 0.807800
vt 0.493100 0.309800
vt 0.503000 0.298600
vt 0.503000 0.309800
vt 0.249000 0.309700
vt 0.493100 0.298600
vt 0.493100 0.071300
vt 0.249000 0.081200
vt 0.249000 0.071300
vt 0.323700 0.776400
vt 0.250900 0.767400
vt 0.323700 0.767400
vt 0.249000 0.298500
vt 0.746400 0.298500
vt 0.862900 0.397500
vt 0.020000 0.892000
vt 0.226300 0.884900
vt 0.226300 0.892000
vt 0.323700 0.716300
vt 0.226300 0.928800
vt 0.020000 0.936000
vt 0.020000 0.928800
vt 0.247200 0.910400
vt 0.320000 0.903200
vt 0.320000 0.910400
vt 0.250900 0.783600
vt 0.250900 0.776400
vt 0.020000 0.870100
vt 0.228900 0.862900
vt 0.228900 0.870100
vt 0.020000 0.496300
vt 0.264100 0.489100
vt 0.264100 0.496300
vt 0.323700 0.760300
vt 0.264100 0.423100
vt 0.020000 0.430300
vt 0.020000 0.423100
vt 0.250900 0.824800
vt 0.250900 0.817700
vt 0.263400 0.665000
vt 0.020000 0.672200
vt 0.020000 0.665000
vt 0.323700 0.800600
vt 0.020000 0.097000
vt 0.031200 0.107400
vt 0.020000 0.107400
vt 0.973800 0.081200
vt 0.962600 0.071300
vt 0.973800 0.071300
vt 0.488800 0.513500
vt 0.287500 0.503600
vt 0.488800 0.503600
vt 0.746400 0.081200
vt 0.756400 0.071300
vt 0.756400 0.081200
vt 0.746400 0.097000
vt 0.503000 0.107400
vt 0.503000 0.097000
vt 0.488800 0.473200
vt 0.287500 0.463300
vt 0.488800 0.463300
vt 0.493100 0.081200
vt 0.493100 0.097000
vt 0.249000 0.107400
vt 0.249000 0.097000
vt 0.488800 0.431900
vt 0.287500 0.423000
vt 0.488800 0.423000
vt 0.240100 0.081200
vt 0.488800 0.496400
vt 0.721000 0.357200
vt 0.514700 0.364300
vt 0.514700 0.357200
vt 0.287500 0.573200
vt 0.488800 0.566000
vt 0.488800 0.573200
vt 0.228900 0.709000
vt 0.020000 0.716100
vt 0.020000 0.709000
vt 0.287500 0.439100
vt 0.287500 0.431900
vt 0.020000 0.826100
vt 0.228900 0.818900
vt 0.228900 0.826100
vt 0.488800 0.415800
vt 0.263400 0.621000
vt 0.020000 0.628200
vt 0.020000 0.621000
vt 0.287500 0.520700
vt 0.287500 0.513500
vt 0.020000 0.694200
vt 0.263400 0.687000
vt 0.263400 0.694200
vt 0.488800 0.456100
vt 0.840100 0.397500
vt 0.698200 0.386300
vt 0.840100 0.386300
vt 0.240100 0.269400
vt 0.031200 0.280400
vt 0.020000 0.269200
vt 0.488800 0.379100
vt 0.287500 0.390400
vt 0.287500 0.379100
vt 0.249000 0.269400
vt 0.240100 0.280600
vt 0.653000 0.627100
vt 0.511100 0.617200
vt 0.653000 0.617200
vt 0.746400 0.107400
vt 0.756400 0.097000
vt 0.756400 0.107400
vt 0.756300 0.269400
vt 0.962600 0.280400
vt 0.756300 0.280600
vt 0.746400 0.269400
vt 0.503000 0.280600
vt 0.503000 0.269400
vt 0.653000 0.667400
vt 0.511100 0.657500
vt 0.653000 0.657500
vt 0.493100 0.107400
vt 0.493100 0.280600
vt 0.493100 0.269400
vt 0.249000 0.280600
vt 0.653000 0.585800
vt 0.511100 0.576900
vt 0.653000 0.576900
vt 0.240100 0.107400
vt 0.746400 0.280600
vt 0.840100 0.379100
vt 0.511100 0.593000
vt 0.511100 0.585800
vt 0.020000 0.848100
vt 0.228900 0.840900
vt 0.228900 0.848100
vt 0.653000 0.650300
vt 0.247200 0.921600
vt 0.962600 0.081200
vt 0.240100 0.071300
vt 0.031200 0.071300
vt 0.962600 0.097000
vt 0.962600 0.107400
vt 0.973800 0.107400
vt 0.522300 0.390400
vt 0.664200 0.379100
vt 0.664200 0.390400
vt 0.488800 0.584400
vt 0.287500 0.584400
vt 0.240100 0.097000
vt 0.031200 0.097000
vt 0.511100 0.522800
vt 0.647000 0.511100
vt 0.658300 0.522200
vt 0.031200 0.210800
vt 0.240100 0.221800
vt 0.020000 0.222000
vt 0.647000 0.551600
vt 0.511100 0.540400
vt 0.658200 0.540400
vt 0.962600 0.133800
vt 0.756300 0.122800
vt 0.973800 0.122600
vt 0.240100 0.210600
vt 0.249000 0.221800
vt 0.240100 0.122800
vt 0.031200 0.133800
vt 0.020000 0.122600
vt 0.372000 0.969200
vt 0.247200 0.979100
vt 0.247200 0.969200
vt 0.756300 0.134000
vt 0.746400 0.122800
vt 0.756300 0.221800
vt 0.962600 0.210800
vt 0.973800 0.222000
vt 0.503000 0.210600
vt 0.746400 0.221800
vt 0.503000 0.221800
vt 0.372000 0.939800
vt 0.247200 0.949800
vt 0.247200 0.939800
vt 0.503000 0.134000
vt 0.493100 0.122800
vt 0.503000 0.122800
vt 0.493100 0.210600
vt 0.493100 0.221800
vt 0.493100 0.134000
vt 0.249000 0.122800
vt 0.249000 0.210600
vt 0.800700 0.665000
vt 0.676000 0.673900
vt 0.676000 0.665000
vt 0.249000 0.134000
vt 0.746400 0.134000
vt 0.746400 0.210600
vt 0.815600 0.434200
vt 0.690900 0.434200
vt 0.948200 0.364300
vt 0.741900 0.357200
vt 0.948200 0.357200
vt 0.287500 0.357200
vt 0.493800 0.364300
vt 0.287500 0.364300
vt 0.522300 0.474400
vt 0.647000 0.474400
vt 0.020000 0.796900
vt 0.228900 0.804100
vt 0.020000 0.804100
vt 0.679600 0.549200
vt 0.804400 0.556300
vt 0.679600 0.556300
vt 0.228900 0.738100
vt 0.020000 0.731000
vt 0.228900 0.731000
vt 0.264100 0.452300
vt 0.020000 0.445100
vt 0.264100 0.445100
vt 0.679600 0.533100
vt 0.804400 0.533100
vt 0.020000 0.467100
vt 0.264100 0.474300
vt 0.020000 0.474300
vt 0.679600 0.594100
vt 0.804400 0.601300
vt 0.679600 0.601300
vt 0.020000 0.577000
vt 0.263400 0.584200
vt 0.020000 0.584200
vt 0.679600 0.577000
vt 0.804400 0.577000
vt 0.031200 0.020000
vt 0.020000 0.029900
vt 0.020000 0.020000
vt 0.334900 0.844900
vt 0.262000 0.855800
vt 0.250900 0.844600
vt 0.962600 0.192500
vt 0.756300 0.181500
vt 0.973800 0.181200
vt 0.240100 0.181500
vt 0.031200 0.192500
vt 0.020000 0.181200
vt 0.921000 0.415800
vt 0.848200 0.425700
vt 0.848200 0.415800
vt 0.756300 0.192700
vt 0.746400 0.181500
vt 0.503000 0.020000
vt 0.746400 0.029900
vt 0.503000 0.029900
vt 0.917300 0.445100
vt 0.844600 0.455000
vt 0.844600 0.445100
vt 0.503000 0.192600
vt 0.493100 0.181400
vt 0.503000 0.181400
vt 0.493100 0.192600
vt 0.249000 0.181500
vt 0.249000 0.020000
vt 0.493100 0.029900
vt 0.249000 0.029900
vt 0.411600 0.716300
vt 0.338800 0.725200
vt 0.338800 0.716300
vt 0.249000 0.192700
vt 0.746400 0.192700
vt 0.020000 0.752900
vt 0.228900 0.760100
vt 0.020000 0.760100
vt 0.250900 0.733400
vt 0.323700 0.740600
vt 0.250900 0.740600
vt 0.263400 0.562200
vt 0.020000 0.555000
vt 0.263400 0.555000
vt 0.031200 0.045700
vt 0.020000 0.056100
vt 0.020000 0.045700
vt 0.962600 0.029900
vt 0.973800 0.020000
vt 0.973800 0.029900
vt 0.488800 0.657700
vt 0.287500 0.667600
vt 0.287500 0.657700
vt 0.756400 0.029900
vt 0.746400 0.020000
vt 0.756400 0.020000
vt 0.503000 0.045700
vt 0.746400 0.056100
vt 0.503000 0.056100
vt 0.488800 0.683300
vt 0.287500 0.693200
vt 0.287500 0.683300
vt 0.493100 0.020000
vt 0.249000 0.045700
vt 0.493100 0.056100
vt 0.249000 0.056100
vt 0.488800 0.602700
vt 0.287500 0.611600
vt 0.287500 0.602700
vt 0.240100 0.020000
vt 0.488800 0.397500
vt 0.287500 0.397500
vt 0.226300 0.980000
vt 0.020000 0.972800
vt 0.226300 0.972800
vt 0.264100 0.408300
vt 0.020000 0.401100
vt 0.264100 0.401100
vt 0.020000 0.511100
vt 0.264100 0.518200
vt 0.020000 0.518200
vt 0.287500 0.473200
vt 0.488800 0.480400
vt 0.287500 0.480400
vt 0.511100 0.427000
vt 0.653100 0.416400
vt 0.664200 0.427700
vt 0.031200 0.152100
vt 0.240100 0.163100
vt 0.020000 0.163400
vt 0.488800 0.639600
vt 0.287500 0.628300
vt 0.488800 0.628300
vt 0.240100 0.151900
vt 0.249000 0.163100
vt 0.821600 0.481800
vt 0.679600 0.491700
vt 0.679600 0.481800
vt 0.756400 0.056100
vt 0.746400 0.045700
vt 0.756400 0.045700
vt 0.756300 0.163100
vt 0.962600 0.152100
vt 0.973800 0.163400
vt 0.503000 0.152000
vt 0.746400 0.163100
vt 0.503000 0.163200
vt 0.821600 0.507400
vt 0.679600 0.517300
vt 0.679600 0.507400
vt 0.493100 0.045700
vt 0.493100 0.152000
vt 0.493100 0.163200
vt 0.249000 0.151900
vt 0.821600 0.452400
vt 0.679600 0.461400
vt 0.679600 0.452400
vt 0.240100 0.045700
vt 0.746400 0.151900
vt 0.664200 0.397500
vt 0.522300 0.397500
vt 0.226300 0.914000
vt 0.020000 0.906900
vt 0.226300 0.906900
vt 0.511100 0.610000
vt 0.653000 0.610000
vt 0.020000 0.950800
vt 0.226300 0.958000
vt 0.020000 0.958000
vt 0.020000 0.774900
vt 0.228900 0.782100
vt 0.020000 0.782100
vt 0.264100 0.364300
vt 0.020000 0.357200
vt 0.264100 0.357200
vt 0.511100 0.569700
vt 0.653000 0.569700
vt 0.020000 0.379100
vt 0.264100 0.386300
vt 0.020000 0.386300
vt 0.511100 0.667400
vt 0.653000 0.674600
vt 0.511100 0.674600
vt 0.020000 0.643000
vt 0.263400 0.650200
vt 0.020000 0.650200
vt 0.511100 0.627100
vt 0.653000 0.634300
vt 0.511100 0.634300
vt 0.263400 0.540200
vt 0.020000 0.533100
vt 0.263400 0.533100
vt 0.331200 0.885100
vt 0.258400 0.874200
vt 0.331100 0.873900
vt 0.962600 0.020000
vt 0.240100 0.029900
vt 0.031200 0.029900
vt 0.962600 0.056100
vt 0.962600 0.045700
vt 0.973800 0.045700
vt 0.511100 0.445300
vt 0.653000 0.456300
vt 0.511100 0.456500
vt 0.488800 0.536700
vt 0.287500 0.547900
vt 0.287500 0.536700
vt 0.240100 0.056100
vt 0.031200 0.056100
vt 0.511100 0.492800
vt 0.815600 0.427000
vt 0.020000 0.339300
vt 0.973800 0.239900
vt 0.679600 0.624700
vt 0.804400 0.649000
vt 0.020000 0.599000
vt 0.946900 0.379100
vt 0.020000 0.309900
vt 0.935700 0.397500
vt 0.020000 0.884900
vt 0.250900 0.716300
vt 0.226300 0.936000
vt 0.247200 0.903200
vt 0.323700 0.783600
vt 0.020000 0.862900
vt 0.020000 0.489100
vt 0.250900 0.760300
vt 0.264100 0.430300
vt 0.323700 0.824800
vt 0.263400 0.672200
vt 0.250900 0.800600
vt 0.287500 0.496400
vt 0.721000 0.364300
vt 0.287500 0.566000
vt 0.228900 0.716100
vt 0.488800 0.439100
vt 0.020000 0.818900
vt 0.287500 0.415800
vt 0.263400 0.628200
vt 0.488800 0.520700
vt 0.020000 0.687000
vt 0.287500 0.456100
vt 0.687000 0.397500
vt 0.488800 0.390400
vt 0.973800 0.269200
vt 0.698200 0.379100
vt 0.653000 0.593000
vt 0.020000 0.840900
vt 0.511100 0.650300
vt 0.331200 0.921600
vt 0.973800 0.097000
vt 0.511100 0.379100
vt 0.522200 0.511600
vt 0.522300 0.551600
vt 0.240100 0.134000
vt 0.372000 0.979100
vt 0.756300 0.210600
vt 0.372000 0.949800
vt 0.800700 0.673900
vt 0.741900 0.364300
vt 0.493800 0.357200
vt 0.228900 0.796900
vt 0.020000 0.738100
vt 0.020000 0.452300
vt 0.264100 0.467100
vt 0.263400 0.577000
vt 0.334800 0.856100
vt 0.240100 0.192700
vt 0.921000 0.425700
vt 0.917300 0.455000
vt 0.411600 0.725200
vt 0.228900 0.752900
vt 0.020000 0.562200
vt 0.488800 0.667600
vt 0.488800 0.693200
vt 0.488800 0.611600
vt 0.020000 0.980000
vt 0.020000 0.408300
vt 0.264100 0.511100
vt 0.511100 0.415800
vt 0.287500 0.639600
vt 0.821600 0.491700
vt 0.756300 0.151900
vt 0.821600 0.517300
vt 0.821600 0.461400
vt 0.020000 0.914000
vt 0.226300 0.950800
vt 0.228900 0.774900
vt 0.020000 0.364300
vt 0.264100 0.379100
vt 0.263400 0.643000
vt 0.020000 0.540200
vt 0.247200 0.885500
vt 0.973800 0.056100
vt 0.664200 0.445100
vt 0.488800 0.547900
s 0
f 1873/5041/2967 1875/5042/2968 1876/5043/2969
f 1877/5044/2967 1875/5045/2970 1874/5046/2967
f 1880/5047/2967 1882/5048/2971 1879/5049/2967
f 1883/5050/2967 1881/5051/2972 1880/5052/2967
f 1885/5053/2967 1878/5054/2973 1877/5044/2967
f 1887/5055/2967 1876/5056/2974 1888/5057/2975
s 1
f 1889/5058/2975 1891/5059/2976 1884/5060/2969
s 0
f 1892/5061/2967 1884/5062/2977 1883/5050/2967
f 1893/5063/2967 1882/5064/2978 1891/5065/2976
f 1895/5066/2967 1896/5067/2979 1894/5068/2967
s 1
f 1898/5069/2975 1896/5070/2976 1897/5071/2969
s 0
f 1901/5072/2967 1897/5073/2980 1900/5074/2967
f 1894/5068/2967 1899/5075/2981 1902/5076/2967
f 1903/5077/2967 1898/5078/2982 1901/5072/2967
f 1902/5076/2967 1886/5079/2983 1885/5053/2967
s 1
f 1888/5080/2975 1886/5081/2976 1904/5082/2969
s 0
f 1887/5055/2967 1904/5083/2984 1903/5077/2967
f 1900/5074/2967 1889/5084/2985 1892/5061/2967
f 1893/5063/2967 1890/5085/2986 1895/5066/2967
f 1891/5059/2987 1906/5086/2988 1884/5060/2969
f 1889/5058/2989 1908/5087/2990 1890/5088/2991
f 1897/5089/2992 1907/5090/2993 1889/5091/2975
f 1911/5092/2967 1913/5093/2994 1910/5094/2967
f 1914/5095/2967 1916/5096/2995 1917/5097/2991
f 1918/5098/2967 1916/5099/2972 1915/5100/2967
f 1920/5101/2967 1922/5102/2974 1923/5103/2975
s 1
f 1924/5104/2975 1926/5105/2976 1919/5106/2969
s 0
f 1927/5107/2967 1919/5108/2977 1918/5098/2967
f 1929/5109/2996 1930/5110/2997 1928/5111/2969
s 1
f 1932/5112/2975 1930/5113/2976 1931/5114/2969
s 0
f 1935/5115/2967 1931/5116/2980 1934/5117/2967
f 1936/5118/2967 1932/5119/2982 1935/5115/2967
f 1939/5120/2996 1940/5121/2998 1938/5122/2969
s 1
f 1923/5123/2975 1940/5124/2976 1937/5125/2969
s 0
f 1920/5101/2967 1937/5126/2984 1936/5118/2967
f 1934/5117/2967 1924/5127/2985 1927/5107/2967
f 1916/5096/2999 1943/5128/3000 1917/5097/2991
f 1919/5129/3001 1942/5130/3002 1916/5131/2975
f 1926/5105/3003 1944/5132/3004 1919/5106/2969
f 1917/5133/3005 1945/5134/3006 1926/5135/2976
f 1913/5136/3003 1947/5137/3004 1922/5138/2969
f 1923/5123/2999 1949/5139/3000 1941/5140/2991
f 1922/5141/3007 1948/5142/3008 1923/5143/2975
f 1937/5144/2992 1951/5145/3009 1932/5146/2975
f 1940/5124/3003 1950/5147/3004 1937/5125/2969
f 1933/5148/3010 1952/5149/3011 1940/5150/2976
f 1932/5112/2999 1953/5151/3000 1933/5152/2991
f 1925/5153/3010 1955/5154/3012 1930/5155/2976
f 1930/5113/3003 1956/5156/3004 1931/5114/2969
f 1958/5157/2967 1960/5158/3013 1957/5159/2967
f 1914/5160/2967 1962/5161/3014 1961/5162/2967
s 1
f 1929/5163/2975 1965/5164/2976 1963/5165/2969
s 0
f 1925/5166/3015 1963/5167/3016 1926/5168/2976
f 1967/5169/3017 1968/5170/3018 1966/5171/2969
s 1
f 1939/5172/2975 1968/5173/2976 1928/5174/2969
s 0
f 1933/5175/3019 1928/5111/3020 1930/5110/2976
f 1971/5176/3017 1972/5177/3021 1970/5178/2969
s 1
f 1973/5179/2975 1972/5180/2976 1938/5181/2969
s 0
f 1941/5182/3022 1938/5122/3023 1940/5121/2976
f 1965/5164/3024 1976/5183/3025 1963/5165/2969
f 1977/5184/3005 1975/5185/3006 1965/5186/2976
f 1960/5187/3024 1980/5188/3025 1912/5189/2969
f 1974/5190/3026 1979/5191/3027 1960/5192/2976
f 1973/5179/3028 1981/5193/3029 1974/5194/2991
f 1912/5195/3007 1982/5196/3008 1973/5197/2975
f 1972/5180/3024 1984/5198/3025 1938/5181/2969
f 1964/5199/3010 1986/5200/3012 1968/5201/2976
f 1929/5163/3028 1985/5202/3029 1964/5203/2991
f 1928/5204/2992 1987/5205/2993 1929/5206/2975
f 1968/5173/3024 1988/5207/3025 1928/5174/2969
f 1958/5208/2967 1990/5209/3030 1959/5210/3031
f 1991/5211/2967 1990/5212/2970 1989/5213/2967
f 1961/5214/2967 1977/5215/3032 1993/5216/2967
f 1994/5217/2967 1992/5218/2973 1991/5211/2967
s 1
f 1967/5219/2975 1998/5220/2976 1996/5221/2969
s 0
f 1964/5222/3033 1996/5223/3034 1965/5224/2976
f 1999/5225/2967 2001/5226/2978 1998/5227/2976
f 2003/5228/2967 2004/5229/2979 2002/5230/2967
s 1
f 1971/5231/2975 2004/5232/2976 1966/5233/2969
s 0
f 1969/5234/3035 1966/5171/3036 1968/5170/2976
f 2002/5230/2967 2005/5235/2981 2006/5236/2967
f 2006/5236/2967 1995/5237/2983 1994/5217/2967
s 1
f 2007/5238/2975 1995/5239/2976 1970/5240/2969
s 0
f 1974/5241/3037 1970/5178/3038 1972/5177/2976
f 1999/5225/2967 1997/5242/2986 2003/5228/2967
f 1990/5209/3039 2009/5243/3040 1959/5210/2969
f 2007/5238/3041 2011/5244/3042 1992/5245/2991
f 1959/5246/3007 2010/5247/3008 2007/5248/2975
f 2004/5232/3039 2013/5249/3040 1966/5233/2969
f 1922/5138/3043 1910/5250/2967 1913/5136/2976
f 1926/5168/3044 1962/5161/3045 1917/5251/2991
f 1973/5252/3046 1913/5093/3047 1912/5253/2969
f 1965/5224/3048 2014/5254/3049 1977/5255/2991
f 2014/5254/3050 1993/5256/2967 1977/5255/2991
f 2001/5257/3051 2015/5258/2967 2014/5259/3052
f 1960/5187/3053 1911/5260/2967 1957/5261/2967
f 2007/5262/3054 1960/5158/3055 1959/5263/2969
f 2016/5264/3056 2018/5265/3057 2019/5266/3056
f 2018/5267/3058 2021/5268/3056 2019/5269/3056
f 2023/5270/3059 2025/5271/3056 2022/5272/3056
f 2024/5273/3060 2026/5274/3056 2025/5275/3056
f 2020/5276/3061 2028/5277/3056 2021/5268/3056
f 2029/5278/3056 2017/5279/3062 2016/5280/3056
s 1
f 1905/5281/3063 1907/5282/3064 1906/5283/3065
s 0
f 1906/5284/3066 2031/5285/3056 2026/5274/3056
f 2032/5286/3056 2023/5287/3067 2022/5288/3056
f 2034/5289/3068 2035/5290/3056 2033/5291/3056
s 1
f 2034/5292/3063 2037/5293/3064 1909/5294/3065
s 0
f 1909/5295/3069 2039/5296/3056 2038/5297/3056
f 2036/5298/3070 2033/5291/3056 2040/5299/3056
f 2037/5300/3071 2042/5301/3056 2039/5296/3056
f 2027/5302/3072 2040/5299/3056 2028/5277/3056
s 1
f 2027/5303/3063 2030/5304/3064 2041/5305/3065
s 0
f 2041/5306/3073 2029/5278/3056 2042/5301/3056
f 1907/5307/3074 2038/5297/3056 2031/5285/3056
f 1908/5308/3075 2032/5286/3056 2035/5290/3056
f 1882/5048/3076 2024/5309/3077 2023/5310/3078
f 1881/5311/3079 1906/5312/3080 2024/5313/3064
f 1891/5314/3081 2023/5315/3082 1905/5316/3063
f 1876/5043/3083 2018/5317/3084 2017/5318/3065
f 1875/5319/3085 2020/5320/3086 2018/5321/3063
f 1878/5322/3076 2030/5323/3077 2020/5324/3078
f 1888/5325/3087 2017/5326/3088 2030/5327/3064
f 1898/5328/3089 2041/5329/3090 2037/5330/3064
f 1904/5082/3083 2027/5331/3084 2041/5332/3065
f 1886/5333/3091 2036/5334/3092 2027/5335/3063
f 1899/5336/3076 2037/5337/3077 2036/5338/3078
f 1896/5339/3093 1908/5340/3092 2034/5341/3063
f 1897/5071/3083 2034/5342/3084 1909/5343/3065
f 1946/5344/3094 2044/5345/3056 2043/5346/3056
f 2045/5347/3056 1942/5348/3095 2046/5349/3056
f 1942/5350/3060 2047/5351/3056 2046/5352/3056
f 2048/5353/3056 1947/5354/3062 2049/5355/3056
s 1
f 1945/5356/3063 2050/5357/3064 1944/5358/3065
s 0
f 1944/5359/3066 2051/5360/3056 2047/5351/3056
f 1955/5361/3096 1987/5362/3097 1988/5363/3065
s 1
f 1955/5364/3063 1951/5365/3064 1956/5366/3065
s 0
f 1956/5367/3069 2053/5368/3056 2052/5369/3056
f 1951/5370/3071 2054/5371/3056 2053/5368/3056
f 1952/5372/3098 2055/5373/3097 1984/5374/3065
s 1
f 1952/5375/3063 1948/5376/3064 1950/5377/3065
s 0
f 1950/5378/3073 2048/5353/3056 2054/5371/3056
f 2050/5379/3074 2052/5369/3056 2051/5360/3056
f 1913/5380/3085 1949/5381/3086 1946/5382/3063
f 1925/5383/3099 2050/5384/3100 1954/5385/3078
f 1924/5386/3101 1956/5387/3090 2050/5388/3064
f 1979/5389/3102 2057/5390/3056 2056/5391/3056
f 2059/5392/3103 2045/5393/3056 2058/5394/3056
s 1
f 1975/5395/3063 1987/5396/3064 1976/5397/3065
s 0
f 1976/5398/3104 1954/5399/3105 1945/5400/3063
f 1986/5401/3106 2060/5402/3107 2013/5403/3065
s 1
f 1986/5404/3063 2055/5405/3064 1988/5406/3065
s 0
f 1988/5363/3108 1953/5407/3109 1955/5361/3063
f 1983/5408/3110 2063/5409/3107 2062/5410/3065
s 1
f 1983/5411/3063 1982/5412/3064 1984/5413/3065
s 0
f 1984/5374/3111 1949/5414/3112 1952/5372/3063
f 1977/5215/3113 2059/5415/3114 1978/5416/3078
f 1962/5417/3079 1976/5418/3080 2059/5419/3064
f 1939/5420/3089 1984/5421/3090 2055/5422/3064
f 1972/5423/3091 2061/5424/3092 1983/5425/3063
f 1969/5426/3113 2055/5427/3114 2061/5428/3078
f 2057/5429/3056 2008/5430/3115 2064/5431/3056
f 2008/5432/3058 2065/5433/3056 2064/5434/3056
f 1978/5435/3116 2058/5436/3056 2066/5437/3056
f 2011/5438/3061 2068/5439/3056 2065/5433/3056
s 1
f 2070/5440/3063 2060/5441/3064 2069/5442/3065
s 0
f 2069/5443/3117 1985/5444/3118 1975/5445/3063
f 2072/5446/3056 2073/5447/3067 2074/5448/3056
f 2012/5449/3068 2076/5450/3056 2075/5451/3056
s 1
f 2012/5452/3063 2063/5453/3064 2013/5454/3065
s 0
f 2013/5403/3119 2061/5455/3120 1986/5401/3063
f 2077/5456/3070 2075/5451/3056 2078/5457/3056
f 2067/5458/3072 2078/5457/3056 2068/5439/3056
s 1
f 2067/5459/3063 2010/5460/3064 2062/5461/3065
s 0
f 2062/5410/3121 1981/5462/3122 1983/5408/3063
f 2071/5463/3075 2072/5446/3056 2076/5450/3056
f 2001/5257/3123 2079/5464/3124 2073/5465/3078
f 2014/5466/3079 2069/5467/3080 2079/5468/3064
f 1996/5221/3125 2070/5469/3126 2069/5470/3065
f 1998/5471/3081 2073/5472/3082 2070/5473/3063
f 1990/5474/3085 2011/5475/3086 2008/5476/3063
f 1971/5477/3089 2062/5478/3090 2063/5479/3064
f 1970/5240/3125 2067/5480/3126 2062/5481/3065
f 1995/5482/3091 2077/5483/3092 2067/5484/3063
f 2005/5485/3123 2063/5486/3124 2077/5487/3078
f 2004/5488/3093 2071/5489/3092 2012/5490/3063
f 1997/5491/3123 2060/5492/3124 2071/5493/3078
f 1967/5494/3101 2013/5495/3090 2060/5496/3064
f 2043/5497/3056 1947/5498/3127 1946/5499/3063
f 2059/5392/3128 1945/5400/3129 1943/5500/3078
f 1946/5344/3130 1982/5501/3131 1980/5502/3065
f 2079/5503/3132 1975/5445/3133 1978/5504/3078
f 2066/5505/3056 2079/5503/3134 1978/5504/3078
f 2080/5506/3056 2073/5507/3135 2079/5508/3064
f 1979/5509/3136 2044/5510/3056 1980/5511/3065
f 1979/5389/3137 2010/5512/3138 2009/5513/3065
f 1873/5041/2967 1874/5514/2967 1875/5042/3139
f 1877/5044/2967 1878/5054/2991 1875/5045/3140
f 1880/5047/2967 1881/5515/2975 1882/5048/3141
f 1883/5050/2967 1884/5062/2969 1881/5051/3142
f 1885/5053/2967 1886/5079/2976 1878/5054/3143
f 1887/5055/2967 1873/5516/2967 1876/5056/3144
s 1
f 1889/5058/2975 1890/5088/2991 1891/5059/2976
s 0
f 1892/5061/2967 1889/5084/2975 1884/5062/3145
f 1893/5063/2967 1879/5517/2967 1882/5064/3146
f 1895/5066/2967 1890/5085/2991 1896/5067/3147
s 1
f 1898/5069/2975 1899/5336/2991 1896/5070/2976
s 0
f 1901/5072/2967 1898/5078/2975 1897/5073/3148
f 1894/5068/2967 1896/5067/2976 1899/5075/3149
f 1903/5077/2967 1904/5083/2969 1898/5078/3150
f 1902/5076/2967 1899/5075/2991 1886/5079/3147
s 1
f 1888/5080/2975 1878/5322/2991 1886/5081/2976
s 0
f 1887/5055/2967 1888/5057/2975 1904/5083/3151
f 1900/5074/2967 1897/5073/2969 1889/5084/3150
f 1893/5063/2967 1891/5065/2976 1890/5085/3152
f 1891/5059/3153 1905/5518/3063 1906/5086/3154
f 1889/5058/3155 1907/5519/3064 1908/5087/3156
f 1897/5089/3157 1909/5520/3065 1907/5090/3158
f 1911/5092/2967 1912/5253/2969 1913/5093/3159
f 1914/5095/2967 1915/5521/2967 1916/5096/3160
f 1918/5098/2967 1919/5108/2969 1916/5099/3142
f 1920/5101/2967 1921/5522/2967 1922/5102/3144
s 1
f 1924/5104/2975 1925/5383/2991 1926/5105/2976
s 0
f 1927/5107/2967 1924/5127/2975 1919/5108/3145
f 1929/5109/3161 1925/5166/2991 1930/5110/3162
s 1
f 1932/5112/2975 1933/5152/2991 1930/5113/2976
s 0
f 1935/5115/2967 1932/5119/2975 1931/5116/3148
f 1936/5118/2967 1937/5126/2969 1932/5119/3150
f 1939/5120/3163 1933/5175/2991 1940/5121/3162
s 1
f 1923/5123/2975 1941/5140/2991 1940/5124/2976
s 0
f 1920/5101/2967 1923/5103/2975 1937/5126/3151
f 1934/5117/2967 1931/5116/2969 1924/5127/3150
f 1916/5096/3164 1942/5523/3064 1943/5128/3165
f 1919/5129/3166 1944/5524/3065 1942/5130/3167
f 1926/5105/3168 1945/5525/3063 1944/5132/3169
f 1917/5133/3170 1943/5526/3078 1945/5134/3171
f 1913/5136/3168 1946/5527/3063 1947/5137/3169
f 1923/5123/3164 1948/5528/3064 1949/5139/3165
f 1922/5141/3172 1947/5529/3065 1948/5142/3173
f 1937/5144/3174 1950/5530/3065 1951/5145/3158
f 1940/5124/3168 1952/5531/3063 1950/5147/3169
f 1933/5148/3175 1953/5532/3078 1952/5149/3176
f 1932/5112/3164 1951/5533/3064 1953/5151/3165
f 1925/5153/3177 1954/5534/3078 1955/5154/3176
f 1930/5113/3168 1955/5535/3063 1956/5156/3169
f 1958/5157/2967 1959/5263/2969 1960/5158/3178
f 1914/5160/2967 1917/5251/2991 1962/5161/3179
s 1
f 1929/5163/2975 1964/5203/2991 1965/5164/2976
s 0
f 1925/5166/3180 1929/5109/2975 1963/5167/3181
f 1967/5169/3182 1964/5222/2991 1968/5170/3183
s 1
f 1939/5172/2975 1969/5426/2991 1968/5173/2976
s 0
f 1933/5175/3184 1939/5120/2975 1928/5111/3185
f 1971/5176/3186 1969/5234/2991 1972/5177/3183
s 1
f 1973/5179/2975 1974/5194/2991 1972/5180/2976
s 0
f 1941/5182/3187 1973/5252/2975 1938/5122/3188
f 1965/5164/3189 1975/5536/3063 1976/5183/3190
f 1977/5184/3170 1978/5537/3078 1975/5185/3171
f 1960/5187/3189 1979/5538/3063 1980/5188/3190
f 1974/5190/3191 1981/5539/3078 1979/5191/3192
f 1973/5179/3193 1982/5540/3064 1981/5193/3194
f 1912/5195/3172 1980/5541/3065 1982/5196/3173
f 1972/5180/3189 1983/5542/3063 1984/5198/3190
f 1964/5199/3177 1985/5543/3078 1986/5200/3176
f 1929/5163/3193 1987/5544/3064 1985/5202/3194
f 1928/5204/3157 1988/5545/3065 1987/5205/3158
f 1968/5173/3189 1986/5546/3063 1988/5207/3190
f 1958/5208/2967 1989/5547/2967 1990/5209/3195
f 1991/5211/2967 1992/5218/2991 1990/5212/3140
f 1961/5214/2967 1962/5548/2975 1977/5215/3196
f 1994/5217/2967 1995/5237/2976 1992/5218/3143
s 1
f 1967/5219/2975 1997/5491/2991 1998/5220/2976
s 0
f 1964/5222/3197 1967/5169/2975 1996/5223/3198
f 1999/5225/2967 2000/5549/2967 2001/5226/3146
f 2003/5228/2967 1997/5242/2991 2004/5229/3147
s 1
f 1971/5231/2975 2005/5485/2991 2004/5232/2976
s 0
f 1969/5234/3199 1971/5176/2975 1966/5171/3200
f 2002/5230/2967 2004/5229/2976 2005/5235/3149
f 2006/5236/2967 2005/5235/2991 1995/5237/3147
s 1
f 2007/5238/2975 1992/5245/2991 1995/5239/2976
s 0
f 1974/5241/3201 2007/5262/2975 1970/5178/3202
f 1999/5225/2967 1998/5227/2976 1997/5242/3152
f 1990/5209/3203 2008/5550/3063 2009/5243/3204
f 2007/5238/3205 2010/5551/3064 2011/5244/3206
f 1959/5246/3172 2009/5552/3065 2010/5247/3173
f 2004/5232/3203 2012/5553/3063 2013/5249/3204
f 1922/5138/3207 1921/5554/2967 1910/5250/2967
f 1926/5168/3208 1963/5167/2969 1962/5161/3209
f 1973/5252/3210 1941/5182/2991 1913/5093/3211
f 1965/5224/3212 1996/5223/2969 2014/5254/3054
f 2014/5254/3213 2015/5555/2967 1993/5256/2967
f 2001/5257/3214 2000/5556/2967 2015/5258/2967
f 1960/5187/3215 1912/5189/2969 1911/5260/2967
f 2007/5262/3216 1974/5241/2991 1960/5158/3048
f 2016/5264/3056 2017/5557/3217 2018/5265/3218
f 2018/5267/3219 2020/5276/3078 2021/5268/3056
f 2023/5270/3220 2024/5558/3064 2025/5271/3056
f 2024/5273/3221 1906/5284/3065 2026/5274/3056
f 2020/5276/3222 2027/5302/3063 2028/5277/3056
f 2029/5278/3056 2030/5559/3064 2017/5279/3223
s 1
f 1905/5281/3063 1908/5560/3078 1907/5282/3064
s 0
f 1906/5284/3224 1907/5307/3064 2031/5285/3056
f 2032/5286/3056 1905/5561/3063 2023/5287/3225
f 2034/5289/3226 1908/5308/3078 2035/5290/3056
s 1
f 2034/5292/3063 2036/5562/3078 2037/5293/3064
s 0
f 1909/5295/3227 2037/5300/3064 2039/5296/3056
f 2036/5298/3228 2034/5289/3063 2033/5291/3056
f 2037/5300/3229 2041/5306/3065 2042/5301/3056
f 2027/5302/3226 2036/5298/3078 2040/5299/3056
s 1
f 2027/5303/3063 2020/5563/3078 2030/5304/3064
s 0
f 2041/5306/3230 2030/5559/3064 2029/5278/3056
f 1907/5307/3229 1909/5295/3065 2038/5297/3056
f 1908/5308/3231 1905/5561/3063 2032/5286/3056
f 1882/5048/3232 1881/5515/2975 2024/5309/3233
f 1881/5311/3234 1884/5564/2969 1906/5312/3235
f 1891/5314/3236 1882/5565/2991 2023/5315/3237
f 1876/5043/3238 1875/5042/2976 2018/5317/3239
f 1875/5319/3240 1878/5566/2991 2020/5320/3241
f 1878/5322/3232 1888/5080/2975 2030/5323/3233
f 1888/5325/3242 1876/5567/2969 2017/5326/3243
f 1898/5328/3244 1904/5568/2969 2041/5329/3245
f 1904/5082/3238 1886/5081/2976 2027/5331/3239
f 1886/5333/3246 1899/5569/2991 2036/5334/3247
f 1899/5336/3232 1898/5069/2975 2037/5337/3233
f 1896/5339/3246 1890/5570/2991 1908/5340/3248
f 1897/5071/3238 1896/5070/2976 2034/5342/3239
f 1946/5344/3249 1980/5502/3065 2044/5345/3056
f 2045/5347/3056 1943/5571/3078 1942/5348/3250
f 1942/5350/3221 1944/5359/3065 2047/5351/3056
f 2048/5353/3056 1948/5572/3064 1947/5354/3223
s 1
f 1945/5356/3063 1954/5573/3078 2050/5357/3064
s 0
f 1944/5359/3224 2050/5379/3064 2051/5360/3056
f 1955/5361/3251 1954/5399/3078 1987/5362/3252
s 1
f 1955/5364/3063 1953/5574/3078 1951/5365/3064
s 0
f 1956/5367/3227 1951/5370/3064 2053/5368/3056
f 1951/5370/3229 1950/5378/3065 2054/5371/3056
f 1952/5372/3251 1953/5407/3078 2055/5373/3253
s 1
f 1952/5375/3063 1949/5575/3078 1948/5376/3064
s 0
f 1950/5378/3230 1948/5572/3064 2048/5353/3056
f 2050/5379/3229 1956/5367/3065 2052/5369/3056
f 1913/5380/3240 1941/5576/2991 1949/5381/3241
f 1925/5383/3254 1924/5104/2975 2050/5384/3255
f 1924/5386/3244 1931/5577/2969 1956/5387/3256
f 1979/5389/3257 2009/5513/3065 2057/5390/3056
f 2059/5392/3258 1943/5500/3078 2045/5393/3056
s 1
f 1975/5395/3063 1985/5578/3078 1987/5396/3064
s 0
f 1976/5398/3259 1987/5362/3064 1954/5399/3260
f 1986/5401/3261 1985/5444/3078 2060/5402/3262
s 1
f 1986/5404/3063 2061/5579/3078 2055/5405/3064
s 0
f 1988/5363/3263 2055/5373/3064 1953/5407/3264
f 1983/5408/3261 2061/5455/3078 2063/5409/3265
s 1
f 1983/5411/3063 1981/5580/3078 1982/5412/3064
s 0
f 1984/5374/3266 1982/5501/3064 1949/5414/3267
f 1977/5215/3268 1962/5548/2975 2059/5415/3269
f 1962/5417/3234 1963/5581/2969 1976/5418/3235
f 1939/5420/3244 1938/5582/2969 1984/5421/3245
f 1972/5423/3246 1969/5583/2991 2061/5424/3247
f 1969/5426/3268 1939/5172/2975 2055/5427/3269
f 2057/5429/3056 2009/5584/3065 2008/5430/3270
f 2008/5432/3219 2011/5438/3078 2065/5433/3056
f 1978/5435/3271 2059/5585/3064 2058/5436/3056
f 2011/5438/3222 2067/5458/3063 2068/5439/3056
s 1
f 2070/5440/3063 2071/5586/3078 2060/5441/3064
s 0
f 2069/5443/3272 2060/5402/3064 1985/5444/3273
f 2072/5446/3056 2070/5587/3063 2073/5447/3225
f 2012/5449/3226 2071/5463/3078 2076/5450/3056
s 1
f 2012/5452/3063 2077/5588/3078 2063/5453/3064
s 0
f 2013/5403/3274 2063/5409/3064 2061/5455/3275
f 2077/5456/3228 2012/5449/3063 2075/5451/3056
f 2067/5458/3226 2077/5456/3078 2078/5457/3056
s 1
f 2067/5459/3063 2011/5589/3078 2010/5460/3064
s 0
f 2062/5410/3276 2010/5512/3064 1981/5462/3277
f 2071/5463/3231 2070/5587/3063 2072/5446/3056
f 2001/5257/3278 2014/5259/2975 2079/5464/3279
f 2014/5466/3234 1996/5590/2969 2069/5467/3235
f 1996/5221/3280 1998/5220/2976 2070/5469/3281
f 1998/5471/3236 2001/5591/2991 2073/5472/3237
f 1990/5474/3240 1992/5592/2991 2011/5475/3241
f 1971/5477/3244 1970/5593/2969 2062/5478/3245
f 1970/5240/3280 1995/5239/2976 2067/5480/3281
f 1995/5482/3246 2005/5594/2991 2077/5483/3247
f 2005/5485/3278 1971/5231/2975 2063/5486/3279
f 2004/5488/3246 1997/5595/2991 2071/5489/3248
f 1997/5491/3278 1967/5219/2975 2060/5492/3279
f 1967/5494/3244 1966/5596/2969 2013/5495/3256
f 2043/5497/3056 2049/5597/3056 1947/5498/3282
f 2059/5392/3283 1976/5398/3065 1945/5400/3284
f 1946/5344/3285 1949/5414/3078 1982/5501/3286
f 2079/5503/3138 2069/5443/3065 1975/5445/3287
f 2066/5505/3056 2080/5598/3056 2079/5503/3288
f 2080/5506/3056 2074/5599/3056 2073/5507/3289
f 1979/5509/3290 2056/5600/3056 2044/5510/3056
f 1979/5389/3133 1981/5462/3078 2010/5512/3291
o window_big010
v 7.746766 5.803942 -15.808113
v 7.746766 4.693041 -15.808113
v 7.662065 4.777742 -15.808113
v 7.662065 5.719339 -15.808113
v 6.085664 4.693041 -15.808113
v 6.085664 4.777742 -15.808113
v 0.547364 4.693041 -15.808113
v 0.547364 5.803942 -15.808113
v 0.632066 5.719339 -15.808113
v 0.632066 4.777742 -15.808113
v 2.188859 5.803942 -15.808113
v 2.188859 5.719339 -15.808113
v 6.018266 4.693041 -15.808113
v 6.018266 4.777742 -15.808113
v 6.085664 5.803942 -15.808113
v 6.085664 5.719339 -15.808113
v 2.263871 5.719339 -15.808113
v 2.263871 4.777742 -15.808113
v 2.188859 4.777742 -15.808113
v 2.263871 5.803942 -15.808113
v 2.188859 4.693041 -15.808113
v 4.101060 4.693041 -15.808113
v 2.263871 4.693041 -15.808113
v 4.101060 4.777742 -15.808113
v 4.101060 5.719339 -15.808113
v 4.175858 5.719339 -15.808113
v 4.175858 4.777742 -15.808113
v 4.101060 5.803942 -15.808113
v 4.175858 5.803942 -15.808113
v 4.175858 4.693041 -15.808113
v 6.018266 5.803942 -15.808113
v 6.018266 5.719339 -15.808113
v 2.188859 4.777742 -15.753914
v 2.188859 5.719339 -15.753914
v 2.263871 5.719339 -15.753914
v 2.263871 4.777742 -15.753914
v 4.101060 5.719339 -15.753914
v 7.746766 3.577738 -15.808113
v 7.746766 3.502939 -15.808113
v 7.662065 3.502939 -15.808113
v 7.662065 3.577738 -15.808113
v 0.547364 3.577738 -15.808113
v 0.547364 4.211641 -15.808113
v 0.632066 4.127039 -15.808113
v 0.632066 3.577738 -15.808113
v 2.188859 4.211641 -15.808113
v 2.188859 4.127039 -15.808113
v 6.085664 4.211641 -15.808113
v 7.746766 4.211641 -15.808113
v 7.662065 4.127039 -15.808113
v 6.085664 4.127039 -15.808113
v 2.263871 4.127039 -15.808113
v 2.263871 3.577738 -15.808113
v 2.188859 3.577738 -15.808113
v 2.263871 4.211641 -15.808113
v 4.101060 3.502939 -15.808113
v 2.263871 3.502939 -15.808113
v 4.101060 3.577738 -15.808113
v 4.101060 4.127039 -15.808113
v 4.175858 4.127039 -15.808113
v 4.175858 3.577738 -15.808113
v 4.101060 4.211641 -15.808113
v 4.175858 4.211641 -15.808113
v 6.018266 4.211641 -15.808113
v 6.018266 4.127039 -15.808113
v 6.018266 3.502939 -15.808113
v 4.175858 3.502939 -15.808113
v 6.018266 3.577738 -15.808113
v 6.085664 3.577738 -15.808113
v 0.632066 4.127039 -15.753914
v 0.632066 3.577738 -15.753914
v 2.188859 4.127039 -15.753914
v 2.188859 3.577738 -15.753914
v 7.662065 3.577738 -15.753914
v 7.662065 4.127039 -15.753914
v 6.085664 4.127039 -15.753914
v 6.085664 3.577738 -15.753914
v 6.018266 4.127039 -15.753914
v 4.175858 4.127039 -15.753914
v 6.018266 3.577738 -15.753914
v 4.175858 3.577738 -15.753914
v 2.263871 3.577738 -15.753914
v 4.101060 3.577738 -15.753914
v 4.101060 4.127039 -15.753914
v 7.746766 1.983740 -15.808113
v 7.746766 1.905241 -15.808113
v 7.662065 1.905241 -15.808113
v 7.662065 1.983740 -15.808113
v 0.547364 3.502939 -15.808113
v 0.632066 3.502939 -15.808113
v 2.188859 3.502939 -15.808113
v 2.263871 1.983740 -15.808113
v 2.188859 1.983740 -15.808113
v 4.101060 1.905241 -15.808113
v 2.263871 1.905241 -15.808113
v 4.101060 1.983740 -15.808113
v 4.175858 1.983740 -15.808113
v 6.018266 1.905241 -15.808113
v 4.175858 1.905241 -15.808113
v 6.018266 1.983740 -15.808113
v 6.085664 3.502939 -15.808113
v 6.085664 1.983740 -15.808113
v 2.188859 1.983740 -15.753914
v 2.188859 3.502939 -15.753914
v 0.632066 1.983740 -15.808113
v 0.632066 1.983740 -15.753914
v 7.662065 1.983740 -15.753914
v 7.662065 3.502939 -15.753914
v 6.085664 1.983740 -15.753914
v 6.085664 3.502939 -15.753914
v 6.018266 1.983740 -15.753914
v 6.018266 3.502939 -15.753914
v 2.263871 1.983740 -15.753914
v 4.101060 1.983740 -15.753914
v 2.263871 3.502939 -15.753914
v 4.101060 3.502939 -15.753914
v 7.746766 0.749140 -15.808113
v 7.662065 0.833841 -15.808113
v 6.085664 0.749140 -15.808113
v 6.085664 0.833841 -15.808113
v 0.547364 1.983740 -15.808113
v 6.018266 0.749140 -15.808113
v 6.018266 0.833841 -15.808113
v 2.188859 1.905241 -15.808113
v 2.263871 0.833841 -15.808113
v 2.188859 0.833841 -15.808113
v 2.188859 0.749140 -15.808113
v 0.547364 0.749140 -15.808113
v 0.632066 0.833841 -15.808113
v 4.101060 0.749140 -15.808113
v 2.263871 0.749140 -15.808113
v 4.101060 0.833841 -15.808113
v 4.175858 0.833841 -15.808113
v 4.175858 0.749140 -15.808113
v 6.085664 1.905241 -15.808113
v 7.662065 0.833841 -15.753914
v 7.662065 1.905241 -15.753914
v 6.085664 1.905241 -15.753914
v 6.085664 0.833841 -15.753914
v 4.101060 0.833841 -15.753914
v 4.101060 1.905241 -15.753914
v 0.632066 1.905241 -15.808113
v 0.547364 1.905241 -15.808113
v 7.746766 5.803942 -15.753914
v 7.662065 5.719339 -15.753914
v 7.662065 4.777742 -15.753914
v 7.746766 4.693041 -15.753914
v 6.085664 4.777742 -15.753914
v 6.085664 4.693041 -15.753914
v 0.547364 4.693041 -15.753914
v 0.632066 4.777742 -15.753914
v 0.632066 5.719339 -15.753914
v 0.547364 5.803942 -15.753914
v 2.188859 5.803942 -15.753914
v 6.018266 4.777742 -15.753914
v 6.018266 4.693041 -15.753914
v 6.085664 5.803942 -15.753914
v 6.085664 5.719339 -15.753914
v 2.263871 5.803942 -15.753914
v 2.188859 4.693041 -15.753914
v 4.101060 4.693041 -15.753914
v 4.101060 4.777742 -15.753914
v 2.263871 4.693041 -15.753914
v 4.175858 4.777742 -15.753914
v 4.175858 5.719339 -15.753914
v 4.101060 5.803942 -15.753914
v 4.175858 5.803942 -15.753914
v 4.175858 4.693041 -15.753914
v 6.018266 5.719339 -15.753914
v 6.018266 5.803942 -15.753914
v 7.746766 3.577738 -15.753914
v 7.746766 3.502939 -15.753914
v 0.547364 3.577738 -15.753914
v 0.547364 4.211641 -15.753914
v 2.188859 4.211641 -15.753914
v 6.085664 4.211641 -15.753914
v 7.746766 4.211641 -15.753914
v 2.263871 4.127039 -15.753914
v 2.263871 4.211641 -15.753914
v 4.101060 4.211641 -15.753914
v 4.175858 4.211641 -15.753914
v 6.018266 4.211641 -15.753914
v 4.175858 3.502939 -15.753914
v 7.746766 1.983740 -15.753914
v 7.746766 1.905241 -15.753914
v 0.547364 3.502939 -15.753914
v 0.632066 3.502939 -15.753914
v 2.263871 1.905241 -15.753914
v 4.175858 1.983740 -15.753914
v 6.018266 1.905241 -15.753914
v 4.175858 1.905241 -15.753914
v 7.746766 0.749140 -15.753914
v 6.085664 0.749140 -15.753914
v 0.547364 1.983740 -15.753914
v 6.018266 0.833841 -15.753914
v 6.018266 0.749140 -15.753914
v 2.188859 1.905241 -15.753914
v 2.188859 0.833841 -15.753914
v 2.263871 0.833841 -15.753914
v 2.188859 0.749140 -15.753914
v 0.632066 0.833841 -15.753914
v 0.547364 0.749140 -15.753914
v 4.101060 0.749140 -15.753914
v 2.263871 0.749140 -15.753914
v 4.175858 0.833841 -15.753914
v 4.175858 0.749140 -15.753914
v 0.632066 1.905241 -15.753914
v 0.547364 1.905241 -15.753914
vn -0.0000 -0.0000 -1.0000
vn -0.4033 0.1385 -0.9045
vn -0.3015 -0.3015 -0.9045
vn -0.3142 0.2883 -0.9045
vn 0.2810 0.3207 -0.9045
vn 0.3144 -0.2881 -0.9045
vn 0.1406 0.4025 -0.9045
vn -0.1361 -0.4041 -0.9045
vn 0.3015 -0.3015 -0.9045
vn -0.3015 0.3015 -0.9045
vn -0.1513 -0.3986 -0.9045
vn 0.1362 0.4041 -0.9045
vn -0.3129 0.2897 -0.9045
vn -0.1510 -0.3988 -0.9045
vn 0.1509 0.3988 -0.9045
vn 0.3128 -0.2898 -0.9045
vn -0.3128 0.2897 -0.9045
vn -0.1408 -0.4025 -0.9045
vn 0.3129 -0.2897 -0.9045
vn 0.1512 0.3987 -0.9045
vn -0.3015 -0.0756 -0.9505
vn -0.3015 -0.3395 0.8910
vn 0.3015 0.0756 -0.9505
vn 0.3015 0.3395 0.8910
vn 0.3015 0.3015 -0.9045
vn 0.0826 -0.3015 -0.9499
vn 0.3211 -0.3015 0.8978
vn -0.3988 0.1509 -0.9045
vn 0.4013 -0.1442 -0.9045
vn 0.2157 -0.3678 -0.9045
vn -0.3116 0.2911 -0.9045
vn -0.3115 0.2911 -0.9045
vn 0.3015 0.0653 -0.9512
vn 0.3015 0.3661 0.8804
vn 0.0813 -0.3015 -0.9500
vn 0.3246 -0.3015 0.8965
vn -0.3015 -0.0653 -0.9512
vn -0.3015 -0.3661 0.8804
vn -0.0813 0.3015 -0.9500
vn -0.3246 0.3015 0.8965
vn 0.0814 -0.3015 -0.9500
vn 0.3243 -0.3015 0.8966
vn 0.3210 -0.3015 0.8978
vn -0.0826 0.3015 -0.9499
vn -0.3210 0.3015 0.8978
vn -0.3211 0.3015 0.8978
vn -0.3970 0.1557 -0.9045
vn 0.3988 -0.1509 -0.9045
vn 0.3941 0.1629 -0.9045
vn -0.1635 -0.3938 -0.9045
vn 0.2158 -0.3677 -0.9045
vn -0.3121 0.2906 -0.9045
vn 0.3940 0.1631 -0.9045
vn -0.1632 -0.3939 -0.9045
vn -0.3120 0.2906 -0.9045
vn 0.3896 0.1733 -0.9045
vn -0.1529 -0.3980 -0.9045
vn -0.3015 -0.0811 -0.9500
vn -0.3015 -0.3251 0.8963
vn -0.0814 0.3015 -0.9500
vn -0.3243 0.3015 0.8966
vn 0.3015 0.0811 -0.9500
vn 0.3015 0.3251 0.8963
vn -0.4033 0.1382 -0.9046
vn -0.3014 -0.3015 -0.9046
vn 0.2872 0.3152 -0.9045
vn 0.3921 0.1676 -0.9045
vn -0.1587 -0.3958 -0.9045
vn 0.3920 0.1679 -0.9045
vn -0.1584 -0.3959 -0.9045
vn 0.3875 0.1780 -0.9045
vn -0.1481 -0.3998 -0.9045
vn -0.3015 -0.0773 -0.9503
vn -0.3015 -0.3349 0.8927
vn 0.3015 0.0773 -0.9503
vn 0.3015 0.3349 0.8927
vn -0.4013 -0.1441 -0.9045
vn -0.2162 0.3675 -0.9045
vn 0.3133 -0.2892 -0.9045
vn 0.2161 -0.3676 -0.9045
vn -0.3132 0.2894 -0.9045
vn -0.2163 0.3675 -0.9045
vn 0.3139 -0.2886 -0.9045
vn 0.1706 -0.3908 -0.9045
vn 0.4033 0.1382 -0.9046
vn 0.3014 -0.3015 -0.9046
vn -0.3673 -0.2166 -0.9045
vn 0.2163 -0.3675 -0.9045
vn -0.3138 0.2887 -0.9045
vn -0.0000 -0.0000 1.0000
vn -0.2810 0.3207 0.9045
vn -0.3142 0.2883 0.9045
vn 0.2810 0.3207 0.9045
vn 0.3143 -0.2881 0.9045
vn 0.1406 0.4026 0.9045
vn -0.3142 -0.2882 0.9045
vn -0.3015 0.3015 0.9045
vn 0.3015 -0.3015 0.9045
vn -0.3015 -0.3015 0.9045
vn -0.1512 -0.3987 0.9045
vn 0.3143 0.2881 0.9045
vn -0.3129 0.2897 0.9045
vn -0.1510 -0.3988 0.9045
vn 0.1509 0.3988 0.9045
vn 0.3128 -0.2898 0.9045
vn -0.3128 0.2897 0.9045
vn -0.1407 -0.4025 0.9045
vn 0.3129 -0.2897 0.9045
vn 0.1511 0.3987 0.9045
vn 0.3015 0.3395 -0.8910
vn 0.3015 0.0756 0.9505
vn 0.3015 0.3015 0.9045
vn 0.3246 -0.3015 -0.8965
vn 0.0813 -0.3015 0.9500
vn -0.3246 0.3015 -0.8965
vn -0.0813 0.3015 0.9500
vn -0.3015 -0.3395 -0.8910
vn -0.3015 -0.0756 0.9505
vn -0.3243 0.3015 -0.8966
vn -0.0814 0.3015 0.9500
vn 0.3243 -0.3015 -0.8966
vn 0.0814 -0.3015 0.9500
vn 0.3210 -0.3015 -0.8978
vn 0.0826 -0.3015 0.9499
vn -0.3210 0.3015 -0.8978
vn -0.0826 0.3015 0.9499
vn -0.3211 0.3015 -0.8978
vn -0.3988 0.1509 0.9045
vn 0.2625 -0.3360 0.9045
vn -0.3116 0.2911 0.9045
vn 0.2157 -0.3678 0.9045
vn -0.3115 0.2911 0.9045
vn 0.3015 0.3661 -0.8804
vn 0.3015 0.0653 0.9512
vn 0.3211 -0.3015 -0.8978
vn -0.3970 0.1556 0.9045
vn 0.3988 -0.1509 0.9045
vn -0.1634 -0.3938 0.9045
vn 0.3940 0.1629 0.9045
vn -0.3121 0.2906 0.9045
vn 0.2158 -0.3677 0.9045
vn -0.1631 -0.3940 0.9045
vn 0.3939 0.1632 0.9045
vn -0.3120 0.2906 0.9045
vn -0.1528 -0.3981 0.9045
vn 0.3895 0.1734 0.9045
vn 0.3015 0.3251 -0.8963
vn 0.3015 0.0811 0.9500
vn -0.2819 0.3200 0.9045
vn 0.2872 0.3152 0.9045
vn -0.1587 -0.3958 0.9045
vn 0.3920 0.1677 0.9045
vn -0.1584 -0.3959 0.9045
vn 0.3919 0.1679 0.9045
vn -0.1481 -0.3999 0.9045
vn 0.3874 0.1780 0.9045
vn 0.3015 0.3349 -0.8927
vn 0.3015 0.0773 0.9503
vn -0.3015 -0.3349 -0.8927
vn -0.3015 -0.0773 0.9503
vn -0.4013 -0.1441 0.9045
vn 0.3133 -0.2892 0.9045
vn -0.2162 0.3675 0.9045
vn -0.3132 0.2894 0.9045
vn 0.2161 -0.3676 0.9045
vn 0.3139 -0.2886 0.9045
vn -0.2163 0.3675 0.9045
vn 0.1707 -0.3908 0.9045
vn 0.4035 0.1381 0.9045
vn -0.3673 -0.2166 0.9045
vn -0.3138 0.2887 0.9045
vn 0.2163 -0.3675 0.9045
vn -0.2810 0.3207 -0.9045
vn -0.1361 0.4041 -0.9045
vn 0.4033 0.1385 -0.9045
vn 0.1362 -0.4041 -0.9045
vn 0.3841 0.1852 -0.9045
vn -0.3142 -0.2883 -0.9045
vn -0.3889 -0.1749 -0.9045
vn 0.3143 0.2881 -0.9045
vn -0.2160 0.3676 -0.9045
vn -0.3888 -0.1752 -0.9045
vn 0.3887 0.1753 -0.9045
vn 0.2160 -0.3676 -0.9045
vn -0.3841 -0.1851 -0.9045
vn 0.3888 0.1750 -0.9045
vn -0.3015 0.3395 -0.8910
vn -0.3015 0.0756 0.9505
vn 0.3015 -0.3395 -0.8910
vn 0.3015 -0.0756 0.9505
vn -0.3211 -0.3015 -0.8978
vn -0.0826 -0.3015 0.9499
vn -0.1753 0.3887 -0.9045
vn 0.2624 -0.3361 -0.9045
vn 0.3116 -0.2911 -0.9045
vn -0.2157 0.3678 -0.9045
vn 0.3115 -0.2911 -0.9045
vn 0.3015 -0.3661 -0.8804
vn 0.3015 -0.0653 0.9512
vn -0.3246 -0.3015 -0.8965
vn -0.0813 -0.3015 0.9500
vn -0.3015 0.3661 -0.8804
vn -0.3015 0.0653 0.9512
vn 0.3246 0.3015 -0.8965
vn 0.0813 0.3015 0.9500
vn -0.3243 -0.3015 -0.8966
vn -0.0814 -0.3015 0.9500
vn -0.3210 -0.3015 -0.8978
vn 0.3210 0.3015 -0.8978
vn 0.0826 0.3015 0.9499
vn 0.3211 0.3015 -0.8978
vn -0.1706 0.3908 -0.9045
vn 0.1753 -0.3887 -0.9045
vn 0.1635 0.3938 -0.9045
vn -0.3941 -0.1629 -0.9045
vn 0.3121 -0.2906 -0.9045
vn -0.2158 0.3677 -0.9045
vn 0.1632 0.3939 -0.9045
vn -0.3940 -0.1631 -0.9045
vn 0.3120 -0.2906 -0.9045
vn 0.1529 0.3980 -0.9045
vn -0.3896 -0.1733 -0.9045
vn -0.3015 0.3251 -0.8963
vn -0.3015 0.0811 0.9500
vn 0.3243 0.3015 -0.8966
vn 0.0814 0.3015 0.9500
vn 0.3015 -0.3251 -0.8963
vn 0.3015 -0.0811 0.9500
vn -0.2818 0.3199 -0.9046
vn 0.3673 0.2166 -0.9045
vn 0.1587 0.3958 -0.9045
vn -0.3921 -0.1676 -0.9045
vn 0.1584 0.3959 -0.9045
vn -0.3920 -0.1679 -0.9045
vn 0.1481 0.3998 -0.9045
vn -0.3875 -0.1780 -0.9045
vn -0.3015 0.3349 -0.8927
vn -0.3015 0.0773 0.9503
vn 0.3015 -0.3349 -0.8927
vn 0.3015 -0.0773 0.9503
vn -0.2625 -0.3360 -0.9045
vn -0.3133 0.2892 -0.9045
vn 0.2162 -0.3675 -0.9045
vn 0.3132 -0.2894 -0.9045
vn -0.2161 0.3676 -0.9045
vn -0.3139 0.2886 -0.9045
vn 0.3970 -0.1557 -0.9045
vn 0.2819 0.3199 -0.9045
vn -0.2872 -0.3152 -0.9045
vn 0.3138 -0.2887 -0.9045
vn -0.3016 -0.3015 0.9045
vn -0.4033 0.1385 0.9045
vn -0.1361 0.4041 0.9045
vn 0.4033 0.1384 0.9045
vn 0.1361 -0.4041 0.9045
vn 0.3841 0.1852 0.9045
vn -0.1361 -0.4041 0.9045
vn -0.3889 -0.1750 0.9045
vn 0.1362 0.4041 0.9045
vn -0.2160 0.3676 0.9045
vn -0.3887 -0.1752 0.9045
vn 0.3887 0.1753 0.9045
vn 0.2160 -0.3676 0.9045
vn -0.3841 -0.1851 0.9045
vn 0.3888 0.1751 0.9045
vn 0.3015 -0.0756 -0.9505
vn 0.3015 -0.3395 0.8910
vn -0.0813 -0.3015 -0.9500
vn -0.3246 -0.3015 0.8965
vn 0.0813 0.3015 -0.9500
vn 0.3246 0.3015 0.8965
vn -0.3015 0.0756 -0.9505
vn -0.3015 0.3395 0.8910
vn 0.0814 0.3015 -0.9500
vn 0.3243 0.3015 0.8966
vn -0.0814 -0.3015 -0.9500
vn -0.3243 -0.3015 0.8966
vn -0.0826 -0.3015 -0.9499
vn -0.3210 -0.3015 0.8978
vn 0.0826 0.3015 -0.9499
vn 0.3210 0.3015 0.8978
vn 0.3211 0.3015 0.8978
vn -0.1753 0.3887 0.9045
vn 0.4013 -0.1441 0.9045
vn -0.2157 0.3678 0.9045
vn 0.3116 -0.2911 0.9045
vn 0.3115 -0.2911 0.9045
vn 0.3015 -0.0653 -0.9512
vn 0.3015 -0.3661 0.8804
vn -0.3211 -0.3015 0.8978
vn -0.1707 0.3908 0.9045
vn 0.1753 -0.3887 0.9045
vn -0.3940 -0.1629 0.9045
vn 0.1634 0.3938 0.9045
vn -0.2158 0.3677 0.9045
vn 0.3121 -0.2906 0.9045
vn -0.3939 -0.1632 0.9045
vn 0.1631 0.3940 0.9045
vn 0.3120 -0.2906 0.9045
vn -0.3896 -0.1734 0.9045
vn 0.1528 0.3981 0.9045
vn 0.3015 -0.0811 -0.9500
vn 0.3015 -0.3251 0.8963
vn -0.4034 0.1382 0.9045
vn 0.3673 0.2166 0.9045
vn -0.3920 -0.1677 0.9045
vn 0.1587 0.3958 0.9045
vn -0.3919 -0.1679 0.9045
vn 0.1584 0.3959 0.9045
vn -0.3874 -0.1780 0.9045
vn 0.1481 0.3999 0.9045
vn 0.3015 -0.0773 -0.9503
vn 0.3015 -0.3349 0.8927
vn -0.3015 0.0773 -0.9503
vn -0.3015 0.3349 0.8927
vn -0.2625 -0.3360 0.9045
vn 0.2162 -0.3675 0.9045
vn -0.3133 0.2892 0.9045
vn -0.2161 0.3676 0.9045
vn 0.3132 -0.2894 0.9045
vn -0.3139 0.2886 0.9045
vn 0.3970 -0.1556 0.9045
vn 0.2819 0.3199 0.9045
vn -0.2872 -0.3152 0.9045
vn 0.3138 -0.2887 0.9045
vt 0.658300 0.492800
vt 0.522300 0.481600
vt 0.647000 0.481600
vt 0.240100 0.240100
vt 0.031200 0.251100
vt 0.020000 0.239900
vt 0.826800 0.415800
vt 0.690900 0.427000
vt 0.679600 0.415800
vt 0.756300 0.339000
vt 0.962600 0.328000
vt 0.973800 0.339300
vt 0.249000 0.240100
vt 0.240100 0.251300
vt 0.240100 0.339000
vt 0.031200 0.328000
vt 0.240100 0.327800
vt 0.804400 0.641800
vt 0.679600 0.631900
vt 0.804400 0.631900
vt 0.746400 0.339000
vt 0.756300 0.327800
vt 0.756300 0.240100
vt 0.962600 0.251100
vt 0.756300 0.251300
vt 0.746400 0.240100
vt 0.503000 0.251300
vt 0.503000 0.240100
vt 0.804400 0.594100
vt 0.679600 0.584200
vt 0.804400 0.584200
vt 0.493100 0.339100
vt 0.503000 0.327900
vt 0.503000 0.339100
vt 0.493100 0.251300
vt 0.493100 0.240100
vt 0.249000 0.339000
vt 0.493100 0.327900
vt 0.249000 0.251300
vt 0.804400 0.549200
vt 0.679600 0.540200
vt 0.804400 0.540200
vt 0.249000 0.327800
vt 0.746400 0.327800
vt 0.746400 0.251300
vt 0.804400 0.624700
vt 0.679600 0.649000
vt 0.679600 0.641800
vt 0.020000 0.606200
vt 0.263400 0.599000
vt 0.263400 0.606200
vt 0.020000 0.071300
vt 0.031200 0.081200
vt 0.020000 0.081200
vt 0.862900 0.379100
vt 0.935700 0.390400
vt 0.862900 0.390400
vt 0.756300 0.309700
vt 0.962600 0.298700
vt 0.973800 0.309900
vt 0.240100 0.309700
vt 0.031200 0.298700
vt 0.240100 0.298500
vt 0.323700 0.733400
vt 0.250900 0.723500
vt 0.323700 0.723500
vt 0.746400 0.309700
vt 0.756300 0.298500
vt 0.746400 0.071300
vt 0.503000 0.081200
vt 0.503000 0.071300
vt 0.323700 0.817700
vt 0.250900 0.807800
vt 0.323700 0.807800
vt 0.493100 0.309800
vt 0.503000 0.298600
vt 0.503000 0.309800
vt 0.249000 0.309700
vt 0.493100 0.298600
vt 0.493100 0.071300
vt 0.249000 0.081200
vt 0.249000 0.071300
vt 0.323700 0.776400
vt 0.250900 0.767400
vt 0.323700 0.767400
vt 0.249000 0.298500
vt 0.746400 0.298500
vt 0.862900 0.397500
vt 0.020000 0.892000
vt 0.226300 0.884900
vt 0.226300 0.892000
vt 0.323700 0.716300
vt 0.226300 0.928800
vt 0.020000 0.936000
vt 0.020000 0.928800
vt 0.247200 0.910400
vt 0.320000 0.903200
vt 0.320000 0.910400
vt 0.250900 0.783600
vt 0.250900 0.776400
vt 0.020000 0.870100
vt 0.228900 0.862900
vt 0.228900 0.870100
vt 0.020000 0.496300
vt 0.264100 0.489100
vt 0.264100 0.496300
vt 0.323700 0.760300
vt 0.264100 0.423100
vt 0.020000 0.430300
vt 0.020000 0.423100
vt 0.250900 0.824800
vt 0.250900 0.817700
vt 0.263400 0.665000
vt 0.020000 0.672200
vt 0.020000 0.665000
vt 0.323700 0.800600
vt 0.020000 0.097000
vt 0.031200 0.107400
vt 0.020000 0.107400
vt 0.973800 0.081200
vt 0.962600 0.071300
vt 0.973800 0.071300
vt 0.488800 0.513500
vt 0.287500 0.503600
vt 0.488800 0.503600
vt 0.746400 0.081200
vt 0.756400 0.071300
vt 0.756400 0.081200
vt 0.746400 0.097000
vt 0.503000 0.107400
vt 0.503000 0.097000
vt 0.488800 0.473200
vt 0.287500 0.463300
vt 0.488800 0.463300
vt 0.493100 0.081200
vt 0.493100 0.097000
vt 0.249000 0.107400
vt 0.249000 0.097000
vt 0.488800 0.431900
vt 0.287500 0.423000
vt 0.488800 0.423000
vt 0.240100 0.081200
vt 0.488800 0.496400
vt 0.721000 0.357200
vt 0.514700 0.364300
vt 0.514700 0.357200
vt 0.287500 0.573200
vt 0.488800 0.566000
vt 0.488800 0.573200
vt 0.228900 0.709000
vt 0.020000 0.716100
vt 0.020000 0.709000
vt 0.287500 0.439100
vt 0.287500 0.431900
vt 0.020000 0.826100
vt 0.228900 0.818900
vt 0.228900 0.826100
vt 0.488800 0.415800
vt 0.263400 0.621000
vt 0.020000 0.628200
vt 0.020000 0.621000
vt 0.287500 0.520700
vt 0.287500 0.513500
vt 0.020000 0.694200
vt 0.263400 0.687000
vt 0.263400 0.694200
vt 0.488800 0.456100
vt 0.840100 0.397500
vt 0.698200 0.386300
vt 0.840100 0.386300
vt 0.240100 0.269400
vt 0.031200 0.280400
vt 0.020000 0.269200
vt 0.488800 0.379100
vt 0.287500 0.390400
vt 0.287500 0.379100
vt 0.249000 0.269400
vt 0.240100 0.280600
vt 0.653000 0.627100
vt 0.511100 0.617200
vt 0.653000 0.617200
vt 0.746400 0.107400
vt 0.756400 0.097000
vt 0.756400 0.107400
vt 0.756300 0.269400
vt 0.962600 0.280400
vt 0.756300 0.280600
vt 0.746400 0.269400
vt 0.503000 0.280600
vt 0.503000 0.269400
vt 0.653000 0.667400
vt 0.511100 0.657500
vt 0.653000 0.657500
vt 0.493100 0.107400
vt 0.493100 0.280600
vt 0.493100 0.269400
vt 0.249000 0.280600
vt 0.653000 0.585800
vt 0.511100 0.576900
vt 0.653000 0.576900
vt 0.240100 0.107400
vt 0.746400 0.280600
vt 0.840100 0.379100
vt 0.511100 0.593000
vt 0.511100 0.585800
vt 0.020000 0.848100
vt 0.228900 0.840900
vt 0.228900 0.848100
vt 0.653000 0.650300
vt 0.247200 0.921600
vt 0.962600 0.081200
vt 0.240100 0.071300
vt 0.031200 0.071300
vt 0.962600 0.097000
vt 0.962600 0.107400
vt 0.973800 0.107400
vt 0.522300 0.390400
vt 0.664200 0.379100
vt 0.664200 0.390400
vt 0.287500 0.584400
vt 0.240100 0.097000
vt 0.031200 0.097000
vt 0.511100 0.522800
vt 0.647000 0.511100
vt 0.658300 0.522200
vt 0.031200 0.210800
vt 0.240100 0.221800
vt 0.020000 0.222000
vt 0.647000 0.551600
vt 0.511100 0.540400
vt 0.658200 0.540400
vt 0.962600 0.133800
vt 0.756300 0.122800
vt 0.973800 0.122600
vt 0.240100 0.210600
vt 0.249000 0.221800
vt 0.240100 0.122800
vt 0.031200 0.133800
vt 0.020000 0.122600
vt 0.372000 0.969200
vt 0.247200 0.979100
vt 0.247200 0.969200
vt 0.756300 0.134000
vt 0.746400 0.122800
vt 0.756300 0.221800
vt 0.962600 0.210800
vt 0.973800 0.222000
vt 0.503000 0.210600
vt 0.746400 0.221800
vt 0.503000 0.221800
vt 0.372000 0.939800
vt 0.247200 0.949800
vt 0.247200 0.939800
vt 0.503000 0.134000
vt 0.493100 0.122800
vt 0.503000 0.122800
vt 0.493100 0.210600
vt 0.493100 0.221800
vt 0.493100 0.134000
vt 0.249000 0.122800
vt 0.249000 0.210600
vt 0.800700 0.665000
vt 0.676000 0.673900
vt 0.676000 0.665000
vt 0.249000 0.134000
vt 0.746400 0.134000
vt 0.746400 0.210600
vt 0.815600 0.434200
vt 0.690900 0.434200
vt 0.948200 0.364300
vt 0.741900 0.357200
vt 0.948200 0.357200
vt 0.287500 0.357200
vt 0.493800 0.364300
vt 0.287500 0.364300
vt 0.522300 0.474400
vt 0.647000 0.474400
vt 0.020000 0.796900
vt 0.228900 0.804100
vt 0.020000 0.804100
vt 0.679600 0.549200
vt 0.804400 0.556300
vt 0.679600 0.556300
vt 0.228900 0.738100
vt 0.020000 0.731000
vt 0.228900 0.731000
vt 0.264100 0.452300
vt 0.020000 0.445100
vt 0.264100 0.445100
vt 0.679600 0.533100
vt 0.804400 0.533100
vt 0.020000 0.467100
vt 0.264100 0.474300
vt 0.020000 0.474300
vt 0.679600 0.594100
vt 0.804400 0.601300
vt 0.679600 0.601300
vt 0.020000 0.577000
vt 0.263400 0.584200
vt 0.020000 0.584200
vt 0.679600 0.577000
vt 0.804400 0.577000
vt 0.031200 0.020000
vt 0.020000 0.029900
vt 0.020000 0.020000
vt 0.334900 0.844900
vt 0.262000 0.855800
vt 0.250900 0.844600
vt 0.962600 0.192500
vt 0.756300 0.181500
vt 0.973800 0.181200
vt 0.240100 0.181500
vt 0.031200 0.192500
vt 0.020000 0.181200
vt 0.921000 0.415800
vt 0.848200 0.425700
vt 0.848200 0.415800
vt 0.756300 0.192700
vt 0.746400 0.181500
vt 0.503000 0.020000
vt 0.746400 0.029900
vt 0.503000 0.029900
vt 0.917300 0.445100
vt 0.844600 0.455000
vt 0.844600 0.445100
vt 0.503000 0.192600
vt 0.493100 0.181400
vt 0.503000 0.181400
vt 0.493100 0.192600
vt 0.249000 0.181500
vt 0.249000 0.020000
vt 0.493100 0.029900
vt 0.249000 0.029900
vt 0.411600 0.716300
vt 0.338800 0.725200
vt 0.338800 0.716300
vt 0.249000 0.192700
vt 0.746400 0.192700
vt 0.020000 0.752900
vt 0.228900 0.760100
vt 0.020000 0.760100
vt 0.250900 0.733400
vt 0.323700 0.740600
vt 0.250900 0.740600
vt 0.263400 0.562200
vt 0.020000 0.555000
vt 0.263400 0.555000
vt 0.031200 0.045700
vt 0.020000 0.056100
vt 0.020000 0.045700
vt 0.962600 0.029900
vt 0.973800 0.020000
vt 0.973800 0.029900
vt 0.488800 0.657700
vt 0.287500 0.667600
vt 0.287500 0.657700
vt 0.756400 0.029900
vt 0.746400 0.020000
vt 0.756400 0.020000
vt 0.503000 0.045700
vt 0.746400 0.056100
vt 0.503000 0.056100
vt 0.488800 0.683300
vt 0.287500 0.693200
vt 0.287500 0.683300
vt 0.493100 0.020000
vt 0.249000 0.045700
vt 0.493100 0.056100
vt 0.249000 0.056100
vt 0.488800 0.602700
vt 0.287500 0.611600
vt 0.287500 0.602700
vt 0.240100 0.020000
vt 0.488800 0.397500
vt 0.287500 0.397500
vt 0.226300 0.980000
vt 0.020000 0.972800
vt 0.226300 0.972800
vt 0.264100 0.408300
vt 0.020000 0.401100
vt 0.264100 0.401100
vt 0.020000 0.511100
vt 0.264100 0.518200
vt 0.020000 0.518200
vt 0.287500 0.473200
vt 0.488800 0.480400
vt 0.287500 0.480400
vt 0.511100 0.427000
vt 0.653100 0.416400
vt 0.664200 0.427700
vt 0.031200 0.152100
vt 0.240100 0.163100
vt 0.020000 0.163400
vt 0.488800 0.639600
vt 0.287500 0.628300
vt 0.488800 0.628300
vt 0.240100 0.151900
vt 0.249000 0.163100
vt 0.821600 0.481800
vt 0.679600 0.491700
vt 0.679600 0.481800
vt 0.756400 0.056100
vt 0.746400 0.045700
vt 0.756400 0.045700
vt 0.756300 0.163100
vt 0.962600 0.152100
vt 0.973800 0.163400
vt 0.503000 0.152000
vt 0.746400 0.163100
vt 0.503000 0.163200
vt 0.821600 0.507400
vt 0.679600 0.517300
vt 0.679600 0.507400
vt 0.493100 0.045700
vt 0.493100 0.152000
vt 0.493100 0.163200
vt 0.249000 0.151900
vt 0.821600 0.452400
vt 0.679600 0.461400
vt 0.679600 0.452400
vt 0.240100 0.045700
vt 0.746400 0.151900
vt 0.664200 0.397500
vt 0.522300 0.397500
vt 0.226300 0.914000
vt 0.020000 0.906900
vt 0.226300 0.906900
vt 0.511100 0.610000
vt 0.653000 0.610000
vt 0.020000 0.950800
vt 0.226300 0.958000
vt 0.020000 0.958000
vt 0.020000 0.774900
vt 0.228900 0.782100
vt 0.020000 0.782100
vt 0.264100 0.364300
vt 0.020000 0.357200
vt 0.264100 0.357200
vt 0.511100 0.569700
vt 0.653000 0.569700
vt 0.020000 0.379100
vt 0.264100 0.386300
vt 0.020000 0.386300
vt 0.511100 0.667400
vt 0.653000 0.674600
vt 0.511100 0.674600
vt 0.020000 0.643000
vt 0.263400 0.650200
vt 0.020000 0.650200
vt 0.511100 0.627100
vt 0.653000 0.634300
vt 0.511100 0.634300
vt 0.263400 0.540200
vt 0.020000 0.533100
vt 0.263400 0.533100
vt 0.331200 0.885100
vt 0.258400 0.874200
vt 0.331100 0.873900
vt 0.962600 0.020000
vt 0.240100 0.029900
vt 0.031200 0.029900
vt 0.962600 0.056100
vt 0.962600 0.045700
vt 0.973800 0.045700
vt 0.511100 0.445300
vt 0.653000 0.456300
vt 0.511100 0.456500
vt 0.488800 0.547900
vt 0.287500 0.536700
vt 0.488800 0.536700
vt 0.240100 0.056100
vt 0.031200 0.056100
vt 0.511100 0.492800
vt 0.815600 0.427000
vt 0.020000 0.339300
vt 0.973800 0.239900
vt 0.679600 0.624700
vt 0.804400 0.649000
vt 0.020000 0.599000
vt 0.946900 0.379100
vt 0.020000 0.309900
vt 0.935700 0.397500
vt 0.020000 0.884900
vt 0.250900 0.716300
vt 0.226300 0.936000
vt 0.247200 0.903200
vt 0.323700 0.783600
vt 0.020000 0.862900
vt 0.020000 0.489100
vt 0.250900 0.760300
vt 0.264100 0.430300
vt 0.323700 0.824800
vt 0.263400 0.672200
vt 0.250900 0.800600
vt 0.287500 0.496400
vt 0.721000 0.364300
vt 0.287500 0.566000
vt 0.228900 0.716100
vt 0.488800 0.439100
vt 0.020000 0.818900
vt 0.287500 0.415800
vt 0.263400 0.628200
vt 0.488800 0.520700
vt 0.020000 0.687000
vt 0.287500 0.456100
vt 0.687000 0.397500
vt 0.488800 0.390400
vt 0.973800 0.269200
vt 0.698200 0.379100
vt 0.653000 0.593000
vt 0.020000 0.840900
vt 0.511100 0.650300
vt 0.331200 0.921600
vt 0.973800 0.097000
vt 0.511100 0.379100
vt 0.488800 0.584400
vt 0.522200 0.511600
vt 0.522300 0.551600
vt 0.240100 0.134000
vt 0.372000 0.979100
vt 0.756300 0.210600
vt 0.372000 0.949800
vt 0.800700 0.673900
vt 0.741900 0.364300
vt 0.493800 0.357200
vt 0.228900 0.796900
vt 0.020000 0.738100
vt 0.020000 0.452300
vt 0.264100 0.467100
vt 0.263400 0.577000
vt 0.334800 0.856100
vt 0.240100 0.192700
vt 0.921000 0.425700
vt 0.917300 0.455000
vt 0.411600 0.725200
vt 0.228900 0.752900
vt 0.020000 0.562200
vt 0.488800 0.667600
vt 0.488800 0.693200
vt 0.488800 0.611600
vt 0.020000 0.980000
vt 0.020000 0.408300
vt 0.264100 0.511100
vt 0.511100 0.415800
vt 0.287500 0.639600
vt 0.821600 0.491700
vt 0.756300 0.151900
vt 0.821600 0.517300
vt 0.821600 0.461400
vt 0.020000 0.914000
vt 0.226300 0.950800
vt 0.228900 0.774900
vt 0.020000 0.364300
vt 0.264100 0.379100
vt 0.263400 0.643000
vt 0.020000 0.540200
vt 0.247200 0.885500
vt 0.973800 0.056100
vt 0.664200 0.445100
vt 0.287500 0.547900
s 0
f 2081/5601/3292 2083/5602/3293 2084/5603/3294
f 2085/5604/3292 2083/5605/3295 2082/5606/3292
f 2088/5607/3292 2090/5608/3296 2087/5609/3292
f 2091/5610/3292 2089/5611/3297 2088/5612/3292
f 2093/5613/3292 2086/5614/3298 2085/5604/3292
f 2095/5615/3292 2084/5616/3299 2096/5617/3300
s 1
f 2097/5618/3300 2099/5619/3301 2092/5620/3294
s 0
f 2100/5621/3292 2092/5622/3302 2091/5610/3292
f 2101/5623/3292 2090/5624/3303 2099/5625/3301
f 2103/5626/3292 2104/5627/3304 2102/5628/3292
s 1
f 2106/5629/3300 2104/5630/3301 2105/5631/3294
s 0
f 2109/5632/3292 2105/5633/3305 2108/5634/3292
f 2102/5628/3292 2107/5635/3306 2110/5636/3292
f 2111/5637/3292 2106/5638/3307 2109/5632/3292
f 2110/5636/3292 2094/5639/3308 2093/5613/3292
s 1
f 2096/5640/3300 2094/5641/3301 2112/5642/3294
s 0
f 2095/5615/3292 2112/5643/3309 2111/5637/3292
f 2108/5634/3292 2097/5644/3310 2100/5621/3292
f 2101/5623/3292 2098/5645/3311 2103/5626/3292
f 2099/5619/3312 2114/5646/3313 2092/5620/3294
f 2097/5618/3314 2116/5647/3315 2098/5648/3316
f 2105/5649/3317 2115/5650/3318 2097/5651/3300
f 2119/5652/3292 2121/5653/3319 2118/5654/3292
f 2122/5655/3292 2124/5656/3320 2125/5657/3316
f 2126/5658/3292 2124/5659/3297 2123/5660/3292
f 2128/5661/3292 2130/5662/3299 2131/5663/3300
s 1
f 2132/5664/3300 2134/5665/3301 2127/5666/3294
s 0
f 2135/5667/3292 2127/5668/3302 2126/5658/3292
f 2137/5669/3321 2138/5670/3322 2136/5671/3294
s 1
f 2140/5672/3300 2138/5673/3301 2139/5674/3294
s 0
f 2143/5675/3292 2139/5676/3305 2142/5677/3292
f 2144/5678/3292 2140/5679/3307 2143/5675/3292
f 2147/5680/3321 2148/5681/3323 2146/5682/3294
s 1
f 2131/5683/3300 2148/5684/3301 2145/5685/3294
s 0
f 2128/5661/3292 2145/5686/3309 2144/5678/3292
f 2142/5677/3292 2132/5687/3310 2135/5667/3292
f 2124/5656/3324 2151/5688/3325 2125/5657/3316
f 2127/5689/3326 2150/5690/3327 2124/5691/3300
f 2134/5665/3328 2152/5692/3329 2127/5666/3294
f 2125/5693/3330 2153/5694/3331 2134/5695/3301
f 2121/5696/3328 2155/5697/3329 2130/5698/3294
f 2131/5683/3324 2157/5699/3325 2149/5700/3316
f 2130/5701/3332 2156/5702/3333 2131/5703/3300
f 2145/5704/3317 2159/5705/3334 2140/5706/3300
f 2148/5684/3328 2158/5707/3329 2145/5685/3294
f 2141/5708/3335 2160/5709/3336 2148/5710/3301
f 2140/5672/3324 2161/5711/3325 2141/5712/3316
f 2133/5713/3335 2163/5714/3337 2138/5715/3301
f 2138/5673/3328 2164/5716/3329 2139/5674/3294
f 2166/5717/3292 2168/5718/3338 2165/5719/3292
f 2122/5720/3292 2170/5721/3339 2169/5722/3292
s 1
f 2137/5723/3300 2173/5724/3301 2171/5725/3294
s 0
f 2133/5726/3340 2171/5727/3341 2134/5728/3301
f 2175/5729/3342 2176/5730/3343 2174/5731/3294
s 1
f 2147/5732/3300 2176/5733/3301 2136/5734/3294
s 0
f 2141/5735/3344 2136/5671/3345 2138/5670/3301
f 2179/5736/3342 2180/5737/3346 2178/5738/3294
s 1
f 2181/5739/3300 2180/5740/3301 2146/5741/3294
s 0
f 2149/5742/3347 2146/5682/3348 2148/5681/3301
f 2173/5724/3349 2184/5743/3350 2171/5725/3294
f 2185/5744/3330 2183/5745/3331 2173/5746/3301
f 2168/5747/3349 2188/5748/3350 2120/5749/3294
f 2182/5750/3351 2187/5751/3352 2168/5752/3301
f 2181/5739/3353 2189/5753/3354 2182/5754/3316
f 2120/5755/3332 2190/5756/3333 2181/5757/3300
f 2180/5740/3349 2192/5758/3350 2146/5741/3294
f 2172/5759/3335 2194/5760/3337 2176/5761/3301
f 2137/5723/3353 2193/5762/3354 2172/5763/3316
f 2136/5764/3317 2195/5765/3318 2137/5766/3300
f 2176/5733/3349 2196/5767/3350 2136/5734/3294
f 2166/5768/3292 2198/5769/3355 2167/5770/3356
f 2199/5771/3292 2198/5772/3295 2197/5773/3292
f 2169/5774/3292 2185/5775/3357 2201/5776/3292
f 2202/5777/3292 2200/5778/3298 2199/5771/3292
s 1
f 2175/5779/3300 2206/5780/3301 2204/5781/3294
s 0
f 2172/5782/3358 2204/5783/3359 2173/5784/3301
f 2207/5785/3292 2209/5786/3303 2206/5787/3301
f 2211/5788/3292 2212/5789/3304 2210/5790/3292
s 1
f 2179/5791/3300 2212/5792/3301 2174/5793/3294
s 0
f 2177/5794/3360 2174/5731/3361 2176/5730/3301
f 2210/5790/3292 2213/5795/3306 2214/5796/3292
f 2214/5796/3292 2203/5797/3308 2202/5777/3292
s 1
f 2215/5798/3300 2203/5799/3301 2178/5800/3294
s 0
f 2182/5801/3362 2178/5738/3363 2180/5737/3301
f 2207/5785/3292 2205/5802/3311 2211/5788/3292
f 2198/5769/3364 2217/5803/3365 2167/5770/3294
f 2215/5798/3366 2219/5804/3367 2200/5805/3316
f 2167/5806/3332 2218/5807/3333 2215/5808/3300
f 2212/5792/3364 2221/5809/3365 2174/5793/3294
f 2130/5698/3368 2118/5810/3292 2121/5696/3301
f 2134/5728/3369 2170/5721/3370 2125/5811/3316
f 2181/5812/3371 2121/5653/3372 2120/5813/3294
f 2173/5784/3373 2222/5814/3374 2185/5815/3316
f 2222/5814/3375 2201/5816/3292 2185/5815/3316
f 2209/5817/3376 2223/5818/3292 2222/5819/3377
f 2120/5749/3378 2165/5820/3292 2168/5747/3301
f 2215/5821/3379 2168/5718/3380 2167/5822/3294
f 2224/5823/3381 2226/5824/3382 2227/5825/3381
f 2226/5826/3383 2229/5827/3381 2227/5828/3381
f 2231/5829/3384 2233/5830/3381 2230/5831/3381
f 2232/5832/3385 2234/5833/3381 2233/5834/3381
f 2228/5835/3386 2236/5836/3381 2229/5827/3381
f 2237/5837/3381 2225/5838/3387 2224/5839/3381
s 1
f 2113/5840/3388 2115/5841/3389 2114/5842/3390
s 0
f 2114/5843/3391 2239/5844/3381 2234/5833/3381
f 2240/5845/3381 2231/5846/3392 2230/5847/3381
f 2242/5848/3393 2243/5849/3381 2241/5850/3381
s 1
f 2242/5851/3388 2245/5852/3389 2117/5853/3390
s 0
f 2117/5854/3394 2247/5855/3381 2246/5856/3381
f 2244/5857/3395 2241/5850/3381 2248/5858/3381
f 2245/5859/3396 2250/5860/3381 2247/5855/3381
f 2235/5861/3397 2248/5858/3381 2236/5836/3381
s 1
f 2235/5862/3388 2238/5863/3389 2249/5864/3390
s 0
f 2249/5865/3398 2237/5837/3381 2250/5860/3381
f 2115/5866/3399 2246/5856/3381 2239/5844/3381
f 2116/5867/3400 2240/5845/3381 2243/5849/3381
f 2090/5608/3401 2232/5868/3402 2231/5869/3403
f 2089/5870/3404 2114/5871/3405 2232/5872/3389
f 2099/5873/3406 2231/5874/3407 2113/5875/3388
f 2084/5603/3408 2226/5876/3409 2225/5877/3390
f 2083/5878/3410 2228/5879/3411 2226/5880/3388
f 2086/5881/3401 2238/5882/3402 2228/5883/3403
f 2096/5884/3412 2225/5885/3413 2238/5886/3389
f 2106/5887/3414 2249/5888/3415 2245/5889/3389
f 2112/5642/3408 2235/5890/3409 2249/5891/3390
f 2094/5892/3416 2244/5893/3417 2235/5894/3388
f 2107/5895/3401 2245/5896/3402 2244/5897/3403
f 2104/5898/3418 2116/5899/3417 2242/5900/3388
f 2105/5631/3408 2242/5901/3409 2117/5902/3390
f 2154/5903/3419 2252/5904/3381 2251/5905/3381
f 2253/5906/3381 2150/5907/3420 2254/5908/3381
f 2150/5909/3385 2255/5910/3381 2254/5911/3381
f 2256/5912/3381 2155/5913/3387 2257/5914/3381
s 1
f 2153/5915/3388 2258/5916/3389 2152/5917/3390
s 0
f 2152/5918/3391 2259/5919/3381 2255/5910/3381
f 2163/5920/3421 2195/5921/3422 2196/5922/3390
s 1
f 2163/5923/3388 2159/5924/3389 2164/5925/3390
s 0
f 2164/5926/3394 2261/5927/3381 2260/5928/3381
f 2159/5929/3396 2262/5930/3381 2261/5927/3381
f 2160/5931/3423 2263/5932/3422 2192/5933/3390
s 1
f 2160/5934/3388 2156/5935/3389 2158/5936/3390
s 0
f 2158/5937/3398 2256/5912/3381 2262/5930/3381
f 2258/5938/3399 2260/5928/3381 2259/5919/3381
f 2121/5939/3410 2157/5940/3411 2154/5941/3388
f 2133/5942/3424 2258/5943/3425 2162/5944/3403
f 2132/5945/3426 2164/5946/3415 2258/5947/3389
f 2187/5948/3427 2265/5949/3381 2264/5950/3381
f 2267/5951/3428 2253/5952/3381 2266/5953/3381
s 1
f 2183/5954/3388 2195/5955/3389 2184/5956/3390
s 0
f 2184/5957/3429 2162/5958/3430 2153/5959/3388
f 2194/5960/3431 2268/5961/3432 2221/5962/3390
s 1
f 2194/5963/3388 2263/5964/3389 2196/5965/3390
s 0
f 2196/5922/3433 2161/5966/3434 2163/5920/3388
f 2191/5967/3435 2271/5968/3432 2270/5969/3390
s 1
f 2191/5970/3388 2190/5971/3389 2192/5972/3390
s 0
f 2192/5933/3436 2157/5973/3437 2160/5931/3388
f 2185/5775/3438 2267/5974/3439 2186/5975/3403
f 2170/5976/3404 2184/5977/3405 2267/5978/3389
f 2147/5979/3414 2192/5980/3415 2263/5981/3389
f 2180/5982/3416 2269/5983/3417 2191/5984/3388
f 2177/5985/3438 2263/5986/3439 2269/5987/3403
f 2265/5988/3381 2216/5989/3440 2272/5990/3381
f 2216/5991/3383 2273/5992/3381 2272/5993/3381
f 2186/5994/3441 2266/5995/3381 2274/5996/3381
f 2219/5997/3386 2276/5998/3381 2273/5992/3381
s 1
f 2278/5999/3388 2268/6000/3389 2277/6001/3390
s 0
f 2277/6002/3442 2193/6003/3443 2183/6004/3388
f 2280/6005/3381 2281/6006/3392 2282/6007/3381
f 2220/6008/3393 2284/6009/3381 2283/6010/3381
s 1
f 2220/6011/3388 2271/6012/3389 2221/6013/3390
s 0
f 2221/5962/3444 2269/6014/3445 2194/5960/3388
f 2285/6015/3395 2283/6010/3381 2286/6016/3381
f 2275/6017/3397 2286/6016/3381 2276/5998/3381
s 1
f 2275/6018/3388 2218/6019/3389 2270/6020/3390
s 0
f 2270/5969/3446 2189/6021/3447 2191/5967/3388
f 2279/6022/3400 2280/6005/3381 2284/6009/3381
f 2209/5817/3448 2287/6023/3449 2281/6024/3403
f 2222/6025/3404 2277/6026/3405 2287/6027/3389
f 2204/5781/3450 2278/6028/3451 2277/6029/3390
f 2206/6030/3406 2281/6031/3407 2278/6032/3388
f 2198/6033/3410 2219/6034/3411 2216/6035/3388
f 2179/6036/3414 2270/6037/3415 2271/6038/3389
f 2178/5800/3450 2275/6039/3451 2270/6040/3390
f 2203/6041/3416 2285/6042/3417 2275/6043/3388
f 2213/6044/3448 2271/6045/3449 2285/6046/3403
f 2212/6047/3418 2279/6048/3417 2220/6049/3388
f 2205/6050/3448 2268/6051/3449 2279/6052/3403
f 2175/6053/3426 2221/6054/3415 2268/6055/3389
f 2251/6056/3381 2155/6057/3452 2154/6058/3388
f 2267/5951/3453 2153/5959/3454 2151/6059/3403
f 2154/5903/3455 2190/6060/3456 2188/6061/3390
f 2287/6062/3457 2183/6004/3458 2186/6063/3403
f 2274/6064/3381 2287/6062/3459 2186/6063/3403
f 2288/6065/3381 2281/6066/3460 2287/6067/3389
f 2264/6068/3381 2188/6069/3461 2187/6070/3388
f 2187/5948/3462 2218/6071/3463 2217/6072/3390
f 2081/5601/3292 2082/6073/3292 2083/5602/3464
f 2085/5604/3292 2086/5614/3316 2083/5605/3465
f 2088/5607/3292 2089/6074/3300 2090/5608/3466
f 2091/5610/3292 2092/5622/3294 2089/5611/3467
f 2093/5613/3292 2094/5639/3301 2086/5614/3468
f 2095/5615/3292 2081/6075/3292 2084/5616/3469
s 1
f 2097/5618/3300 2098/5648/3316 2099/5619/3301
s 0
f 2100/5621/3292 2097/5644/3300 2092/5622/3470
f 2101/5623/3292 2087/6076/3292 2090/5624/3471
f 2103/5626/3292 2098/5645/3316 2104/5627/3472
s 1
f 2106/5629/3300 2107/5895/3316 2104/5630/3301
s 0
f 2109/5632/3292 2106/5638/3300 2105/5633/3473
f 2102/5628/3292 2104/5627/3301 2107/5635/3474
f 2111/5637/3292 2112/5643/3294 2106/5638/3475
f 2110/5636/3292 2107/5635/3316 2094/5639/3472
s 1
f 2096/5640/3300 2086/5881/3316 2094/5641/3301
s 0
f 2095/5615/3292 2096/5617/3300 2112/5643/3476
f 2108/5634/3292 2105/5633/3294 2097/5644/3475
f 2101/5623/3292 2099/5625/3301 2098/5645/3477
f 2099/5619/3478 2113/6077/3388 2114/5646/3479
f 2097/5618/3480 2115/6078/3389 2116/5647/3481
f 2105/5649/3482 2117/6079/3390 2115/5650/3483
f 2119/5652/3292 2120/5813/3294 2121/5653/3484
f 2122/5655/3292 2123/6080/3292 2124/5656/3485
f 2126/5658/3292 2127/5668/3294 2124/5659/3467
f 2128/5661/3292 2129/6081/3292 2130/5662/3469
s 1
f 2132/5664/3300 2133/5942/3316 2134/5665/3301
s 0
f 2135/5667/3292 2132/5687/3300 2127/5668/3470
f 2137/5669/3486 2133/5726/3316 2138/5670/3487
s 1
f 2140/5672/3300 2141/5712/3316 2138/5673/3301
s 0
f 2143/5675/3292 2140/5679/3300 2139/5676/3473
f 2144/5678/3292 2145/5686/3294 2140/5679/3475
f 2147/5680/3488 2141/5735/3316 2148/5681/3487
s 1
f 2131/5683/3300 2149/5700/3316 2148/5684/3301
s 0
f 2128/5661/3292 2131/5663/3300 2145/5686/3476
f 2142/5677/3292 2139/5676/3294 2132/5687/3475
f 2124/5656/3489 2150/6082/3389 2151/5688/3490
f 2127/5689/3491 2152/6083/3390 2150/5690/3492
f 2134/5665/3493 2153/6084/3388 2152/5692/3494
f 2125/5693/3495 2151/6085/3403 2153/5694/3496
f 2121/5696/3493 2154/6086/3388 2155/5697/3494
f 2131/5683/3489 2156/6087/3389 2157/5699/3490
f 2130/5701/3497 2155/6088/3390 2156/5702/3498
f 2145/5704/3499 2158/6089/3390 2159/5705/3483
f 2148/5684/3493 2160/6090/3388 2158/5707/3494
f 2141/5708/3500 2161/6091/3403 2160/5709/3501
f 2140/5672/3489 2159/6092/3389 2161/5711/3490
f 2133/5713/3502 2162/6093/3403 2163/5714/3501
f 2138/5673/3493 2163/6094/3388 2164/5716/3494
f 2166/5717/3292 2167/5822/3294 2168/5718/3503
f 2122/5720/3292 2125/5811/3316 2170/5721/3504
s 1
f 2137/5723/3300 2172/5763/3316 2173/5724/3301
s 0
f 2133/5726/3505 2137/5669/3300 2171/5727/3506
f 2175/5729/3507 2172/5782/3316 2176/5730/3508
s 1
f 2147/5732/3300 2177/5985/3316 2176/5733/3301
s 0
f 2141/5735/3509 2147/5680/3300 2136/5671/3510
f 2179/5736/3511 2177/5794/3316 2180/5737/3508
s 1
f 2181/5739/3300 2182/5754/3316 2180/5740/3301
s 0
f 2149/5742/3512 2181/5812/3300 2146/5682/3513
f 2173/5724/3514 2183/6095/3388 2184/5743/3515
f 2185/5744/3495 2186/6096/3403 2183/5745/3496
f 2168/5747/3514 2187/6097/3388 2188/5748/3515
f 2182/5750/3516 2189/6098/3403 2187/5751/3517
f 2181/5739/3518 2190/6099/3389 2189/5753/3519
f 2120/5755/3497 2188/6100/3390 2190/5756/3498
f 2180/5740/3514 2191/6101/3388 2192/5758/3515
f 2172/5759/3502 2193/6102/3403 2194/5760/3501
f 2137/5723/3518 2195/6103/3389 2193/5762/3519
f 2136/5764/3482 2196/6104/3390 2195/5765/3483
f 2176/5733/3514 2194/6105/3388 2196/5767/3515
f 2166/5768/3292 2197/6106/3292 2198/5769/3520
f 2199/5771/3292 2200/5778/3316 2198/5772/3465
f 2169/5774/3292 2170/6107/3300 2185/5775/3521
f 2202/5777/3292 2203/5797/3301 2200/5778/3468
s 1
f 2175/5779/3300 2205/6050/3316 2206/5780/3301
s 0
f 2172/5782/3522 2175/5729/3300 2204/5783/3523
f 2207/5785/3292 2208/6108/3292 2209/5786/3471
f 2211/5788/3292 2205/5802/3316 2212/5789/3472
s 1
f 2179/5791/3300 2213/6044/3316 2212/5792/3301
s 0
f 2177/5794/3524 2179/5736/3300 2174/5731/3525
f 2210/5790/3292 2212/5789/3301 2213/5795/3474
f 2214/5796/3292 2213/5795/3316 2203/5797/3472
s 1
f 2215/5798/3300 2200/5805/3316 2203/5799/3301
s 0
f 2182/5801/3526 2215/5821/3300 2178/5738/3527
f 2207/5785/3292 2206/5787/3301 2205/5802/3477
f 2198/5769/3528 2216/6109/3388 2217/5803/3529
f 2215/5798/3530 2218/6110/3389 2219/5804/3531
f 2167/5806/3497 2217/6111/3390 2218/5807/3498
f 2212/5792/3528 2220/6112/3388 2221/5809/3529
f 2130/5698/3532 2129/6113/3292 2118/5810/3292
f 2134/5728/3533 2171/5727/3294 2170/5721/3534
f 2181/5812/3535 2149/5742/3316 2121/5653/3536
f 2173/5784/3537 2204/5783/3294 2222/5814/3379
f 2222/5814/3538 2223/6114/3292 2201/5816/3292
f 2209/5817/3539 2208/6115/3292 2223/5818/3292
f 2120/5749/3540 2119/6116/3292 2165/5820/3292
f 2215/5821/3541 2182/5801/3316 2168/5718/3373
f 2224/5823/3381 2225/6117/3542 2226/5824/3543
f 2226/5826/3544 2228/5835/3403 2229/5827/3381
f 2231/5829/3545 2232/6118/3389 2233/5830/3381
f 2232/5832/3546 2114/5843/3390 2234/5833/3381
f 2228/5835/3547 2235/5861/3388 2236/5836/3381
f 2237/5837/3381 2238/6119/3389 2225/5838/3548
s 1
f 2113/5840/3388 2116/6120/3403 2115/5841/3389
s 0
f 2114/5843/3549 2115/5866/3389 2239/5844/3381
f 2240/5845/3381 2113/6121/3388 2231/5846/3550
f 2242/5848/3551 2116/5867/3403 2243/5849/3381
s 1
f 2242/5851/3388 2244/6122/3403 2245/5852/3389
s 0
f 2117/5854/3552 2245/5859/3389 2247/5855/3381
f 2244/5857/3553 2242/5848/3388 2241/5850/3381
f 2245/5859/3554 2249/5865/3390 2250/5860/3381
f 2235/5861/3551 2244/5857/3403 2248/5858/3381
s 1
f 2235/5862/3388 2228/6123/3403 2238/5863/3389
s 0
f 2249/5865/3555 2238/6119/3389 2237/5837/3381
f 2115/5866/3554 2117/5854/3390 2246/5856/3381
f 2116/5867/3556 2113/6121/3388 2240/5845/3381
f 2090/5608/3557 2089/6074/3300 2232/5868/3558
f 2089/5870/3559 2092/6124/3294 2114/5871/3560
f 2099/5873/3561 2090/6125/3316 2231/5874/3562
f 2084/5603/3563 2083/5602/3301 2226/5876/3564
f 2083/5878/3565 2086/6126/3316 2228/5879/3566
f 2086/5881/3557 2096/5640/3300 2238/5882/3558
f 2096/5884/3567 2084/6127/3294 2225/5885/3568
f 2106/5887/3569 2112/6128/3294 2249/5888/3570
f 2112/5642/3563 2094/5641/3301 2235/5890/3564
f 2094/5892/3571 2107/6129/3316 2244/5893/3572
f 2107/5895/3557 2106/5629/3300 2245/5896/3558
f 2104/5898/3571 2098/6130/3316 2116/5899/3573
f 2105/5631/3563 2104/5630/3301 2242/5901/3564
f 2154/5903/3574 2188/6061/3390 2252/5904/3381
f 2253/5906/3381 2151/6131/3403 2150/5907/3575
f 2150/5909/3546 2152/5918/3390 2255/5910/3381
f 2256/5912/3381 2156/6132/3389 2155/5913/3548
s 1
f 2153/5915/3388 2162/6133/3403 2258/5916/3389
s 0
f 2152/5918/3549 2258/5938/3389 2259/5919/3381
f 2163/5920/3576 2162/5958/3403 2195/5921/3577
s 1
f 2163/5923/3388 2161/6134/3403 2159/5924/3389
s 0
f 2164/5926/3552 2159/5929/3389 2261/5927/3381
f 2159/5929/3554 2158/5937/3390 2262/5930/3381
f 2160/5931/3576 2161/5966/3403 2263/5932/3578
s 1
f 2160/5934/3388 2157/6135/3403 2156/5935/3389
s 0
f 2158/5937/3555 2156/6132/3389 2256/5912/3381
f 2258/5938/3554 2164/5926/3390 2260/5928/3381
f 2121/5939/3565 2149/6136/3316 2157/5940/3566
f 2133/5942/3579 2132/5664/3300 2258/5943/3580
f 2132/5945/3569 2139/6137/3294 2164/5946/3581
f 2187/5948/3582 2217/6072/3390 2265/5949/3381
f 2267/5951/3583 2151/6059/3403 2253/5952/3381
s 1
f 2183/5954/3388 2193/6138/3403 2195/5955/3389
s 0
f 2184/5957/3584 2195/5921/3389 2162/5958/3585
f 2194/5960/3586 2193/6003/3403 2268/5961/3587
s 1
f 2194/5963/3388 2269/6139/3403 2263/5964/3389
s 0
f 2196/5922/3588 2263/5932/3389 2161/5966/3589
f 2191/5967/3586 2269/6014/3403 2271/5968/3590
s 1
f 2191/5970/3388 2189/6140/3403 2190/5971/3389
s 0
f 2192/5933/3591 2190/6060/3389 2157/5973/3592
f 2185/5775/3593 2170/6107/3300 2267/5974/3594
f 2170/5976/3559 2171/6141/3294 2184/5977/3560
f 2147/5979/3569 2146/6142/3294 2192/5980/3570
f 2180/5982/3571 2177/6143/3316 2269/5983/3572
f 2177/5985/3593 2147/5732/3300 2263/5986/3594
f 2265/5988/3381 2217/6144/3390 2216/5989/3595
f 2216/5991/3544 2219/5997/3403 2273/5992/3381
f 2186/5994/3596 2267/6145/3389 2266/5995/3381
f 2219/5997/3547 2275/6017/3388 2276/5998/3381
s 1
f 2278/5999/3388 2279/6146/3403 2268/6000/3389
s 0
f 2277/6002/3597 2268/5961/3389 2193/6003/3598
f 2280/6005/3381 2278/6147/3388 2281/6006/3550
f 2220/6008/3551 2279/6022/3403 2284/6009/3381
s 1
f 2220/6011/3388 2285/6148/3403 2271/6012/3389
s 0
f 2221/5962/3599 2271/5968/3389 2269/6014/3600
f 2285/6015/3553 2220/6008/3388 2283/6010/3381
f 2275/6017/3551 2285/6015/3403 2286/6016/3381
s 1
f 2275/6018/3388 2219/6149/3403 2218/6019/3389
s 0
f 2270/5969/3601 2218/6071/3389 2189/6021/3602
f 2279/6022/3556 2278/6147/3388 2280/6005/3381
f 2209/5817/3603 2222/5819/3300 2287/6023/3604
f 2222/6025/3559 2204/6150/3294 2277/6026/3560
f 2204/5781/3605 2206/5780/3301 2278/6028/3606
f 2206/6030/3561 2209/6151/3316 2281/6031/3562
f 2198/6033/3565 2200/6152/3316 2219/6034/3566
f 2179/6036/3569 2178/6153/3294 2270/6037/3570
f 2178/5800/3605 2203/5799/3301 2275/6039/3606
f 2203/6041/3571 2213/6154/3316 2285/6042/3572
f 2213/6044/3603 2179/5791/3300 2271/6045/3604
f 2212/6047/3571 2205/6155/3316 2279/6048/3573
f 2205/6050/3603 2175/5779/3300 2268/6051/3604
f 2175/6053/3569 2174/6156/3294 2221/6054/3581
f 2251/6056/3381 2257/6157/3381 2155/6057/3607
f 2267/5951/3608 2184/5957/3390 2153/5959/3609
f 2154/5903/3610 2157/5973/3403 2190/6060/3611
f 2287/6062/3463 2277/6002/3390 2183/6004/3612
f 2274/6064/3381 2288/6158/3381 2287/6062/3613
f 2288/6065/3381 2282/6159/3381 2281/6066/3614
f 2264/6068/3381 2252/6160/3381 2188/6069/3615
f 2187/5948/3458 2189/6021/3403 2218/6071/3616
o window_big011
v 15.393266 5.803942 -15.808113
v 15.393266 4.693041 -15.808113
v 15.308671 4.777742 -15.808113
v 15.308671 5.719339 -15.808113
v 13.732270 4.693041 -15.808113
v 13.732270 4.777742 -15.808113
v 8.193971 4.693041 -15.808113
v 8.193971 5.803942 -15.808113
v 8.278565 5.719339 -15.808113
v 8.278565 4.777742 -15.808113
v 9.835465 5.803942 -15.808113
v 9.835465 5.719339 -15.808113
v 13.664857 4.693041 -15.808113
v 13.664857 4.777742 -15.808113
v 13.732270 5.803942 -15.808113
v 13.732270 5.719339 -15.808113
v 9.910462 5.719339 -15.808113
v 9.910462 4.777742 -15.808113
v 9.835465 4.777742 -15.808113
v 9.910462 5.803942 -15.808113
v 9.835465 4.693041 -15.808113
v 11.747560 4.693041 -15.808113
v 9.910462 4.693041 -15.808113
v 11.747560 4.777742 -15.808113
v 11.747560 5.719339 -15.808113
v 11.822358 5.719339 -15.808113
v 11.822358 4.777742 -15.808113
v 11.747560 5.803942 -15.808113
v 11.822358 5.803942 -15.808113
v 11.822358 4.693041 -15.808113
v 13.664857 5.803942 -15.808113
v 13.664857 5.719339 -15.808113
v 9.835465 4.777742 -15.753914
v 9.835465 5.719339 -15.753914
v 9.910462 5.719339 -15.753914
v 9.910462 4.777742 -15.753914
v 11.747560 5.719339 -15.753914
v 15.393266 3.577738 -15.808113
v 15.393266 3.502939 -15.808113
v 15.308671 3.502939 -15.808113
v 15.308671 3.577738 -15.808113
v 8.193971 3.577738 -15.808113
v 8.193971 4.211641 -15.808113
v 8.278565 4.127039 -15.808113
v 8.278565 3.577738 -15.808113
v 9.835465 4.211641 -15.808113
v 9.835465 4.127039 -15.808113
v 13.732270 4.211641 -15.808113
v 15.393266 4.211641 -15.808113
v 15.308671 4.127039 -15.808113
v 13.732270 4.127039 -15.808113
v 9.910462 4.127039 -15.808113
v 9.910462 3.577738 -15.808113
v 9.835465 3.577738 -15.808113
v 9.910462 4.211641 -15.808113
v 11.747560 3.502939 -15.808113
v 9.910462 3.502939 -15.808113
v 11.747560 3.577738 -15.808113
v 11.747560 4.127039 -15.808113
v 11.822358 4.127039 -15.808113
v 11.822358 3.577738 -15.808113
v 11.747560 4.211641 -15.808113
v 11.822358 4.211641 -15.808113
v 13.664857 4.211641 -15.808113
v 13.664857 4.127039 -15.808113
v 13.664857 3.502939 -15.808113
v 11.822358 3.502939 -15.808113
v 13.664857 3.577738 -15.808113
v 13.732270 3.577738 -15.808113
v 8.278565 4.127039 -15.753914
v 8.278565 3.577738 -15.753914
v 9.835465 4.127039 -15.753914
v 9.835465 3.577738 -15.753914
v 15.308671 3.577738 -15.753914
v 15.308671 4.127039 -15.753914
v 13.732270 4.127039 -15.753914
v 13.732270 3.577738 -15.753914
v 13.664857 4.127039 -15.753914
v 11.822358 4.127039 -15.753914
v 13.664857 3.577738 -15.753914
v 11.822358 3.577738 -15.753914
v 9.910462 3.577738 -15.753914
v 11.747560 3.577738 -15.753914
v 11.747560 4.127039 -15.753914
v 15.393266 1.983740 -15.808113
v 15.393266 1.905241 -15.808113
v 15.308671 1.905241 -15.808113
v 15.308671 1.983740 -15.808113
v 8.193971 3.502939 -15.808113
v 8.278565 3.502939 -15.808113
v 9.835465 3.502939 -15.808113
v 9.910462 1.983740 -15.808113
v 9.835465 1.983740 -15.808113
v 11.747560 1.905241 -15.808113
v 9.910462 1.905241 -15.808113
v 11.747560 1.983740 -15.808113
v 11.822358 1.983740 -15.808113
v 13.664857 1.905241 -15.808113
v 11.822358 1.905241 -15.808113
v 13.664857 1.983740 -15.808113
v 13.732270 3.502939 -15.808113
v 13.732270 1.983740 -15.808113
v 9.835465 1.983740 -15.753914
v 9.835465 3.502939 -15.753914
v 8.278565 1.983740 -15.808113
v 8.278565 1.983740 -15.753914
v 15.308671 1.983740 -15.753914
v 15.308671 3.502939 -15.753914
v 13.732270 1.983740 -15.753914
v 13.732270 3.502939 -15.753914
v 13.664857 1.983740 -15.753914
v 13.664857 3.502939 -15.753914
v 9.910462 1.983740 -15.753914
v 11.747560 1.983740 -15.753914
v 9.910462 3.502939 -15.753914
v 11.747560 3.502939 -15.753914
v 15.393266 0.749140 -15.808113
v 15.308671 0.833841 -15.808113
v 13.732270 0.749140 -15.808113
v 13.732270 0.833841 -15.808113
v 8.193971 1.983740 -15.808113
v 13.664857 0.749140 -15.808113
v 13.664857 0.833841 -15.808113
v 9.835465 1.905241 -15.808113
v 9.910462 0.833841 -15.808113
v 9.835465 0.833841 -15.808113
v 9.835465 0.749140 -15.808113
v 8.193971 0.749140 -15.808113
v 8.278565 0.833841 -15.808113
v 11.747560 0.749140 -15.808113
v 9.910462 0.749140 -15.808113
v 11.747560 0.833841 -15.808113
v 11.822358 0.833841 -15.808113
v 11.822358 0.749140 -15.808113
v 13.732270 1.905241 -15.808113
v 15.308671 0.833841 -15.753914
v 15.308671 1.905241 -15.753914
v 13.732270 1.905241 -15.753914
v 13.732270 0.833841 -15.753914
v 11.747560 0.833841 -15.753914
v 11.747560 1.905241 -15.753914
v 8.278565 1.905241 -15.808113
v 8.193971 1.905241 -15.808113
v 15.393266 5.803942 -15.753914
v 15.308671 5.719339 -15.753914
v 15.308671 4.777742 -15.753914
v 15.393266 4.693041 -15.753914
v 13.732270 4.777742 -15.753914
v 13.732270 4.693041 -15.753914
v 8.193971 4.693041 -15.753914
v 8.278565 4.777742 -15.753914
v 8.278565 5.719339 -15.753914
v 8.193971 5.803942 -15.753914
v 9.835465 5.803942 -15.753914
v 13.664857 4.777742 -15.753914
v 13.664857 4.693041 -15.753914
v 13.732270 5.803942 -15.753914
v 13.732270 5.719339 -15.753914
v 9.910462 5.803942 -15.753914
v 9.835465 4.693041 -15.753914
v 11.747560 4.693041 -15.753914
v 11.747560 4.777742 -15.753914
v 9.910462 4.693041 -15.753914
v 11.822358 4.777742 -15.753914
v 11.822358 5.719339 -15.753914
v 11.747560 5.803942 -15.753914
v 11.822358 5.803942 -15.753914
v 11.822358 4.693041 -15.753914
v 13.664857 5.719339 -15.753914
v 13.664857 5.803942 -15.753914
v 15.393266 3.577738 -15.753914
v 15.393266 3.502939 -15.753914
v 8.193971 3.577738 -15.753914
v 8.193971 4.211641 -15.753914
v 9.835465 4.211641 -15.753914
v 13.732270 4.211641 -15.753914
v 15.393266 4.211641 -15.753914
v 9.910462 4.127039 -15.753914
v 9.910462 4.211641 -15.753914
v 11.747560 4.211641 -15.753914
v 11.822358 4.211641 -15.753914
v 13.664857 4.211641 -15.753914
v 11.822358 3.502939 -15.753914
v 15.393266 1.983740 -15.753914
v 15.393266 1.905241 -15.753914
v 8.193971 3.502939 -15.753914
v 8.278565 3.502939 -15.753914
v 9.910462 1.905241 -15.753914
v 11.822358 1.983740 -15.753914
v 13.664857 1.905241 -15.753914
v 11.822358 1.905241 -15.753914
v 15.393266 0.749140 -15.753914
v 13.732270 0.749140 -15.753914
v 8.193971 1.983740 -15.753914
v 13.664857 0.833841 -15.753914
v 13.664857 0.749140 -15.753914
v 9.835465 1.905241 -15.753914
v 9.835465 0.833841 -15.753914
v 9.910462 0.833841 -15.753914
v 9.835465 0.749140 -15.753914
v 8.278565 0.833841 -15.753914
v 8.193971 0.749140 -15.753914
v 11.747560 0.749140 -15.753914
v 9.910462 0.749140 -15.753914
v 11.822358 0.833841 -15.753914
v 11.822358 0.749140 -15.753914
v 8.278565 1.905241 -15.753914
v 8.193971 1.905241 -15.753914
vn -0.0000 -0.0000 -1.0000
vn -0.4033 0.1384 -0.9045
vn -0.3015 -0.3015 -0.9045
vn -0.3141 0.2884 -0.9045
vn 0.2809 0.3208 -0.9045
vn 0.3143 -0.2882 -0.9045
vn 0.1407 0.4025 -0.9045
vn -0.1361 -0.4041 -0.9045
vn 0.3015 -0.3015 -0.9045
vn -0.3015 0.3015 -0.9045
vn -0.1513 -0.3987 -0.9045
vn 0.1363 0.4040 -0.9045
vn -0.3129 0.2897 -0.9045
vn -0.1510 -0.3988 -0.9045
vn 0.1509 0.3988 -0.9045
vn 0.3128 -0.2898 -0.9045
vn -0.3128 0.2897 -0.9045
vn -0.1408 -0.4025 -0.9045
vn 0.3129 -0.2897 -0.9045
vn 0.1512 0.3987 -0.9045
vn -0.3015 -0.0756 -0.9505
vn -0.3015 -0.3395 0.8910
vn 0.3015 0.0756 -0.9505
vn 0.3015 0.3395 0.8910
vn 0.3015 0.3015 -0.9045
vn 0.0826 -0.3015 -0.9499
vn 0.3211 -0.3015 0.8978
vn -0.3987 0.1510 -0.9045
vn 0.4013 -0.1441 -0.9045
vn 0.2157 -0.3678 -0.9045
vn -0.3116 0.2911 -0.9045
vn -0.3115 0.2911 -0.9045
vn 0.3015 0.0653 -0.9512
vn 0.3015 0.3661 0.8804
vn 0.0813 -0.3015 -0.9500
vn 0.3246 -0.3015 0.8965
vn -0.3015 -0.0653 -0.9512
vn -0.3015 -0.3661 0.8804
vn -0.0813 0.3015 -0.9500
vn -0.3246 0.3015 0.8965
vn 0.0814 -0.3015 -0.9500
vn 0.3243 -0.3015 0.8966
vn 0.3210 -0.3015 0.8978
vn -0.0826 0.3015 -0.9499
vn -0.3210 0.3015 0.8978
vn -0.3211 0.3015 0.8978
vn -0.3969 0.1558 -0.9045
vn 0.3987 -0.1510 -0.9045
vn 0.3941 0.1629 -0.9045
vn -0.1635 -0.3938 -0.9045
vn 0.2158 -0.3677 -0.9045
vn -0.3121 0.2906 -0.9045
vn 0.3940 0.1631 -0.9045
vn -0.1632 -0.3939 -0.9045
vn -0.3120 0.2906 -0.9045
vn 0.3896 0.1733 -0.9045
vn -0.1529 -0.3980 -0.9045
vn -0.3015 -0.0811 -0.9500
vn -0.3015 -0.3251 0.8963
vn -0.0814 0.3015 -0.9500
vn -0.3243 0.3015 0.8966
vn 0.3015 0.0811 -0.9500
vn 0.3015 0.3251 0.8963
vn -0.4033 0.1382 -0.9046
vn -0.3014 -0.3015 -0.9046
vn 0.2872 0.3152 -0.9045
vn 0.3921 0.1676 -0.9045
vn -0.1587 -0.3958 -0.9045
vn 0.3920 0.1679 -0.9045
vn -0.1584 -0.3959 -0.9045
vn 0.3875 0.1780 -0.9045
vn -0.1482 -0.3998 -0.9045
vn -0.3015 -0.0773 -0.9503
vn -0.3015 -0.3349 0.8927
vn 0.3015 0.0773 -0.9503
vn 0.3015 0.3349 0.8927
vn -0.4013 -0.1441 -0.9045
vn -0.2162 0.3675 -0.9045
vn 0.3133 -0.2892 -0.9045
vn 0.2161 -0.3676 -0.9045
vn -0.3132 0.2894 -0.9045
vn -0.2163 0.3675 -0.9045
vn 0.3139 -0.2886 -0.9045
vn 0.1705 -0.3908 -0.9045
vn 0.4033 0.1382 -0.9046
vn 0.3014 -0.3015 -0.9046
vn -0.3673 -0.2166 -0.9045
vn 0.2163 -0.3675 -0.9045
vn -0.3138 0.2887 -0.9045
vn -0.0000 -0.0000 1.0000
vn -0.2810 0.3207 0.9045
vn -0.3142 0.2883 0.9045
vn 0.2811 0.3207 0.9045
vn 0.3143 -0.2881 0.9045
vn 0.1406 0.4025 0.9045
vn -0.3141 -0.2883 0.9045
vn -0.3015 0.3015 0.9045
vn 0.3015 -0.3015 0.9045
vn -0.3015 -0.3015 0.9045
vn -0.1512 -0.3987 0.9045
vn 0.3142 0.2882 0.9045
vn -0.3129 0.2897 0.9045
vn -0.1510 -0.3988 0.9045
vn 0.1509 0.3988 0.9045
vn 0.3128 -0.2898 0.9045
vn -0.3128 0.2897 0.9045
vn -0.1407 -0.4025 0.9045
vn 0.3129 -0.2897 0.9045
vn 0.1511 0.3987 0.9045
vn 0.3015 0.3395 -0.8910
vn 0.3015 0.0756 0.9505
vn 0.3015 0.3015 0.9045
vn 0.3246 -0.3015 -0.8965
vn 0.0813 -0.3015 0.9500
vn -0.3246 0.3015 -0.8965
vn -0.0813 0.3015 0.9500
vn -0.3015 -0.3395 -0.8910
vn -0.3015 -0.0756 0.9505
vn -0.3243 0.3015 -0.8966
vn -0.0814 0.3015 0.9500
vn 0.3243 -0.3015 -0.8966
vn 0.0814 -0.3015 0.9500
vn 0.3210 -0.3015 -0.8978
vn 0.0826 -0.3015 0.9499
vn -0.3210 0.3015 -0.8978
vn -0.0826 0.3015 0.9499
vn -0.3211 0.3015 -0.8978
vn -0.3988 0.1510 0.9045
vn 0.2625 -0.3360 0.9045
vn -0.3116 0.2911 0.9045
vn 0.2157 -0.3678 0.9045
vn -0.3115 0.2911 0.9045
vn 0.3015 0.3661 -0.8804
vn 0.3015 0.0653 0.9512
vn 0.3211 -0.3015 -0.8978
vn -0.3969 0.1558 0.9045
vn 0.3988 -0.1510 0.9045
vn -0.1634 -0.3938 0.9045
vn 0.3940 0.1629 0.9045
vn -0.3121 0.2906 0.9045
vn 0.2158 -0.3677 0.9045
vn -0.1631 -0.3940 0.9045
vn 0.3939 0.1632 0.9045
vn -0.3120 0.2906 0.9045
vn -0.1529 -0.3981 0.9045
vn 0.3896 0.1734 0.9045
vn 0.3015 0.3251 -0.8963
vn 0.3015 0.0811 0.9500
vn -0.2820 0.3199 0.9045
vn 0.2872 0.3152 0.9045
vn -0.1586 -0.3958 0.9045
vn 0.3920 0.1677 0.9045
vn -0.1584 -0.3959 0.9045
vn 0.3919 0.1679 0.9045
vn -0.1481 -0.3999 0.9045
vn 0.3875 0.1780 0.9045
vn 0.3015 0.3349 -0.8927
vn 0.3015 0.0773 0.9503
vn -0.3015 -0.3349 -0.8927
vn -0.3015 -0.0773 0.9503
vn -0.4013 -0.1440 0.9045
vn 0.3133 -0.2892 0.9045
vn -0.2162 0.3675 0.9045
vn -0.3132 0.2894 0.9045
vn 0.2161 -0.3676 0.9045
vn 0.3139 -0.2886 0.9045
vn -0.2163 0.3675 0.9045
vn 0.1705 -0.3908 0.9045
vn 0.4035 0.1380 0.9045
vn -0.3673 -0.2166 0.9045
vn -0.3138 0.2887 0.9045
vn 0.2163 -0.3675 0.9045
vn -0.2810 0.3207 -0.9045
vn -0.1360 0.4041 -0.9045
vn 0.4033 0.1385 -0.9045
vn 0.1361 -0.4041 -0.9045
vn 0.3841 0.1852 -0.9045
vn -0.3142 -0.2883 -0.9045
vn -0.3889 -0.1749 -0.9045
vn 0.3143 0.2881 -0.9045
vn -0.2160 0.3676 -0.9045
vn -0.3888 -0.1752 -0.9045
vn 0.3887 0.1753 -0.9045
vn 0.2160 -0.3676 -0.9045
vn -0.3841 -0.1851 -0.9045
vn 0.3888 0.1750 -0.9045
vn -0.3015 0.3395 -0.8910
vn -0.3015 0.0756 0.9505
vn 0.3015 -0.3395 -0.8910
vn 0.3015 -0.0756 0.9505
vn -0.3211 -0.3015 -0.8978
vn -0.0826 -0.3015 0.9499
vn -0.1752 0.3888 -0.9045
vn 0.2625 -0.3360 -0.9045
vn 0.3116 -0.2911 -0.9045
vn -0.2157 0.3678 -0.9045
vn 0.3115 -0.2911 -0.9045
vn 0.3015 -0.3661 -0.8804
vn 0.3015 -0.0653 0.9512
vn -0.3246 -0.3015 -0.8965
vn -0.0813 -0.3015 0.9500
vn -0.3015 0.3661 -0.8804
vn -0.3015 0.0653 0.9512
vn 0.3246 0.3015 -0.8965
vn 0.0813 0.3015 0.9500
vn -0.3243 -0.3015 -0.8966
vn -0.0814 -0.3015 0.9500
vn -0.3210 -0.3015 -0.8978
vn 0.3210 0.3015 -0.8978
vn 0.0826 0.3015 0.9499
vn 0.3211 0.3015 -0.8978
vn -0.1705 0.3908 -0.9045
vn 0.1752 -0.3888 -0.9045
vn 0.1635 0.3938 -0.9045
vn -0.3941 -0.1629 -0.9045
vn 0.3121 -0.2906 -0.9045
vn -0.2158 0.3677 -0.9045
vn 0.1632 0.3939 -0.9045
vn -0.3940 -0.1631 -0.9045
vn 0.3120 -0.2906 -0.9045
vn 0.1529 0.3980 -0.9045
vn -0.3896 -0.1733 -0.9045
vn -0.3015 0.3251 -0.8963
vn -0.3015 0.0811 0.9500
vn 0.3243 0.3015 -0.8966
vn 0.0814 0.3015 0.9500
vn 0.3015 -0.3251 -0.8963
vn 0.3015 -0.0811 0.9500
vn -0.2819 0.3199 -0.9046
vn 0.3673 0.2166 -0.9045
vn 0.1587 0.3958 -0.9045
vn -0.3921 -0.1676 -0.9045
vn 0.1584 0.3959 -0.9045
vn -0.3920 -0.1679 -0.9045
vn 0.1482 0.3998 -0.9045
vn -0.3875 -0.1780 -0.9045
vn -0.3015 0.3349 -0.8927
vn -0.3015 0.0773 0.9503
vn 0.3015 -0.3349 -0.8927
vn 0.3015 -0.0773 0.9503
vn -0.2625 -0.3360 -0.9045
vn -0.3133 0.2892 -0.9045
vn 0.2162 -0.3675 -0.9045
vn 0.3132 -0.2894 -0.9045
vn -0.2161 0.3676 -0.9045
vn -0.3139 0.2886 -0.9045
vn 0.3969 -0.1558 -0.9045
vn 0.2818 0.3200 -0.9045
vn -0.2872 -0.3152 -0.9045
vn 0.3138 -0.2887 -0.9045
vn -0.3016 -0.3015 0.9045
vn -0.4034 0.1384 0.9045
vn -0.1362 0.4041 0.9045
vn 0.4033 0.1383 0.9045
vn 0.3016 -0.3014 0.9045
vn 0.1362 -0.4041 0.9045
vn 0.3841 0.1852 0.9045
vn -0.1361 -0.4041 0.9045
vn -0.3888 -0.1750 0.9045
vn 0.1360 0.4041 0.9045
vn -0.2160 0.3676 0.9045
vn -0.3887 -0.1752 0.9045
vn 0.3887 0.1753 0.9045
vn 0.2160 -0.3676 0.9045
vn -0.3841 -0.1851 0.9045
vn 0.3888 0.1751 0.9045
vn 0.3015 -0.0756 -0.9505
vn 0.3015 -0.3395 0.8910
vn -0.0813 -0.3015 -0.9500
vn -0.3246 -0.3015 0.8965
vn 0.0813 0.3015 -0.9500
vn 0.3246 0.3015 0.8965
vn -0.3015 0.0756 -0.9505
vn -0.3015 0.3395 0.8910
vn 0.0814 0.3015 -0.9500
vn 0.3243 0.3015 0.8966
vn -0.0814 -0.3015 -0.9500
vn -0.3243 -0.3015 0.8966
vn -0.0826 -0.3015 -0.9499
vn -0.3210 -0.3015 0.8978
vn 0.0826 0.3015 -0.9499
vn 0.3210 0.3015 0.8978
vn 0.3211 0.3015 0.8978
vn -0.1752 0.3887 0.9045
vn 0.4013 -0.1441 0.9045
vn -0.2157 0.3678 0.9045
vn 0.3116 -0.2911 0.9045
vn 0.3115 -0.2911 0.9045
vn 0.3015 -0.0653 -0.9512
vn 0.3015 -0.3661 0.8804
vn -0.3211 -0.3015 0.8978
vn -0.1705 0.3908 0.9045
vn 0.1752 -0.3887 0.9045
vn -0.3940 -0.1629 0.9045
vn 0.1634 0.3938 0.9045
vn -0.2158 0.3677 0.9045
vn 0.3121 -0.2906 0.9045
vn -0.3939 -0.1632 0.9045
vn 0.1631 0.3940 0.9045
vn 0.3120 -0.2906 0.9045
vn -0.3896 -0.1734 0.9045
vn 0.1529 0.3981 0.9045
vn 0.3015 -0.0811 -0.9500
vn 0.3015 -0.3251 0.8963
vn -0.4035 0.1380 0.9045
vn 0.3673 0.2166 0.9045
vn -0.3920 -0.1677 0.9045
vn 0.1586 0.3958 0.9045
vn -0.3919 -0.1679 0.9045
vn 0.1584 0.3959 0.9045
vn -0.3875 -0.1780 0.9045
vn 0.1481 0.3999 0.9045
vn 0.3015 -0.0773 -0.9503
vn 0.3015 -0.3349 0.8927
vn -0.3015 0.0773 -0.9503
vn -0.3015 0.3349 0.8927
vn -0.2625 -0.3360 0.9045
vn 0.2162 -0.3675 0.9045
vn -0.3133 0.2892 0.9045
vn -0.2161 0.3676 0.9045
vn 0.3132 -0.2894 0.9045
vn -0.3139 0.2886 0.9045
vn 0.3969 -0.1558 0.9045
vn 0.2820 0.3199 0.9045
vn -0.2872 -0.3152 0.9045
vn 0.3138 -0.2887 0.9045
vt 0.658300 0.492800
vt 0.522300 0.481600
vt 0.647000 0.481600
vt 0.240100 0.240100
vt 0.031200 0.251100
vt 0.020000 0.239900
vt 0.826800 0.415800
vt 0.690900 0.427000
vt 0.679600 0.415800
vt 0.756300 0.339000
vt 0.962600 0.328000
vt 0.973800 0.339300
vt 0.249000 0.240100
vt 0.240100 0.251300
vt 0.240100 0.339000
vt 0.031200 0.328000
vt 0.240100 0.327800
vt 0.804400 0.641800
vt 0.679600 0.631900
vt 0.804400 0.631900
vt 0.746400 0.339000
vt 0.756300 0.327800
vt 0.756300 0.240100
vt 0.962600 0.251100
vt 0.756300 0.251300
vt 0.746400 0.240100
vt 0.503000 0.251300
vt 0.503000 0.240100
vt 0.804400 0.594100
vt 0.679600 0.584200
vt 0.804400 0.584200
vt 0.493100 0.339100
vt 0.503000 0.327900
vt 0.503000 0.339100
vt 0.493100 0.251300
vt 0.493100 0.240100
vt 0.249000 0.339000
vt 0.493100 0.327900
vt 0.249000 0.251300
vt 0.804400 0.549200
vt 0.679600 0.540200
vt 0.804400 0.540200
vt 0.249000 0.327800
vt 0.746400 0.327800
vt 0.746400 0.251300
vt 0.804400 0.624700
vt 0.679600 0.649000
vt 0.679600 0.641800
vt 0.020000 0.606200
vt 0.263400 0.599000
vt 0.263400 0.606200
vt 0.020000 0.071300
vt 0.031200 0.081200
vt 0.020000 0.081200
vt 0.862900 0.379100
vt 0.935700 0.390400
vt 0.862900 0.390400
vt 0.756300 0.309700
vt 0.962600 0.298700
vt 0.973800 0.309900
vt 0.240100 0.309700
vt 0.031200 0.298700
vt 0.240100 0.298500
vt 0.323700 0.733400
vt 0.250900 0.723500
vt 0.323700 0.723500
vt 0.746400 0.309700
vt 0.756300 0.298500
vt 0.746400 0.071300
vt 0.503000 0.081200
vt 0.503000 0.071300
vt 0.323700 0.817700
vt 0.250900 0.807800
vt 0.323700 0.807800
vt 0.493100 0.309800
vt 0.503000 0.298600
vt 0.503000 0.309800
vt 0.249000 0.309700
vt 0.493100 0.298600
vt 0.493100 0.071300
vt 0.249000 0.081200
vt 0.249000 0.071300
vt 0.323700 0.776400
vt 0.250900 0.767400
vt 0.323700 0.767400
vt 0.249000 0.298500
vt 0.746400 0.298500
vt 0.862900 0.397500
vt 0.020000 0.892000
vt 0.226300 0.884900
vt 0.226300 0.892000
vt 0.323700 0.716300
vt 0.226300 0.928800
vt 0.020000 0.936000
vt 0.020000 0.928800
vt 0.247200 0.910400
vt 0.320000 0.903200
vt 0.320000 0.910400
vt 0.250900 0.783600
vt 0.250900 0.776400
vt 0.020000 0.870100
vt 0.228900 0.862900
vt 0.228900 0.870100
vt 0.020000 0.496300
vt 0.264100 0.489100
vt 0.264100 0.496300
vt 0.323700 0.760300
vt 0.264100 0.423100
vt 0.020000 0.430300
vt 0.020000 0.423100
vt 0.250900 0.824800
vt 0.250900 0.817700
vt 0.263400 0.665000
vt 0.020000 0.672200
vt 0.020000 0.665000
vt 0.323700 0.800600
vt 0.020000 0.097000
vt 0.031200 0.107400
vt 0.020000 0.107400
vt 0.973800 0.081200
vt 0.962600 0.071300
vt 0.973800 0.071300
vt 0.488800 0.513500
vt 0.287500 0.503600
vt 0.488800 0.503600
vt 0.746400 0.081200
vt 0.756400 0.071300
vt 0.756400 0.081200
vt 0.746400 0.097000
vt 0.503000 0.107400
vt 0.503000 0.097000
vt 0.488800 0.473200
vt 0.287500 0.463300
vt 0.488800 0.463300
vt 0.493100 0.081200
vt 0.493100 0.097000
vt 0.249000 0.107400
vt 0.249000 0.097000
vt 0.488800 0.431900
vt 0.287500 0.423000
vt 0.488800 0.423000
vt 0.240100 0.081200
vt 0.488800 0.496400
vt 0.721000 0.357200
vt 0.514700 0.364300
vt 0.514700 0.357200
vt 0.287500 0.573200
vt 0.488800 0.566000
vt 0.488800 0.573200
vt 0.228900 0.709000
vt 0.020000 0.716100
vt 0.020000 0.709000
vt 0.287500 0.439100
vt 0.287500 0.431900
vt 0.020000 0.826100
vt 0.228900 0.818900
vt 0.228900 0.826100
vt 0.488800 0.415800
vt 0.263400 0.621000
vt 0.020000 0.628200
vt 0.020000 0.621000
vt 0.287500 0.520700
vt 0.287500 0.513500
vt 0.020000 0.694200
vt 0.263400 0.687000
vt 0.263400 0.694200
vt 0.488800 0.456100
vt 0.840100 0.397500
vt 0.698200 0.386300
vt 0.840100 0.386300
vt 0.240100 0.269400
vt 0.031200 0.280400
vt 0.020000 0.269200
vt 0.488800 0.379100
vt 0.287500 0.390400
vt 0.287500 0.379100
vt 0.249000 0.269400
vt 0.240100 0.280600
vt 0.653000 0.627100
vt 0.511100 0.617200
vt 0.653000 0.617200
vt 0.746400 0.107400
vt 0.756400 0.097000
vt 0.756400 0.107400
vt 0.756300 0.269400
vt 0.962600 0.280400
vt 0.756300 0.280600
vt 0.746400 0.269400
vt 0.503000 0.280600
vt 0.503000 0.269400
vt 0.653000 0.667400
vt 0.511100 0.657500
vt 0.653000 0.657500
vt 0.493100 0.107400
vt 0.493100 0.280600
vt 0.493100 0.269400
vt 0.249000 0.280600
vt 0.653000 0.585800
vt 0.511100 0.576900
vt 0.653000 0.576900
vt 0.240100 0.107400
vt 0.746400 0.280600
vt 0.840100 0.379100
vt 0.511100 0.593000
vt 0.511100 0.585800
vt 0.020000 0.848100
vt 0.228900 0.840900
vt 0.228900 0.848100
vt 0.653000 0.650300
vt 0.247200 0.921600
vt 0.962600 0.081200
vt 0.240100 0.071300
vt 0.031200 0.071300
vt 0.962600 0.097000
vt 0.962600 0.107400
vt 0.973800 0.107400
vt 0.522300 0.390400
vt 0.664200 0.379100
vt 0.664200 0.390400
vt 0.287500 0.584400
vt 0.240100 0.097000
vt 0.031200 0.097000
vt 0.511100 0.522800
vt 0.647000 0.511100
vt 0.658300 0.522200
vt 0.031200 0.210800
vt 0.240100 0.221800
vt 0.020000 0.222000
vt 0.647000 0.551600
vt 0.511100 0.540400
vt 0.658200 0.540400
vt 0.962600 0.133800
vt 0.756300 0.122800
vt 0.973800 0.122600
vt 0.240100 0.210600
vt 0.249000 0.221800
vt 0.240100 0.122800
vt 0.031200 0.133800
vt 0.020000 0.122600
vt 0.372000 0.969200
vt 0.247200 0.979100
vt 0.247200 0.969200
vt 0.756300 0.134000
vt 0.746400 0.122800
vt 0.756300 0.221800
vt 0.962600 0.210800
vt 0.973800 0.222000
vt 0.503000 0.210600
vt 0.746400 0.221800
vt 0.503000 0.221800
vt 0.372000 0.939800
vt 0.247200 0.949800
vt 0.247200 0.939800
vt 0.503000 0.134000
vt 0.493100 0.122800
vt 0.503000 0.122800
vt 0.493100 0.210600
vt 0.493100 0.221800
vt 0.493100 0.134000
vt 0.249000 0.122800
vt 0.249000 0.210600
vt 0.800700 0.665000
vt 0.676000 0.673900
vt 0.676000 0.665000
vt 0.249000 0.134000
vt 0.746400 0.134000
vt 0.746400 0.210600
vt 0.815600 0.434200
vt 0.690900 0.434200
vt 0.948200 0.364300
vt 0.741900 0.357200
vt 0.948200 0.357200
vt 0.287500 0.357200
vt 0.493800 0.364300
vt 0.287500 0.364300
vt 0.522300 0.474400
vt 0.647000 0.474400
vt 0.020000 0.796900
vt 0.228900 0.804100
vt 0.020000 0.804100
vt 0.679600 0.549200
vt 0.804400 0.556300
vt 0.679600 0.556300
vt 0.228900 0.738100
vt 0.020000 0.731000
vt 0.228900 0.731000
vt 0.264100 0.452300
vt 0.020000 0.445100
vt 0.264100 0.445100
vt 0.679600 0.533100
vt 0.804400 0.533100
vt 0.020000 0.467100
vt 0.264100 0.474300
vt 0.020000 0.474300
vt 0.679600 0.594100
vt 0.804400 0.601300
vt 0.679600 0.601300
vt 0.020000 0.577000
vt 0.263400 0.584200
vt 0.020000 0.584200
vt 0.679600 0.577000
vt 0.804400 0.577000
vt 0.031200 0.020000
vt 0.020000 0.029900
vt 0.020000 0.020000
vt 0.334900 0.844900
vt 0.262000 0.855800
vt 0.250900 0.844600
vt 0.962600 0.192500
vt 0.756300 0.181500
vt 0.973800 0.181200
vt 0.240100 0.181500
vt 0.031200 0.192500
vt 0.020000 0.181200
vt 0.921000 0.415800
vt 0.848200 0.425700
vt 0.848200 0.415800
vt 0.756300 0.192700
vt 0.746400 0.181500
vt 0.503000 0.020000
vt 0.746400 0.029900
vt 0.503000 0.029900
vt 0.917300 0.445100
vt 0.844600 0.455000
vt 0.844600 0.445100
vt 0.503000 0.192600
vt 0.493100 0.181400
vt 0.503000 0.181400
vt 0.493100 0.192600
vt 0.249000 0.181500
vt 0.249000 0.020000
vt 0.493100 0.029900
vt 0.249000 0.029900
vt 0.411600 0.716300
vt 0.338800 0.725200
vt 0.338800 0.716300
vt 0.249000 0.192700
vt 0.746400 0.192700
vt 0.020000 0.752900
vt 0.228900 0.760100
vt 0.020000 0.760100
vt 0.250900 0.733400
vt 0.323700 0.740600
vt 0.250900 0.740600
vt 0.263400 0.562200
vt 0.020000 0.555000
vt 0.263400 0.555000
vt 0.031200 0.045700
vt 0.020000 0.056100
vt 0.020000 0.045700
vt 0.962600 0.029900
vt 0.973800 0.020000
vt 0.973800 0.029900
vt 0.488800 0.657700
vt 0.287500 0.667600
vt 0.287500 0.657700
vt 0.756400 0.029900
vt 0.746400 0.020000
vt 0.756400 0.020000
vt 0.503000 0.045700
vt 0.746400 0.056100
vt 0.503000 0.056100
vt 0.488800 0.683300
vt 0.287500 0.693200
vt 0.287500 0.683300
vt 0.493100 0.020000
vt 0.249000 0.045700
vt 0.493100 0.056100
vt 0.249000 0.056100
vt 0.488800 0.602700
vt 0.287500 0.611600
vt 0.287500 0.602700
vt 0.240100 0.020000
vt 0.488800 0.397500
vt 0.287500 0.397500
vt 0.226300 0.980000
vt 0.020000 0.972800
vt 0.226300 0.972800
vt 0.264100 0.408300
vt 0.020000 0.401100
vt 0.264100 0.401100
vt 0.020000 0.511100
vt 0.264100 0.518200
vt 0.020000 0.518200
vt 0.287500 0.473200
vt 0.488800 0.480400
vt 0.287500 0.480400
vt 0.511100 0.427000
vt 0.653100 0.416400
vt 0.664200 0.427700
vt 0.031200 0.152100
vt 0.240100 0.163100
vt 0.020000 0.163400
vt 0.488800 0.639600
vt 0.287500 0.628300
vt 0.488800 0.628300
vt 0.240100 0.151900
vt 0.249000 0.163100
vt 0.821600 0.481800
vt 0.679600 0.491700
vt 0.679600 0.481800
vt 0.756400 0.056100
vt 0.746400 0.045700
vt 0.756400 0.045700
vt 0.756300 0.163100
vt 0.962600 0.152100
vt 0.973800 0.163400
vt 0.503000 0.152000
vt 0.746400 0.163100
vt 0.503000 0.163200
vt 0.821600 0.507400
vt 0.679600 0.517300
vt 0.679600 0.507400
vt 0.493100 0.045700
vt 0.493100 0.152000
vt 0.493100 0.163200
vt 0.249000 0.151900
vt 0.821600 0.452400
vt 0.679600 0.461400
vt 0.679600 0.452400
vt 0.240100 0.045700
vt 0.746400 0.151900
vt 0.664200 0.397500
vt 0.522300 0.397500
vt 0.226300 0.914000
vt 0.020000 0.906900
vt 0.226300 0.906900
vt 0.511100 0.610000
vt 0.653000 0.610000
vt 0.020000 0.950800
vt 0.226300 0.958000
vt 0.020000 0.958000
vt 0.020000 0.774900
vt 0.228900 0.782100
vt 0.020000 0.782100
vt 0.264100 0.364300
vt 0.020000 0.357200
vt 0.264100 0.357200
vt 0.511100 0.569700
vt 0.653000 0.569700
vt 0.020000 0.379100
vt 0.264100 0.386300
vt 0.020000 0.386300
vt 0.511100 0.667400
vt 0.653000 0.674600
vt 0.511100 0.674600
vt 0.020000 0.643000
vt 0.263400 0.650200
vt 0.020000 0.650200
vt 0.511100 0.627100
vt 0.653000 0.634300
vt 0.511100 0.634300
vt 0.263400 0.540200
vt 0.020000 0.533100
vt 0.263400 0.533100
vt 0.331200 0.885100
vt 0.258400 0.874200
vt 0.331100 0.873900
vt 0.962600 0.020000
vt 0.240100 0.029900
vt 0.031200 0.029900
vt 0.962600 0.056100
vt 0.962600 0.045700
vt 0.973800 0.045700
vt 0.511100 0.445300
vt 0.653000 0.456300
vt 0.511100 0.456500
vt 0.488800 0.547900
vt 0.287500 0.536700
vt 0.488800 0.536700
vt 0.240100 0.056100
vt 0.031200 0.056100
vt 0.511100 0.492800
vt 0.815600 0.427000
vt 0.020000 0.339300
vt 0.973800 0.239900
vt 0.679600 0.624700
vt 0.804400 0.649000
vt 0.020000 0.599000
vt 0.946900 0.379100
vt 0.020000 0.309900
vt 0.935700 0.397500
vt 0.020000 0.884900
vt 0.250900 0.716300
vt 0.226300 0.936000
vt 0.247200 0.903200
vt 0.323700 0.783600
vt 0.020000 0.862900
vt 0.020000 0.489100
vt 0.250900 0.760300
vt 0.264100 0.430300
vt 0.323700 0.824800
vt 0.263400 0.672200
vt 0.250900 0.800600
vt 0.287500 0.496400
vt 0.721000 0.364300
vt 0.287500 0.566000
vt 0.228900 0.716100
vt 0.488800 0.439100
vt 0.020000 0.818900
vt 0.287500 0.415800
vt 0.263400 0.628200
vt 0.488800 0.520700
vt 0.020000 0.687000
vt 0.287500 0.456100
vt 0.687000 0.397500
vt 0.488800 0.390400
vt 0.973800 0.269200
vt 0.698200 0.379100
vt 0.653000 0.593000
vt 0.020000 0.840900
vt 0.511100 0.650300
vt 0.331200 0.921600
vt 0.973800 0.097000
vt 0.511100 0.379100
vt 0.488800 0.584400
vt 0.522200 0.511600
vt 0.522300 0.551600
vt 0.240100 0.134000
vt 0.372000 0.979100
vt 0.756300 0.210600
vt 0.372000 0.949800
vt 0.800700 0.673900
vt 0.741900 0.364300
vt 0.493800 0.357200
vt 0.228900 0.796900
vt 0.020000 0.738100
vt 0.020000 0.452300
vt 0.264100 0.467100
vt 0.263400 0.577000
vt 0.334800 0.856100
vt 0.240100 0.192700
vt 0.921000 0.425700
vt 0.917300 0.455000
vt 0.411600 0.725200
vt 0.228900 0.752900
vt 0.020000 0.562200
vt 0.488800 0.667600
vt 0.488800 0.693200
vt 0.488800 0.611600
vt 0.020000 0.980000
vt 0.020000 0.408300
vt 0.264100 0.511100
vt 0.511100 0.415800
vt 0.287500 0.639600
vt 0.821600 0.491700
vt 0.756300 0.151900
vt 0.821600 0.517300
vt 0.821600 0.461400
vt 0.020000 0.914000
vt 0.226300 0.950800
vt 0.228900 0.774900
vt 0.020000 0.364300
vt 0.264100 0.379100
vt 0.263400 0.643000
vt 0.020000 0.540200
vt 0.247200 0.885500
vt 0.973800 0.056100
vt 0.664200 0.445100
vt 0.287500 0.547900
s 0
f 2289/6161/3617 2291/6162/3618 2292/6163/3619
f 2293/6164/3617 2291/6165/3620 2290/6166/3617
f 2296/6167/3617 2298/6168/3621 2295/6169/3617
f 2299/6170/3617 2297/6171/3622 2296/6172/3617
f 2301/6173/3617 2294/6174/3623 2293/6164/3617
f 2303/6175/3617 2292/6176/3624 2304/6177/3625
s 1
f 2305/6178/3625 2307/6179/3626 2300/6180/3619
s 0
f 2308/6181/3617 2300/6182/3627 2299/6170/3617
f 2309/6183/3617 2298/6184/3628 2307/6185/3626
f 2311/6186/3617 2312/6187/3629 2310/6188/3617
s 1
f 2314/6189/3625 2312/6190/3626 2313/6191/3619
s 0
f 2317/6192/3617 2313/6193/3630 2316/6194/3617
f 2310/6188/3617 2315/6195/3631 2318/6196/3617
f 2319/6197/3617 2314/6198/3632 2317/6192/3617
f 2318/6196/3617 2302/6199/3633 2301/6173/3617
s 1
f 2304/6200/3625 2302/6201/3626 2320/6202/3619
s 0
f 2303/6175/3617 2320/6203/3634 2319/6197/3617
f 2316/6194/3617 2305/6204/3635 2308/6181/3617
f 2309/6183/3617 2306/6205/3636 2311/6186/3617
f 2307/6179/3637 2322/6206/3638 2300/6180/3619
f 2305/6178/3639 2324/6207/3640 2306/6208/3641
f 2313/6209/3642 2323/6210/3643 2305/6211/3625
f 2327/6212/3617 2329/6213/3644 2326/6214/3617
f 2330/6215/3617 2332/6216/3645 2333/6217/3641
f 2334/6218/3617 2332/6219/3622 2331/6220/3617
f 2336/6221/3617 2338/6222/3624 2339/6223/3625
s 1
f 2340/6224/3625 2342/6225/3626 2335/6226/3619
s 0
f 2343/6227/3617 2335/6228/3627 2334/6218/3617
f 2345/6229/3646 2346/6230/3647 2344/6231/3619
s 1
f 2348/6232/3625 2346/6233/3626 2347/6234/3619
s 0
f 2351/6235/3617 2347/6236/3630 2350/6237/3617
f 2352/6238/3617 2348/6239/3632 2351/6235/3617
f 2355/6240/3646 2356/6241/3648 2354/6242/3619
s 1
f 2339/6243/3625 2356/6244/3626 2353/6245/3619
s 0
f 2336/6221/3617 2353/6246/3634 2352/6238/3617
f 2350/6237/3617 2340/6247/3635 2343/6227/3617
f 2332/6216/3649 2359/6248/3650 2333/6217/3641
f 2335/6249/3651 2358/6250/3652 2332/6251/3625
f 2342/6225/3653 2360/6252/3654 2335/6226/3619
f 2333/6253/3655 2361/6254/3656 2342/6255/3626
f 2329/6256/3653 2363/6257/3654 2338/6258/3619
f 2339/6243/3649 2365/6259/3650 2357/6260/3641
f 2338/6261/3657 2364/6262/3658 2339/6263/3625
f 2353/6264/3642 2367/6265/3659 2348/6266/3625
f 2356/6244/3653 2366/6267/3654 2353/6245/3619
f 2349/6268/3660 2368/6269/3661 2356/6270/3626
f 2348/6232/3649 2369/6271/3650 2349/6272/3641
f 2341/6273/3660 2371/6274/3662 2346/6275/3626
f 2346/6233/3653 2372/6276/3654 2347/6234/3619
f 2374/6277/3617 2376/6278/3663 2373/6279/3617
f 2330/6280/3617 2378/6281/3664 2377/6282/3617
s 1
f 2345/6283/3625 2381/6284/3626 2379/6285/3619
s 0
f 2341/6286/3665 2379/6287/3666 2342/6288/3626
f 2383/6289/3667 2384/6290/3668 2382/6291/3619
s 1
f 2355/6292/3625 2384/6293/3626 2344/6294/3619
s 0
f 2349/6295/3669 2344/6231/3670 2346/6230/3626
f 2387/6296/3667 2388/6297/3671 2386/6298/3619
s 1
f 2389/6299/3625 2388/6300/3626 2354/6301/3619
s 0
f 2357/6302/3672 2354/6242/3673 2356/6241/3626
f 2381/6284/3674 2392/6303/3675 2379/6285/3619
f 2393/6304/3655 2391/6305/3656 2381/6306/3626
f 2376/6307/3674 2396/6308/3675 2328/6309/3619
f 2390/6310/3676 2395/6311/3677 2376/6312/3626
f 2389/6299/3678 2397/6313/3679 2390/6314/3641
f 2328/6315/3657 2398/6316/3658 2389/6317/3625
f 2388/6300/3674 2400/6318/3675 2354/6301/3619
f 2380/6319/3660 2402/6320/3662 2384/6321/3626
f 2345/6283/3678 2401/6322/3679 2380/6323/3641
f 2344/6324/3642 2403/6325/3643 2345/6326/3625
f 2384/6293/3674 2404/6327/3675 2344/6294/3619
f 2374/6328/3617 2406/6329/3680 2375/6330/3681
f 2407/6331/3617 2406/6332/3620 2405/6333/3617
f 2377/6334/3617 2393/6335/3682 2409/6336/3617
f 2410/6337/3617 2408/6338/3623 2407/6331/3617
s 1
f 2383/6339/3625 2414/6340/3626 2412/6341/3619
s 0
f 2380/6342/3683 2412/6343/3684 2381/6344/3626
f 2415/6345/3617 2417/6346/3628 2414/6347/3626
f 2419/6348/3617 2420/6349/3629 2418/6350/3617
s 1
f 2387/6351/3625 2420/6352/3626 2382/6353/3619
s 0
f 2385/6354/3685 2382/6291/3686 2384/6290/3626
f 2418/6350/3617 2421/6355/3631 2422/6356/3617
f 2422/6356/3617 2411/6357/3633 2410/6337/3617
s 1
f 2423/6358/3625 2411/6359/3626 2386/6360/3619
s 0
f 2390/6361/3687 2386/6298/3688 2388/6297/3626
f 2415/6345/3617 2413/6362/3636 2419/6348/3617
f 2406/6329/3689 2425/6363/3690 2375/6330/3619
f 2423/6358/3691 2427/6364/3692 2408/6365/3641
f 2375/6366/3657 2426/6367/3658 2423/6368/3625
f 2420/6352/3689 2429/6369/3690 2382/6353/3619
f 2338/6258/3693 2326/6370/3617 2329/6256/3626
f 2342/6288/3694 2378/6281/3695 2333/6371/3641
f 2389/6372/3696 2329/6213/3697 2328/6373/3619
f 2381/6344/3698 2430/6374/3699 2393/6375/3641
f 2430/6374/3700 2409/6376/3617 2393/6375/3641
f 2417/6377/3701 2431/6378/3617 2430/6379/3702
f 2328/6309/3703 2373/6380/3617 2376/6307/3626
f 2423/6381/3704 2376/6278/3705 2375/6382/3619
f 2432/6383/3706 2434/6384/3707 2435/6385/3706
f 2434/6386/3708 2437/6387/3706 2435/6388/3706
f 2439/6389/3709 2441/6390/3706 2438/6391/3706
f 2440/6392/3710 2442/6393/3706 2441/6394/3706
f 2436/6395/3711 2444/6396/3706 2437/6387/3706
f 2445/6397/3706 2433/6398/3712 2432/6399/3706
s 1
f 2321/6400/3713 2323/6401/3714 2322/6402/3715
s 0
f 2322/6403/3716 2447/6404/3706 2442/6393/3706
f 2448/6405/3706 2439/6406/3717 2438/6407/3706
f 2450/6408/3718 2451/6409/3706 2449/6410/3706
s 1
f 2450/6411/3713 2453/6412/3714 2325/6413/3715
s 0
f 2325/6414/3719 2455/6415/3706 2454/6416/3706
f 2452/6417/3720 2449/6410/3706 2456/6418/3706
f 2453/6419/3721 2458/6420/3706 2455/6415/3706
f 2443/6421/3722 2456/6418/3706 2444/6396/3706
s 1
f 2443/6422/3713 2446/6423/3714 2457/6424/3715
s 0
f 2457/6425/3723 2445/6397/3706 2458/6420/3706
f 2323/6426/3724 2454/6416/3706 2447/6404/3706
f 2324/6427/3725 2448/6405/3706 2451/6409/3706
f 2298/6168/3726 2440/6428/3727 2439/6429/3728
f 2297/6430/3729 2322/6431/3730 2440/6432/3714
f 2307/6433/3731 2439/6434/3732 2321/6435/3713
f 2292/6163/3733 2434/6436/3734 2433/6437/3715
f 2291/6438/3735 2436/6439/3736 2434/6440/3713
f 2294/6441/3726 2446/6442/3727 2436/6443/3728
f 2304/6444/3737 2433/6445/3738 2446/6446/3714
f 2314/6447/3739 2457/6448/3740 2453/6449/3714
f 2320/6202/3733 2443/6450/3734 2457/6451/3715
f 2302/6452/3741 2452/6453/3742 2443/6454/3713
f 2315/6455/3726 2453/6456/3727 2452/6457/3728
f 2312/6458/3743 2324/6459/3742 2450/6460/3713
f 2313/6191/3733 2450/6461/3734 2325/6462/3715
f 2362/6463/3744 2460/6464/3706 2459/6465/3706
f 2461/6466/3706 2358/6467/3745 2462/6468/3706
f 2358/6469/3710 2463/6470/3706 2462/6471/3706
f 2464/6472/3706 2363/6473/3712 2465/6474/3706
s 1
f 2361/6475/3713 2466/6476/3714 2360/6477/3715
s 0
f 2360/6478/3716 2467/6479/3706 2463/6470/3706
f 2371/6480/3746 2403/6481/3747 2404/6482/3715
s 1
f 2371/6483/3713 2367/6484/3714 2372/6485/3715
s 0
f 2372/6486/3719 2469/6487/3706 2468/6488/3706
f 2367/6489/3721 2470/6490/3706 2469/6487/3706
f 2368/6491/3748 2471/6492/3747 2400/6493/3715
s 1
f 2368/6494/3713 2364/6495/3714 2366/6496/3715
s 0
f 2366/6497/3723 2464/6472/3706 2470/6490/3706
f 2466/6498/3724 2468/6488/3706 2467/6479/3706
f 2329/6499/3735 2365/6500/3736 2362/6501/3713
f 2341/6502/3749 2466/6503/3750 2370/6504/3728
f 2340/6505/3751 2372/6506/3740 2466/6507/3714
f 2395/6508/3752 2473/6509/3706 2472/6510/3706
f 2475/6511/3753 2461/6512/3706 2474/6513/3706
s 1
f 2391/6514/3713 2403/6515/3714 2392/6516/3715
s 0
f 2392/6517/3754 2370/6518/3755 2361/6519/3713
f 2402/6520/3756 2476/6521/3757 2429/6522/3715
s 1
f 2402/6523/3713 2471/6524/3714 2404/6525/3715
s 0
f 2404/6482/3758 2369/6526/3759 2371/6480/3713
f 2399/6527/3760 2479/6528/3757 2478/6529/3715
s 1
f 2399/6530/3713 2398/6531/3714 2400/6532/3715
s 0
f 2400/6493/3761 2365/6533/3762 2368/6491/3713
f 2393/6335/3763 2475/6534/3764 2394/6535/3728
f 2378/6536/3729 2392/6537/3730 2475/6538/3714
f 2355/6539/3739 2400/6540/3740 2471/6541/3714
f 2388/6542/3741 2477/6543/3742 2399/6544/3713
f 2385/6545/3763 2471/6546/3764 2477/6547/3728
f 2473/6548/3706 2424/6549/3765 2480/6550/3706
f 2424/6551/3708 2481/6552/3706 2480/6553/3706
f 2394/6554/3766 2474/6555/3706 2482/6556/3706
f 2427/6557/3711 2484/6558/3706 2481/6552/3706
s 1
f 2486/6559/3713 2476/6560/3714 2485/6561/3715
s 0
f 2485/6562/3767 2401/6563/3768 2391/6564/3713
f 2488/6565/3706 2489/6566/3717 2490/6567/3706
f 2428/6568/3718 2492/6569/3706 2491/6570/3706
s 1
f 2428/6571/3713 2479/6572/3714 2429/6573/3715
s 0
f 2429/6522/3769 2477/6574/3770 2402/6520/3713
f 2493/6575/3720 2491/6570/3706 2494/6576/3706
f 2483/6577/3722 2494/6576/3706 2484/6558/3706
s 1
f 2483/6578/3713 2426/6579/3714 2478/6580/3715
s 0
f 2478/6529/3771 2397/6581/3772 2399/6527/3713
f 2487/6582/3725 2488/6565/3706 2492/6569/3706
f 2417/6377/3773 2495/6583/3774 2489/6584/3728
f 2430/6585/3729 2485/6586/3730 2495/6587/3714
f 2412/6341/3775 2486/6588/3776 2485/6589/3715
f 2414/6590/3731 2489/6591/3732 2486/6592/3713
f 2406/6593/3735 2427/6594/3736 2424/6595/3713
f 2387/6596/3739 2478/6597/3740 2479/6598/3714
f 2386/6360/3775 2483/6599/3776 2478/6600/3715
f 2411/6601/3741 2493/6602/3742 2483/6603/3713
f 2421/6604/3773 2479/6605/3774 2493/6606/3728
f 2420/6607/3743 2487/6608/3742 2428/6609/3713
f 2413/6610/3773 2476/6611/3774 2487/6612/3728
f 2383/6613/3751 2429/6614/3740 2476/6615/3714
f 2459/6616/3706 2363/6617/3777 2362/6618/3713
f 2475/6511/3778 2361/6519/3779 2359/6619/3728
f 2362/6463/3780 2398/6620/3781 2396/6621/3715
f 2495/6622/3782 2391/6564/3783 2394/6623/3728
f 2482/6624/3706 2495/6622/3784 2394/6623/3728
f 2496/6625/3706 2489/6626/3785 2495/6627/3714
f 2472/6628/3706 2396/6629/3786 2395/6630/3713
f 2395/6508/3787 2426/6631/3788 2425/6632/3715
f 2289/6161/3617 2290/6633/3617 2291/6162/3789
f 2293/6164/3617 2294/6174/3641 2291/6165/3790
f 2296/6167/3617 2297/6634/3625 2298/6168/3791
f 2299/6170/3617 2300/6182/3619 2297/6171/3792
f 2301/6173/3617 2302/6199/3626 2294/6174/3793
f 2303/6175/3617 2289/6635/3617 2292/6176/3794
s 1
f 2305/6178/3625 2306/6208/3641 2307/6179/3626
s 0
f 2308/6181/3617 2305/6204/3625 2300/6182/3795
f 2309/6183/3617 2295/6636/3617 2298/6184/3796
f 2311/6186/3617 2306/6205/3641 2312/6187/3797
s 1
f 2314/6189/3625 2315/6455/3641 2312/6190/3626
s 0
f 2317/6192/3617 2314/6198/3625 2313/6193/3798
f 2310/6188/3617 2312/6187/3626 2315/6195/3799
f 2319/6197/3617 2320/6203/3619 2314/6198/3800
f 2318/6196/3617 2315/6195/3641 2302/6199/3797
s 1
f 2304/6200/3625 2294/6441/3641 2302/6201/3626
s 0
f 2303/6175/3617 2304/6177/3625 2320/6203/3801
f 2316/6194/3617 2313/6193/3619 2305/6204/3800
f 2309/6183/3617 2307/6185/3626 2306/6205/3802
f 2307/6179/3803 2321/6637/3713 2322/6206/3804
f 2305/6178/3805 2323/6638/3714 2324/6207/3806
f 2313/6209/3807 2325/6639/3715 2323/6210/3808
f 2327/6212/3617 2328/6373/3619 2329/6213/3809
f 2330/6215/3617 2331/6640/3617 2332/6216/3810
f 2334/6218/3617 2335/6228/3619 2332/6219/3792
f 2336/6221/3617 2337/6641/3617 2338/6222/3794
s 1
f 2340/6224/3625 2341/6502/3641 2342/6225/3626
s 0
f 2343/6227/3617 2340/6247/3625 2335/6228/3795
f 2345/6229/3811 2341/6286/3641 2346/6230/3812
s 1
f 2348/6232/3625 2349/6272/3641 2346/6233/3626
s 0
f 2351/6235/3617 2348/6239/3625 2347/6236/3798
f 2352/6238/3617 2353/6246/3619 2348/6239/3800
f 2355/6240/3813 2349/6295/3641 2356/6241/3812
s 1
f 2339/6243/3625 2357/6260/3641 2356/6244/3626
s 0
f 2336/6221/3617 2339/6223/3625 2353/6246/3801
f 2350/6237/3617 2347/6236/3619 2340/6247/3800
f 2332/6216/3814 2358/6642/3714 2359/6248/3815
f 2335/6249/3816 2360/6643/3715 2358/6250/3817
f 2342/6225/3818 2361/6644/3713 2360/6252/3819
f 2333/6253/3820 2359/6645/3728 2361/6254/3821
f 2329/6256/3818 2362/6646/3713 2363/6257/3819
f 2339/6243/3814 2364/6647/3714 2365/6259/3815
f 2338/6261/3822 2363/6648/3715 2364/6262/3823
f 2353/6264/3824 2366/6649/3715 2367/6265/3808
f 2356/6244/3818 2368/6650/3713 2366/6267/3819
f 2349/6268/3825 2369/6651/3728 2368/6269/3826
f 2348/6232/3814 2367/6652/3714 2369/6271/3815
f 2341/6273/3827 2370/6653/3728 2371/6274/3826
f 2346/6233/3818 2371/6654/3713 2372/6276/3819
f 2374/6277/3617 2375/6382/3619 2376/6278/3828
f 2330/6280/3617 2333/6371/3641 2378/6281/3829
s 1
f 2345/6283/3625 2380/6323/3641 2381/6284/3626
s 0
f 2341/6286/3830 2345/6229/3625 2379/6287/3831
f 2383/6289/3832 2380/6342/3641 2384/6290/3833
s 1
f 2355/6292/3625 2385/6545/3641 2384/6293/3626
s 0
f 2349/6295/3834 2355/6240/3625 2344/6231/3835
f 2387/6296/3836 2385/6354/3641 2388/6297/3833
s 1
f 2389/6299/3625 2390/6314/3641 2388/6300/3626
s 0
f 2357/6302/3837 2389/6372/3625 2354/6242/3838
f 2381/6284/3839 2391/6655/3713 2392/6303/3840
f 2393/6304/3820 2394/6656/3728 2391/6305/3821
f 2376/6307/3839 2395/6657/3713 2396/6308/3840
f 2390/6310/3841 2397/6658/3728 2395/6311/3842
f 2389/6299/3843 2398/6659/3714 2397/6313/3844
f 2328/6315/3822 2396/6660/3715 2398/6316/3823
f 2388/6300/3839 2399/6661/3713 2400/6318/3840
f 2380/6319/3827 2401/6662/3728 2402/6320/3826
f 2345/6283/3843 2403/6663/3714 2401/6322/3844
f 2344/6324/3807 2404/6664/3715 2403/6325/3808
f 2384/6293/3839 2402/6665/3713 2404/6327/3840
f 2374/6328/3617 2405/6666/3617 2406/6329/3845
f 2407/6331/3617 2408/6338/3641 2406/6332/3790
f 2377/6334/3617 2378/6667/3625 2393/6335/3846
f 2410/6337/3617 2411/6357/3626 2408/6338/3793
s 1
f 2383/6339/3625 2413/6610/3641 2414/6340/3626
s 0
f 2380/6342/3847 2383/6289/3625 2412/6343/3848
f 2415/6345/3617 2416/6668/3617 2417/6346/3796
f 2419/6348/3617 2413/6362/3641 2420/6349/3797
s 1
f 2387/6351/3625 2421/6604/3641 2420/6352/3626
s 0
f 2385/6354/3849 2387/6296/3625 2382/6291/3850
f 2418/6350/3617 2420/6349/3626 2421/6355/3799
f 2422/6356/3617 2421/6355/3641 2411/6357/3797
s 1
f 2423/6358/3625 2408/6365/3641 2411/6359/3626
s 0
f 2390/6361/3851 2423/6381/3625 2386/6298/3852
f 2415/6345/3617 2414/6347/3626 2413/6362/3802
f 2406/6329/3853 2424/6669/3713 2425/6363/3854
f 2423/6358/3855 2426/6670/3714 2427/6364/3856
f 2375/6366/3822 2425/6671/3715 2426/6367/3823
f 2420/6352/3853 2428/6672/3713 2429/6369/3854
f 2338/6258/3857 2337/6673/3617 2326/6370/3617
f 2342/6288/3858 2379/6287/3619 2378/6281/3859
f 2389/6372/3860 2357/6302/3641 2329/6213/3861
f 2381/6344/3862 2412/6343/3619 2430/6374/3704
f 2430/6374/3863 2431/6674/3617 2409/6376/3617
f 2417/6377/3864 2416/6675/3617 2431/6378/3617
f 2328/6309/3865 2327/6676/3617 2373/6380/3617
f 2423/6381/3866 2390/6361/3641 2376/6278/3698
f 2432/6383/3706 2433/6677/3867 2434/6384/3868
f 2434/6386/3869 2436/6395/3728 2437/6387/3706
f 2439/6389/3870 2440/6678/3871 2441/6390/3706
f 2440/6392/3872 2322/6403/3715 2442/6393/3706
f 2436/6395/3873 2443/6421/3713 2444/6396/3706
f 2445/6397/3706 2446/6679/3714 2433/6398/3874
s 1
f 2321/6400/3713 2324/6680/3728 2323/6401/3714
s 0
f 2322/6403/3875 2323/6426/3714 2447/6404/3706
f 2448/6405/3706 2321/6681/3713 2439/6406/3876
f 2450/6408/3877 2324/6427/3728 2451/6409/3706
s 1
f 2450/6411/3713 2452/6682/3728 2453/6412/3714
s 0
f 2325/6414/3878 2453/6419/3714 2455/6415/3706
f 2452/6417/3879 2450/6408/3713 2449/6410/3706
f 2453/6419/3880 2457/6425/3715 2458/6420/3706
f 2443/6421/3877 2452/6417/3728 2456/6418/3706
s 1
f 2443/6422/3713 2436/6683/3728 2446/6423/3714
s 0
f 2457/6425/3881 2446/6679/3714 2445/6397/3706
f 2323/6426/3880 2325/6414/3715 2454/6416/3706
f 2324/6427/3882 2321/6681/3713 2448/6405/3706
f 2298/6168/3883 2297/6634/3625 2440/6428/3884
f 2297/6430/3885 2300/6684/3619 2322/6431/3886
f 2307/6433/3887 2298/6685/3641 2439/6434/3888
f 2292/6163/3889 2291/6162/3626 2434/6436/3890
f 2291/6438/3891 2294/6686/3641 2436/6439/3892
f 2294/6441/3883 2304/6200/3625 2446/6442/3884
f 2304/6444/3893 2292/6687/3619 2433/6445/3894
f 2314/6447/3895 2320/6688/3619 2457/6448/3896
f 2320/6202/3889 2302/6201/3626 2443/6450/3890
f 2302/6452/3897 2315/6689/3641 2452/6453/3898
f 2315/6455/3883 2314/6189/3625 2453/6456/3884
f 2312/6458/3897 2306/6690/3641 2324/6459/3899
f 2313/6191/3889 2312/6190/3626 2450/6461/3890
f 2362/6463/3900 2396/6621/3715 2460/6464/3706
f 2461/6466/3706 2359/6691/3728 2358/6467/3901
f 2358/6469/3872 2360/6478/3715 2463/6470/3706
f 2464/6472/3706 2364/6692/3714 2363/6473/3874
s 1
f 2361/6475/3713 2370/6693/3728 2466/6476/3714
s 0
f 2360/6478/3875 2466/6498/3714 2467/6479/3706
f 2371/6480/3902 2370/6518/3728 2403/6481/3903
s 1
f 2371/6483/3713 2369/6694/3728 2367/6484/3714
s 0
f 2372/6486/3878 2367/6489/3714 2469/6487/3706
f 2367/6489/3880 2366/6497/3715 2470/6490/3706
f 2368/6491/3902 2369/6526/3728 2471/6492/3904
s 1
f 2368/6494/3713 2365/6695/3728 2364/6495/3714
s 0
f 2366/6497/3881 2364/6692/3714 2464/6472/3706
f 2466/6498/3880 2372/6486/3715 2468/6488/3706
f 2329/6499/3891 2357/6696/3641 2365/6500/3892
f 2341/6502/3905 2340/6224/3625 2466/6503/3906
f 2340/6505/3895 2347/6697/3619 2372/6506/3907
f 2395/6508/3908 2425/6632/3715 2473/6509/3706
f 2475/6511/3909 2359/6619/3728 2461/6512/3706
s 1
f 2391/6514/3713 2401/6698/3728 2403/6515/3714
s 0
f 2392/6517/3910 2403/6481/3714 2370/6518/3911
f 2402/6520/3912 2401/6563/3728 2476/6521/3913
s 1
f 2402/6523/3713 2477/6699/3728 2471/6524/3714
s 0
f 2404/6482/3914 2471/6492/3714 2369/6526/3915
f 2399/6527/3912 2477/6574/3728 2479/6528/3916
s 1
f 2399/6530/3713 2397/6700/3728 2398/6531/3714
s 0
f 2400/6493/3917 2398/6620/3714 2365/6533/3918
f 2393/6335/3919 2378/6667/3625 2475/6534/3920
f 2378/6536/3885 2379/6701/3619 2392/6537/3886
f 2355/6539/3895 2354/6702/3619 2400/6540/3896
f 2388/6542/3897 2385/6703/3641 2477/6543/3898
f 2385/6545/3919 2355/6292/3625 2471/6546/3920
f 2473/6548/3706 2425/6704/3715 2424/6549/3921
f 2424/6551/3869 2427/6557/3728 2481/6552/3706
f 2394/6554/3922 2475/6705/3714 2474/6555/3706
f 2427/6557/3873 2483/6577/3713 2484/6558/3706
s 1
f 2486/6559/3713 2487/6706/3728 2476/6560/3714
s 0
f 2485/6562/3923 2476/6521/3714 2401/6563/3924
f 2488/6565/3706 2486/6707/3713 2489/6566/3876
f 2428/6568/3877 2487/6582/3728 2492/6569/3706
s 1
f 2428/6571/3713 2493/6708/3728 2479/6572/3714
s 0
f 2429/6522/3925 2479/6528/3714 2477/6574/3926
f 2493/6575/3879 2428/6568/3713 2491/6570/3706
f 2483/6577/3877 2493/6575/3728 2494/6576/3706
s 1
f 2483/6578/3713 2427/6709/3728 2426/6579/3714
s 0
f 2478/6529/3927 2426/6631/3714 2397/6581/3928
f 2487/6582/3882 2486/6707/3713 2488/6565/3706
f 2417/6377/3929 2430/6379/3625 2495/6583/3930
f 2430/6585/3885 2412/6710/3619 2485/6586/3886
f 2412/6341/3931 2414/6340/3626 2486/6588/3932
f 2414/6590/3887 2417/6711/3641 2489/6591/3888
f 2406/6593/3891 2408/6712/3641 2427/6594/3892
f 2387/6596/3895 2386/6713/3619 2478/6597/3896
f 2386/6360/3931 2411/6359/3626 2483/6599/3932
f 2411/6601/3897 2421/6714/3641 2493/6602/3898
f 2421/6604/3929 2387/6351/3625 2479/6605/3930
f 2420/6607/3897 2413/6715/3641 2487/6608/3899
f 2413/6610/3929 2383/6339/3625 2476/6611/3930
f 2383/6613/3895 2382/6716/3619 2429/6614/3907
f 2459/6616/3706 2465/6717/3706 2363/6617/3933
f 2475/6511/3934 2392/6517/3715 2361/6519/3935
f 2362/6463/3936 2365/6533/3728 2398/6620/3937
f 2495/6622/3788 2485/6562/3715 2391/6564/3938
f 2482/6624/3706 2496/6718/3706 2495/6622/3939
f 2496/6625/3706 2490/6719/3706 2489/6626/3940
f 2472/6628/3706 2460/6720/3706 2396/6629/3941
f 2395/6508/3783 2397/6581/3728 2426/6631/3942
o window_big012
v 38.761261 5.803944 15.136692
v 38.761261 4.693043 15.136692
v 38.845856 4.777744 15.136692
v 38.845856 5.719341 15.136692
v 40.422256 4.693043 15.136692
v 40.422256 4.777744 15.136692
v 45.960556 4.693043 15.136692
v 45.960556 5.803944 15.136692
v 45.875961 5.719341 15.136692
v 45.875961 4.777744 15.136692
v 44.319061 5.803944 15.136692
v 44.319061 5.719341 15.136692
v 40.489761 4.693043 15.136692
v 40.489761 4.777744 15.136692
v 40.422256 5.803944 15.136692
v 40.422256 5.719341 15.136692
v 44.244064 5.719341 15.136692
v 44.244064 4.777744 15.136692
v 44.319061 4.777744 15.136692
v 44.244064 5.803944 15.136692
v 44.319061 4.693043 15.136692
v 42.406967 4.693043 15.136692
v 44.244064 4.693043 15.136692
v 42.406967 4.777744 15.136692
v 42.406967 5.719341 15.136692
v 42.332169 5.719341 15.136692
v 42.332169 4.777744 15.136692
v 42.406967 5.803944 15.136692
v 42.332169 5.803944 15.136692
v 42.332169 4.693043 15.136692
v 40.489761 5.803944 15.136692
v 40.489761 5.719341 15.136692
v 44.319061 4.777744 15.082493
v 44.319061 5.719341 15.082493
v 44.244064 5.719341 15.082493
v 44.244064 4.777744 15.082493
v 42.406967 5.719341 15.082493
v 38.761261 3.577740 15.136692
v 38.761261 3.502942 15.136692
v 38.845856 3.502942 15.136692
v 38.845856 3.577740 15.136692
v 45.960556 3.577740 15.136692
v 45.960556 4.211643 15.136692
v 45.875961 4.127041 15.136692
v 45.875961 3.577740 15.136692
v 44.319061 4.211643 15.136692
v 44.319061 4.127041 15.136692
v 40.422256 4.211643 15.136692
v 38.761261 4.211643 15.136692
v 38.845856 4.127041 15.136692
v 40.422256 4.127041 15.136692
v 44.244064 4.127041 15.136692
v 44.244064 3.577740 15.136692
v 44.319061 3.577740 15.136692
v 44.244064 4.211643 15.136692
v 42.406967 3.502942 15.136692
v 44.244064 3.502942 15.136692
v 42.406967 3.577740 15.136692
v 42.406967 4.127041 15.136692
v 42.332169 4.127041 15.136692
v 42.332169 3.577740 15.136692
v 42.406967 4.211643 15.136692
v 42.332169 4.211643 15.136692
v 40.489761 4.211643 15.136692
v 40.489761 4.127041 15.136692
v 40.489761 3.502942 15.136692
v 42.332169 3.502942 15.136692
v 40.489761 3.577740 15.136692
v 40.422256 3.577740 15.136692
v 45.875961 4.127041 15.082493
v 45.875961 3.577740 15.082493
v 44.319061 4.127041 15.082493
v 44.319061 3.577740 15.082493
v 38.845856 3.577740 15.082493
v 38.845856 4.127041 15.082493
v 40.422256 4.127041 15.082493
v 40.422256 3.577740 15.082493
v 40.489761 4.127041 15.082493
v 42.332169 4.127041 15.082493
v 40.489761 3.577740 15.082493
v 42.332169 3.577740 15.082493
v 44.244064 3.577740 15.082493
v 42.406967 3.577740 15.082493
v 42.406967 4.127041 15.082493
v 38.761261 1.983742 15.136692
v 38.761261 1.905243 15.136692
v 38.845856 1.905243 15.136692
v 38.845856 1.983742 15.136692
v 45.960556 3.502942 15.136692
v 45.875961 3.502942 15.136692
v 44.319061 3.502942 15.136692
v 44.244064 1.983742 15.136692
v 44.319061 1.983742 15.136692
v 42.406967 1.905243 15.136692
v 44.244064 1.905243 15.136692
v 42.406967 1.983742 15.136692
v 42.332169 1.983742 15.136692
v 40.489761 1.905243 15.136692
v 42.332169 1.905243 15.136692
v 40.489761 1.983742 15.136692
v 40.422256 3.502942 15.136692
v 40.422256 1.983742 15.136692
v 44.319061 1.983742 15.082493
v 44.319061 3.502942 15.082493
v 45.875961 1.983742 15.136692
v 45.875961 1.983742 15.082493
v 38.845856 1.983742 15.082493
v 38.845856 3.502942 15.082493
v 40.422256 1.983742 15.082493
v 40.422256 3.502942 15.082493
v 40.489761 1.983742 15.082493
v 40.489761 3.502942 15.082493
v 44.244064 1.983742 15.082493
v 42.406967 1.983742 15.082493
v 44.244064 3.502942 15.082493
v 42.406967 3.502942 15.082493
v 38.761261 0.749142 15.136692
v 38.845856 0.833844 15.136692
v 40.422256 0.749142 15.136692
v 40.422256 0.833844 15.136692
v 45.960556 1.983742 15.136692
v 40.489761 0.749142 15.136692
v 40.489761 0.833844 15.136692
v 44.319061 1.905243 15.136692
v 44.244064 0.833844 15.136692
v 44.319061 0.833844 15.136692
v 44.319061 0.749142 15.136692
v 45.960556 0.749142 15.136692
v 45.875961 0.833844 15.136692
v 42.406967 0.749142 15.136692
v 44.244064 0.749142 15.136692
v 42.406967 0.833844 15.136692
v 42.332169 0.833844 15.136692
v 42.332169 0.749142 15.136692
v 40.422256 1.905243 15.136692
v 38.845856 0.833844 15.082493
v 38.845856 1.905243 15.082493
v 40.422256 1.905243 15.082493
v 40.422256 0.833844 15.082493
v 42.406967 0.833844 15.082493
v 42.406967 1.905243 15.082493
v 45.875961 1.905243 15.136692
v 45.960556 1.905243 15.136692
v 38.761261 5.803944 15.082493
v 38.845856 5.719341 15.082493
v 38.845856 4.777744 15.082493
v 38.761261 4.693043 15.082493
v 40.422256 4.777744 15.082493
v 40.422256 4.693043 15.082493
v 45.960556 4.693043 15.082493
v 45.875961 4.777744 15.082493
v 45.875961 5.719341 15.082493
v 45.960556 5.803944 15.082493
v 44.319061 5.803944 15.082493
v 40.489761 4.777744 15.082493
v 40.489761 4.693043 15.082493
v 40.422256 5.803944 15.082493
v 40.422256 5.719341 15.082493
v 44.244064 5.803944 15.082493
v 44.319061 4.693043 15.082493
v 42.406967 4.693043 15.082493
v 42.406967 4.777744 15.082493
v 44.244064 4.693043 15.082493
v 42.332169 4.777744 15.082493
v 42.332169 5.719341 15.082493
v 42.406967 5.803944 15.082493
v 42.332169 5.803944 15.082493
v 42.332169 4.693043 15.082493
v 40.489761 5.719341 15.082493
v 40.489761 5.803944 15.082493
v 38.761261 3.577740 15.082493
v 38.761261 3.502942 15.082493
v 45.960556 3.577740 15.082493
v 45.960556 4.211643 15.082493
v 44.319061 4.211643 15.082493
v 40.422256 4.211643 15.082493
v 38.761261 4.211643 15.082493
v 44.244064 4.127041 15.082493
v 44.244064 4.211643 15.082493
v 42.406967 4.211643 15.082493
v 42.332169 4.211643 15.082493
v 40.489761 4.211643 15.082493
v 42.332169 3.502942 15.082493
v 38.761261 1.983742 15.082493
v 38.761261 1.905243 15.082493
v 45.960556 3.502942 15.082493
v 45.875961 3.502942 15.082493
v 44.244064 1.905243 15.082493
v 42.332169 1.983742 15.082493
v 40.489761 1.905243 15.082493
v 42.332169 1.905243 15.082493
v 38.761261 0.749142 15.082493
v 40.422256 0.749142 15.082493
v 45.960556 1.983742 15.082493
v 40.489761 0.833844 15.082493
v 40.489761 0.749142 15.082493
v 44.319061 1.905243 15.082493
v 44.319061 0.833844 15.082493
v 44.244064 0.833844 15.082493
v 44.319061 0.749142 15.082493
v 45.875961 0.833844 15.082493
v 45.960556 0.749142 15.082493
v 42.406967 0.749142 15.082493
v 44.244064 0.749142 15.082493
v 42.332169 0.833844 15.082493
v 42.332169 0.749142 15.082493
v 45.875961 1.905243 15.082493
v 45.960556 1.905243 15.082493
vn -0.0000 -0.0000 1.0000
vn 0.4033 0.1384 0.9046
vn 0.3014 -0.3015 0.9046
vn 0.3141 0.2884 0.9045
vn -0.2810 0.3207 0.9046
vn -0.3143 -0.2882 0.9045
vn -0.1408 0.4025 0.9045
vn 0.1361 -0.4041 0.9045
vn -0.3015 -0.3015 0.9045
vn 0.3015 0.3015 0.9045
vn 0.3015 -0.3015 0.9045
vn 0.1513 -0.3987 0.9045
vn -0.1363 0.4040 0.9045
vn 0.3129 0.2897 0.9045
vn 0.1510 -0.3988 0.9045
vn -0.1509 0.3988 0.9045
vn -0.3128 -0.2898 0.9045
vn 0.3128 0.2897 0.9045
vn 0.1409 -0.4024 0.9045
vn -0.3129 -0.2897 0.9045
vn -0.1512 0.3987 0.9045
vn 0.3015 -0.0756 0.9505
vn 0.3015 -0.3395 -0.8910
vn -0.3015 0.0756 0.9505
vn -0.3015 0.3395 -0.8910
vn -0.3015 0.3015 0.9045
vn -0.0826 -0.3015 0.9499
vn -0.3211 -0.3015 -0.8978
vn 0.3987 0.1510 0.9045
vn -0.4014 -0.1441 0.9045
vn -0.3016 0.3015 0.9045
vn -0.2157 -0.3678 0.9045
vn 0.3116 0.2911 0.9045
vn 0.3115 0.2911 0.9045
vn -0.3015 0.0653 0.9512
vn -0.3015 0.3661 -0.8804
vn -0.0813 -0.3015 0.9500
vn -0.3246 -0.3015 -0.8965
vn 0.3015 -0.0653 0.9512
vn 0.3015 -0.3661 -0.8804
vn 0.0813 0.3015 0.9500
vn 0.3246 0.3015 -0.8965
vn -0.0814 -0.3015 0.9500
vn -0.3243 -0.3015 -0.8966
vn -0.3210 -0.3015 -0.8978
vn 0.0826 0.3015 0.9499
vn 0.3210 0.3015 -0.8978
vn 0.3211 0.3015 -0.8978
vn 0.3969 0.1558 0.9045
vn -0.3987 -0.1510 0.9045
vn -0.3941 0.1629 0.9045
vn 0.1635 -0.3938 0.9045
vn -0.2158 -0.3677 0.9045
vn 0.3121 0.2906 0.9045
vn -0.3940 0.1631 0.9045
vn 0.1632 -0.3939 0.9045
vn 0.3120 0.2906 0.9045
vn -0.3896 0.1732 0.9045
vn 0.1531 -0.3980 0.9045
vn 0.3015 -0.0811 0.9500
vn 0.3015 -0.3251 -0.8963
vn 0.0814 0.3015 0.9500
vn 0.3243 0.3015 -0.8966
vn -0.3015 0.0811 0.9500
vn -0.3015 0.3251 -0.8963
vn 0.4035 0.1380 0.9045
vn 0.3016 -0.3015 0.9045
vn -0.2872 0.3152 0.9045
vn -0.3921 0.1676 0.9045
vn 0.1587 -0.3958 0.9045
vn -0.3920 0.1679 0.9045
vn 0.1584 -0.3959 0.9045
vn -0.3875 0.1778 0.9045
vn 0.1483 -0.3998 0.9045
vn 0.3015 -0.0773 0.9503
vn 0.3015 -0.3349 -0.8927
vn -0.3015 0.0773 0.9503
vn -0.3015 0.3349 -0.8927
vn 0.4013 -0.1441 0.9045
vn 0.3016 0.3015 0.9045
vn 0.2162 0.3675 0.9045
vn -0.3133 -0.2892 0.9045
vn -0.2161 -0.3676 0.9045
vn 0.3132 0.2894 0.9045
vn 0.2163 0.3675 0.9045
vn -0.3139 -0.2886 0.9045
vn -0.1705 -0.3908 0.9045
vn -0.4035 0.1380 0.9045
vn -0.3016 -0.3015 0.9045
vn 0.3673 -0.2166 0.9045
vn -0.2163 -0.3675 0.9045
vn 0.3138 0.2887 0.9045
vn -0.0000 -0.0000 -1.0000
vn 0.2810 0.3207 -0.9045
vn 0.3142 0.2883 -0.9045
vn -0.2810 0.3207 -0.9045
vn -0.3143 -0.2881 -0.9045
vn -0.1407 0.4025 -0.9045
vn 0.3141 -0.2883 -0.9045
vn 0.3015 0.3015 -0.9045
vn -0.3015 -0.3015 -0.9045
vn 0.3015 -0.3015 -0.9045
vn 0.1512 -0.3987 -0.9045
vn -0.3142 0.2882 -0.9045
vn 0.3129 0.2897 -0.9045
vn 0.1510 -0.3988 -0.9045
vn -0.1509 0.3988 -0.9045
vn -0.3128 -0.2898 -0.9045
vn 0.3128 0.2897 -0.9045
vn 0.1408 -0.4025 -0.9045
vn -0.3129 -0.2897 -0.9045
vn -0.1511 0.3987 -0.9045
vn -0.3015 0.3395 0.8910
vn -0.3015 0.0756 -0.9505
vn -0.3015 0.3015 -0.9045
vn -0.3246 -0.3015 0.8965
vn -0.0813 -0.3015 -0.9500
vn 0.3246 0.3015 0.8965
vn 0.0813 0.3015 -0.9500
vn 0.3015 -0.3395 0.8910
vn 0.3015 -0.0756 -0.9505
vn 0.3243 0.3015 0.8966
vn 0.0814 0.3015 -0.9500
vn -0.3243 -0.3015 0.8966
vn -0.0814 -0.3015 -0.9500
vn -0.3210 -0.3015 0.8978
vn -0.0826 -0.3015 -0.9499
vn 0.3210 0.3015 0.8978
vn 0.0826 0.3015 -0.9499
vn 0.3211 0.3015 0.8978
vn 0.3988 0.1510 -0.9045
vn -0.2625 -0.3360 -0.9046
vn 0.3116 0.2911 -0.9045
vn -0.2157 -0.3678 -0.9045
vn 0.3115 0.2911 -0.9045
vn -0.3015 0.3661 0.8804
vn -0.3015 0.0653 -0.9512
vn -0.3211 -0.3015 0.8978
vn 0.3969 0.1558 -0.9045
vn -0.3988 -0.1510 -0.9045
vn 0.1634 -0.3938 -0.9045
vn -0.3940 0.1629 -0.9045
vn 0.3121 0.2906 -0.9045
vn -0.2158 -0.3677 -0.9045
vn 0.1631 -0.3940 -0.9045
vn -0.3939 0.1632 -0.9045
vn 0.3120 0.2906 -0.9045
vn 0.1530 -0.3980 -0.9045
vn -0.3896 0.1732 -0.9045
vn -0.3015 0.3251 0.8963
vn -0.3015 0.0811 -0.9500
vn 0.2819 0.3199 -0.9045
vn -0.2872 0.3152 -0.9045
vn 0.1586 -0.3958 -0.9045
vn -0.3920 0.1677 -0.9045
vn 0.1584 -0.3959 -0.9045
vn -0.3919 0.1679 -0.9045
vn 0.1482 -0.3998 -0.9045
vn -0.3875 0.1779 -0.9045
vn -0.3015 0.3349 0.8927
vn -0.3015 0.0773 -0.9503
vn 0.3015 -0.3349 0.8927
vn 0.3015 -0.0773 -0.9503
vn 0.4013 -0.1441 -0.9046
vn 0.3015 0.3015 -0.9046
vn -0.3133 -0.2892 -0.9045
vn 0.2162 0.3675 -0.9045
vn 0.3132 0.2894 -0.9045
vn -0.2161 -0.3676 -0.9045
vn -0.3139 -0.2886 -0.9045
vn 0.2163 0.3675 -0.9045
vn -0.1705 -0.3908 -0.9045
vn -0.4034 0.1381 -0.9045
vn 0.3673 -0.2166 -0.9045
vn 0.3138 0.2887 -0.9045
vn -0.2163 -0.3675 -0.9045
vn 0.2810 0.3207 0.9046
vn 0.1360 0.4041 0.9045
vn -0.3014 -0.3015 0.9046
vn -0.4032 0.1384 0.9046
vn -0.1361 -0.4041 0.9045
vn -0.3842 0.1850 0.9045
vn 0.3142 -0.2883 0.9045
vn 0.3889 -0.1749 0.9045
vn -0.3143 0.2881 0.9045
vn 0.2160 0.3676 0.9045
vn 0.3888 -0.1752 0.9045
vn -0.3887 0.1753 0.9045
vn -0.2160 -0.3676 0.9045
vn 0.3842 -0.1849 0.9045
vn -0.3888 0.1750 0.9045
vn 0.3015 0.3395 0.8910
vn 0.3015 0.0756 -0.9505
vn -0.3015 -0.3395 0.8910
vn -0.3015 -0.0756 -0.9505
vn 0.3211 -0.3015 0.8978
vn 0.0826 -0.3015 -0.9499
vn 0.1752 0.3888 0.9045
vn -0.2625 -0.3360 0.9045
vn -0.3116 -0.2911 0.9045
vn 0.2157 0.3678 0.9045
vn -0.3115 -0.2911 0.9045
vn -0.3015 -0.3661 0.8804
vn -0.3015 -0.0653 -0.9512
vn 0.3246 -0.3015 0.8965
vn 0.0813 -0.3015 -0.9500
vn 0.3015 0.3661 0.8804
vn 0.3015 0.0653 -0.9512
vn -0.3246 0.3015 0.8965
vn -0.0813 0.3015 -0.9500
vn 0.3243 -0.3015 0.8966
vn 0.0814 -0.3015 -0.9500
vn 0.3210 -0.3015 0.8978
vn -0.3210 0.3015 0.8978
vn -0.0826 0.3015 -0.9499
vn -0.3211 0.3015 0.8978
vn 0.1705 0.3908 0.9045
vn -0.1752 -0.3888 0.9045
vn -0.1635 0.3938 0.9045
vn 0.3941 -0.1629 0.9045
vn -0.3121 -0.2906 0.9045
vn 0.2158 0.3677 0.9045
vn -0.1632 0.3939 0.9045
vn 0.3940 -0.1631 0.9045
vn -0.3120 -0.2906 0.9045
vn -0.1531 0.3980 0.9045
vn 0.3896 -0.1732 0.9045
vn 0.3015 0.3251 0.8963
vn 0.3015 0.0811 -0.9500
vn -0.3243 0.3015 0.8966
vn -0.0814 0.3015 -0.9500
vn -0.3015 -0.3251 0.8963
vn -0.3015 -0.0811 -0.9500
vn 0.2820 0.3199 0.9045
vn -0.3673 0.2166 0.9045
vn -0.1587 0.3958 0.9045
vn 0.3921 -0.1676 0.9045
vn -0.1584 0.3959 0.9045
vn 0.3920 -0.1679 0.9045
vn -0.1483 0.3998 0.9045
vn 0.3875 -0.1778 0.9045
vn 0.3015 0.3349 0.8927
vn 0.3015 0.0773 -0.9503
vn -0.3015 -0.3349 0.8927
vn -0.3015 -0.0773 -0.9503
vn 0.2625 -0.3361 0.9045
vn 0.3133 0.2892 0.9045
vn -0.2162 -0.3675 0.9045
vn -0.3132 -0.2894 0.9045
vn 0.2161 0.3676 0.9045
vn 0.3139 0.2886 0.9045
vn -0.3969 -0.1558 0.9045
vn -0.2820 0.3199 0.9045
vn 0.2872 -0.3152 0.9045
vn -0.3138 -0.2887 0.9045
vn 0.4033 0.1383 -0.9045
vn 0.1362 0.4041 -0.9045
vn -0.4033 0.1384 -0.9045
vn -0.1362 -0.4041 -0.9045
vn -0.3841 0.1851 -0.9045
vn 0.1361 -0.4041 -0.9045
vn 0.3888 -0.1750 -0.9045
vn -0.1360 0.4041 -0.9045
vn 0.2160 0.3676 -0.9045
vn 0.3887 -0.1752 -0.9045
vn -0.3887 0.1753 -0.9045
vn -0.2160 -0.3676 -0.9045
vn 0.3842 -0.1850 -0.9045
vn -0.3888 0.1751 -0.9045
vn -0.3015 -0.0756 0.9505
vn -0.3015 -0.3395 -0.8910
vn 0.0813 -0.3015 0.9500
vn 0.3246 -0.3015 -0.8965
vn -0.0813 0.3015 0.9500
vn -0.3246 0.3015 -0.8965
vn 0.3015 0.0756 0.9505
vn 0.3015 0.3395 -0.8910
vn -0.0814 0.3015 0.9500
vn -0.3243 0.3015 -0.8966
vn 0.0814 -0.3015 0.9500
vn 0.3243 -0.3015 -0.8966
vn 0.0826 -0.3015 0.9499
vn 0.3210 -0.3015 -0.8978
vn -0.0826 0.3015 0.9499
vn -0.3210 0.3015 -0.8978
vn -0.3211 0.3015 -0.8978
vn 0.1752 0.3887 -0.9045
vn -0.3015 0.3015 -0.9046
vn -0.4013 -0.1441 -0.9046
vn 0.2157 0.3678 -0.9045
vn -0.3116 -0.2911 -0.9045
vn -0.3115 -0.2911 -0.9045
vn -0.3015 -0.0653 0.9512
vn -0.3015 -0.3661 -0.8804
vn 0.3211 -0.3015 -0.8978
vn 0.1705 0.3908 -0.9045
vn -0.1752 -0.3887 -0.9045
vn 0.3940 -0.1629 -0.9045
vn -0.1634 0.3938 -0.9045
vn 0.2158 0.3677 -0.9045
vn -0.3121 -0.2906 -0.9045
vn 0.3939 -0.1632 -0.9045
vn -0.1631 0.3940 -0.9045
vn -0.3120 -0.2906 -0.9045
vn 0.3896 -0.1732 -0.9045
vn -0.1530 0.3980 -0.9045
vn -0.3015 -0.0811 0.9500
vn -0.3015 -0.3251 -0.8963
vn 0.4034 0.1381 -0.9045
vn -0.3673 0.2166 -0.9045
vn 0.3920 -0.1677 -0.9045
vn -0.1586 0.3958 -0.9045
vn 0.3919 -0.1679 -0.9045
vn -0.1584 0.3959 -0.9045
vn 0.3875 -0.1779 -0.9045
vn -0.1482 0.3998 -0.9045
vn -0.3015 -0.0773 0.9503
vn -0.3015 -0.3349 -0.8927
vn 0.3015 0.0773 0.9503
vn 0.3015 0.3349 -0.8927
vn 0.2625 -0.3360 -0.9046
vn -0.2162 -0.3675 -0.9045
vn 0.3133 0.2892 -0.9045
vn 0.2161 0.3676 -0.9045
vn -0.3132 -0.2894 -0.9045
vn 0.3139 0.2886 -0.9045
vn -0.3969 -0.1558 -0.9045
vn -0.2819 0.3199 -0.9045
vn 0.2872 -0.3152 -0.9045
vn -0.3138 -0.2887 -0.9045
vt 0.658300 0.492800
vt 0.522300 0.481600
vt 0.647000 0.481600
vt 0.240100 0.240100
vt 0.031200 0.251100
vt 0.020000 0.239900
vt 0.826800 0.415800
vt 0.690900 0.427000
vt 0.679600 0.415800
vt 0.756300 0.339000
vt 0.962600 0.328000
vt 0.973800 0.339300
vt 0.249000 0.240100
vt 0.240100 0.251300
vt 0.240100 0.339000
vt 0.031200 0.328000
vt 0.240100 0.327800
vt 0.804400 0.641800
vt 0.679600 0.631900
vt 0.804400 0.631900
vt 0.746400 0.339000
vt 0.756300 0.327800
vt 0.756300 0.240100
vt 0.962600 0.251100
vt 0.756300 0.251300
vt 0.746400 0.240100
vt 0.503000 0.251300
vt 0.503000 0.240100
vt 0.804400 0.594100
vt 0.679600 0.584200
vt 0.804400 0.584200
vt 0.493100 0.339100
vt 0.503000 0.327900
vt 0.503000 0.339100
vt 0.493100 0.251300
vt 0.493100 0.240100
vt 0.249000 0.339000
vt 0.493100 0.327900
vt 0.249000 0.251300
vt 0.804400 0.549200
vt 0.679600 0.540200
vt 0.804400 0.540200
vt 0.249000 0.327800
vt 0.746400 0.327800
vt 0.746400 0.251300
vt 0.804400 0.624700
vt 0.679600 0.649000
vt 0.679600 0.641800
vt 0.020000 0.606200
vt 0.263400 0.599000
vt 0.263400 0.606200
vt 0.020000 0.071300
vt 0.031200 0.081200
vt 0.020000 0.081200
vt 0.862900 0.379100
vt 0.935700 0.390400
vt 0.862900 0.390400
vt 0.756300 0.309700
vt 0.962600 0.298700
vt 0.973800 0.309900
vt 0.240100 0.309700
vt 0.031200 0.298700
vt 0.240100 0.298500
vt 0.323700 0.733400
vt 0.250900 0.723500
vt 0.323700 0.723500
vt 0.746400 0.309700
vt 0.756300 0.298500
vt 0.746400 0.071300
vt 0.503000 0.081200
vt 0.503000 0.071300
vt 0.323700 0.817700
vt 0.250900 0.807800
vt 0.323700 0.807800
vt 0.493100 0.309800
vt 0.503000 0.298600
vt 0.503000 0.309800
vt 0.249000 0.309700
vt 0.493100 0.298600
vt 0.493100 0.071300
vt 0.249000 0.081200
vt 0.249000 0.071300
vt 0.323700 0.776400
vt 0.250900 0.767400
vt 0.323700 0.767400
vt 0.249000 0.298500
vt 0.746400 0.298500
vt 0.862900 0.397500
vt 0.020000 0.892000
vt 0.226300 0.884900
vt 0.226300 0.892000
vt 0.323700 0.716300
vt 0.226300 0.928800
vt 0.020000 0.936000
vt 0.020000 0.928800
vt 0.247200 0.910400
vt 0.320000 0.903200
vt 0.320000 0.910400
vt 0.250900 0.783600
vt 0.250900 0.776400
vt 0.020000 0.870100
vt 0.228900 0.862900
vt 0.228900 0.870100
vt 0.020000 0.496300
vt 0.264100 0.489100
vt 0.264100 0.496300
vt 0.323700 0.760300
vt 0.264100 0.423100
vt 0.020000 0.430300
vt 0.020000 0.423100
vt 0.250900 0.824800
vt 0.250900 0.817700
vt 0.263400 0.665000
vt 0.020000 0.672200
vt 0.020000 0.665000
vt 0.323700 0.800600
vt 0.020000 0.097000
vt 0.031200 0.107400
vt 0.020000 0.107400
vt 0.973800 0.081200
vt 0.962600 0.071300
vt 0.973800 0.071300
vt 0.488800 0.513500
vt 0.287500 0.503600
vt 0.488800 0.503600
vt 0.746400 0.081200
vt 0.756400 0.071300
vt 0.756400 0.081200
vt 0.746400 0.097000
vt 0.503000 0.107400
vt 0.503000 0.097000
vt 0.488800 0.473200
vt 0.287500 0.463300
vt 0.488800 0.463300
vt 0.493100 0.081200
vt 0.493100 0.097000
vt 0.249000 0.107400
vt 0.249000 0.097000
vt 0.488800 0.431900
vt 0.287500 0.423000
vt 0.488800 0.423000
vt 0.240100 0.081200
vt 0.488800 0.496400
vt 0.721000 0.357200
vt 0.514700 0.364300
vt 0.514700 0.357200
vt 0.287500 0.573200
vt 0.488800 0.566000
vt 0.488800 0.573200
vt 0.228900 0.709000
vt 0.020000 0.716100
vt 0.020000 0.709000
vt 0.287500 0.439100
vt 0.287500 0.431900
vt 0.020000 0.826100
vt 0.228900 0.818900
vt 0.228900 0.826100
vt 0.488800 0.415800
vt 0.263400 0.621000
vt 0.020000 0.628200
vt 0.020000 0.621000
vt 0.287500 0.520700
vt 0.287500 0.513500
vt 0.020000 0.694200
vt 0.263400 0.687000
vt 0.263400 0.694200
vt 0.488800 0.456100
vt 0.840100 0.397500
vt 0.698200 0.386300
vt 0.840100 0.386300
vt 0.240100 0.269400
vt 0.031200 0.280400
vt 0.020000 0.269200
vt 0.488800 0.379100
vt 0.287500 0.390400
vt 0.287500 0.379100
vt 0.249000 0.269400
vt 0.240100 0.280600
vt 0.653000 0.627100
vt 0.511100 0.617200
vt 0.653000 0.617200
vt 0.746400 0.107400
vt 0.756400 0.097000
vt 0.756400 0.107400
vt 0.756300 0.269400
vt 0.962600 0.280400
vt 0.756300 0.280600
vt 0.746400 0.269400
vt 0.503000 0.280600
vt 0.503000 0.269400
vt 0.653000 0.667400
vt 0.511100 0.657500
vt 0.653000 0.657500
vt 0.493100 0.107400
vt 0.493100 0.280600
vt 0.493100 0.269400
vt 0.249000 0.280600
vt 0.653000 0.585800
vt 0.511100 0.576900
vt 0.653000 0.576900
vt 0.240100 0.107400
vt 0.746400 0.280600
vt 0.840100 0.379100
vt 0.511100 0.593000
vt 0.511100 0.585800
vt 0.020000 0.848100
vt 0.228900 0.840900
vt 0.228900 0.848100
vt 0.653000 0.650300
vt 0.247200 0.921600
vt 0.962600 0.081200
vt 0.240100 0.071300
vt 0.031200 0.071300
vt 0.962600 0.097000
vt 0.962600 0.107400
vt 0.973800 0.107400
vt 0.522300 0.390400
vt 0.664200 0.379100
vt 0.664200 0.390400
vt 0.287500 0.584400
vt 0.240100 0.097000
vt 0.031200 0.097000
vt 0.511100 0.522800
vt 0.647000 0.511100
vt 0.658300 0.522200
vt 0.031200 0.210800
vt 0.240100 0.221800
vt 0.020000 0.222000
vt 0.647000 0.551600
vt 0.511100 0.540400
vt 0.658200 0.540400
vt 0.962600 0.133800
vt 0.756300 0.122800
vt 0.973800 0.122600
vt 0.240100 0.210600
vt 0.249000 0.221800
vt 0.240100 0.122800
vt 0.031200 0.133800
vt 0.020000 0.122600
vt 0.372000 0.969200
vt 0.247200 0.979100
vt 0.247200 0.969200
vt 0.756300 0.134000
vt 0.746400 0.122800
vt 0.756300 0.221800
vt 0.962600 0.210800
vt 0.973800 0.222000
vt 0.503000 0.210600
vt 0.746400 0.221800
vt 0.503000 0.221800
vt 0.372000 0.939800
vt 0.247200 0.949800
vt 0.247200 0.939800
vt 0.503000 0.134000
vt 0.493100 0.122800
vt 0.503000 0.122800
vt 0.493100 0.210600
vt 0.493100 0.221800
vt 0.493100 0.134000
vt 0.249000 0.122800
vt 0.249000 0.210600
vt 0.800700 0.665000
vt 0.676000 0.673900
vt 0.676000 0.665000
vt 0.249000 0.134000
vt 0.746400 0.134000
vt 0.746400 0.210600
vt 0.815600 0.434200
vt 0.690900 0.434200
vt 0.948200 0.364300
vt 0.741900 0.357200
vt 0.948200 0.357200
vt 0.287500 0.357200
vt 0.493800 0.364300
vt 0.287500 0.364300
vt 0.522300 0.474400
vt 0.647000 0.474400
vt 0.020000 0.796900
vt 0.228900 0.804100
vt 0.020000 0.804100
vt 0.679600 0.549200
vt 0.804400 0.556300
vt 0.679600 0.556300
vt 0.228900 0.738100
vt 0.020000 0.731000
vt 0.228900 0.731000
vt 0.264100 0.452300
vt 0.020000 0.445100
vt 0.264100 0.445100
vt 0.679600 0.533100
vt 0.804400 0.533100
vt 0.020000 0.467100
vt 0.264100 0.474300
vt 0.020000 0.474300
vt 0.679600 0.594100
vt 0.804400 0.601300
vt 0.679600 0.601300
vt 0.020000 0.577000
vt 0.263400 0.584200
vt 0.020000 0.584200
vt 0.679600 0.577000
vt 0.804400 0.577000
vt 0.031200 0.020000
vt 0.020000 0.029900
vt 0.020000 0.020000
vt 0.334900 0.844900
vt 0.262000 0.855800
vt 0.250900 0.844600
vt 0.962600 0.192500
vt 0.756300 0.181500
vt 0.973800 0.181200
vt 0.240100 0.181500
vt 0.031200 0.192500
vt 0.020000 0.181200
vt 0.921000 0.415800
vt 0.848200 0.425700
vt 0.848200 0.415800
vt 0.756300 0.192700
vt 0.746400 0.181500
vt 0.503000 0.020000
vt 0.746400 0.029900
vt 0.503000 0.029900
vt 0.917300 0.445100
vt 0.844600 0.455000
vt 0.844600 0.445100
vt 0.503000 0.192600
vt 0.493100 0.181400
vt 0.503000 0.181400
vt 0.493100 0.192600
vt 0.249000 0.181500
vt 0.249000 0.020000
vt 0.493100 0.029900
vt 0.249000 0.029900
vt 0.411600 0.716300
vt 0.338800 0.725200
vt 0.338800 0.716300
vt 0.249000 0.192700
vt 0.746400 0.192700
vt 0.020000 0.752900
vt 0.228900 0.760100
vt 0.020000 0.760100
vt 0.250900 0.733400
vt 0.323700 0.740600
vt 0.250900 0.740600
vt 0.263400 0.562200
vt 0.020000 0.555000
vt 0.263400 0.555000
vt 0.031200 0.045700
vt 0.020000 0.056100
vt 0.020000 0.045700
vt 0.962600 0.029900
vt 0.973800 0.020000
vt 0.973800 0.029900
vt 0.488800 0.657700
vt 0.287500 0.667600
vt 0.287500 0.657700
vt 0.756400 0.029900
vt 0.746400 0.020000
vt 0.756400 0.020000
vt 0.503000 0.045700
vt 0.746400 0.056100
vt 0.503000 0.056100
vt 0.488800 0.683300
vt 0.287500 0.693200
vt 0.287500 0.683300
vt 0.493100 0.020000
vt 0.249000 0.045700
vt 0.493100 0.056100
vt 0.249000 0.056100
vt 0.488800 0.602700
vt 0.287500 0.611600
vt 0.287500 0.602700
vt 0.240100 0.020000
vt 0.488800 0.397500
vt 0.287500 0.397500
vt 0.226300 0.980000
vt 0.020000 0.972800
vt 0.226300 0.972800
vt 0.264100 0.408300
vt 0.020000 0.401100
vt 0.264100 0.401100
vt 0.020000 0.511100
vt 0.264100 0.518200
vt 0.020000 0.518200
vt 0.287500 0.473200
vt 0.488800 0.480400
vt 0.287500 0.480400
vt 0.511100 0.427000
vt 0.653100 0.416400
vt 0.664200 0.427700
vt 0.031200 0.152100
vt 0.240100 0.163100
vt 0.020000 0.163400
vt 0.488800 0.639600
vt 0.287500 0.628300
vt 0.488800 0.628300
vt 0.240100 0.151900
vt 0.249000 0.163100
vt 0.821600 0.481800
vt 0.679600 0.491700
vt 0.679600 0.481800
vt 0.756400 0.056100
vt 0.746400 0.045700
vt 0.756400 0.045700
vt 0.756300 0.163100
vt 0.962600 0.152100
vt 0.973800 0.163400
vt 0.503000 0.152000
vt 0.746400 0.163100
vt 0.503000 0.163200
vt 0.821600 0.507400
vt 0.679600 0.517300
vt 0.679600 0.507400
vt 0.493100 0.045700
vt 0.493100 0.152000
vt 0.493100 0.163200
vt 0.249000 0.151900
vt 0.821600 0.452400
vt 0.679600 0.461400
vt 0.679600 0.452400
vt 0.240100 0.045700
vt 0.746400 0.151900
vt 0.664200 0.397500
vt 0.522300 0.397500
vt 0.226300 0.914000
vt 0.020000 0.906900
vt 0.226300 0.906900
vt 0.511100 0.610000
vt 0.653000 0.610000
vt 0.020000 0.950800
vt 0.226300 0.958000
vt 0.020000 0.958000
vt 0.020000 0.774900
vt 0.228900 0.782100
vt 0.020000 0.782100
vt 0.264100 0.364300
vt 0.020000 0.357200
vt 0.264100 0.357200
vt 0.511100 0.569700
vt 0.653000 0.569700
vt 0.020000 0.379100
vt 0.264100 0.386300
vt 0.020000 0.386300
vt 0.511100 0.667400
vt 0.653000 0.674600
vt 0.511100 0.674600
vt 0.020000 0.643000
vt 0.263400 0.650200
vt 0.020000 0.650200
vt 0.511100 0.627100
vt 0.653000 0.634300
vt 0.511100 0.634300
vt 0.263400 0.540200
vt 0.020000 0.533100
vt 0.263400 0.533100
vt 0.331200 0.885100
vt 0.258400 0.874200
vt 0.331100 0.873900
vt 0.962600 0.020000
vt 0.240100 0.029900
vt 0.031200 0.029900
vt 0.962600 0.056100
vt 0.962600 0.045700
vt 0.973800 0.045700
vt 0.511100 0.445300
vt 0.653000 0.456300
vt 0.511100 0.456500
vt 0.488800 0.547900
vt 0.287500 0.536700
vt 0.488800 0.536700
vt 0.240100 0.056100
vt 0.031200 0.056100
vt 0.511100 0.492800
vt 0.815600 0.427000
vt 0.020000 0.339300
vt 0.973800 0.239900
vt 0.679600 0.624700
vt 0.804400 0.649000
vt 0.020000 0.599000
vt 0.946900 0.379100
vt 0.020000 0.309900
vt 0.935700 0.397500
vt 0.020000 0.884900
vt 0.250900 0.716300
vt 0.226300 0.936000
vt 0.247200 0.903200
vt 0.323700 0.783600
vt 0.020000 0.862900
vt 0.020000 0.489100
vt 0.250900 0.760300
vt 0.264100 0.430300
vt 0.323700 0.824800
vt 0.263400 0.672200
vt 0.250900 0.800600
vt 0.287500 0.496400
vt 0.721000 0.364300
vt 0.287500 0.566000
vt 0.228900 0.716100
vt 0.488800 0.439100
vt 0.020000 0.818900
vt 0.287500 0.415800
vt 0.263400 0.628200
vt 0.488800 0.520700
vt 0.020000 0.687000
vt 0.287500 0.456100
vt 0.687000 0.397500
vt 0.488800 0.390400
vt 0.973800 0.269200
vt 0.698200 0.379100
vt 0.653000 0.593000
vt 0.020000 0.840900
vt 0.511100 0.650300
vt 0.331200 0.921600
vt 0.973800 0.097000
vt 0.511100 0.379100
vt 0.488800 0.584400
vt 0.522200 0.511600
vt 0.522300 0.551600
vt 0.240100 0.134000
vt 0.372000 0.979100
vt 0.756300 0.210600
vt 0.372000 0.949800
vt 0.800700 0.673900
vt 0.741900 0.364300
vt 0.493800 0.357200
vt 0.228900 0.796900
vt 0.020000 0.738100
vt 0.020000 0.452300
vt 0.264100 0.467100
vt 0.263400 0.577000
vt 0.334800 0.856100
vt 0.240100 0.192700
vt 0.921000 0.425700
vt 0.917300 0.455000
vt 0.411600 0.725200
vt 0.228900 0.752900
vt 0.020000 0.562200
vt 0.488800 0.667600
vt 0.488800 0.693200
vt 0.488800 0.611600
vt 0.020000 0.980000
vt 0.020000 0.408300
vt 0.264100 0.511100
vt 0.511100 0.415800
vt 0.287500 0.639600
vt 0.821600 0.491700
vt 0.756300 0.151900
vt 0.821600 0.517300
vt 0.821600 0.461400
vt 0.020000 0.914000
vt 0.226300 0.950800
vt 0.228900 0.774900
vt 0.020000 0.364300
vt 0.264100 0.379100
vt 0.263400 0.643000
vt 0.020000 0.540200
vt 0.247200 0.885500
vt 0.973800 0.056100
vt 0.664200 0.445100
vt 0.287500 0.547900
s 0
f 2497/6721/3943 2499/6722/3944 2500/6723/3945
f 2501/6724/3943 2499/6725/3946 2498/6726/3943
f 2504/6727/3943 2506/6728/3947 2503/6729/3943
f 2507/6730/3943 2505/6731/3948 2504/6732/3943
f 2509/6733/3943 2502/6734/3949 2501/6724/3943
f 2511/6735/3943 2500/6736/3950 2512/6737/3951
s 1
f 2513/6738/3951 2515/6739/3952 2508/6740/3953
s 0
f 2516/6741/3943 2508/6742/3954 2507/6730/3943
f 2517/6743/3943 2506/6744/3955 2515/6745/3952
f 2519/6746/3943 2520/6747/3956 2518/6748/3943
s 1
f 2522/6749/3951 2520/6750/3952 2521/6751/3953
s 0
f 2525/6752/3943 2521/6753/3957 2524/6754/3943
f 2518/6748/3943 2523/6755/3958 2526/6756/3943
f 2527/6757/3943 2522/6758/3959 2525/6752/3943
f 2526/6756/3943 2510/6759/3960 2509/6733/3943
s 1
f 2512/6760/3951 2510/6761/3952 2528/6762/3953
s 0
f 2511/6735/3943 2528/6763/3961 2527/6757/3943
f 2524/6754/3943 2513/6764/3962 2516/6741/3943
f 2517/6743/3943 2514/6765/3963 2519/6746/3943
f 2515/6739/3964 2530/6766/3965 2508/6740/3953
f 2513/6738/3966 2532/6767/3967 2514/6768/3968
f 2521/6769/3969 2531/6770/3970 2513/6771/3951
f 2535/6772/3943 2537/6773/3971 2534/6774/3943
f 2538/6775/3943 2540/6776/3972 2541/6777/3973
f 2542/6778/3943 2540/6779/3948 2539/6780/3943
f 2544/6781/3943 2546/6782/3950 2547/6783/3951
s 1
f 2548/6784/3951 2550/6785/3952 2543/6786/3953
s 0
f 2551/6787/3943 2543/6788/3954 2542/6778/3943
f 2553/6789/3974 2554/6790/3975 2552/6791/3953
s 1
f 2556/6792/3951 2554/6793/3952 2555/6794/3953
s 0
f 2559/6795/3943 2555/6796/3957 2558/6797/3943
f 2560/6798/3943 2556/6799/3959 2559/6795/3943
f 2563/6800/3974 2564/6801/3976 2562/6802/3953
s 1
f 2547/6803/3951 2564/6804/3952 2561/6805/3953
s 0
f 2544/6781/3943 2561/6806/3961 2560/6798/3943
f 2558/6797/3943 2548/6807/3962 2551/6787/3943
f 2540/6776/3977 2567/6808/3978 2541/6777/3968
f 2543/6809/3979 2566/6810/3980 2540/6811/3951
f 2550/6785/3981 2568/6812/3982 2543/6786/3953
f 2541/6813/3983 2569/6814/3984 2550/6815/3952
f 2537/6816/3981 2571/6817/3982 2546/6818/3953
f 2547/6803/3977 2573/6819/3978 2565/6820/3968
f 2546/6821/3985 2572/6822/3986 2547/6823/3951
f 2561/6824/3969 2575/6825/3987 2556/6826/3951
f 2564/6804/3981 2574/6827/3982 2561/6805/3953
f 2557/6828/3988 2576/6829/3989 2564/6830/3952
f 2556/6792/3977 2577/6831/3978 2557/6832/3968
f 2549/6833/3988 2579/6834/3990 2554/6835/3952
f 2554/6793/3981 2580/6836/3982 2555/6794/3953
f 2582/6837/3943 2584/6838/3991 2581/6839/3943
f 2538/6840/3943 2586/6841/3992 2585/6842/3943
s 1
f 2553/6843/3951 2589/6844/3952 2587/6845/3953
s 0
f 2549/6846/3993 2587/6847/3994 2550/6848/3952
f 2591/6849/3995 2592/6850/3996 2590/6851/3953
s 1
f 2563/6852/3951 2592/6853/3952 2552/6854/3953
s 0
f 2557/6855/3997 2552/6791/3998 2554/6790/3952
f 2595/6856/3995 2596/6857/3999 2594/6858/3953
s 1
f 2597/6859/3951 2596/6860/3952 2562/6861/3953
s 0
f 2565/6862/4000 2562/6802/4001 2564/6801/3952
f 2589/6844/4002 2600/6863/4003 2587/6845/3953
f 2601/6864/3983 2599/6865/3984 2589/6866/3952
f 2584/6867/4002 2604/6868/4003 2536/6869/3953
f 2598/6870/4004 2603/6871/4005 2584/6872/3952
f 2597/6859/4006 2605/6873/4007 2598/6874/3968
f 2536/6875/3985 2606/6876/3986 2597/6877/3951
f 2596/6860/4002 2608/6878/4003 2562/6861/3953
f 2588/6879/3988 2610/6880/3990 2592/6881/3952
f 2553/6843/4006 2609/6882/4007 2588/6883/3968
f 2552/6884/3969 2611/6885/3970 2553/6886/3951
f 2592/6853/4002 2612/6887/4003 2552/6854/3953
f 2582/6888/3943 2614/6889/4008 2583/6890/4009
f 2615/6891/3943 2614/6892/3946 2613/6893/3943
f 2585/6894/3943 2601/6895/4010 2617/6896/3943
f 2618/6897/3943 2616/6898/3949 2615/6891/3943
s 1
f 2591/6899/3951 2622/6900/3952 2620/6901/3953
s 0
f 2588/6902/4011 2620/6903/4012 2589/6904/3952
f 2623/6905/3943 2625/6906/3955 2622/6907/3952
f 2627/6908/3943 2628/6909/3956 2626/6910/3943
s 1
f 2595/6911/3951 2628/6912/3952 2590/6913/3953
s 0
f 2593/6914/4013 2590/6851/4014 2592/6850/3952
f 2626/6910/3943 2629/6915/3958 2630/6916/3943
f 2630/6916/3943 2619/6917/3960 2618/6897/3943
s 1
f 2631/6918/3951 2619/6919/3952 2594/6920/3953
s 0
f 2598/6921/4015 2594/6858/4016 2596/6857/3952
f 2623/6905/3943 2621/6922/3963 2627/6908/3943
f 2614/6889/4017 2633/6923/4018 2583/6890/3953
f 2631/6918/4019 2635/6924/4020 2616/6925/3968
f 2583/6926/3985 2634/6927/3986 2631/6928/3951
f 2628/6912/4017 2637/6929/4018 2590/6913/3953
f 2546/6818/4021 2534/6930/3943 2537/6816/4022
f 2550/6848/4023 2586/6841/4024 2541/6931/3968
f 2597/6932/4025 2537/6773/4026 2536/6933/3953
f 2589/6904/4027 2638/6934/4028 2601/6935/3968
f 2638/6934/4029 2617/6936/3943 2601/6935/3968
f 2625/6937/4030 2639/6938/3943 2638/6939/4031
f 2536/6869/4032 2581/6940/3943 2584/6867/3952
f 2631/6941/4033 2584/6838/4034 2583/6942/3953
f 2640/6943/4035 2642/6944/4036 2643/6945/4035
f 2642/6946/4037 2645/6947/4035 2643/6948/4035
f 2647/6949/4038 2649/6950/4035 2646/6951/4035
f 2648/6952/4039 2650/6953/4035 2649/6954/4035
f 2644/6955/4040 2652/6956/4035 2645/6947/4035
f 2653/6957/4035 2641/6958/4041 2640/6959/4035
s 1
f 2529/6960/4042 2531/6961/4043 2530/6962/4044
s 0
f 2530/6963/4045 2655/6964/4035 2650/6953/4035
f 2656/6965/4035 2647/6966/4046 2646/6967/4035
f 2658/6968/4047 2659/6969/4035 2657/6970/4035
s 1
f 2658/6971/4042 2661/6972/4043 2533/6973/4044
s 0
f 2533/6974/4048 2663/6975/4035 2662/6976/4035
f 2660/6977/4049 2657/6970/4035 2664/6978/4035
f 2661/6979/4050 2666/6980/4035 2663/6975/4035
f 2651/6981/4051 2664/6978/4035 2652/6956/4035
s 1
f 2651/6982/4042 2654/6983/4043 2665/6984/4044
s 0
f 2665/6985/4052 2653/6957/4035 2666/6980/4035
f 2531/6986/4053 2662/6976/4035 2655/6964/4035
f 2532/6987/4054 2656/6965/4035 2659/6969/4035
f 2506/6728/4055 2648/6988/4056 2647/6989/4057
f 2505/6990/4058 2530/6991/4059 2648/6992/4043
f 2515/6993/4060 2647/6994/4061 2529/6995/4042
f 2500/6723/4062 2642/6996/4063 2641/6997/4044
f 2499/6998/4064 2644/6999/4065 2642/7000/4042
f 2502/7001/4055 2654/7002/4056 2644/7003/4057
f 2512/7004/4066 2641/7005/4067 2654/7006/4043
f 2522/7007/4068 2665/7008/4069 2661/7009/4043
f 2528/6762/4062 2651/7010/4063 2665/7011/4044
f 2510/7012/4070 2660/7013/4071 2651/7014/4042
f 2523/7015/4055 2661/7016/4056 2660/7017/4057
f 2520/7018/4072 2532/7019/4071 2658/7020/4042
f 2521/6751/4062 2658/7021/4063 2533/7022/4044
f 2570/7023/4073 2668/7024/4035 2667/7025/4035
f 2669/7026/4035 2566/7027/4074 2670/7028/4035
f 2566/7029/4039 2671/7030/4035 2670/7031/4035
f 2672/7032/4035 2571/7033/4041 2673/7034/4035
s 1
f 2569/7035/4042 2674/7036/4043 2568/7037/4044
s 0
f 2568/7038/4045 2675/7039/4035 2671/7030/4035
f 2579/7040/4075 2611/7041/4076 2612/7042/4044
s 1
f 2579/7043/4042 2575/7044/4043 2580/7045/4044
s 0
f 2580/7046/4048 2677/7047/4035 2676/7048/4035
f 2575/7049/4050 2678/7050/4035 2677/7047/4035
f 2576/7051/4077 2679/7052/4076 2608/7053/4044
s 1
f 2576/7054/4042 2572/7055/4043 2574/7056/4044
s 0
f 2574/7057/4052 2672/7032/4035 2678/7050/4035
f 2674/7058/4053 2676/7048/4035 2675/7039/4035
f 2537/7059/4064 2573/7060/4065 2570/7061/4042
f 2549/7062/4078 2674/7063/4079 2578/7064/4057
f 2548/7065/4080 2580/7066/4069 2674/7067/4043
f 2603/7068/4081 2681/7069/4035 2680/7070/4035
f 2683/7071/4082 2669/7072/4035 2682/7073/4035
s 1
f 2599/7074/4042 2611/7075/4043 2600/7076/4044
s 0
f 2600/7077/4083 2578/7078/4084 2569/7079/4042
f 2610/7080/4085 2684/7081/4086 2637/7082/4044
s 1
f 2610/7083/4042 2679/7084/4043 2612/7085/4044
s 0
f 2612/7042/4087 2577/7086/4088 2579/7040/4042
f 2607/7087/4089 2687/7088/4086 2686/7089/4044
s 1
f 2607/7090/4042 2606/7091/4043 2608/7092/4044
s 0
f 2608/7053/4090 2573/7093/4091 2576/7051/4042
f 2601/6895/4092 2683/7094/4093 2602/7095/4057
f 2586/7096/4058 2600/7097/4059 2683/7098/4043
f 2563/7099/4068 2608/7100/4069 2679/7101/4043
f 2596/7102/4070 2685/7103/4071 2607/7104/4042
f 2593/7105/4092 2679/7106/4093 2685/7107/4057
f 2681/7108/4035 2632/7109/4094 2688/7110/4035
f 2632/7111/4037 2689/7112/4035 2688/7113/4035
f 2602/7114/4095 2682/7115/4035 2690/7116/4035
f 2635/7117/4040 2692/7118/4035 2689/7112/4035
s 1
f 2694/7119/4042 2684/7120/4043 2693/7121/4044
s 0
f 2693/7122/4096 2609/7123/4097 2599/7124/4042
f 2696/7125/4035 2697/7126/4046 2698/7127/4035
f 2636/7128/4047 2700/7129/4035 2699/7130/4035
s 1
f 2636/7131/4042 2687/7132/4043 2637/7133/4044
s 0
f 2637/7082/4098 2685/7134/4099 2610/7080/4042
f 2701/7135/4049 2699/7130/4035 2702/7136/4035
f 2691/7137/4051 2702/7136/4035 2692/7118/4035
s 1
f 2691/7138/4042 2634/7139/4043 2686/7140/4044
s 0
f 2686/7089/4100 2605/7141/4101 2607/7087/4042
f 2695/7142/4054 2696/7125/4035 2700/7129/4035
f 2625/6937/4102 2703/7143/4103 2697/7144/4057
f 2638/7145/4058 2693/7146/4059 2703/7147/4043
f 2620/6901/4104 2694/7148/4105 2693/7149/4044
f 2622/7150/4060 2697/7151/4061 2694/7152/4042
f 2614/7153/4064 2635/7154/4065 2632/7155/4042
f 2595/7156/4068 2686/7157/4069 2687/7158/4043
f 2594/6920/4104 2691/7159/4105 2686/7160/4044
f 2619/7161/4070 2701/7162/4071 2691/7163/4042
f 2629/7164/4102 2687/7165/4103 2701/7166/4057
f 2628/7167/4072 2695/7168/4071 2636/7169/4042
f 2621/7170/4102 2684/7171/4103 2695/7172/4057
f 2591/7173/4080 2637/7174/4069 2684/7175/4043
f 2667/7176/4035 2571/7177/4106 2570/7178/4107
f 2683/7071/4108 2569/7079/4109 2567/7179/4057
f 2570/7023/4110 2606/7180/4111 2604/7181/4044
f 2703/7182/4112 2599/7124/4113 2602/7183/4057
f 2690/7184/4035 2703/7182/4114 2602/7183/4057
f 2704/7185/4035 2697/7186/4115 2703/7187/4043
f 2680/7188/4035 2604/7189/4116 2603/7190/4042
f 2603/7068/4117 2634/7191/4118 2633/7192/4044
f 2497/6721/3943 2498/7193/3943 2499/6722/4119
f 2501/6724/3943 2502/6734/3968 2499/6725/4120
f 2504/6727/3943 2505/7194/4121 2506/6728/4122
f 2507/6730/3943 2508/6742/3953 2505/6731/4123
f 2509/6733/3943 2510/6759/3952 2502/6734/4124
f 2511/6735/3943 2497/7195/3943 2500/6736/4125
s 1
f 2513/6738/3951 2514/6768/3968 2515/6739/3952
s 0
f 2516/6741/3943 2513/6764/3951 2508/6742/4126
f 2517/6743/3943 2503/7196/3943 2506/6744/4127
f 2519/6746/3943 2514/6765/3968 2520/6747/4128
s 1
f 2522/6749/3951 2523/7015/3968 2520/6750/3952
s 0
f 2525/6752/3943 2522/6758/3951 2521/6753/4129
f 2518/6748/3943 2520/6747/3952 2523/6755/4130
f 2527/6757/3943 2528/6763/3953 2522/6758/4131
f 2526/6756/3943 2523/6755/3968 2510/6759/4128
s 1
f 2512/6760/3951 2502/7001/3968 2510/6761/3952
s 0
f 2511/6735/3943 2512/6737/3951 2528/6763/4132
f 2524/6754/3943 2521/6753/3953 2513/6764/4131
f 2517/6743/3943 2515/6745/3952 2514/6765/4133
f 2515/6739/4134 2529/7197/4042 2530/6766/4135
f 2513/6738/4136 2531/7198/4043 2532/6767/4137
f 2521/6769/4138 2533/7199/4044 2531/6770/4139
f 2535/6772/3943 2536/6933/3953 2537/6773/4140
f 2538/6775/3943 2539/7200/3943 2540/6776/4141
f 2542/6778/3943 2543/6788/3953 2540/6779/4123
f 2544/6781/3943 2545/7201/3943 2546/6782/4125
s 1
f 2548/6784/3951 2549/7062/3968 2550/6785/3952
s 0
f 2551/6787/3943 2548/6807/3951 2543/6788/4126
f 2553/6789/4142 2549/6846/3968 2554/6790/4143
s 1
f 2556/6792/3951 2557/6832/3968 2554/6793/3952
s 0
f 2559/6795/3943 2556/6799/3951 2555/6796/4129
f 2560/6798/3943 2561/6806/3953 2556/6799/4131
f 2563/6800/4144 2557/6855/3968 2564/6801/4143
s 1
f 2547/6803/3951 2565/6820/3968 2564/6804/3952
s 0
f 2544/6781/3943 2547/6783/3951 2561/6806/4132
f 2558/6797/3943 2555/6796/3953 2548/6807/4131
f 2540/6776/4145 2566/7202/4043 2567/6808/4146
f 2543/6809/4147 2568/7203/4044 2566/6810/4148
f 2550/6785/4149 2569/7204/4042 2568/6812/4150
f 2541/6813/4151 2567/7205/4057 2569/6814/4152
f 2537/6816/4149 2570/7206/4042 2571/6817/4150
f 2547/6803/4145 2572/7207/4043 2573/6819/4146
f 2546/6821/4153 2571/7208/4044 2572/6822/4154
f 2561/6824/4155 2574/7209/4044 2575/6825/4139
f 2564/6804/4149 2576/7210/4042 2574/6827/4150
f 2557/6828/4156 2577/7211/4057 2576/6829/4157
f 2556/6792/4145 2575/7212/4043 2577/6831/4146
f 2549/6833/4158 2578/7213/4057 2579/6834/4157
f 2554/6793/4149 2579/7214/4042 2580/6836/4150
f 2582/6837/3943 2583/6942/3953 2584/6838/4159
f 2538/6840/3943 2541/6931/3968 2586/6841/4160
s 1
f 2553/6843/3951 2588/6883/3968 2589/6844/3952
s 0
f 2549/6846/4161 2553/6789/3951 2587/6847/4162
f 2591/6849/4163 2588/6902/3968 2592/6850/4164
s 1
f 2563/6852/3951 2593/7105/3968 2592/6853/3952
s 0
f 2557/6855/4165 2563/6800/3951 2552/6791/4166
f 2595/6856/4167 2593/6914/3968 2596/6857/4164
s 1
f 2597/6859/3951 2598/6874/3968 2596/6860/3952
s 0
f 2565/6862/4168 2597/6932/3951 2562/6802/4169
f 2589/6844/4170 2599/7215/4042 2600/6863/4171
f 2601/6864/4151 2602/7216/4057 2599/6865/4152
f 2584/6867/4170 2603/7217/4042 2604/6868/4171
f 2598/6870/4172 2605/7218/4057 2603/6871/4173
f 2597/6859/4174 2606/7219/4043 2605/6873/4175
f 2536/6875/4153 2604/7220/4044 2606/6876/4154
f 2596/6860/4170 2607/7221/4042 2608/6878/4171
f 2588/6879/4158 2609/7222/4057 2610/6880/4157
f 2553/6843/4174 2611/7223/4043 2609/6882/4175
f 2552/6884/4138 2612/7224/4044 2611/6885/4139
f 2592/6853/4170 2610/7225/4042 2612/6887/4171
f 2582/6888/3943 2613/7226/3943 2614/6889/4176
f 2615/6891/3943 2616/6898/3968 2614/6892/4120
f 2585/6894/3943 2586/7227/3951 2601/6895/4177
f 2618/6897/3943 2619/6917/3952 2616/6898/4124
s 1
f 2591/6899/3951 2621/7170/3968 2622/6900/3952
s 0
f 2588/6902/4178 2591/6849/3951 2620/6903/4179
f 2623/6905/3943 2624/7228/3943 2625/6906/4127
f 2627/6908/3943 2621/6922/3968 2628/6909/4128
s 1
f 2595/6911/3951 2629/7164/3968 2628/6912/3952
s 0
f 2593/6914/4180 2595/6856/3951 2590/6851/4181
f 2626/6910/3943 2628/6909/3952 2629/6915/4130
f 2630/6916/3943 2629/6915/3968 2619/6917/4128
s 1
f 2631/6918/3951 2616/6925/3968 2619/6919/3952
s 0
f 2598/6921/4182 2631/6941/3951 2594/6858/4183
f 2623/6905/3943 2622/6907/3952 2621/6922/4133
f 2614/6889/4184 2632/7229/4042 2633/6923/4185
f 2631/6918/4186 2634/7230/4043 2635/6924/4187
f 2583/6926/4153 2633/7231/4044 2634/6927/4154
f 2628/6912/4184 2636/7232/4042 2637/6929/4185
f 2546/6818/4188 2545/7233/3943 2534/6930/3943
f 2550/6848/4189 2587/6847/3953 2586/6841/4190
f 2597/6932/4191 2565/6862/3968 2537/6773/4192
f 2589/6904/4193 2620/6903/3953 2638/6934/4033
f 2638/6934/4194 2639/7234/3943 2617/6936/3943
f 2625/6937/4195 2624/7235/3943 2639/6938/3943
f 2536/6869/4196 2535/7236/3943 2581/6940/3943
f 2631/6941/4197 2598/6921/3968 2584/6838/4027
f 2640/6943/4035 2641/7237/4044 2642/6944/4198
f 2642/6946/4199 2644/6955/4057 2645/6947/4035
f 2647/6949/4200 2648/7238/4043 2649/6950/4035
f 2648/6952/4201 2530/6963/4044 2650/6953/4035
f 2644/6955/4202 2651/6981/4042 2652/6956/4035
f 2653/6957/4035 2654/7239/4043 2641/6958/4203
s 1
f 2529/6960/4042 2532/7240/4057 2531/6961/4043
s 0
f 2530/6963/4204 2531/6986/4043 2655/6964/4035
f 2656/6965/4035 2529/7241/4042 2647/6966/4205
f 2658/6968/4206 2532/6987/4057 2659/6969/4035
s 1
f 2658/6971/4042 2660/7242/4057 2661/6972/4043
s 0
f 2533/6974/4207 2661/6979/4043 2663/6975/4035
f 2660/6977/4208 2658/6968/4042 2657/6970/4035
f 2661/6979/4209 2665/6985/4044 2666/6980/4035
f 2651/6981/4206 2660/6977/4057 2664/6978/4035
s 1
f 2651/6982/4042 2644/7243/4057 2654/6983/4043
s 0
f 2665/6985/4210 2654/7239/4043 2653/6957/4035
f 2531/6986/4209 2533/6974/4044 2662/6976/4035
f 2532/6987/4211 2529/7241/4042 2656/6965/4035
f 2506/6728/4212 2505/7194/3951 2648/6988/4213
f 2505/6990/4214 2508/7244/3953 2530/6991/4215
f 2515/6993/4216 2506/7245/3968 2647/6994/4217
f 2500/6723/4218 2499/6722/3952 2642/6996/4219
f 2499/6998/4220 2502/7246/3968 2644/6999/4221
f 2502/7001/4212 2512/6760/3951 2654/7002/4213
f 2512/7004/4222 2500/7247/3953 2641/7005/4223
f 2522/7007/4224 2528/7248/3953 2665/7008/4225
f 2528/6762/4218 2510/6761/3952 2651/7010/4219
f 2510/7012/4226 2523/7249/3968 2660/7013/4227
f 2523/7015/4212 2522/6749/3951 2661/7016/4213
f 2520/7018/4226 2514/7250/3968 2532/7019/4228
f 2521/6751/4218 2520/6750/3952 2658/7021/4219
f 2570/7023/4229 2604/7181/4044 2668/7024/4035
f 2669/7026/4035 2567/7251/4230 2566/7027/4231
f 2566/7029/4201 2568/7038/4044 2671/7030/4035
f 2672/7032/4035 2572/7252/4043 2571/7033/4203
s 1
f 2569/7035/4042 2578/7253/4057 2674/7036/4043
s 0
f 2568/7038/4204 2674/7058/4043 2675/7039/4035
f 2579/7040/4232 2578/7078/4057 2611/7041/4233
s 1
f 2579/7043/4042 2577/7254/4057 2575/7044/4043
s 0
f 2580/7046/4207 2575/7049/4043 2677/7047/4035
f 2575/7049/4209 2574/7057/4044 2678/7050/4035
f 2576/7051/4232 2577/7086/4057 2679/7052/4234
s 1
f 2576/7054/4042 2573/7255/4057 2572/7055/4043
s 0
f 2574/7057/4210 2572/7252/4043 2672/7032/4035
f 2674/7058/4209 2580/7046/4044 2676/7048/4035
f 2537/7059/4220 2565/7256/3968 2573/7060/4221
f 2549/7062/4235 2548/6784/3951 2674/7063/4236
f 2548/7065/4224 2555/7257/3953 2580/7066/4237
f 2603/7068/4238 2633/7192/4044 2681/7069/4035
f 2683/7071/4239 2567/7179/4057 2669/7072/4035
s 1
f 2599/7074/4042 2609/7258/4057 2611/7075/4043
s 0
f 2600/7077/4240 2611/7041/4043 2578/7078/4241
f 2610/7080/4242 2609/7123/4057 2684/7081/4243
s 1
f 2610/7083/4042 2685/7259/4057 2679/7084/4043
s 0
f 2612/7042/4244 2679/7052/4043 2577/7086/4245
f 2607/7087/4242 2685/7134/4057 2687/7088/4246
s 1
f 2607/7090/4042 2605/7260/4057 2606/7091/4043
s 0
f 2608/7053/4247 2606/7180/4043 2573/7093/4248
f 2601/6895/4249 2586/7227/3951 2683/7094/4250
f 2586/7096/4214 2587/7261/3953 2600/7097/4215
f 2563/7099/4224 2562/7262/3953 2608/7100/4225
f 2596/7102/4226 2593/7263/3968 2685/7103/4227
f 2593/7105/4249 2563/6852/3951 2679/7106/4250
f 2681/7108/4035 2633/7264/4044 2632/7109/4251
f 2632/7111/4199 2635/7117/4057 2689/7112/4035
f 2602/7114/4252 2683/7265/4043 2682/7115/4035
f 2635/7117/4202 2691/7137/4042 2692/7118/4035
s 1
f 2694/7119/4042 2695/7266/4057 2684/7120/4043
s 0
f 2693/7122/4253 2684/7081/4043 2609/7123/4254
f 2696/7125/4035 2694/7267/4042 2697/7126/4205
f 2636/7128/4206 2695/7142/4057 2700/7129/4035
s 1
f 2636/7131/4042 2701/7268/4057 2687/7132/4043
s 0
f 2637/7082/4255 2687/7088/4043 2685/7134/4256
f 2701/7135/4208 2636/7128/4042 2699/7130/4035
f 2691/7137/4206 2701/7135/4057 2702/7136/4035
s 1
f 2691/7138/4042 2635/7269/4057 2634/7139/4043
s 0
f 2686/7089/4257 2634/7191/4043 2605/7141/4258
f 2695/7142/4211 2694/7267/4042 2696/7125/4035
f 2625/6937/4259 2638/6939/3951 2703/7143/4260
f 2638/7145/4214 2620/7270/3953 2693/7146/4215
f 2620/6901/4261 2622/6900/3952 2694/7148/4262
f 2622/7150/4216 2625/7271/3968 2697/7151/4217
f 2614/7153/4220 2616/7272/3968 2635/7154/4221
f 2595/7156/4224 2594/7273/3953 2686/7157/4225
f 2594/6920/4261 2619/6919/3952 2691/7159/4262
f 2619/7161/4226 2629/7274/3968 2701/7162/4227
f 2629/7164/4259 2595/6911/3951 2687/7165/4260
f 2628/7167/4226 2621/7275/3968 2695/7168/4228
f 2621/7170/4259 2591/6899/3951 2684/7171/4260
f 2591/7173/4224 2590/7276/3953 2637/7174/4237
f 2667/7176/4035 2673/7277/4035 2571/7177/4263
f 2683/7071/4264 2600/7077/4044 2569/7079/4265
f 2570/7023/4266 2573/7093/4057 2606/7180/4267
f 2703/7182/4118 2693/7122/4044 2599/7124/4268
f 2690/7184/4035 2704/7278/4035 2703/7182/4269
f 2704/7185/4035 2698/7279/4035 2697/7186/4270
f 2680/7188/4035 2668/7280/4035 2604/7189/4271
f 2603/7068/4113 2605/7141/4057 2634/7191/4272
o window_big013
v -7.546432 5.803942 -15.808113
v -7.546432 4.693041 -15.808113
v -7.631042 4.777742 -15.808113
v -7.631042 5.719339 -15.808113
v -9.207442 4.693041 -15.808113
v -9.207442 4.777742 -15.808113
v -14.745742 4.693041 -15.808113
v -14.745742 5.803942 -15.808113
v -14.661132 5.719339 -15.808113
v -14.661132 4.777742 -15.808113
v -13.104232 5.803942 -15.808113
v -13.104232 5.719339 -15.808113
v -9.274840 4.693041 -15.808113
v -9.274840 4.777742 -15.808113
v -9.207442 5.803942 -15.808113
v -9.207442 5.719339 -15.808113
v -13.029235 5.719339 -15.808113
v -13.029235 4.777742 -15.808113
v -13.104232 4.777742 -15.808113
v -13.029235 5.803942 -15.808113
v -13.104232 4.693041 -15.808113
v -11.192138 4.693041 -15.808113
v -13.029235 4.693041 -15.808113
v -11.192138 4.777742 -15.808113
v -11.192138 5.719339 -15.808113
v -11.117339 5.719339 -15.808113
v -11.117339 4.777742 -15.808113
v -11.192138 5.803942 -15.808113
v -11.117339 5.803942 -15.808113
v -11.117339 4.693041 -15.808113
v -9.274840 5.803942 -15.808113
v -9.274840 5.719339 -15.808113
v -13.104232 4.777742 -15.753914
v -13.104232 5.719339 -15.753914
v -13.029235 5.719339 -15.753914
v -13.029235 4.777742 -15.753914
v -11.192138 5.719339 -15.753914
v -7.546432 3.577738 -15.808113
v -7.546432 3.502939 -15.808113
v -7.631042 3.502939 -15.808113
v -7.631042 3.577738 -15.808113
v -14.745742 3.577738 -15.808113
v -14.745742 4.211641 -15.808113
v -14.661132 4.127039 -15.808113
v -14.661132 3.577738 -15.808113
v -13.104232 4.211641 -15.808113
v -13.104232 4.127039 -15.808113
v -9.207442 4.211641 -15.808113
v -7.546432 4.211641 -15.808113
v -7.631042 4.127039 -15.808113
v -9.207442 4.127039 -15.808113
v -13.029235 4.127039 -15.808113
v -13.029235 3.577738 -15.808113
v -13.104232 3.577738 -15.808113
v -13.029235 4.211641 -15.808113
v -11.192138 3.502939 -15.808113
v -13.029235 3.502939 -15.808113
v -11.192138 3.577738 -15.808113
v -11.192138 4.127039 -15.808113
v -11.117339 4.127039 -15.808113
v -11.117339 3.577738 -15.808113
v -11.192138 4.211641 -15.808113
v -11.117339 4.211641 -15.808113
v -9.274840 4.211641 -15.808113
v -9.274840 4.127039 -15.808113
v -9.274840 3.502939 -15.808113
v -11.117339 3.502939 -15.808113
v -9.274840 3.577738 -15.808113
v -9.207442 3.577738 -15.808113
v -14.661132 4.127039 -15.753914
v -14.661132 3.577738 -15.753914
v -13.104232 4.127039 -15.753914
v -13.104232 3.577738 -15.753914
v -7.631042 3.577738 -15.753914
v -7.631042 4.127039 -15.753914
v -9.207442 4.127039 -15.753914
v -9.207442 3.577738 -15.753914
v -9.274840 4.127039 -15.753914
v -11.117339 4.127039 -15.753914
v -9.274840 3.577738 -15.753914
v -11.117339 3.577738 -15.753914
v -13.029235 3.577738 -15.753914
v -11.192138 3.577738 -15.753914
v -11.192138 4.127039 -15.753914
v -7.546432 1.983740 -15.808113
v -7.546432 1.905241 -15.808113
v -7.631042 1.905241 -15.808113
v -7.631042 1.983740 -15.808113
v -14.745742 3.502939 -15.808113
v -14.661132 3.502939 -15.808113
v -13.104232 3.502939 -15.808113
v -13.029235 1.983740 -15.808113
v -13.104232 1.983740 -15.808113
v -11.192138 1.905241 -15.808113
v -13.029235 1.905241 -15.808113
v -11.192138 1.983740 -15.808113
v -11.117339 1.983740 -15.808113
v -9.274840 1.905241 -15.808113
v -11.117339 1.905241 -15.808113
v -9.274840 1.983740 -15.808113
v -9.207442 3.502939 -15.808113
v -9.207442 1.983740 -15.808113
v -13.104232 1.983740 -15.753914
v -13.104232 3.502939 -15.753914
v -14.661132 1.983740 -15.808113
v -14.661132 1.983740 -15.753914
v -7.631042 1.983740 -15.753914
v -7.631042 3.502939 -15.753914
v -9.207442 1.983740 -15.753914
v -9.207442 3.502939 -15.753914
v -9.274840 1.983740 -15.753914
v -9.274840 3.502939 -15.753914
v -13.029235 1.983740 -15.753914
v -11.192138 1.983740 -15.753914
v -13.029235 3.502939 -15.753914
v -11.192138 3.502939 -15.753914
v -7.546432 0.749140 -15.808113
v -7.631042 0.833841 -15.808113
v -9.207442 0.749140 -15.808113
v -9.207442 0.833841 -15.808113
v -14.745742 1.983740 -15.808113
v -9.274840 0.749140 -15.808113
v -9.274840 0.833841 -15.808113
v -13.104232 1.905241 -15.808113
v -13.029235 0.833841 -15.808113
v -13.104232 0.833841 -15.808113
v -13.104232 0.749140 -15.808113
v -14.745742 0.749140 -15.808113
v -14.661132 0.833841 -15.808113
v -11.192138 0.749140 -15.808113
v -13.029235 0.749140 -15.808113
v -11.192138 0.833841 -15.808113
v -11.117339 0.833841 -15.808113
v -11.117339 0.749140 -15.808113
v -9.207442 1.905241 -15.808113
v -7.631042 0.833841 -15.753914
v -7.631042 1.905241 -15.753914
v -9.207442 1.905241 -15.753914
v -9.207442 0.833841 -15.753914
v -11.192138 0.833841 -15.753914
v -11.192138 1.905241 -15.753914
v -14.661132 1.905241 -15.808113
v -14.745742 1.905241 -15.808113
v -7.546432 5.803942 -15.753914
v -7.631042 5.719339 -15.753914
v -7.631042 4.777742 -15.753914
v -7.546432 4.693041 -15.753914
v -9.207442 4.777742 -15.753914
v -9.207442 4.693041 -15.753914
v -14.745742 4.693041 -15.753914
v -14.661132 4.777742 -15.753914
v -14.661132 5.719339 -15.753914
v -14.745742 5.803942 -15.753914
v -13.104232 5.803942 -15.753914
v -9.274840 4.777742 -15.753914
v -9.274840 4.693041 -15.753914
v -9.207442 5.803942 -15.753914
v -9.207442 5.719339 -15.753914
v -13.029235 5.803942 -15.753914
v -13.104232 4.693041 -15.753914
v -11.192138 4.693041 -15.753914
v -11.192138 4.777742 -15.753914
v -13.029235 4.693041 -15.753914
v -11.117339 4.777742 -15.753914
v -11.117339 5.719339 -15.753914
v -11.192138 5.803942 -15.753914
v -11.117339 5.803942 -15.753914
v -11.117339 4.693041 -15.753914
v -9.274840 5.719339 -15.753914
v -9.274840 5.803942 -15.753914
v -7.546432 3.577738 -15.753914
v -7.546432 3.502939 -15.753914
v -14.745742 3.577738 -15.753914
v -14.745742 4.211641 -15.753914
v -13.104232 4.211641 -15.753914
v -9.207442 4.211641 -15.753914
v -7.546432 4.211641 -15.753914
v -13.029235 4.127039 -15.753914
v -13.029235 4.211641 -15.753914
v -11.192138 4.211641 -15.753914
v -11.117339 4.211641 -15.753914
v -9.274840 4.211641 -15.753914
v -11.117339 3.502939 -15.753914
v -7.546432 1.983740 -15.753914
v -7.546432 1.905241 -15.753914
v -14.745742 3.502939 -15.753914
v -14.661132 3.502939 -15.753914
v -13.029235 1.905241 -15.753914
v -11.117339 1.983740 -15.753914
v -9.274840 1.905241 -15.753914
v -11.117339 1.905241 -15.753914
v -7.546432 0.749140 -15.753914
v -9.207442 0.749140 -15.753914
v -14.745742 1.983740 -15.753914
v -9.274840 0.833841 -15.753914
v -9.274840 0.749140 -15.753914
v -13.104232 1.905241 -15.753914
v -13.104232 0.833841 -15.753914
v -13.029235 0.833841 -15.753914
v -13.104232 0.749140 -15.753914
v -14.661132 0.833841 -15.753914
v -14.745742 0.749140 -15.753914
v -11.192138 0.749140 -15.753914
v -13.029235 0.749140 -15.753914
v -11.117339 0.833841 -15.753914
v -11.117339 0.749140 -15.753914
v -14.661132 1.905241 -15.753914
v -14.745742 1.905241 -15.753914
vn -0.0000 -0.0000 -1.0000
vn -0.4033 0.1384 -0.9045
vn -0.3015 -0.3015 -0.9045
vn -0.3140 0.2885 -0.9045
vn 0.2809 0.3208 -0.9045
vn 0.3143 -0.2881 -0.9045
vn 0.1406 0.4025 -0.9045
vn -0.1361 -0.4041 -0.9045
vn 0.3015 -0.3015 -0.9045
vn -0.3015 0.3015 -0.9045
vn -0.1513 -0.3987 -0.9045
vn 0.1362 0.4041 -0.9045
vn -0.3129 0.2897 -0.9045
vn -0.1510 -0.3988 -0.9045
vn 0.1509 0.3988 -0.9045
vn 0.3128 -0.2898 -0.9045
vn -0.3128 0.2897 -0.9045
vn -0.1408 -0.4025 -0.9045
vn 0.3129 -0.2897 -0.9045
vn 0.1512 0.3987 -0.9045
vn -0.3015 -0.0756 -0.9505
vn -0.3015 -0.3395 0.8910
vn 0.3015 0.0756 -0.9505
vn 0.3015 0.3395 0.8910
vn 0.3015 0.3015 -0.9045
vn 0.0826 -0.3015 -0.9499
vn 0.3211 -0.3015 0.8978
vn -0.3988 0.1510 -0.9045
vn 0.4013 -0.1441 -0.9045
vn 0.2157 -0.3678 -0.9045
vn -0.3116 0.2911 -0.9045
vn -0.3115 0.2911 -0.9045
vn 0.3015 0.0653 -0.9512
vn 0.3015 0.3661 0.8804
vn 0.0813 -0.3015 -0.9500
vn 0.3246 -0.3015 0.8965
vn -0.3015 -0.0653 -0.9512
vn -0.3015 -0.3661 0.8804
vn -0.0813 0.3015 -0.9500
vn -0.3246 0.3015 0.8965
vn 0.0814 -0.3015 -0.9500
vn 0.3243 -0.3015 0.8966
vn 0.3210 -0.3015 0.8978
vn -0.0826 0.3015 -0.9499
vn -0.3210 0.3015 0.8978
vn -0.3211 0.3015 0.8978
vn -0.3969 0.1558 -0.9045
vn 0.3988 -0.1510 -0.9045
vn 0.3941 0.1629 -0.9045
vn -0.1635 -0.3938 -0.9045
vn 0.2158 -0.3677 -0.9045
vn -0.3121 0.2906 -0.9045
vn 0.3940 0.1631 -0.9045
vn -0.1632 -0.3939 -0.9045
vn -0.3120 0.2906 -0.9045
vn 0.3896 0.1733 -0.9045
vn -0.1529 -0.3980 -0.9045
vn -0.3015 -0.0811 -0.9500
vn -0.3015 -0.3251 0.8963
vn -0.0814 0.3015 -0.9500
vn -0.3243 0.3015 0.8966
vn 0.3015 0.0811 -0.9500
vn 0.3015 0.3251 0.8963
vn -0.4033 0.1382 -0.9046
vn -0.3014 -0.3015 -0.9046
vn 0.2872 0.3152 -0.9045
vn 0.3921 0.1676 -0.9045
vn -0.1587 -0.3958 -0.9045
vn 0.1363 0.4040 -0.9045
vn 0.3920 0.1679 -0.9045
vn -0.1584 -0.3959 -0.9045
vn 0.3875 0.1780 -0.9045
vn -0.1481 -0.3998 -0.9045
vn -0.3015 -0.0773 -0.9503
vn -0.3015 -0.3349 0.8927
vn 0.3015 0.0773 -0.9503
vn 0.3015 0.3349 0.8927
vn -0.4013 -0.1441 -0.9045
vn -0.2162 0.3675 -0.9045
vn 0.3133 -0.2892 -0.9045
vn 0.2161 -0.3676 -0.9045
vn -0.3132 0.2894 -0.9045
vn -0.2163 0.3675 -0.9045
vn 0.3139 -0.2886 -0.9045
vn 0.1705 -0.3908 -0.9045
vn 0.4033 0.1384 -0.9046
vn 0.3014 -0.3015 -0.9046
vn -0.3673 -0.2166 -0.9045
vn 0.2163 -0.3675 -0.9045
vn -0.3138 0.2887 -0.9045
vn -0.0000 -0.0000 1.0000
vn -0.2810 0.3207 0.9045
vn -0.3142 0.2883 0.9045
vn 0.2810 0.3207 0.9045
vn 0.3143 -0.2882 0.9045
vn 0.1406 0.4026 0.9045
vn -0.3142 -0.2883 0.9045
vn -0.3015 0.3015 0.9045
vn 0.3015 -0.3015 0.9045
vn -0.3015 -0.3015 0.9045
vn -0.1512 -0.3987 0.9045
vn 0.3142 0.2883 0.9045
vn -0.3129 0.2897 0.9045
vn -0.1510 -0.3988 0.9045
vn 0.1509 0.3988 0.9045
vn 0.3128 -0.2898 0.9045
vn -0.3128 0.2897 0.9045
vn -0.1407 -0.4025 0.9045
vn 0.3129 -0.2897 0.9045
vn 0.1511 0.3987 0.9045
vn 0.3015 0.3395 -0.8910
vn 0.3015 0.0756 0.9505
vn 0.3015 0.3015 0.9045
vn 0.3246 -0.3015 -0.8965
vn 0.0813 -0.3015 0.9500
vn -0.3246 0.3015 -0.8965
vn -0.0813 0.3015 0.9500
vn -0.3015 -0.3395 -0.8910
vn -0.3015 -0.0756 0.9505
vn -0.3243 0.3015 -0.8966
vn -0.0814 0.3015 0.9500
vn 0.3243 -0.3015 -0.8966
vn 0.0814 -0.3015 0.9500
vn 0.3210 -0.3015 -0.8978
vn 0.0826 -0.3015 0.9499
vn -0.3210 0.3015 -0.8978
vn -0.0826 0.3015 0.9499
vn -0.3211 0.3015 -0.8978
vn -0.3988 0.1510 0.9045
vn 0.2625 -0.3360 0.9045
vn 0.3143 -0.2881 0.9045
vn -0.3116 0.2911 0.9045
vn 0.2157 -0.3678 0.9045
vn -0.3115 0.2911 0.9045
vn 0.3015 0.3661 -0.8804
vn 0.3015 0.0653 0.9512
vn 0.3211 -0.3015 -0.8978
vn -0.3969 0.1557 0.9045
vn 0.3988 -0.1510 0.9045
vn -0.1634 -0.3938 0.9045
vn 0.3940 0.1629 0.9045
vn -0.3121 0.2906 0.9045
vn 0.2158 -0.3677 0.9045
vn -0.1631 -0.3940 0.9045
vn 0.3939 0.1632 0.9045
vn -0.3120 0.2906 0.9045
vn -0.1528 -0.3981 0.9045
vn 0.3895 0.1734 0.9045
vn 0.3015 0.3251 -0.8963
vn 0.3015 0.0811 0.9500
vn -0.2819 0.3199 0.9045
vn 0.2872 0.3152 0.9045
vn -0.1586 -0.3958 0.9045
vn 0.3920 0.1677 0.9045
vn -0.1584 -0.3959 0.9045
vn 0.3919 0.1679 0.9045
vn -0.1481 -0.3999 0.9045
vn 0.3874 0.1780 0.9045
vn 0.3015 0.3349 -0.8927
vn 0.3015 0.0773 0.9503
vn -0.3015 -0.3349 -0.8927
vn -0.3015 -0.0773 0.9503
vn -0.4013 -0.1441 0.9045
vn 0.3133 -0.2892 0.9045
vn -0.2162 0.3675 0.9045
vn -0.3132 0.2894 0.9045
vn 0.2161 -0.3676 0.9045
vn 0.3139 -0.2886 0.9045
vn -0.2163 0.3675 0.9045
vn 0.1706 -0.3908 0.9045
vn 0.4035 0.1380 0.9045
vn -0.3673 -0.2166 0.9045
vn -0.3138 0.2887 0.9045
vn 0.2163 -0.3675 0.9045
vn -0.2810 0.3207 -0.9045
vn -0.1358 0.4042 -0.9045
vn 0.4032 0.1387 -0.9045
vn 0.1362 -0.4041 -0.9045
vn 0.3841 0.1852 -0.9045
vn -0.3141 -0.2883 -0.9045
vn -0.3889 -0.1749 -0.9045
vn 0.3143 0.2881 -0.9045
vn -0.2160 0.3676 -0.9045
vn -0.3888 -0.1752 -0.9045
vn 0.3887 0.1753 -0.9045
vn 0.2160 -0.3676 -0.9045
vn -0.3841 -0.1851 -0.9045
vn 0.3888 0.1750 -0.9045
vn -0.3015 0.3395 -0.8910
vn -0.3015 0.0756 0.9505
vn 0.3015 -0.3395 -0.8910
vn 0.3015 -0.0756 0.9505
vn -0.3211 -0.3015 -0.8978
vn -0.0826 -0.3015 0.9499
vn -0.1752 0.3888 -0.9045
vn 0.2625 -0.3360 -0.9045
vn -0.3142 -0.2883 -0.9045
vn 0.3116 -0.2911 -0.9045
vn -0.2157 0.3678 -0.9045
vn 0.3115 -0.2911 -0.9045
vn 0.3015 -0.3661 -0.8804
vn 0.3015 -0.0653 0.9512
vn -0.3246 -0.3015 -0.8965
vn -0.0813 -0.3015 0.9500
vn -0.3015 0.3661 -0.8804
vn -0.3015 0.0653 0.9512
vn 0.3246 0.3015 -0.8965
vn 0.0813 0.3015 0.9500
vn -0.3243 -0.3015 -0.8966
vn -0.0814 -0.3015 0.9500
vn -0.3210 -0.3015 -0.8978
vn 0.3210 0.3015 -0.8978
vn 0.0826 0.3015 0.9499
vn 0.3211 0.3015 -0.8978
vn -0.1705 0.3908 -0.9045
vn 0.1752 -0.3888 -0.9045
vn 0.1635 0.3938 -0.9045
vn -0.3941 -0.1629 -0.9045
vn 0.3121 -0.2906 -0.9045
vn -0.2158 0.3677 -0.9045
vn 0.1632 0.3939 -0.9045
vn -0.3940 -0.1631 -0.9045
vn 0.3120 -0.2906 -0.9045
vn 0.1529 0.3980 -0.9045
vn -0.3896 -0.1733 -0.9045
vn -0.3015 0.3251 -0.8963
vn -0.3015 0.0811 0.9500
vn 0.3243 0.3015 -0.8966
vn 0.0814 0.3015 0.9500
vn 0.3015 -0.3251 -0.8963
vn 0.3015 -0.0811 0.9500
vn -0.2819 0.3199 -0.9046
vn 0.3673 0.2166 -0.9045
vn 0.1587 0.3958 -0.9045
vn -0.3921 -0.1676 -0.9045
vn 0.1584 0.3959 -0.9045
vn -0.3920 -0.1679 -0.9045
vn 0.1481 0.3998 -0.9045
vn -0.3875 -0.1780 -0.9045
vn -0.3015 0.3349 -0.8927
vn -0.3015 0.0773 0.9503
vn 0.3015 -0.3349 -0.8927
vn 0.3015 -0.0773 0.9503
vn -0.2625 -0.3360 -0.9045
vn -0.3133 0.2892 -0.9045
vn 0.2162 -0.3675 -0.9045
vn 0.3132 -0.2894 -0.9045
vn -0.2161 0.3676 -0.9045
vn -0.3139 0.2886 -0.9045
vn 0.3969 -0.1558 -0.9045
vn 0.2818 0.3200 -0.9045
vn -0.2872 -0.3152 -0.9045
vn 0.3138 -0.2887 -0.9045
vn -0.3016 -0.3015 0.9045
vn -0.4034 0.1384 0.9045
vn -0.1361 0.4041 0.9045
vn 0.4033 0.1384 0.9045
vn 0.3014 -0.3016 0.9045
vn 0.1361 -0.4041 0.9045
vn 0.3841 0.1852 0.9045
vn -0.1361 -0.4041 0.9045
vn -0.3888 -0.1750 0.9045
vn 0.1359 0.4042 0.9045
vn -0.2160 0.3676 0.9045
vn -0.3887 -0.1752 0.9045
vn 0.3887 0.1753 0.9045
vn 0.2160 -0.3676 0.9045
vn -0.3841 -0.1851 0.9045
vn 0.3888 0.1751 0.9045
vn 0.3015 -0.0756 -0.9505
vn 0.3015 -0.3395 0.8910
vn -0.0813 -0.3015 -0.9500
vn -0.3246 -0.3015 0.8965
vn 0.0813 0.3015 -0.9500
vn 0.3246 0.3015 0.8965
vn -0.3015 0.0756 -0.9505
vn -0.3015 0.3395 0.8910
vn 0.0814 0.3015 -0.9500
vn 0.3243 0.3015 0.8966
vn -0.0814 -0.3015 -0.9500
vn -0.3243 -0.3015 0.8966
vn -0.0826 -0.3015 -0.9499
vn -0.3210 -0.3015 0.8978
vn 0.0826 0.3015 -0.9499
vn 0.3210 0.3015 0.8978
vn 0.3211 0.3015 0.8978
vn -0.1752 0.3887 0.9045
vn 0.4013 -0.1441 0.9045
vn 0.1362 -0.4041 0.9045
vn -0.2157 0.3678 0.9045
vn 0.3116 -0.2911 0.9045
vn 0.3115 -0.2911 0.9045
vn 0.3015 -0.0653 -0.9512
vn 0.3015 -0.3661 0.8804
vn -0.3211 -0.3015 0.8978
vn -0.1706 0.3908 0.9045
vn 0.1752 -0.3887 0.9045
vn -0.3940 -0.1629 0.9045
vn 0.1634 0.3938 0.9045
vn -0.2158 0.3677 0.9045
vn 0.3121 -0.2906 0.9045
vn -0.3939 -0.1632 0.9045
vn 0.1631 0.3940 0.9045
vn 0.3120 -0.2906 0.9045
vn -0.3896 -0.1734 0.9045
vn 0.1528 0.3981 0.9045
vn 0.3015 -0.0811 -0.9500
vn 0.3015 -0.3251 0.8963
vn -0.4035 0.1381 0.9045
vn -0.1362 0.4041 0.9045
vn 0.3673 0.2166 0.9045
vn -0.3920 -0.1677 0.9045
vn 0.1586 0.3958 0.9045
vn -0.3919 -0.1679 0.9045
vn 0.1584 0.3959 0.9045
vn -0.3874 -0.1780 0.9045
vn 0.1481 0.3999 0.9045
vn 0.3015 -0.0773 -0.9503
vn 0.3015 -0.3349 0.8927
vn -0.3015 0.0773 -0.9503
vn -0.3015 0.3349 0.8927
vn -0.2625 -0.3360 0.9045
vn 0.2162 -0.3675 0.9045
vn -0.3133 0.2892 0.9045
vn -0.2161 0.3676 0.9045
vn 0.3132 -0.2894 0.9045
vn -0.3139 0.2886 0.9045
vn 0.3969 -0.1557 0.9045
vn 0.2820 0.3199 0.9045
vn -0.2872 -0.3152 0.9045
vn 0.3138 -0.2887 0.9045
vt 0.658300 0.492800
vt 0.522300 0.481600
vt 0.647000 0.481600
vt 0.240100 0.240100
vt 0.031200 0.251100
vt 0.020000 0.239900
vt 0.826800 0.415800
vt 0.690900 0.427000
vt 0.679600 0.415800
vt 0.756300 0.339000
vt 0.962600 0.328000
vt 0.973800 0.339300
vt 0.249000 0.240100
vt 0.240100 0.251300
vt 0.240100 0.339000
vt 0.031200 0.328000
vt 0.240100 0.327800
vt 0.804400 0.641800
vt 0.679600 0.631900
vt 0.804400 0.631900
vt 0.746400 0.339000
vt 0.756300 0.327800
vt 0.756300 0.240100
vt 0.962600 0.251100
vt 0.756300 0.251300
vt 0.746400 0.240100
vt 0.503000 0.251300
vt 0.503000 0.240100
vt 0.804400 0.594100
vt 0.679600 0.584200
vt 0.804400 0.584200
vt 0.493100 0.339100
vt 0.503000 0.327900
vt 0.503000 0.339100
vt 0.493100 0.251300
vt 0.493100 0.240100
vt 0.249000 0.339000
vt 0.493100 0.327900
vt 0.249000 0.251300
vt 0.804400 0.549200
vt 0.679600 0.540200
vt 0.804400 0.540200
vt 0.249000 0.327800
vt 0.746400 0.327800
vt 0.746400 0.251300
vt 0.804400 0.624700
vt 0.679600 0.649000
vt 0.679600 0.641800
vt 0.020000 0.606200
vt 0.263400 0.599000
vt 0.263400 0.606200
vt 0.020000 0.071300
vt 0.031200 0.081200
vt 0.020000 0.081200
vt 0.862900 0.379100
vt 0.935700 0.390400
vt 0.862900 0.390400
vt 0.756300 0.309700
vt 0.962600 0.298700
vt 0.973800 0.309900
vt 0.240100 0.309700
vt 0.031200 0.298700
vt 0.240100 0.298500
vt 0.323700 0.733400
vt 0.250900 0.723500
vt 0.323700 0.723500
vt 0.746400 0.309700
vt 0.756300 0.298500
vt 0.746400 0.071300
vt 0.503000 0.081200
vt 0.503000 0.071300
vt 0.323700 0.817700
vt 0.250900 0.807800
vt 0.323700 0.807800
vt 0.493100 0.309800
vt 0.503000 0.298600
vt 0.503000 0.309800
vt 0.249000 0.309700
vt 0.493100 0.298600
vt 0.493100 0.071300
vt 0.249000 0.081200
vt 0.249000 0.071300
vt 0.323700 0.776400
vt 0.250900 0.767400
vt 0.323700 0.767400
vt 0.249000 0.298500
vt 0.746400 0.298500
vt 0.862900 0.397500
vt 0.020000 0.892000
vt 0.226300 0.884900
vt 0.226300 0.892000
vt 0.323700 0.716300
vt 0.226300 0.928800
vt 0.020000 0.936000
vt 0.020000 0.928800
vt 0.247200 0.910400
vt 0.320000 0.903200
vt 0.320000 0.910400
vt 0.250900 0.783600
vt 0.250900 0.776400
vt 0.020000 0.870100
vt 0.228900 0.862900
vt 0.228900 0.870100
vt 0.020000 0.496300
vt 0.264100 0.489100
vt 0.264100 0.496300
vt 0.323700 0.760300
vt 0.264100 0.423100
vt 0.020000 0.430300
vt 0.020000 0.423100
vt 0.250900 0.824800
vt 0.250900 0.817700
vt 0.263400 0.665000
vt 0.020000 0.672200
vt 0.020000 0.665000
vt 0.323700 0.800600
vt 0.020000 0.097000
vt 0.031200 0.107400
vt 0.020000 0.107400
vt 0.973800 0.081200
vt 0.962600 0.071300
vt 0.973800 0.071300
vt 0.488800 0.513500
vt 0.287500 0.503600
vt 0.488800 0.503600
vt 0.746400 0.081200
vt 0.756400 0.071300
vt 0.756400 0.081200
vt 0.746400 0.097000
vt 0.503000 0.107400
vt 0.503000 0.097000
vt 0.488800 0.473200
vt 0.287500 0.463300
vt 0.488800 0.463300
vt 0.493100 0.081200
vt 0.493100 0.097000
vt 0.249000 0.107400
vt 0.249000 0.097000
vt 0.488800 0.431900
vt 0.287500 0.423000
vt 0.488800 0.423000
vt 0.240100 0.081200
vt 0.488800 0.496400
vt 0.721000 0.357200
vt 0.514700 0.364300
vt 0.514700 0.357200
vt 0.287500 0.573200
vt 0.488800 0.566000
vt 0.488800 0.573200
vt 0.228900 0.709000
vt 0.020000 0.716100
vt 0.020000 0.709000
vt 0.287500 0.439100
vt 0.287500 0.431900
vt 0.020000 0.826100
vt 0.228900 0.818900
vt 0.228900 0.826100
vt 0.488800 0.415800
vt 0.263400 0.621000
vt 0.020000 0.628200
vt 0.020000 0.621000
vt 0.287500 0.520700
vt 0.287500 0.513500
vt 0.020000 0.694200
vt 0.263400 0.687000
vt 0.263400 0.694200
vt 0.488800 0.456100
vt 0.840100 0.397500
vt 0.698200 0.386300
vt 0.840100 0.386300
vt 0.240100 0.269400
vt 0.031200 0.280400
vt 0.020000 0.269200
vt 0.488800 0.379100
vt 0.287500 0.390400
vt 0.287500 0.379100
vt 0.249000 0.269400
vt 0.240100 0.280600
vt 0.653000 0.627100
vt 0.511100 0.617200
vt 0.653000 0.617200
vt 0.746400 0.107400
vt 0.756400 0.097000
vt 0.756400 0.107400
vt 0.756300 0.269400
vt 0.962600 0.280400
vt 0.756300 0.280600
vt 0.746400 0.269400
vt 0.503000 0.280600
vt 0.503000 0.269400
vt 0.653000 0.667400
vt 0.511100 0.657500
vt 0.653000 0.657500
vt 0.493100 0.107400
vt 0.493100 0.280600
vt 0.493100 0.269400
vt 0.249000 0.280600
vt 0.653000 0.585800
vt 0.511100 0.576900
vt 0.653000 0.576900
vt 0.240100 0.107400
vt 0.746400 0.280600
vt 0.840100 0.379100
vt 0.511100 0.593000
vt 0.511100 0.585800
vt 0.020000 0.848100
vt 0.228900 0.840900
vt 0.228900 0.848100
vt 0.653000 0.650300
vt 0.247200 0.921600
vt 0.962600 0.081200
vt 0.240100 0.071300
vt 0.031200 0.071300
vt 0.962600 0.097000
vt 0.962600 0.107400
vt 0.973800 0.107400
vt 0.522300 0.390400
vt 0.664200 0.379100
vt 0.664200 0.390400
vt 0.287500 0.584400
vt 0.240100 0.097000
vt 0.031200 0.097000
vt 0.511100 0.522800
vt 0.647000 0.511100
vt 0.658300 0.522200
vt 0.031200 0.210800
vt 0.240100 0.221800
vt 0.020000 0.222000
vt 0.647000 0.551600
vt 0.511100 0.540400
vt 0.658200 0.540400
vt 0.962600 0.133800
vt 0.756300 0.122800
vt 0.973800 0.122600
vt 0.240100 0.210600
vt 0.249000 0.221800
vt 0.240100 0.122800
vt 0.031200 0.133800
vt 0.020000 0.122600
vt 0.372000 0.969200
vt 0.247200 0.979100
vt 0.247200 0.969200
vt 0.756300 0.134000
vt 0.746400 0.122800
vt 0.756300 0.221800
vt 0.962600 0.210800
vt 0.973800 0.222000
vt 0.503000 0.210600
vt 0.746400 0.221800
vt 0.503000 0.221800
vt 0.372000 0.939800
vt 0.247200 0.949800
vt 0.247200 0.939800
vt 0.503000 0.134000
vt 0.493100 0.122800
vt 0.503000 0.122800
vt 0.493100 0.210600
vt 0.493100 0.221800
vt 0.493100 0.134000
vt 0.249000 0.122800
vt 0.249000 0.210600
vt 0.800700 0.665000
vt 0.676000 0.673900
vt 0.676000 0.665000
vt 0.249000 0.134000
vt 0.746400 0.134000
vt 0.746400 0.210600
vt 0.815600 0.434200
vt 0.690900 0.434200
vt 0.948200 0.364300
vt 0.741900 0.357200
vt 0.948200 0.357200
vt 0.287500 0.357200
vt 0.493800 0.364300
vt 0.287500 0.364300
vt 0.522300 0.474400
vt 0.647000 0.474400
vt 0.020000 0.796900
vt 0.228900 0.804100
vt 0.020000 0.804100
vt 0.679600 0.549200
vt 0.804400 0.556300
vt 0.679600 0.556300
vt 0.228900 0.738100
vt 0.020000 0.731000
vt 0.228900 0.731000
vt 0.264100 0.452300
vt 0.020000 0.445100
vt 0.264100 0.445100
vt 0.679600 0.533100
vt 0.804400 0.533100
vt 0.020000 0.467100
vt 0.264100 0.474300
vt 0.020000 0.474300
vt 0.679600 0.594100
vt 0.804400 0.601300
vt 0.679600 0.601300
vt 0.020000 0.577000
vt 0.263400 0.584200
vt 0.020000 0.584200
vt 0.679600 0.577000
vt 0.804400 0.577000
vt 0.031200 0.020000
vt 0.020000 0.029900
vt 0.020000 0.020000
vt 0.334900 0.844900
vt 0.262000 0.855800
vt 0.250900 0.844600
vt 0.962600 0.192500
vt 0.756300 0.181500
vt 0.973800 0.181200
vt 0.240100 0.181500
vt 0.031200 0.192500
vt 0.020000 0.181200
vt 0.921000 0.415800
vt 0.848200 0.425700
vt 0.848200 0.415800
vt 0.756300 0.192700
vt 0.746400 0.181500
vt 0.503000 0.020000
vt 0.746400 0.029900
vt 0.503000 0.029900
vt 0.917300 0.445100
vt 0.844600 0.455000
vt 0.844600 0.445100
vt 0.503000 0.192600
vt 0.493100 0.181400
vt 0.503000 0.181400
vt 0.493100 0.192600
vt 0.249000 0.181500
vt 0.249000 0.020000
vt 0.493100 0.029900
vt 0.249000 0.029900
vt 0.411600 0.716300
vt 0.338800 0.725200
vt 0.338800 0.716300
vt 0.249000 0.192700
vt 0.746400 0.192700
vt 0.020000 0.752900
vt 0.228900 0.760100
vt 0.020000 0.760100
vt 0.250900 0.733400
vt 0.323700 0.740600
vt 0.250900 0.740600
vt 0.263400 0.562200
vt 0.020000 0.555000
vt 0.263400 0.555000
vt 0.031200 0.045700
vt 0.020000 0.056100
vt 0.020000 0.045700
vt 0.962600 0.029900
vt 0.973800 0.020000
vt 0.973800 0.029900
vt 0.488800 0.657700
vt 0.287500 0.667600
vt 0.287500 0.657700
vt 0.756400 0.029900
vt 0.746400 0.020000
vt 0.756400 0.020000
vt 0.503000 0.045700
vt 0.746400 0.056100
vt 0.503000 0.056100
vt 0.488800 0.683300
vt 0.287500 0.693200
vt 0.287500 0.683300
vt 0.493100 0.020000
vt 0.249000 0.045700
vt 0.493100 0.056100
vt 0.249000 0.056100
vt 0.488800 0.602700
vt 0.287500 0.611600
vt 0.287500 0.602700
vt 0.240100 0.020000
vt 0.488800 0.397500
vt 0.287500 0.397500
vt 0.226300 0.980000
vt 0.020000 0.972800
vt 0.226300 0.972800
vt 0.264100 0.408300
vt 0.020000 0.401100
vt 0.264100 0.401100
vt 0.020000 0.511100
vt 0.264100 0.518200
vt 0.020000 0.518200
vt 0.287500 0.473200
vt 0.488800 0.480400
vt 0.287500 0.480400
vt 0.511100 0.427000
vt 0.653100 0.416400
vt 0.664200 0.427700
vt 0.031200 0.152100
vt 0.240100 0.163100
vt 0.020000 0.163400
vt 0.488800 0.639600
vt 0.287500 0.628300
vt 0.488800 0.628300
vt 0.240100 0.151900
vt 0.249000 0.163100
vt 0.821600 0.481800
vt 0.679600 0.491700
vt 0.679600 0.481800
vt 0.756400 0.056100
vt 0.746400 0.045700
vt 0.756400 0.045700
vt 0.756300 0.163100
vt 0.962600 0.152100
vt 0.973800 0.163400
vt 0.503000 0.152000
vt 0.746400 0.163100
vt 0.503000 0.163200
vt 0.821600 0.507400
vt 0.679600 0.517300
vt 0.679600 0.507400
vt 0.493100 0.045700
vt 0.493100 0.152000
vt 0.493100 0.163200
vt 0.249000 0.151900
vt 0.821600 0.452400
vt 0.679600 0.461400
vt 0.679600 0.452400
vt 0.240100 0.045700
vt 0.746400 0.151900
vt 0.664200 0.397500
vt 0.522300 0.397500
vt 0.226300 0.914000
vt 0.020000 0.906900
vt 0.226300 0.906900
vt 0.511100 0.610000
vt 0.653000 0.610000
vt 0.020000 0.950800
vt 0.226300 0.958000
vt 0.020000 0.958000
vt 0.020000 0.774900
vt 0.228900 0.782100
vt 0.020000 0.782100
vt 0.264100 0.364300
vt 0.020000 0.357200
vt 0.264100 0.357200
vt 0.511100 0.569700
vt 0.653000 0.569700
vt 0.020000 0.379100
vt 0.264100 0.386300
vt 0.020000 0.386300
vt 0.511100 0.667400
vt 0.653000 0.674600
vt 0.511100 0.674600
vt 0.020000 0.643000
vt 0.263400 0.650200
vt 0.020000 0.650200
vt 0.511100 0.627100
vt 0.653000 0.634300
vt 0.511100 0.634300
vt 0.263400 0.540200
vt 0.020000 0.533100
vt 0.263400 0.533100
vt 0.331200 0.885100
vt 0.258400 0.874200
vt 0.331100 0.873900
vt 0.962600 0.020000
vt 0.240100 0.029900
vt 0.031200 0.029900
vt 0.962600 0.056100
vt 0.962600 0.045700
vt 0.973800 0.045700
vt 0.511100 0.445300
vt 0.653000 0.456300
vt 0.511100 0.456500
vt 0.488800 0.547900
vt 0.287500 0.536700
vt 0.488800 0.536700
vt 0.240100 0.056100
vt 0.031200 0.056100
vt 0.511100 0.492800
vt 0.815600 0.427000
vt 0.020000 0.339300
vt 0.973800 0.239900
vt 0.679600 0.624700
vt 0.804400 0.649000
vt 0.020000 0.599000
vt 0.946900 0.379100
vt 0.020000 0.309900
vt 0.935700 0.397500
vt 0.020000 0.884900
vt 0.250900 0.716300
vt 0.226300 0.936000
vt 0.247200 0.903200
vt 0.323700 0.783600
vt 0.020000 0.862900
vt 0.020000 0.489100
vt 0.250900 0.760300
vt 0.264100 0.430300
vt 0.323700 0.824800
vt 0.263400 0.672200
vt 0.250900 0.800600
vt 0.287500 0.496400
vt 0.721000 0.364300
vt 0.287500 0.566000
vt 0.228900 0.716100
vt 0.488800 0.439100
vt 0.020000 0.818900
vt 0.287500 0.415800
vt 0.263400 0.628200
vt 0.488800 0.520700
vt 0.020000 0.687000
vt 0.287500 0.456100
vt 0.687000 0.397500
vt 0.488800 0.390400
vt 0.973800 0.269200
vt 0.698200 0.379100
vt 0.653000 0.593000
vt 0.020000 0.840900
vt 0.511100 0.650300
vt 0.331200 0.921600
vt 0.973800 0.097000
vt 0.511100 0.379100
vt 0.488800 0.584400
vt 0.522200 0.511600
vt 0.522300 0.551600
vt 0.240100 0.134000
vt 0.372000 0.979100
vt 0.756300 0.210600
vt 0.372000 0.949800
vt 0.800700 0.673900
vt 0.741900 0.364300
vt 0.493800 0.357200
vt 0.228900 0.796900
vt 0.020000 0.738100
vt 0.020000 0.452300
vt 0.264100 0.467100
vt 0.263400 0.577000
vt 0.334800 0.856100
vt 0.240100 0.192700
vt 0.921000 0.425700
vt 0.917300 0.455000
vt 0.411600 0.725200
vt 0.228900 0.752900
vt 0.020000 0.562200
vt 0.488800 0.667600
vt 0.488800 0.693200
vt 0.488800 0.611600
vt 0.020000 0.980000
vt 0.020000 0.408300
vt 0.264100 0.511100
vt 0.511100 0.415800
vt 0.287500 0.639600
vt 0.821600 0.491700
vt 0.756300 0.151900
vt 0.821600 0.517300
vt 0.821600 0.461400
vt 0.020000 0.914000
vt 0.226300 0.950800
vt 0.228900 0.774900
vt 0.020000 0.364300
vt 0.264100 0.379100
vt 0.263400 0.643000
vt 0.020000 0.540200
vt 0.247200 0.885500
vt 0.973800 0.056100
vt 0.664200 0.445100
vt 0.287500 0.547900
s 0
f 2705/7281/4273 2707/7282/4274 2708/7283/4275
f 2709/7284/4273 2707/7285/4276 2706/7286/4273
f 2712/7287/4273 2714/7288/4277 2711/7289/4273
f 2715/7290/4273 2713/7291/4278 2712/7292/4273
f 2717/7293/4273 2710/7294/4279 2709/7284/4273
f 2719/7295/4273 2708/7296/4280 2720/7297/4281
s 1
f 2721/7298/4281 2723/7299/4282 2716/7300/4275
s 0
f 2724/7301/4273 2716/7302/4283 2715/7290/4273
f 2725/7303/4273 2714/7304/4284 2723/7305/4282
f 2727/7306/4273 2728/7307/4285 2726/7308/4273
s 1
f 2730/7309/4281 2728/7310/4282 2729/7311/4275
s 0
f 2733/7312/4273 2729/7313/4286 2732/7314/4273
f 2726/7308/4273 2731/7315/4287 2734/7316/4273
f 2735/7317/4273 2730/7318/4288 2733/7312/4273
f 2734/7316/4273 2718/7319/4289 2717/7293/4273
s 1
f 2720/7320/4281 2718/7321/4282 2736/7322/4275
s 0
f 2719/7295/4273 2736/7323/4290 2735/7317/4273
f 2732/7314/4273 2721/7324/4291 2724/7301/4273
f 2725/7303/4273 2722/7325/4292 2727/7306/4273
f 2723/7299/4293 2738/7326/4294 2716/7300/4275
f 2721/7298/4295 2740/7327/4296 2722/7328/4297
f 2729/7329/4298 2739/7330/4299 2721/7331/4281
f 2743/7332/4273 2745/7333/4300 2742/7334/4273
f 2746/7335/4273 2748/7336/4301 2749/7337/4297
f 2750/7338/4273 2748/7339/4278 2747/7340/4273
f 2752/7341/4273 2754/7342/4280 2755/7343/4281
s 1
f 2756/7344/4281 2758/7345/4282 2751/7346/4275
s 0
f 2759/7347/4273 2751/7348/4283 2750/7338/4273
f 2761/7349/4302 2762/7350/4303 2760/7351/4275
s 1
f 2764/7352/4281 2762/7353/4282 2763/7354/4275
s 0
f 2767/7355/4273 2763/7356/4286 2766/7357/4273
f 2768/7358/4273 2764/7359/4288 2767/7355/4273
f 2771/7360/4302 2772/7361/4304 2770/7362/4275
s 1
f 2755/7363/4281 2772/7364/4282 2769/7365/4275
s 0
f 2752/7341/4273 2769/7366/4290 2768/7358/4273
f 2766/7357/4273 2756/7367/4291 2759/7347/4273
f 2748/7336/4305 2775/7368/4306 2749/7337/4297
f 2751/7369/4307 2774/7370/4308 2748/7371/4281
f 2758/7345/4309 2776/7372/4310 2751/7346/4275
f 2749/7373/4311 2777/7374/4312 2758/7375/4282
f 2745/7376/4309 2779/7377/4310 2754/7378/4275
f 2755/7363/4305 2781/7379/4306 2773/7380/4297
f 2754/7381/4313 2780/7382/4314 2755/7383/4281
f 2769/7384/4298 2783/7385/4315 2764/7386/4281
f 2772/7364/4309 2782/7387/4310 2769/7365/4275
f 2765/7388/4316 2784/7389/4317 2772/7390/4282
f 2764/7352/4305 2785/7391/4306 2765/7392/4297
f 2757/7393/4316 2787/7394/4318 2762/7395/4282
f 2762/7353/4309 2788/7396/4310 2763/7354/4275
f 2790/7397/4273 2792/7398/4319 2789/7399/4273
f 2746/7400/4273 2794/7401/4320 2793/7402/4273
s 1
f 2761/7403/4281 2797/7404/4282 2795/7405/4275
s 0
f 2757/7406/4321 2795/7407/4322 2758/7408/4282
f 2799/7409/4323 2800/7410/4324 2798/7411/4275
s 1
f 2771/7412/4281 2800/7413/4282 2760/7414/4275
s 0
f 2765/7415/4325 2760/7351/4326 2762/7350/4282
f 2803/7416/4323 2804/7417/4327 2802/7418/4275
s 1
f 2805/7419/4281 2804/7420/4282 2770/7421/4275
s 0
f 2773/7422/4328 2770/7362/4329 2772/7361/4282
f 2797/7404/4330 2808/7423/4331 2795/7405/4275
f 2809/7424/4311 2807/7425/4312 2797/7426/4282
f 2792/7427/4330 2812/7428/4331 2744/7429/4275
f 2806/7430/4332 2811/7431/4333 2792/7432/4282
f 2805/7419/4334 2813/7433/4335 2806/7434/4297
f 2744/7435/4313 2814/7436/4314 2805/7437/4281
f 2804/7420/4330 2816/7438/4331 2770/7421/4275
f 2796/7439/4316 2818/7440/4318 2800/7441/4282
f 2761/7403/4334 2817/7442/4335 2796/7443/4297
f 2760/7444/4298 2819/7445/4299 2761/7446/4281
f 2800/7413/4330 2820/7447/4331 2760/7414/4275
f 2790/7448/4273 2822/7449/4336 2791/7450/4337
f 2823/7451/4273 2822/7452/4276 2821/7453/4273
f 2793/7454/4273 2809/7455/4338 2825/7456/4273
f 2826/7457/4273 2824/7458/4279 2823/7451/4273
s 1
f 2799/7459/4281 2830/7460/4282 2828/7461/4275
s 0
f 2796/7462/4339 2828/7463/4340 2797/7464/4282
f 2831/7465/4273 2833/7466/4341 2830/7467/4282
f 2835/7468/4273 2836/7469/4285 2834/7470/4273
s 1
f 2803/7471/4281 2836/7472/4282 2798/7473/4275
s 0
f 2801/7474/4342 2798/7411/4343 2800/7410/4282
f 2834/7470/4273 2837/7475/4287 2838/7476/4273
f 2838/7476/4273 2827/7477/4289 2826/7457/4273
s 1
f 2839/7478/4281 2827/7479/4282 2802/7480/4275
s 0
f 2806/7481/4344 2802/7418/4345 2804/7417/4282
f 2831/7465/4273 2829/7482/4292 2835/7468/4273
f 2822/7449/4346 2841/7483/4347 2791/7450/4275
f 2839/7478/4348 2843/7484/4349 2824/7485/4297
f 2791/7486/4313 2842/7487/4314 2839/7488/4281
f 2836/7472/4346 2845/7489/4347 2798/7473/4275
f 2754/7378/4350 2742/7490/4273 2745/7376/4282
f 2758/7408/4351 2794/7401/4352 2749/7491/4297
f 2805/7492/4353 2745/7333/4354 2744/7493/4275
f 2797/7464/4355 2846/7494/4356 2809/7495/4297
f 2846/7494/4357 2825/7496/4273 2809/7495/4297
f 2833/7497/4358 2847/7498/4273 2846/7499/4359
f 2744/7429/4360 2789/7500/4273 2792/7427/4282
f 2839/7501/4361 2792/7398/4362 2791/7502/4275
f 2848/7503/4363 2850/7504/4364 2851/7505/4363
f 2850/7506/4365 2853/7507/4363 2851/7508/4363
f 2855/7509/4366 2857/7510/4363 2854/7511/4363
f 2856/7512/4367 2858/7513/4363 2857/7514/4363
f 2852/7515/4368 2860/7516/4363 2853/7507/4363
f 2861/7517/4363 2849/7518/4369 2848/7519/4363
s 1
f 2737/7520/4370 2739/7521/4371 2738/7522/4372
s 0
f 2738/7523/4373 2863/7524/4363 2858/7513/4363
f 2864/7525/4363 2855/7526/4374 2854/7527/4363
f 2866/7528/4375 2867/7529/4363 2865/7530/4363
s 1
f 2866/7531/4370 2869/7532/4371 2741/7533/4372
s 0
f 2741/7534/4376 2871/7535/4363 2870/7536/4363
f 2868/7537/4377 2865/7530/4363 2872/7538/4363
f 2869/7539/4378 2874/7540/4363 2871/7535/4363
f 2859/7541/4379 2872/7538/4363 2860/7516/4363
s 1
f 2859/7542/4370 2862/7543/4371 2873/7544/4372
s 0
f 2873/7545/4380 2861/7517/4363 2874/7540/4363
f 2739/7546/4381 2870/7536/4363 2863/7524/4363
f 2740/7547/4382 2864/7525/4363 2867/7529/4363
f 2714/7288/4383 2856/7548/4384 2855/7549/4385
f 2713/7550/4386 2738/7551/4387 2856/7552/4371
f 2723/7553/4388 2855/7554/4389 2737/7555/4370
f 2708/7283/4390 2850/7556/4391 2849/7557/4372
f 2707/7558/4392 2852/7559/4393 2850/7560/4370
f 2710/7561/4383 2862/7562/4384 2852/7563/4385
f 2720/7564/4394 2849/7565/4395 2862/7566/4371
f 2730/7567/4396 2873/7568/4397 2869/7569/4371
f 2736/7322/4390 2859/7570/4391 2873/7571/4372
f 2718/7572/4398 2868/7573/4399 2859/7574/4370
f 2731/7575/4383 2869/7576/4384 2868/7577/4385
f 2728/7578/4400 2740/7579/4399 2866/7580/4370
f 2729/7311/4390 2866/7581/4391 2741/7582/4372
f 2778/7583/4401 2876/7584/4363 2875/7585/4363
f 2877/7586/4363 2774/7587/4402 2878/7588/4363
f 2774/7589/4403 2879/7590/4363 2878/7591/4363
f 2880/7592/4363 2779/7593/4369 2881/7594/4363
s 1
f 2777/7595/4370 2882/7596/4371 2776/7597/4372
s 0
f 2776/7598/4373 2883/7599/4363 2879/7590/4363
f 2787/7600/4404 2819/7601/4405 2820/7602/4372
s 1
f 2787/7603/4370 2783/7604/4371 2788/7605/4372
s 0
f 2788/7606/4376 2885/7607/4363 2884/7608/4363
f 2783/7609/4378 2886/7610/4363 2885/7607/4363
f 2784/7611/4406 2887/7612/4405 2816/7613/4372
s 1
f 2784/7614/4370 2780/7615/4371 2782/7616/4372
s 0
f 2782/7617/4380 2880/7592/4363 2886/7610/4363
f 2882/7618/4381 2884/7608/4363 2883/7599/4363
f 2745/7619/4392 2781/7620/4393 2778/7621/4370
f 2757/7622/4407 2882/7623/4408 2786/7624/4385
f 2756/7625/4409 2788/7626/4397 2882/7627/4371
f 2811/7628/4410 2889/7629/4363 2888/7630/4363
f 2891/7631/4411 2877/7632/4363 2890/7633/4363
s 1
f 2807/7634/4370 2819/7635/4371 2808/7636/4372
s 0
f 2808/7637/4412 2786/7638/4413 2777/7639/4370
f 2818/7640/4414 2892/7641/4415 2845/7642/4372
s 1
f 2818/7643/4370 2887/7644/4371 2820/7645/4372
s 0
f 2820/7602/4416 2785/7646/4417 2787/7600/4370
f 2815/7647/4418 2895/7648/4415 2894/7649/4372
s 1
f 2815/7650/4370 2814/7651/4371 2816/7652/4372
s 0
f 2816/7613/4419 2781/7653/4420 2784/7611/4370
f 2809/7455/4421 2891/7654/4422 2810/7655/4385
f 2794/7656/4386 2808/7657/4387 2891/7658/4371
f 2771/7659/4396 2816/7660/4397 2887/7661/4371
f 2804/7662/4398 2893/7663/4399 2815/7664/4370
f 2801/7665/4421 2887/7666/4422 2893/7667/4385
f 2889/7668/4363 2840/7669/4423 2896/7670/4363
f 2840/7671/4365 2897/7672/4363 2896/7673/4363
f 2810/7674/4424 2890/7675/4363 2898/7676/4363
f 2843/7677/4368 2900/7678/4363 2897/7672/4363
s 1
f 2902/7679/4370 2892/7680/4371 2901/7681/4372
s 0
f 2901/7682/4425 2817/7683/4426 2807/7684/4370
f 2904/7685/4363 2905/7686/4374 2906/7687/4363
f 2844/7688/4375 2908/7689/4363 2907/7690/4363
s 1
f 2844/7691/4370 2895/7692/4371 2845/7693/4372
s 0
f 2845/7642/4427 2893/7694/4428 2818/7640/4370
f 2909/7695/4377 2907/7690/4363 2910/7696/4363
f 2899/7697/4379 2910/7696/4363 2900/7678/4363
s 1
f 2899/7698/4370 2842/7699/4371 2894/7700/4372
s 0
f 2894/7649/4429 2813/7701/4430 2815/7647/4370
f 2903/7702/4382 2904/7685/4363 2908/7689/4363
f 2833/7497/4431 2911/7703/4432 2905/7704/4385
f 2846/7705/4386 2901/7706/4387 2911/7707/4371
f 2828/7461/4433 2902/7708/4434 2901/7709/4372
f 2830/7710/4388 2905/7711/4389 2902/7712/4370
f 2822/7713/4392 2843/7714/4393 2840/7715/4370
f 2803/7716/4396 2894/7717/4397 2895/7718/4371
f 2802/7480/4433 2899/7719/4434 2894/7720/4372
f 2827/7721/4398 2909/7722/4399 2899/7723/4370
f 2837/7724/4431 2895/7725/4432 2909/7726/4385
f 2836/7727/4400 2903/7728/4399 2844/7729/4370
f 2829/7730/4431 2892/7731/4432 2903/7732/4385
f 2799/7733/4409 2845/7734/4397 2892/7735/4371
f 2875/7736/4363 2779/7737/4435 2778/7738/4370
f 2891/7631/4436 2777/7639/4437 2775/7739/4385
f 2778/7583/4438 2814/7740/4439 2812/7741/4372
f 2911/7742/4440 2807/7684/4441 2810/7743/4385
f 2898/7744/4363 2911/7742/4442 2810/7743/4385
f 2912/7745/4363 2905/7746/4443 2911/7747/4371
f 2888/7748/4363 2812/7749/4444 2811/7750/4370
f 2811/7628/4445 2842/7751/4446 2841/7752/4372
f 2705/7281/4273 2706/7753/4273 2707/7282/4447
f 2709/7284/4273 2710/7294/4297 2707/7285/4448
f 2712/7287/4273 2713/7754/4281 2714/7288/4449
f 2715/7290/4273 2716/7302/4275 2713/7291/4450
f 2717/7293/4273 2718/7319/4282 2710/7294/4451
f 2719/7295/4273 2705/7755/4273 2708/7296/4452
s 1
f 2721/7298/4281 2722/7328/4297 2723/7299/4282
s 0
f 2724/7301/4273 2721/7324/4281 2716/7302/4453
f 2725/7303/4273 2711/7756/4273 2714/7304/4454
f 2727/7306/4273 2722/7325/4297 2728/7307/4455
s 1
f 2730/7309/4281 2731/7575/4297 2728/7310/4282
s 0
f 2733/7312/4273 2730/7318/4281 2729/7313/4456
f 2726/7308/4273 2728/7307/4282 2731/7315/4457
f 2735/7317/4273 2736/7323/4275 2730/7318/4458
f 2734/7316/4273 2731/7315/4297 2718/7319/4455
s 1
f 2720/7320/4281 2710/7561/4297 2718/7321/4282
s 0
f 2719/7295/4273 2720/7297/4281 2736/7323/4459
f 2732/7314/4273 2729/7313/4275 2721/7324/4458
f 2725/7303/4273 2723/7305/4282 2722/7325/4460
f 2723/7299/4461 2737/7757/4370 2738/7326/4462
f 2721/7298/4463 2739/7758/4371 2740/7327/4464
f 2729/7329/4465 2741/7759/4372 2739/7330/4466
f 2743/7332/4273 2744/7493/4275 2745/7333/4467
f 2746/7335/4273 2747/7760/4273 2748/7336/4468
f 2750/7338/4273 2751/7348/4275 2748/7339/4450
f 2752/7341/4273 2753/7761/4273 2754/7342/4469
s 1
f 2756/7344/4281 2757/7622/4297 2758/7345/4282
s 0
f 2759/7347/4273 2756/7367/4281 2751/7348/4453
f 2761/7349/4470 2757/7406/4297 2762/7350/4471
s 1
f 2764/7352/4281 2765/7392/4297 2762/7353/4282
s 0
f 2767/7355/4273 2764/7359/4281 2763/7356/4456
f 2768/7358/4273 2769/7366/4275 2764/7359/4458
f 2771/7360/4472 2765/7415/4297 2772/7361/4471
s 1
f 2755/7363/4281 2773/7380/4297 2772/7364/4282
s 0
f 2752/7341/4273 2755/7343/4281 2769/7366/4459
f 2766/7357/4273 2763/7356/4275 2756/7367/4458
f 2748/7336/4473 2774/7762/4371 2775/7368/4474
f 2751/7369/4475 2776/7763/4372 2774/7370/4476
f 2758/7345/4477 2777/7764/4370 2776/7372/4478
f 2749/7373/4479 2775/7765/4385 2777/7374/4480
f 2745/7376/4477 2778/7766/4370 2779/7377/4478
f 2755/7363/4473 2780/7767/4371 2781/7379/4474
f 2754/7381/4481 2779/7768/4372 2780/7382/4482
f 2769/7384/4483 2782/7769/4372 2783/7385/4466
f 2772/7364/4477 2784/7770/4370 2782/7387/4478
f 2765/7388/4484 2785/7771/4385 2784/7389/4485
f 2764/7352/4473 2783/7772/4371 2785/7391/4474
f 2757/7393/4486 2786/7773/4385 2787/7394/4485
f 2762/7353/4477 2787/7774/4370 2788/7396/4478
f 2790/7397/4273 2791/7502/4275 2792/7398/4487
f 2746/7400/4273 2749/7491/4297 2794/7401/4488
s 1
f 2761/7403/4281 2796/7443/4297 2797/7404/4282
s 0
f 2757/7406/4489 2761/7349/4281 2795/7407/4490
f 2799/7409/4491 2796/7462/4297 2800/7410/4492
s 1
f 2771/7412/4281 2801/7665/4297 2800/7413/4282
s 0
f 2765/7415/4493 2771/7360/4281 2760/7351/4494
f 2803/7416/4495 2801/7474/4297 2804/7417/4492
s 1
f 2805/7419/4281 2806/7434/4297 2804/7420/4282
s 0
f 2773/7422/4496 2805/7492/4281 2770/7362/4497
f 2797/7404/4498 2807/7775/4370 2808/7423/4499
f 2809/7424/4479 2810/7776/4385 2807/7425/4480
f 2792/7427/4498 2811/7777/4370 2812/7428/4499
f 2806/7430/4500 2813/7778/4385 2811/7431/4501
f 2805/7419/4502 2814/7779/4371 2813/7433/4503
f 2744/7435/4481 2812/7780/4372 2814/7436/4482
f 2804/7420/4498 2815/7781/4370 2816/7438/4499
f 2796/7439/4486 2817/7782/4385 2818/7440/4485
f 2761/7403/4502 2819/7783/4371 2817/7442/4503
f 2760/7444/4465 2820/7784/4372 2819/7445/4466
f 2800/7413/4498 2818/7785/4370 2820/7447/4499
f 2790/7448/4273 2821/7786/4273 2822/7449/4504
f 2823/7451/4273 2824/7458/4297 2822/7452/4448
f 2793/7454/4273 2794/7787/4281 2809/7455/4505
f 2826/7457/4273 2827/7477/4282 2824/7458/4451
s 1
f 2799/7459/4281 2829/7730/4297 2830/7460/4282
s 0
f 2796/7462/4506 2799/7409/4281 2828/7463/4507
f 2831/7465/4273 2832/7788/4273 2833/7466/4454
f 2835/7468/4273 2829/7482/4297 2836/7469/4455
s 1
f 2803/7471/4281 2837/7724/4297 2836/7472/4282
s 0
f 2801/7474/4508 2803/7416/4281 2798/7411/4509
f 2834/7470/4273 2836/7469/4282 2837/7475/4457
f 2838/7476/4273 2837/7475/4297 2827/7477/4455
s 1
f 2839/7478/4281 2824/7485/4297 2827/7479/4282
s 0
f 2806/7481/4510 2839/7501/4281 2802/7418/4511
f 2831/7465/4273 2830/7467/4282 2829/7482/4460
f 2822/7449/4512 2840/7789/4370 2841/7483/4513
f 2839/7478/4514 2842/7790/4371 2843/7484/4515
f 2791/7486/4481 2841/7791/4372 2842/7487/4482
f 2836/7472/4512 2844/7792/4370 2845/7489/4513
f 2754/7378/4516 2753/7793/4273 2742/7490/4273
f 2758/7408/4517 2795/7407/4275 2794/7401/4518
f 2805/7492/4519 2773/7422/4297 2745/7333/4520
f 2797/7464/4521 2828/7463/4275 2846/7494/4361
f 2846/7494/4522 2847/7794/4273 2825/7496/4273
f 2833/7497/4523 2832/7795/4273 2847/7498/4273
f 2744/7429/4524 2743/7796/4273 2789/7500/4273
f 2839/7501/4525 2806/7481/4297 2792/7398/4355
f 2848/7503/4363 2849/7797/4526 2850/7504/4527
f 2850/7506/4528 2852/7515/4385 2853/7507/4363
f 2855/7509/4529 2856/7798/4530 2857/7510/4363
f 2856/7512/4531 2738/7523/4372 2858/7513/4363
f 2852/7515/4532 2859/7541/4370 2860/7516/4363
f 2861/7517/4363 2862/7799/4371 2849/7518/4533
s 1
f 2737/7520/4370 2740/7800/4385 2739/7521/4371
s 0
f 2738/7523/4534 2739/7546/4371 2863/7524/4363
f 2864/7525/4363 2737/7801/4370 2855/7526/4535
f 2866/7528/4536 2740/7547/4385 2867/7529/4363
s 1
f 2866/7531/4370 2868/7802/4385 2869/7532/4371
s 0
f 2741/7534/4537 2869/7539/4371 2871/7535/4363
f 2868/7537/4538 2866/7528/4370 2865/7530/4363
f 2869/7539/4539 2873/7545/4372 2874/7540/4363
f 2859/7541/4536 2868/7537/4385 2872/7538/4363
s 1
f 2859/7542/4370 2852/7803/4385 2862/7543/4371
s 0
f 2873/7545/4540 2862/7799/4371 2861/7517/4363
f 2739/7546/4539 2741/7534/4372 2870/7536/4363
f 2740/7547/4541 2737/7801/4370 2864/7525/4363
f 2714/7288/4542 2713/7754/4281 2856/7548/4543
f 2713/7550/4544 2716/7804/4275 2738/7551/4545
f 2723/7553/4546 2714/7805/4297 2855/7554/4547
f 2708/7283/4548 2707/7282/4282 2850/7556/4549
f 2707/7558/4550 2710/7806/4297 2852/7559/4551
f 2710/7561/4542 2720/7320/4281 2862/7562/4543
f 2720/7564/4552 2708/7807/4275 2849/7565/4553
f 2730/7567/4554 2736/7808/4275 2873/7568/4555
f 2736/7322/4548 2718/7321/4282 2859/7570/4549
f 2718/7572/4556 2731/7809/4297 2868/7573/4557
f 2731/7575/4542 2730/7309/4281 2869/7576/4543
f 2728/7578/4556 2722/7810/4297 2740/7579/4558
f 2729/7311/4548 2728/7310/4282 2866/7581/4549
f 2778/7583/4559 2812/7741/4372 2876/7584/4363
f 2877/7586/4363 2775/7811/4385 2774/7587/4560
f 2774/7589/4561 2776/7598/4372 2879/7590/4363
f 2880/7592/4363 2780/7812/4371 2779/7593/4533
s 1
f 2777/7595/4370 2786/7813/4385 2882/7596/4371
s 0
f 2776/7598/4534 2882/7618/4371 2883/7599/4363
f 2787/7600/4562 2786/7638/4385 2819/7601/4563
s 1
f 2787/7603/4370 2785/7814/4385 2783/7604/4371
s 0
f 2788/7606/4537 2783/7609/4371 2885/7607/4363
f 2783/7609/4539 2782/7617/4372 2886/7610/4363
f 2784/7611/4562 2785/7646/4385 2887/7612/4564
s 1
f 2784/7614/4370 2781/7815/4385 2780/7615/4371
s 0
f 2782/7617/4540 2780/7812/4371 2880/7592/4363
f 2882/7618/4539 2788/7606/4372 2884/7608/4363
f 2745/7619/4550 2773/7816/4297 2781/7620/4551
f 2757/7622/4565 2756/7344/4281 2882/7623/4566
f 2756/7625/4554 2763/7817/4275 2788/7626/4567
f 2811/7628/4568 2841/7752/4372 2889/7629/4363
f 2891/7631/4569 2775/7739/4385 2877/7632/4363
s 1
f 2807/7634/4370 2817/7818/4385 2819/7635/4371
s 0
f 2808/7637/4570 2819/7601/4371 2786/7638/4571
f 2818/7640/4572 2817/7683/4385 2892/7641/4573
s 1
f 2818/7643/4370 2893/7819/4385 2887/7644/4371
s 0
f 2820/7602/4574 2887/7612/4371 2785/7646/4575
f 2815/7647/4572 2893/7694/4385 2895/7648/4576
s 1
f 2815/7650/4370 2813/7820/4385 2814/7651/4371
s 0
f 2816/7613/4577 2814/7740/4371 2781/7653/4578
f 2809/7455/4579 2794/7787/4281 2891/7654/4580
f 2794/7656/4544 2795/7821/4275 2808/7657/4545
f 2771/7659/4554 2770/7822/4275 2816/7660/4555
f 2804/7662/4556 2801/7823/4297 2893/7663/4557
f 2801/7665/4579 2771/7412/4281 2887/7666/4580
f 2889/7668/4363 2841/7824/4372 2840/7669/4581
f 2840/7671/4582 2843/7677/4385 2897/7672/4363
f 2810/7674/4583 2891/7825/4371 2890/7675/4363
f 2843/7677/4532 2899/7697/4370 2900/7678/4363
s 1
f 2902/7679/4370 2903/7826/4385 2892/7680/4371
s 0
f 2901/7682/4584 2892/7641/4371 2817/7683/4585
f 2904/7685/4363 2902/7827/4370 2905/7686/4535
f 2844/7688/4536 2903/7702/4385 2908/7689/4363
s 1
f 2844/7691/4370 2909/7828/4385 2895/7692/4371
s 0
f 2845/7642/4586 2895/7648/4371 2893/7694/4587
f 2909/7695/4538 2844/7688/4370 2907/7690/4363
f 2899/7697/4536 2909/7695/4385 2910/7696/4363
s 1
f 2899/7698/4370 2843/7829/4385 2842/7699/4371
s 0
f 2894/7649/4588 2842/7751/4371 2813/7701/4589
f 2903/7702/4541 2902/7827/4370 2904/7685/4363
f 2833/7497/4590 2846/7499/4281 2911/7703/4591
f 2846/7705/4544 2828/7830/4275 2901/7706/4545
f 2828/7461/4592 2830/7460/4282 2902/7708/4593
f 2830/7710/4546 2833/7831/4297 2905/7711/4547
f 2822/7713/4550 2824/7832/4297 2843/7714/4551
f 2803/7716/4554 2802/7833/4275 2894/7717/4555
f 2802/7480/4592 2827/7479/4282 2899/7719/4593
f 2827/7721/4556 2837/7834/4297 2909/7722/4557
f 2837/7724/4590 2803/7471/4281 2895/7725/4591
f 2836/7727/4556 2829/7835/4297 2903/7728/4558
f 2829/7730/4590 2799/7459/4281 2892/7731/4591
f 2799/7733/4554 2798/7836/4275 2845/7734/4567
f 2875/7736/4363 2881/7837/4363 2779/7737/4594
f 2891/7631/4595 2808/7637/4372 2777/7639/4596
f 2778/7583/4597 2781/7653/4385 2814/7740/4598
f 2911/7742/4446 2901/7682/4372 2807/7684/4599
f 2898/7744/4363 2912/7838/4363 2911/7742/4600
f 2912/7745/4363 2906/7839/4363 2905/7746/4601
f 2888/7748/4363 2876/7840/4363 2812/7749/4602
f 2811/7628/4441 2813/7701/4385 2842/7751/4603
o window_big014
v 0.100160 5.803942 -15.808113
v 0.100160 4.693041 -15.808113
v 0.015565 4.777742 -15.808113
v 0.015565 5.719339 -15.808113
v -1.560836 4.693041 -15.808113
v -1.560836 4.777742 -15.808113
v -7.099135 4.693041 -15.808113
v -7.099135 5.803942 -15.808113
v -7.014541 5.719339 -15.808113
v -7.014541 4.777742 -15.808113
v -5.457641 5.803942 -15.808113
v -5.457641 5.719339 -15.808113
v -1.628341 4.693041 -15.808113
v -1.628341 4.777742 -15.808113
v -1.560836 5.803942 -15.808113
v -1.560836 5.719339 -15.808113
v -5.382735 5.719339 -15.808113
v -5.382735 4.777742 -15.808113
v -5.457641 4.777742 -15.808113
v -5.382735 5.803942 -15.808113
v -5.457641 4.693041 -15.808113
v -3.545531 4.693041 -15.808113
v -5.382735 4.693041 -15.808113
v -3.545531 4.777742 -15.808113
v -3.545531 5.719339 -15.808113
v -3.470733 5.719339 -15.808113
v -3.470733 4.777742 -15.808113
v -3.545531 5.803942 -15.808113
v -3.470733 5.803942 -15.808113
v -3.470733 4.693041 -15.808113
v -1.628341 5.803942 -15.808113
v -1.628341 5.719339 -15.808113
v -5.457641 4.777742 -15.753914
v -5.457641 5.719339 -15.753914
v -5.382735 5.719339 -15.753914
v -5.382735 4.777742 -15.753914
v -3.545531 5.719339 -15.753914
v 0.100160 3.577738 -15.808113
v 0.100160 3.502939 -15.808113
v 0.015565 3.502939 -15.808113
v 0.015565 3.577738 -15.808113
v -7.099135 3.577738 -15.808113
v -7.099135 4.211641 -15.808113
v -7.014541 4.127039 -15.808113
v -7.014541 3.577738 -15.808113
v -5.457641 4.211641 -15.808113
v -5.457641 4.127039 -15.808113
v -1.560836 4.211641 -15.808113
v 0.100160 4.211641 -15.808113
v 0.015565 4.127039 -15.808113
v -1.560836 4.127039 -15.808113
v -5.382735 4.127039 -15.808113
v -5.382735 3.577738 -15.808113
v -5.457641 3.577738 -15.808113
v -5.382735 4.211641 -15.808113
v -3.545531 3.502939 -15.808113
v -5.382735 3.502939 -15.808113
v -3.545531 3.577738 -15.808113
v -3.545531 4.127039 -15.808113
v -3.470733 4.127039 -15.808113
v -3.470733 3.577738 -15.808113
v -3.545531 4.211641 -15.808113
v -3.470733 4.211641 -15.808113
v -1.628341 4.211641 -15.808113
v -1.628341 4.127039 -15.808113
v -1.628341 3.502939 -15.808113
v -3.470733 3.502939 -15.808113
v -1.628341 3.577738 -15.808113
v -1.560836 3.577738 -15.808113
v -7.014541 4.127039 -15.753914
v -7.014541 3.577738 -15.753914
v -5.457641 4.127039 -15.753914
v -5.457641 3.577738 -15.753914
v 0.015565 3.577738 -15.753914
v 0.015565 4.127039 -15.753914
v -1.560836 4.127039 -15.753914
v -1.560836 3.577738 -15.753914
v -1.628341 4.127039 -15.753914
v -3.470733 4.127039 -15.753914
v -1.628341 3.577738 -15.753914
v -3.470733 3.577738 -15.753914
v -5.382735 3.577738 -15.753914
v -3.545531 3.577738 -15.753914
v -3.545531 4.127039 -15.753914
v 0.100160 1.983740 -15.808113
v 0.100160 1.905241 -15.808113
v 0.015565 1.905241 -15.808113
v 0.015565 1.983740 -15.808113
v -7.099135 3.502939 -15.808113
v -7.014541 3.502939 -15.808113
v -5.457641 3.502939 -15.808113
v -5.382735 1.983740 -15.808113
v -5.457641 1.983740 -15.808113
v -3.545531 1.905241 -15.808113
v -5.382735 1.905241 -15.808113
v -3.545531 1.983740 -15.808113
v -3.470733 1.983740 -15.808113
v -1.628341 1.905241 -15.808113
v -3.470733 1.905241 -15.808113
v -1.628341 1.983740 -15.808113
v -1.560836 3.502939 -15.808113
v -1.560836 1.983740 -15.808113
v -5.457641 1.983740 -15.753914
v -5.457641 3.502939 -15.753914
v -7.014541 1.983740 -15.808113
v -7.014541 1.983740 -15.753914
v 0.015565 1.983740 -15.753914
v 0.015565 3.502939 -15.753914
v -1.560836 1.983740 -15.753914
v -1.560836 3.502939 -15.753914
v -1.628341 1.983740 -15.753914
v -1.628341 3.502939 -15.753914
v -5.382735 1.983740 -15.753914
v -3.545531 1.983740 -15.753914
v -5.382735 3.502939 -15.753914
v -3.545531 3.502939 -15.753914
v 0.100160 0.749140 -15.808113
v 0.015565 0.833841 -15.808113
v -1.560836 0.749140 -15.808113
v -1.560836 0.833841 -15.808113
v -7.099135 1.983740 -15.808113
v -1.628341 0.749140 -15.808113
v -1.628341 0.833841 -15.808113
v -5.457641 1.905241 -15.808113
v -5.382735 0.833841 -15.808113
v -5.457641 0.833841 -15.808113
v -5.457641 0.749140 -15.808113
v -7.099135 0.749140 -15.808113
v -7.014541 0.833841 -15.808113
v -3.545531 0.749140 -15.808113
v -5.382735 0.749140 -15.808113
v -3.545531 0.833841 -15.808113
v -3.470733 0.833841 -15.808113
v -3.470733 0.749140 -15.808113
v -1.560836 1.905241 -15.808113
v 0.015565 0.833841 -15.753914
v 0.015565 1.905241 -15.753914
v -1.560836 1.905241 -15.753914
v -1.560836 0.833841 -15.753914
v -3.545531 0.833841 -15.753914
v -3.545531 1.905241 -15.753914
v -7.014541 1.905241 -15.808113
v -7.099135 1.905241 -15.808113
v 0.100160 5.803942 -15.753914
v 0.015565 5.719339 -15.753914
v 0.015565 4.777742 -15.753914
v 0.100160 4.693041 -15.753914
v -1.560836 4.777742 -15.753914
v -1.560836 4.693041 -15.753914
v -7.099135 4.693041 -15.753914
v -7.014541 4.777742 -15.753914
v -7.014541 5.719339 -15.753914
v -7.099135 5.803942 -15.753914
v -5.457641 5.803942 -15.753914
v -1.628341 4.777742 -15.753914
v -1.628341 4.693041 -15.753914
v -1.560836 5.803942 -15.753914
v -1.560836 5.719339 -15.753914
v -5.382735 5.803942 -15.753914
v -5.457641 4.693041 -15.753914
v -3.545531 4.693041 -15.753914
v -3.545531 4.777742 -15.753914
v -5.382735 4.693041 -15.753914
v -3.470733 4.777742 -15.753914
v -3.470733 5.719339 -15.753914
v -3.545531 5.803942 -15.753914
v -3.470733 5.803942 -15.753914
v -3.470733 4.693041 -15.753914
v -1.628341 5.719339 -15.753914
v -1.628341 5.803942 -15.753914
v 0.100160 3.577738 -15.753914
v 0.100160 3.502939 -15.753914
v -7.099135 3.577738 -15.753914
v -7.099135 4.211641 -15.753914
v -5.457641 4.211641 -15.753914
v -1.560836 4.211641 -15.753914
v 0.100160 4.211641 -15.753914
v -5.382735 4.127039 -15.753914
v -5.382735 4.211641 -15.753914
v -3.545531 4.211641 -15.753914
v -3.470733 4.211641 -15.753914
v -1.628341 4.211641 -15.753914
v -3.470733 3.502939 -15.753914
v 0.100160 1.983740 -15.753914
v 0.100160 1.905241 -15.753914
v -7.099135 3.502939 -15.753914
v -7.014541 3.502939 -15.753914
v -5.382735 1.905241 -15.753914
v -3.470733 1.983740 -15.753914
v -1.628341 1.905241 -15.753914
v -3.470733 1.905241 -15.753914
v 0.100160 0.749140 -15.753914
v -1.560836 0.749140 -15.753914
v -7.099135 1.983740 -15.753914
v -1.628341 0.833841 -15.753914
v -1.628341 0.749140 -15.753914
v -5.457641 1.905241 -15.753914
v -5.457641 0.833841 -15.753914
v -5.382735 0.833841 -15.753914
v -5.457641 0.749140 -15.753914
v -7.014541 0.833841 -15.753914
v -7.099135 0.749140 -15.753914
v -3.545531 0.749140 -15.753914
v -5.382735 0.749140 -15.753914
v -3.470733 0.833841 -15.753914
v -3.470733 0.749140 -15.753914
v -7.014541 1.905241 -15.753914
v -7.099135 1.905241 -15.753914
vn -0.0000 -0.0000 -1.0000
vn -0.4033 0.1384 -0.9045
vn -0.3015 -0.3015 -0.9045
vn -0.3141 0.2884 -0.9045
vn 0.2809 0.3208 -0.9045
vn 0.3143 -0.2882 -0.9045
vn 0.1408 0.4025 -0.9045
vn -0.1361 -0.4041 -0.9045
vn 0.3015 -0.3015 -0.9045
vn -0.3015 0.3015 -0.9045
vn -0.1512 -0.3987 -0.9045
vn 0.1363 0.4040 -0.9045
vn -0.3129 0.2897 -0.9045
vn -0.1510 -0.3988 -0.9045
vn 0.1509 0.3988 -0.9045
vn 0.3128 -0.2898 -0.9045
vn -0.3128 0.2897 -0.9045
vn -0.1409 -0.4024 -0.9045
vn 0.3129 -0.2897 -0.9045
vn 0.1511 0.3987 -0.9045
vn -0.3015 -0.0756 -0.9505
vn -0.3015 -0.3395 0.8910
vn 0.3015 0.0756 -0.9505
vn 0.3015 0.3395 0.8910
vn 0.3015 0.3015 -0.9045
vn 0.0826 -0.3015 -0.9499
vn 0.3211 -0.3015 0.8978
vn -0.3987 0.1510 -0.9045
vn 0.4013 -0.1441 -0.9045
vn 0.2157 -0.3678 -0.9045
vn -0.3116 0.2911 -0.9045
vn -0.3115 0.2911 -0.9045
vn 0.3015 0.0653 -0.9512
vn 0.3015 0.3661 0.8804
vn 0.0813 -0.3015 -0.9500
vn 0.3246 -0.3015 0.8965
vn -0.3015 -0.0653 -0.9512
vn -0.3015 -0.3661 0.8804
vn -0.0813 0.3015 -0.9500
vn -0.3246 0.3015 0.8965
vn 0.0814 -0.3015 -0.9500
vn 0.3243 -0.3015 0.8966
vn 0.3210 -0.3015 0.8978
vn -0.0826 0.3015 -0.9499
vn -0.3210 0.3015 0.8978
vn -0.3211 0.3015 0.8978
vn -0.3969 0.1558 -0.9045
vn 0.3987 -0.1510 -0.9045
vn 0.3940 0.1630 -0.9045
vn -0.1633 -0.3939 -0.9045
vn 0.2158 -0.3677 -0.9045
vn -0.3121 0.2906 -0.9045
vn 0.3940 0.1631 -0.9045
vn -0.1632 -0.3939 -0.9045
vn -0.3120 0.2906 -0.9045
vn 0.3896 0.1732 -0.9045
vn -0.1531 -0.3980 -0.9045
vn -0.3015 -0.0811 -0.9500
vn -0.3015 -0.3251 0.8963
vn -0.0814 0.3015 -0.9500
vn -0.3243 0.3015 0.8966
vn 0.3015 0.0811 -0.9500
vn 0.3015 0.3251 0.8963
vn -0.4033 0.1382 -0.9046
vn -0.3014 -0.3015 -0.9046
vn 0.2872 0.3152 -0.9045
vn 0.3920 0.1677 -0.9045
vn -0.1586 -0.3958 -0.9045
vn 0.3920 0.1679 -0.9045
vn -0.1584 -0.3959 -0.9045
vn 0.3875 0.1778 -0.9045
vn -0.1483 -0.3998 -0.9045
vn -0.3015 -0.0773 -0.9503
vn -0.3015 -0.3349 0.8927
vn 0.3015 0.0773 -0.9503
vn 0.3015 0.3349 0.8927
vn -0.4013 -0.1441 -0.9045
vn -0.2162 0.3675 -0.9045
vn 0.3133 -0.2892 -0.9045
vn 0.2161 -0.3676 -0.9045
vn -0.3132 0.2894 -0.9045
vn -0.2163 0.3675 -0.9045
vn 0.3139 -0.2886 -0.9045
vn 0.1705 -0.3908 -0.9045
vn 0.4033 0.1382 -0.9046
vn 0.3014 -0.3015 -0.9046
vn -0.3673 -0.2166 -0.9045
vn 0.2163 -0.3675 -0.9045
vn -0.3138 0.2887 -0.9045
vn -0.0000 -0.0000 1.0000
vn -0.2810 0.3207 0.9045
vn -0.3142 0.2883 0.9045
vn 0.2811 0.3207 0.9045
vn 0.3143 -0.2881 0.9045
vn 0.1407 0.4025 0.9045
vn -0.3141 -0.2883 0.9045
vn -0.3015 0.3015 0.9045
vn 0.3015 -0.3015 0.9045
vn -0.3015 -0.3015 0.9045
vn -0.1511 -0.3987 0.9045
vn 0.3142 0.2882 0.9045
vn -0.3129 0.2897 0.9045
vn -0.1510 -0.3988 0.9045
vn 0.1509 0.3988 0.9045
vn 0.3128 -0.2898 0.9045
vn -0.3128 0.2897 0.9045
vn -0.1408 -0.4025 0.9045
vn 0.3129 -0.2897 0.9045
vn 0.1510 0.3988 0.9045
vn 0.3015 0.3395 -0.8910
vn 0.3015 0.0756 0.9505
vn 0.3015 0.3015 0.9045
vn 0.3246 -0.3015 -0.8965
vn 0.0813 -0.3015 0.9500
vn -0.3246 0.3015 -0.8965
vn -0.0813 0.3015 0.9500
vn -0.3015 -0.3395 -0.8910
vn -0.3015 -0.0756 0.9505
vn -0.3243 0.3015 -0.8966
vn -0.0814 0.3015 0.9500
vn 0.3243 -0.3015 -0.8966
vn 0.0814 -0.3015 0.9500
vn 0.3210 -0.3015 -0.8978
vn 0.0826 -0.3015 0.9499
vn -0.3210 0.3015 -0.8978
vn -0.0826 0.3015 0.9499
vn -0.3211 0.3015 -0.8978
vn -0.3988 0.1510 0.9045
vn 0.2625 -0.3360 0.9045
vn -0.3116 0.2911 0.9045
vn 0.2157 -0.3678 0.9045
vn -0.3115 0.2911 0.9045
vn 0.3015 0.3661 -0.8804
vn 0.3015 0.0653 0.9512
vn 0.3211 -0.3015 -0.8978
vn -0.3969 0.1558 0.9045
vn 0.3988 -0.1510 0.9045
vn -0.1633 -0.3939 0.9045
vn 0.3940 0.1631 0.9045
vn -0.3121 0.2906 0.9045
vn 0.2158 -0.3677 0.9045
vn -0.1631 -0.3940 0.9045
vn 0.3939 0.1632 0.9045
vn -0.3120 0.2906 0.9045
vn -0.1530 -0.3980 0.9045
vn 0.3896 0.1732 0.9045
vn 0.3015 0.3251 -0.8963
vn 0.3015 0.0811 0.9500
vn -0.2820 0.3199 0.9045
vn 0.2872 0.3152 0.9045
vn -0.1585 -0.3958 0.9045
vn 0.3920 0.1678 0.9045
vn -0.1584 -0.3959 0.9045
vn 0.3919 0.1679 0.9045
vn -0.1482 -0.3998 0.9045
vn 0.3875 0.1779 0.9045
vn 0.3015 0.3349 -0.8927
vn 0.3015 0.0773 0.9503
vn -0.3015 -0.3349 -0.8927
vn -0.3015 -0.0773 0.9503
vn -0.4013 -0.1440 0.9045
vn 0.3133 -0.2892 0.9045
vn -0.2162 0.3675 0.9045
vn -0.3132 0.2894 0.9045
vn 0.2161 -0.3676 0.9045
vn 0.3139 -0.2886 0.9045
vn -0.2163 0.3675 0.9045
vn 0.1705 -0.3908 0.9045
vn 0.4035 0.1380 0.9045
vn -0.3673 -0.2166 0.9045
vn -0.3138 0.2887 0.9045
vn 0.2163 -0.3675 0.9045
vn -0.2810 0.3207 -0.9045
vn -0.1360 0.4041 -0.9045
vn 0.4033 0.1385 -0.9045
vn 0.1361 -0.4041 -0.9045
vn 0.3842 0.1850 -0.9045
vn -0.3142 -0.2883 -0.9045
vn -0.3888 -0.1750 -0.9045
vn 0.3143 0.2881 -0.9045
vn -0.2160 0.3676 -0.9045
vn -0.3888 -0.1752 -0.9045
vn 0.3887 0.1753 -0.9045
vn 0.2160 -0.3676 -0.9045
vn -0.3842 -0.1849 -0.9045
vn 0.3888 0.1751 -0.9045
vn -0.3015 0.3395 -0.8910
vn -0.3015 0.0756 0.9505
vn 0.3015 -0.3395 -0.8910
vn 0.3015 -0.0756 0.9505
vn -0.3211 -0.3015 -0.8978
vn -0.0826 -0.3015 0.9499
vn -0.1752 0.3888 -0.9045
vn 0.2625 -0.3360 -0.9045
vn 0.3116 -0.2911 -0.9045
vn -0.2157 0.3678 -0.9045
vn 0.3115 -0.2911 -0.9045
vn 0.3015 -0.3661 -0.8804
vn 0.3015 -0.0653 0.9512
vn -0.3246 -0.3015 -0.8965
vn -0.0813 -0.3015 0.9500
vn -0.3015 0.3661 -0.8804
vn -0.3015 0.0653 0.9512
vn 0.3246 0.3015 -0.8965
vn 0.0813 0.3015 0.9500
vn -0.3243 -0.3015 -0.8966
vn -0.0814 -0.3015 0.9500
vn -0.3210 -0.3015 -0.8978
vn 0.3210 0.3015 -0.8978
vn 0.0826 0.3015 0.9499
vn 0.3211 0.3015 -0.8978
vn -0.1705 0.3908 -0.9045
vn 0.1752 -0.3888 -0.9045
vn 0.1633 0.3939 -0.9045
vn -0.3940 -0.1630 -0.9045
vn 0.3121 -0.2906 -0.9045
vn -0.2158 0.3677 -0.9045
vn 0.1632 0.3939 -0.9045
vn -0.3940 -0.1631 -0.9045
vn 0.3120 -0.2906 -0.9045
vn 0.1531 0.3980 -0.9045
vn -0.3896 -0.1732 -0.9045
vn -0.3015 0.3251 -0.8963
vn -0.3015 0.0811 0.9500
vn 0.3243 0.3015 -0.8966
vn 0.0814 0.3015 0.9500
vn 0.3015 -0.3251 -0.8963
vn 0.3015 -0.0811 0.9500
vn -0.2819 0.3199 -0.9046
vn 0.3673 0.2166 -0.9045
vn 0.1586 0.3958 -0.9045
vn -0.3920 -0.1677 -0.9045
vn 0.1584 0.3959 -0.9045
vn -0.3920 -0.1679 -0.9045
vn 0.1483 0.3998 -0.9045
vn -0.3875 -0.1778 -0.9045
vn -0.3015 0.3349 -0.8927
vn -0.3015 0.0773 0.9503
vn 0.3015 -0.3349 -0.8927
vn 0.3015 -0.0773 0.9503
vn -0.2625 -0.3360 -0.9045
vn -0.3133 0.2892 -0.9045
vn 0.2162 -0.3675 -0.9045
vn 0.3132 -0.2894 -0.9045
vn -0.2161 0.3676 -0.9045
vn -0.3139 0.2886 -0.9045
vn 0.3969 -0.1558 -0.9045
vn 0.2818 0.3200 -0.9045
vn -0.2872 -0.3152 -0.9045
vn 0.3138 -0.2887 -0.9045
vn -0.3016 -0.3015 0.9045
vn -0.4034 0.1384 0.9045
vn -0.1362 0.4041 0.9045
vn 0.4033 0.1383 0.9045
vn 0.3016 -0.3014 0.9045
vn 0.1362 -0.4041 0.9045
vn 0.3841 0.1851 0.9045
vn -0.1361 -0.4041 0.9045
vn -0.3888 -0.1751 0.9045
vn 0.1360 0.4041 0.9045
vn -0.2160 0.3676 0.9045
vn -0.3887 -0.1752 0.9045
vn 0.3887 0.1753 0.9045
vn 0.2160 -0.3676 0.9045
vn -0.3842 -0.1850 0.9045
vn 0.3887 0.1752 0.9045
vn 0.3015 -0.0756 -0.9505
vn 0.3015 -0.3395 0.8910
vn -0.0813 -0.3015 -0.9500
vn -0.3246 -0.3015 0.8965
vn 0.0813 0.3015 -0.9500
vn 0.3246 0.3015 0.8965
vn -0.3015 0.0756 -0.9505
vn -0.3015 0.3395 0.8910
vn 0.0814 0.3015 -0.9500
vn 0.3243 0.3015 0.8966
vn -0.0814 -0.3015 -0.9500
vn -0.3243 -0.3015 0.8966
vn -0.0826 -0.3015 -0.9499
vn -0.3210 -0.3015 0.8978
vn 0.0826 0.3015 -0.9499
vn 0.3210 0.3015 0.8978
vn 0.3211 0.3015 0.8978
vn -0.1752 0.3887 0.9045
vn 0.4013 -0.1441 0.9045
vn -0.2157 0.3678 0.9045
vn 0.3116 -0.2911 0.9045
vn 0.3115 -0.2911 0.9045
vn 0.3015 -0.0653 -0.9512
vn 0.3015 -0.3661 0.8804
vn -0.3211 -0.3015 0.8978
vn -0.1705 0.3908 0.9045
vn 0.1752 -0.3887 0.9045
vn -0.3940 -0.1631 0.9045
vn 0.1633 0.3939 0.9045
vn -0.2158 0.3677 0.9045
vn 0.3121 -0.2906 0.9045
vn -0.3939 -0.1632 0.9045
vn 0.1631 0.3940 0.9045
vn 0.3120 -0.2906 0.9045
vn -0.3896 -0.1732 0.9045
vn 0.1530 0.3980 0.9045
vn 0.3015 -0.0811 -0.9500
vn 0.3015 -0.3251 0.8963
vn -0.4035 0.1380 0.9045
vn 0.3673 0.2166 0.9045
vn -0.3920 -0.1678 0.9045
vn 0.1585 0.3958 0.9045
vn -0.3919 -0.1679 0.9045
vn 0.1584 0.3959 0.9045
vn -0.3875 -0.1779 0.9045
vn 0.1482 0.3998 0.9045
vn 0.3015 -0.0773 -0.9503
vn 0.3015 -0.3349 0.8927
vn -0.3015 0.0773 -0.9503
vn -0.3015 0.3349 0.8927
vn -0.2625 -0.3360 0.9045
vn 0.2162 -0.3675 0.9045
vn -0.3133 0.2892 0.9045
vn -0.2161 0.3676 0.9045
vn 0.3132 -0.2894 0.9045
vn -0.3139 0.2886 0.9045
vn 0.3969 -0.1558 0.9045
vn 0.2820 0.3199 0.9045
vn -0.2872 -0.3152 0.9045
vn 0.3138 -0.2887 0.9045
vt 0.658300 0.492800
vt 0.522300 0.481600
vt 0.647000 0.481600
vt 0.240100 0.240100
vt 0.031200 0.251100
vt 0.020000 0.239900
vt 0.826800 0.415800
vt 0.690900 0.427000
vt 0.679600 0.415800
vt 0.756300 0.339000
vt 0.962600 0.328000
vt 0.973800 0.339300
vt 0.249000 0.240100
vt 0.240100 0.251300
vt 0.240100 0.339000
vt 0.031200 0.328000
vt 0.240100 0.327800
vt 0.804400 0.641800
vt 0.679600 0.631900
vt 0.804400 0.631900
vt 0.746400 0.339000
vt 0.756300 0.327800
vt 0.756300 0.240100
vt 0.962600 0.251100
vt 0.756300 0.251300
vt 0.746400 0.240100
vt 0.503000 0.251300
vt 0.503000 0.240100
vt 0.804400 0.594100
vt 0.679600 0.584200
vt 0.804400 0.584200
vt 0.493100 0.339100
vt 0.503000 0.327900
vt 0.503000 0.339100
vt 0.493100 0.251300
vt 0.493100 0.240100
vt 0.249000 0.339000
vt 0.493100 0.327900
vt 0.249000 0.251300
vt 0.804400 0.549200
vt 0.679600 0.540200
vt 0.804400 0.540200
vt 0.249000 0.327800
vt 0.746400 0.327800
vt 0.746400 0.251300
vt 0.804400 0.624700
vt 0.679600 0.649000
vt 0.679600 0.641800
vt 0.020000 0.606200
vt 0.263400 0.599000
vt 0.263400 0.606200
vt 0.020000 0.071300
vt 0.031200 0.081200
vt 0.020000 0.081200
vt 0.862900 0.379100
vt 0.935700 0.390400
vt 0.862900 0.390400
vt 0.756300 0.309700
vt 0.962600 0.298700
vt 0.973800 0.309900
vt 0.240100 0.309700
vt 0.031200 0.298700
vt 0.240100 0.298500
vt 0.323700 0.733400
vt 0.250900 0.723500
vt 0.323700 0.723500
vt 0.746400 0.309700
vt 0.756300 0.298500
vt 0.746400 0.071300
vt 0.503000 0.081200
vt 0.503000 0.071300
vt 0.323700 0.817700
vt 0.250900 0.807800
vt 0.323700 0.807800
vt 0.493100 0.309800
vt 0.503000 0.298600
vt 0.503000 0.309800
vt 0.249000 0.309700
vt 0.493100 0.298600
vt 0.493100 0.071300
vt 0.249000 0.081200
vt 0.249000 0.071300
vt 0.323700 0.776400
vt 0.250900 0.767400
vt 0.323700 0.767400
vt 0.249000 0.298500
vt 0.746400 0.298500
vt 0.862900 0.397500
vt 0.020000 0.892000
vt 0.226300 0.884900
vt 0.226300 0.892000
vt 0.323700 0.716300
vt 0.226300 0.928800
vt 0.020000 0.936000
vt 0.020000 0.928800
vt 0.247200 0.910400
vt 0.320000 0.903200
vt 0.320000 0.910400
vt 0.250900 0.783600
vt 0.250900 0.776400
vt 0.020000 0.870100
vt 0.228900 0.862900
vt 0.228900 0.870100
vt 0.020000 0.496300
vt 0.264100 0.489100
vt 0.264100 0.496300
vt 0.323700 0.760300
vt 0.264100 0.423100
vt 0.020000 0.430300
vt 0.020000 0.423100
vt 0.250900 0.824800
vt 0.250900 0.817700
vt 0.263400 0.665000
vt 0.020000 0.672200
vt 0.020000 0.665000
vt 0.323700 0.800600
vt 0.020000 0.097000
vt 0.031200 0.107400
vt 0.020000 0.107400
vt 0.973800 0.081200
vt 0.962600 0.071300
vt 0.973800 0.071300
vt 0.488800 0.513500
vt 0.287500 0.503600
vt 0.488800 0.503600
vt 0.746400 0.081200
vt 0.756400 0.071300
vt 0.756400 0.081200
vt 0.746400 0.097000
vt 0.503000 0.107400
vt 0.503000 0.097000
vt 0.488800 0.473200
vt 0.287500 0.463300
vt 0.488800 0.463300
vt 0.493100 0.081200
vt 0.493100 0.097000
vt 0.249000 0.107400
vt 0.249000 0.097000
vt 0.488800 0.431900
vt 0.287500 0.423000
vt 0.488800 0.423000
vt 0.240100 0.081200
vt 0.488800 0.496400
vt 0.721000 0.357200
vt 0.514700 0.364300
vt 0.514700 0.357200
vt 0.287500 0.573200
vt 0.488800 0.566000
vt 0.488800 0.573200
vt 0.228900 0.709000
vt 0.020000 0.716100
vt 0.020000 0.709000
vt 0.287500 0.439100
vt 0.287500 0.431900
vt 0.020000 0.826100
vt 0.228900 0.818900
vt 0.228900 0.826100
vt 0.488800 0.415800
vt 0.263400 0.621000
vt 0.020000 0.628200
vt 0.020000 0.621000
vt 0.287500 0.520700
vt 0.287500 0.513500
vt 0.020000 0.694200
vt 0.263400 0.687000
vt 0.263400 0.694200
vt 0.488800 0.456100
vt 0.840100 0.397500
vt 0.698200 0.386300
vt 0.840100 0.386300
vt 0.240100 0.269400
vt 0.031200 0.280400
vt 0.020000 0.269200
vt 0.488800 0.379100
vt 0.287500 0.390400
vt 0.287500 0.379100
vt 0.249000 0.269400
vt 0.240100 0.280600
vt 0.653000 0.627100
vt 0.511100 0.617200
vt 0.653000 0.617200
vt 0.746400 0.107400
vt 0.756400 0.097000
vt 0.756400 0.107400
vt 0.756300 0.269400
vt 0.962600 0.280400
vt 0.756300 0.280600
vt 0.746400 0.269400
vt 0.503000 0.280600
vt 0.503000 0.269400
vt 0.653000 0.667400
vt 0.511100 0.657500
vt 0.653000 0.657500
vt 0.493100 0.107400
vt 0.493100 0.280600
vt 0.493100 0.269400
vt 0.249000 0.280600
vt 0.653000 0.585800
vt 0.511100 0.576900
vt 0.653000 0.576900
vt 0.240100 0.107400
vt 0.746400 0.280600
vt 0.840100 0.379100
vt 0.511100 0.593000
vt 0.511100 0.585800
vt 0.020000 0.848100
vt 0.228900 0.840900
vt 0.228900 0.848100
vt 0.653000 0.650300
vt 0.247200 0.921600
vt 0.962600 0.081200
vt 0.240100 0.071300
vt 0.031200 0.071300
vt 0.962600 0.097000
vt 0.962600 0.107400
vt 0.973800 0.107400
vt 0.522300 0.390400
vt 0.664200 0.379100
vt 0.664200 0.390400
vt 0.287500 0.584400
vt 0.240100 0.097000
vt 0.031200 0.097000
vt 0.511100 0.522800
vt 0.647000 0.511100
vt 0.658300 0.522200
vt 0.031200 0.210800
vt 0.240100 0.221800
vt 0.020000 0.222000
vt 0.647000 0.551600
vt 0.511100 0.540400
vt 0.658200 0.540400
vt 0.962600 0.133800
vt 0.756300 0.122800
vt 0.973800 0.122600
vt 0.240100 0.210600
vt 0.249000 0.221800
vt 0.240100 0.122800
vt 0.031200 0.133800
vt 0.020000 0.122600
vt 0.372000 0.969200
vt 0.247200 0.979100
vt 0.247200 0.969200
vt 0.756300 0.134000
vt 0.746400 0.122800
vt 0.756300 0.221800
vt 0.962600 0.210800
vt 0.973800 0.222000
vt 0.503000 0.210600
vt 0.746400 0.221800
vt 0.503000 0.221800
vt 0.372000 0.939800
vt 0.247200 0.949800
vt 0.247200 0.939800
vt 0.503000 0.134000
vt 0.493100 0.122800
vt 0.503000 0.122800
vt 0.493100 0.210600
vt 0.493100 0.221800
vt 0.493100 0.134000
vt 0.249000 0.122800
vt 0.249000 0.210600
vt 0.800700 0.665000
vt 0.676000 0.673900
vt 0.676000 0.665000
vt 0.249000 0.134000
vt 0.746400 0.134000
vt 0.746400 0.210600
vt 0.815600 0.434200
vt 0.690900 0.434200
vt 0.948200 0.364300
vt 0.741900 0.357200
vt 0.948200 0.357200
vt 0.287500 0.357200
vt 0.493800 0.364300
vt 0.287500 0.364300
vt 0.522300 0.474400
vt 0.647000 0.474400
vt 0.020000 0.796900
vt 0.228900 0.804100
vt 0.020000 0.804100
vt 0.679600 0.549200
vt 0.804400 0.556300
vt 0.679600 0.556300
vt 0.228900 0.738100
vt 0.020000 0.731000
vt 0.228900 0.731000
vt 0.264100 0.452300
vt 0.020000 0.445100
vt 0.264100 0.445100
vt 0.679600 0.533100
vt 0.804400 0.533100
vt 0.020000 0.467100
vt 0.264100 0.474300
vt 0.020000 0.474300
vt 0.679600 0.594100
vt 0.804400 0.601300
vt 0.679600 0.601300
vt 0.020000 0.577000
vt 0.263400 0.584200
vt 0.020000 0.584200
vt 0.679600 0.577000
vt 0.804400 0.577000
vt 0.031200 0.020000
vt 0.020000 0.029900
vt 0.020000 0.020000
vt 0.334900 0.844900
vt 0.262000 0.855800
vt 0.250900 0.844600
vt 0.962600 0.192500
vt 0.756300 0.181500
vt 0.973800 0.181200
vt 0.240100 0.181500
vt 0.031200 0.192500
vt 0.020000 0.181200
vt 0.921000 0.415800
vt 0.848200 0.425700
vt 0.848200 0.415800
vt 0.756300 0.192700
vt 0.746400 0.181500
vt 0.503000 0.020000
vt 0.746400 0.029900
vt 0.503000 0.029900
vt 0.917300 0.445100
vt 0.844600 0.455000
vt 0.844600 0.445100
vt 0.503000 0.192600
vt 0.493100 0.181400
vt 0.503000 0.181400
vt 0.493100 0.192600
vt 0.249000 0.181500
vt 0.249000 0.020000
vt 0.493100 0.029900
vt 0.249000 0.029900
vt 0.411600 0.716300
vt 0.338800 0.725200
vt 0.338800 0.716300
vt 0.249000 0.192700
vt 0.746400 0.192700
vt 0.020000 0.752900
vt 0.228900 0.760100
vt 0.020000 0.760100
vt 0.250900 0.733400
vt 0.323700 0.740600
vt 0.250900 0.740600
vt 0.263400 0.562200
vt 0.020000 0.555000
vt 0.263400 0.555000
vt 0.031200 0.045700
vt 0.020000 0.056100
vt 0.020000 0.045700
vt 0.962600 0.029900
vt 0.973800 0.020000
vt 0.973800 0.029900
vt 0.488800 0.657700
vt 0.287500 0.667600
vt 0.287500 0.657700
vt 0.756400 0.029900
vt 0.746400 0.020000
vt 0.756400 0.020000
vt 0.503000 0.045700
vt 0.746400 0.056100
vt 0.503000 0.056100
vt 0.488800 0.683300
vt 0.287500 0.693200
vt 0.287500 0.683300
vt 0.493100 0.020000
vt 0.249000 0.045700
vt 0.493100 0.056100
vt 0.249000 0.056100
vt 0.488800 0.602700
vt 0.287500 0.611600
vt 0.287500 0.602700
vt 0.240100 0.020000
vt 0.488800 0.397500
vt 0.287500 0.397500
vt 0.226300 0.980000
vt 0.020000 0.972800
vt 0.226300 0.972800
vt 0.264100 0.408300
vt 0.020000 0.401100
vt 0.264100 0.401100
vt 0.020000 0.511100
vt 0.264100 0.518200
vt 0.020000 0.518200
vt 0.287500 0.473200
vt 0.488800 0.480400
vt 0.287500 0.480400
vt 0.511100 0.427000
vt 0.653100 0.416400
vt 0.664200 0.427700
vt 0.031200 0.152100
vt 0.240100 0.163100
vt 0.020000 0.163400
vt 0.488800 0.639600
vt 0.287500 0.628300
vt 0.488800 0.628300
vt 0.240100 0.151900
vt 0.249000 0.163100
vt 0.821600 0.481800
vt 0.679600 0.491700
vt 0.679600 0.481800
vt 0.756400 0.056100
vt 0.746400 0.045700
vt 0.756400 0.045700
vt 0.756300 0.163100
vt 0.962600 0.152100
vt 0.973800 0.163400
vt 0.503000 0.152000
vt 0.746400 0.163100
vt 0.503000 0.163200
vt 0.821600 0.507400
vt 0.679600 0.517300
vt 0.679600 0.507400
vt 0.493100 0.045700
vt 0.493100 0.152000
vt 0.493100 0.163200
vt 0.249000 0.151900
vt 0.821600 0.452400
vt 0.679600 0.461400
vt 0.679600 0.452400
vt 0.240100 0.045700
vt 0.746400 0.151900
vt 0.664200 0.397500
vt 0.522300 0.397500
vt 0.226300 0.914000
vt 0.020000 0.906900
vt 0.226300 0.906900
vt 0.511100 0.610000
vt 0.653000 0.610000
vt 0.020000 0.950800
vt 0.226300 0.958000
vt 0.020000 0.958000
vt 0.020000 0.774900
vt 0.228900 0.782100
vt 0.020000 0.782100
vt 0.264100 0.364300
vt 0.020000 0.357200
vt 0.264100 0.357200
vt 0.511100 0.569700
vt 0.653000 0.569700
vt 0.020000 0.379100
vt 0.264100 0.386300
vt 0.020000 0.386300
vt 0.511100 0.667400
vt 0.653000 0.674600
vt 0.511100 0.674600
vt 0.020000 0.643000
vt 0.263400 0.650200
vt 0.020000 0.650200
vt 0.511100 0.627100
vt 0.653000 0.634300
vt 0.511100 0.634300
vt 0.263400 0.540200
vt 0.020000 0.533100
vt 0.263400 0.533100
vt 0.331200 0.885100
vt 0.258400 0.874200
vt 0.331100 0.873900
vt 0.962600 0.020000
vt 0.240100 0.029900
vt 0.031200 0.029900
vt 0.962600 0.056100
vt 0.962600 0.045700
vt 0.973800 0.045700
vt 0.511100 0.445300
vt 0.653000 0.456300
vt 0.511100 0.456500
vt 0.488800 0.547900
vt 0.287500 0.536700
vt 0.488800 0.536700
vt 0.240100 0.056100
vt 0.031200 0.056100
vt 0.511100 0.492800
vt 0.815600 0.427000
vt 0.020000 0.339300
vt 0.973800 0.239900
vt 0.679600 0.624700
vt 0.804400 0.649000
vt 0.020000 0.599000
vt 0.946900 0.379100
vt 0.020000 0.309900
vt 0.935700 0.397500
vt 0.020000 0.884900
vt 0.250900 0.716300
vt 0.226300 0.936000
vt 0.247200 0.903200
vt 0.323700 0.783600
vt 0.020000 0.862900
vt 0.020000 0.489100
vt 0.250900 0.760300
vt 0.264100 0.430300
vt 0.323700 0.824800
vt 0.263400 0.672200
vt 0.250900 0.800600
vt 0.287500 0.496400
vt 0.721000 0.364300
vt 0.287500 0.566000
vt 0.228900 0.716100
vt 0.488800 0.439100
vt 0.020000 0.818900
vt 0.287500 0.415800
vt 0.263400 0.628200
vt 0.488800 0.520700
vt 0.020000 0.687000
vt 0.287500 0.456100
vt 0.687000 0.397500
vt 0.488800 0.390400
vt 0.973800 0.269200
vt 0.698200 0.379100
vt 0.653000 0.593000
vt 0.020000 0.840900
vt 0.511100 0.650300
vt 0.331200 0.921600
vt 0.973800 0.097000
vt 0.511100 0.379100
vt 0.488800 0.584400
vt 0.522200 0.511600
vt 0.522300 0.551600
vt 0.240100 0.134000
vt 0.372000 0.979100
vt 0.756300 0.210600
vt 0.372000 0.949800
vt 0.800700 0.673900
vt 0.741900 0.364300
vt 0.493800 0.357200
vt 0.228900 0.796900
vt 0.020000 0.738100
vt 0.020000 0.452300
vt 0.264100 0.467100
vt 0.263400 0.577000
vt 0.334800 0.856100
vt 0.240100 0.192700
vt 0.921000 0.425700
vt 0.917300 0.455000
vt 0.411600 0.725200
vt 0.228900 0.752900
vt 0.020000 0.562200
vt 0.488800 0.667600
vt 0.488800 0.693200
vt 0.488800 0.611600
vt 0.020000 0.980000
vt 0.020000 0.408300
vt 0.264100 0.511100
vt 0.511100 0.415800
vt 0.287500 0.639600
vt 0.821600 0.491700
vt 0.756300 0.151900
vt 0.821600 0.517300
vt 0.821600 0.461400
vt 0.020000 0.914000
vt 0.226300 0.950800
vt 0.228900 0.774900
vt 0.020000 0.364300
vt 0.264100 0.379100
vt 0.263400 0.643000
vt 0.020000 0.540200
vt 0.247200 0.885500
vt 0.973800 0.056100
vt 0.664200 0.445100
vt 0.287500 0.547900
s 0
f 2913/7841/4604 2915/7842/4605 2916/7843/4606
f 2917/7844/4604 2915/7845/4607 2914/7846/4604
f 2920/7847/4604 2922/7848/4608 2919/7849/4604
f 2923/7850/4604 2921/7851/4609 2920/7852/4604
f 2925/7853/4604 2918/7854/4610 2917/7844/4604
f 2927/7855/4604 2916/7856/4611 2928/7857/4612
s 1
f 2929/7858/4612 2931/7859/4613 2924/7860/4606
s 0
f 2932/7861/4604 2924/7862/4614 2923/7850/4604
f 2933/7863/4604 2922/7864/4615 2931/7865/4613
f 2935/7866/4604 2936/7867/4616 2934/7868/4604
s 1
f 2938/7869/4612 2936/7870/4613 2937/7871/4606
s 0
f 2941/7872/4604 2937/7873/4617 2940/7874/4604
f 2934/7868/4604 2939/7875/4618 2942/7876/4604
f 2943/7877/4604 2938/7878/4619 2941/7872/4604
f 2942/7876/4604 2926/7879/4620 2925/7853/4604
s 1
f 2928/7880/4612 2926/7881/4613 2944/7882/4606
s 0
f 2927/7855/4604 2944/7883/4621 2943/7877/4604
f 2940/7874/4604 2929/7884/4622 2932/7861/4604
f 2933/7863/4604 2930/7885/4623 2935/7866/4604
f 2931/7859/4624 2946/7886/4625 2924/7860/4606
f 2929/7858/4626 2948/7887/4627 2930/7888/4628
f 2937/7889/4629 2947/7890/4630 2929/7891/4612
f 2951/7892/4604 2953/7893/4631 2950/7894/4604
f 2954/7895/4604 2956/7896/4632 2957/7897/4628
f 2958/7898/4604 2956/7899/4609 2955/7900/4604
f 2960/7901/4604 2962/7902/4611 2963/7903/4612
s 1
f 2964/7904/4612 2966/7905/4613 2959/7906/4606
s 0
f 2967/7907/4604 2959/7908/4614 2958/7898/4604
f 2969/7909/4633 2970/7910/4634 2968/7911/4606
s 1
f 2972/7912/4612 2970/7913/4613 2971/7914/4606
s 0
f 2975/7915/4604 2971/7916/4617 2974/7917/4604
f 2976/7918/4604 2972/7919/4619 2975/7915/4604
f 2979/7920/4633 2980/7921/4635 2978/7922/4606
s 1
f 2963/7923/4612 2980/7924/4613 2977/7925/4606
s 0
f 2960/7901/4604 2977/7926/4621 2976/7918/4604
f 2974/7917/4604 2964/7927/4622 2967/7907/4604
f 2956/7896/4636 2983/7928/4637 2957/7897/4628
f 2959/7929/4638 2982/7930/4639 2956/7931/4612
f 2966/7905/4640 2984/7932/4641 2959/7906/4606
f 2957/7933/4642 2985/7934/4643 2966/7935/4613
f 2953/7936/4640 2987/7937/4641 2962/7938/4606
f 2963/7923/4636 2989/7939/4637 2981/7940/4628
f 2962/7941/4644 2988/7942/4645 2963/7943/4612
f 2977/7944/4629 2991/7945/4646 2972/7946/4612
f 2980/7924/4640 2990/7947/4641 2977/7925/4606
f 2973/7948/4647 2992/7949/4648 2980/7950/4613
f 2972/7912/4636 2993/7951/4637 2973/7952/4628
f 2965/7953/4647 2995/7954/4649 2970/7955/4613
f 2970/7913/4640 2996/7956/4641 2971/7914/4606
f 2998/7957/4604 3000/7958/4650 2997/7959/4604
f 2954/7960/4604 3002/7961/4651 3001/7962/4604
s 1
f 2969/7963/4612 3005/7964/4613 3003/7965/4606
s 0
f 2965/7966/4652 3003/7967/4653 2966/7968/4613
f 3007/7969/4654 3008/7970/4655 3006/7971/4606
s 1
f 2979/7972/4612 3008/7973/4613 2968/7974/4606
s 0
f 2973/7975/4656 2968/7911/4657 2970/7910/4613
f 3011/7976/4654 3012/7977/4658 3010/7978/4606
s 1
f 3013/7979/4612 3012/7980/4613 2978/7981/4606
s 0
f 2981/7982/4659 2978/7922/4660 2980/7921/4613
f 3005/7964/4661 3016/7983/4662 3003/7965/4606
f 3017/7984/4642 3015/7985/4643 3005/7986/4613
f 3000/7987/4661 3020/7988/4662 2952/7989/4606
f 3014/7990/4663 3019/7991/4664 3000/7992/4613
f 3013/7979/4665 3021/7993/4666 3014/7994/4628
f 2952/7995/4644 3022/7996/4645 3013/7997/4612
f 3012/7980/4661 3024/7998/4662 2978/7981/4606
f 3004/7999/4647 3026/8000/4649 3008/8001/4613
f 2969/7963/4665 3025/8002/4666 3004/8003/4628
f 2968/8004/4629 3027/8005/4630 2969/8006/4612
f 3008/7973/4661 3028/8007/4662 2968/7974/4606
f 2998/8008/4604 3030/8009/4667 2999/8010/4668
f 3031/8011/4604 3030/8012/4607 3029/8013/4604
f 3001/8014/4604 3017/8015/4669 3033/8016/4604
f 3034/8017/4604 3032/8018/4610 3031/8011/4604
s 1
f 3007/8019/4612 3038/8020/4613 3036/8021/4606
s 0
f 3004/8022/4670 3036/8023/4671 3005/8024/4613
f 3039/8025/4604 3041/8026/4615 3038/8027/4613
f 3043/8028/4604 3044/8029/4616 3042/8030/4604
s 1
f 3011/8031/4612 3044/8032/4613 3006/8033/4606
s 0
f 3009/8034/4672 3006/7971/4673 3008/7970/4613
f 3042/8030/4604 3045/8035/4618 3046/8036/4604
f 3046/8036/4604 3035/8037/4620 3034/8017/4604
s 1
f 3047/8038/4612 3035/8039/4613 3010/8040/4606
s 0
f 3014/8041/4674 3010/7978/4675 3012/7977/4613
f 3039/8025/4604 3037/8042/4623 3043/8028/4604
f 3030/8009/4676 3049/8043/4677 2999/8010/4606
f 3047/8038/4678 3051/8044/4679 3032/8045/4628
f 2999/8046/4644 3050/8047/4645 3047/8048/4612
f 3044/8032/4676 3053/8049/4677 3006/8033/4606
f 2962/7938/4680 2950/8050/4604 2953/7936/4613
f 2966/7968/4681 3002/7961/4682 2957/8051/4628
f 3013/8052/4683 2953/7893/4684 2952/8053/4606
f 3005/8024/4685 3054/8054/4686 3017/8055/4628
f 3054/8054/4687 3033/8056/4604 3017/8055/4628
f 3041/8057/4688 3055/8058/4604 3054/8059/4689
f 2952/7989/4690 2997/8060/4604 3000/7987/4613
f 3047/8061/4691 3000/7958/4692 2999/8062/4606
f 3056/8063/4693 3058/8064/4694 3059/8065/4693
f 3058/8066/4695 3061/8067/4693 3059/8068/4693
f 3063/8069/4696 3065/8070/4693 3062/8071/4693
f 3064/8072/4697 3066/8073/4693 3065/8074/4693
f 3060/8075/4698 3068/8076/4693 3061/8067/4693
f 3069/8077/4693 3057/8078/4699 3056/8079/4693
s 1
f 2945/8080/4700 2947/8081/4701 2946/8082/4702
s 0
f 2946/8083/4703 3071/8084/4693 3066/8073/4693
f 3072/8085/4693 3063/8086/4704 3062/8087/4693
f 3074/8088/4705 3075/8089/4693 3073/8090/4693
s 1
f 3074/8091/4700 3077/8092/4701 2949/8093/4702
s 0
f 2949/8094/4706 3079/8095/4693 3078/8096/4693
f 3076/8097/4707 3073/8090/4693 3080/8098/4693
f 3077/8099/4708 3082/8100/4693 3079/8095/4693
f 3067/8101/4709 3080/8098/4693 3068/8076/4693
s 1
f 3067/8102/4700 3070/8103/4701 3081/8104/4702
s 0
f 3081/8105/4710 3069/8077/4693 3082/8100/4693
f 2947/8106/4711 3078/8096/4693 3071/8084/4693
f 2948/8107/4712 3072/8085/4693 3075/8089/4693
f 2922/7848/4713 3064/8108/4714 3063/8109/4715
f 2921/8110/4716 2946/8111/4717 3064/8112/4701
f 2931/8113/4718 3063/8114/4719 2945/8115/4700
f 2916/7843/4720 3058/8116/4721 3057/8117/4702
f 2915/8118/4722 3060/8119/4723 3058/8120/4700
f 2918/8121/4713 3070/8122/4714 3060/8123/4715
f 2928/8124/4724 3057/8125/4725 3070/8126/4701
f 2938/8127/4726 3081/8128/4727 3077/8129/4701
f 2944/7882/4720 3067/8130/4721 3081/8131/4702
f 2926/8132/4728 3076/8133/4729 3067/8134/4700
f 2939/8135/4713 3077/8136/4714 3076/8137/4715
f 2936/8138/4730 2948/8139/4729 3074/8140/4700
f 2937/7871/4720 3074/8141/4721 2949/8142/4702
f 2986/8143/4731 3084/8144/4693 3083/8145/4693
f 3085/8146/4693 2982/8147/4732 3086/8148/4693
f 2982/8149/4697 3087/8150/4693 3086/8151/4693
f 3088/8152/4693 2987/8153/4699 3089/8154/4693
s 1
f 2985/8155/4700 3090/8156/4701 2984/8157/4702
s 0
f 2984/8158/4703 3091/8159/4693 3087/8150/4693
f 2995/8160/4733 3027/8161/4734 3028/8162/4702
s 1
f 2995/8163/4700 2991/8164/4701 2996/8165/4702
s 0
f 2996/8166/4706 3093/8167/4693 3092/8168/4693
f 2991/8169/4708 3094/8170/4693 3093/8167/4693
f 2992/8171/4735 3095/8172/4734 3024/8173/4702
s 1
f 2992/8174/4700 2988/8175/4701 2990/8176/4702
s 0
f 2990/8177/4710 3088/8152/4693 3094/8170/4693
f 3090/8178/4711 3092/8168/4693 3091/8159/4693
f 2953/8179/4722 2989/8180/4723 2986/8181/4700
f 2965/8182/4736 3090/8183/4737 2994/8184/4715
f 2964/8185/4738 2996/8186/4727 3090/8187/4701
f 3019/8188/4739 3097/8189/4693 3096/8190/4693
f 3099/8191/4740 3085/8192/4693 3098/8193/4693
s 1
f 3015/8194/4700 3027/8195/4701 3016/8196/4702
s 0
f 3016/8197/4741 2994/8198/4742 2985/8199/4700
f 3026/8200/4743 3100/8201/4744 3053/8202/4702
s 1
f 3026/8203/4700 3095/8204/4701 3028/8205/4702
s 0
f 3028/8162/4745 2993/8206/4746 2995/8160/4700
f 3023/8207/4747 3103/8208/4744 3102/8209/4702
s 1
f 3023/8210/4700 3022/8211/4701 3024/8212/4702
s 0
f 3024/8173/4748 2989/8213/4749 2992/8171/4700
f 3017/8015/4750 3099/8214/4751 3018/8215/4715
f 3002/8216/4716 3016/8217/4717 3099/8218/4701
f 2979/8219/4726 3024/8220/4727 3095/8221/4701
f 3012/8222/4728 3101/8223/4729 3023/8224/4700
f 3009/8225/4750 3095/8226/4751 3101/8227/4715
f 3097/8228/4693 3048/8229/4752 3104/8230/4693
f 3048/8231/4695 3105/8232/4693 3104/8233/4693
f 3018/8234/4753 3098/8235/4693 3106/8236/4693
f 3051/8237/4698 3108/8238/4693 3105/8232/4693
s 1
f 3110/8239/4700 3100/8240/4701 3109/8241/4702
s 0
f 3109/8242/4754 3025/8243/4755 3015/8244/4700
f 3112/8245/4693 3113/8246/4704 3114/8247/4693
f 3052/8248/4705 3116/8249/4693 3115/8250/4693
s 1
f 3052/8251/4700 3103/8252/4701 3053/8253/4702
s 0
f 3053/8202/4756 3101/8254/4757 3026/8200/4700
f 3117/8255/4707 3115/8250/4693 3118/8256/4693
f 3107/8257/4709 3118/8256/4693 3108/8238/4693
s 1
f 3107/8258/4700 3050/8259/4701 3102/8260/4702
s 0
f 3102/8209/4758 3021/8261/4759 3023/8207/4700
f 3111/8262/4712 3112/8245/4693 3116/8249/4693
f 3041/8057/4760 3119/8263/4761 3113/8264/4715
f 3054/8265/4716 3109/8266/4717 3119/8267/4701
f 3036/8021/4762 3110/8268/4763 3109/8269/4702
f 3038/8270/4718 3113/8271/4719 3110/8272/4700
f 3030/8273/4722 3051/8274/4723 3048/8275/4700
f 3011/8276/4726 3102/8277/4727 3103/8278/4701
f 3010/8040/4762 3107/8279/4763 3102/8280/4702
f 3035/8281/4728 3117/8282/4729 3107/8283/4700
f 3045/8284/4760 3103/8285/4761 3117/8286/4715
f 3044/8287/4730 3111/8288/4729 3052/8289/4700
f 3037/8290/4760 3100/8291/4761 3111/8292/4715
f 3007/8293/4738 3053/8294/4727 3100/8295/4701
f 3083/8296/4693 2987/8297/4764 2986/8298/4700
f 3099/8191/4765 2985/8199/4766 2983/8299/4715
f 2986/8143/4767 3022/8300/4768 3020/8301/4702
f 3119/8302/4769 3015/8244/4770 3018/8303/4715
f 3106/8304/4693 3119/8302/4771 3018/8303/4715
f 3120/8305/4693 3113/8306/4772 3119/8307/4701
f 3096/8308/4693 3020/8309/4773 3019/8310/4700
f 3019/8188/4774 3050/8311/4775 3049/8312/4702
f 2913/7841/4604 2914/8313/4604 2915/7842/4776
f 2917/7844/4604 2918/7854/4628 2915/7845/4777
f 2920/7847/4604 2921/8314/4612 2922/7848/4778
f 2923/7850/4604 2924/7862/4606 2921/7851/4779
f 2925/7853/4604 2926/7879/4613 2918/7854/4780
f 2927/7855/4604 2913/8315/4604 2916/7856/4781
s 1
f 2929/7858/4612 2930/7888/4628 2931/7859/4613
s 0
f 2932/7861/4604 2929/7884/4612 2924/7862/4782
f 2933/7863/4604 2919/8316/4604 2922/7864/4783
f 2935/7866/4604 2930/7885/4628 2936/7867/4784
s 1
f 2938/7869/4612 2939/8135/4628 2936/7870/4613
s 0
f 2941/7872/4604 2938/7878/4612 2937/7873/4785
f 2934/7868/4604 2936/7867/4613 2939/7875/4786
f 2943/7877/4604 2944/7883/4606 2938/7878/4787
f 2942/7876/4604 2939/7875/4628 2926/7879/4784
s 1
f 2928/7880/4612 2918/8121/4628 2926/7881/4613
s 0
f 2927/7855/4604 2928/7857/4612 2944/7883/4788
f 2940/7874/4604 2937/7873/4606 2929/7884/4787
f 2933/7863/4604 2931/7865/4613 2930/7885/4789
f 2931/7859/4790 2945/8317/4700 2946/7886/4791
f 2929/7858/4792 2947/8318/4701 2948/7887/4793
f 2937/7889/4794 2949/8319/4702 2947/7890/4795
f 2951/7892/4604 2952/8053/4606 2953/7893/4796
f 2954/7895/4604 2955/8320/4604 2956/7896/4797
f 2958/7898/4604 2959/7908/4606 2956/7899/4779
f 2960/7901/4604 2961/8321/4604 2962/7902/4781
s 1
f 2964/7904/4612 2965/8182/4628 2966/7905/4613
s 0
f 2967/7907/4604 2964/7927/4612 2959/7908/4782
f 2969/7909/4798 2965/7966/4628 2970/7910/4799
s 1
f 2972/7912/4612 2973/7952/4628 2970/7913/4613
s 0
f 2975/7915/4604 2972/7919/4612 2971/7916/4785
f 2976/7918/4604 2977/7926/4606 2972/7919/4787
f 2979/7920/4800 2973/7975/4628 2980/7921/4799
s 1
f 2963/7923/4612 2981/7940/4628 2980/7924/4613
s 0
f 2960/7901/4604 2963/7903/4612 2977/7926/4788
f 2974/7917/4604 2971/7916/4606 2964/7927/4787
f 2956/7896/4801 2982/8322/4701 2983/7928/4802
f 2959/7929/4803 2984/8323/4702 2982/7930/4804
f 2966/7905/4805 2985/8324/4700 2984/7932/4806
f 2957/7933/4807 2983/8325/4715 2985/7934/4808
f 2953/7936/4805 2986/8326/4700 2987/7937/4806
f 2963/7923/4801 2988/8327/4701 2989/7939/4802
f 2962/7941/4809 2987/8328/4702 2988/7942/4810
f 2977/7944/4811 2990/8329/4702 2991/7945/4795
f 2980/7924/4805 2992/8330/4700 2990/7947/4806
f 2973/7948/4812 2993/8331/4715 2992/7949/4813
f 2972/7912/4801 2991/8332/4701 2993/7951/4802
f 2965/7953/4814 2994/8333/4715 2995/7954/4813
f 2970/7913/4805 2995/8334/4700 2996/7956/4806
f 2998/7957/4604 2999/8062/4606 3000/7958/4815
f 2954/7960/4604 2957/8051/4628 3002/7961/4816
s 1
f 2969/7963/4612 3004/8003/4628 3005/7964/4613
s 0
f 2965/7966/4817 2969/7909/4612 3003/7967/4818
f 3007/7969/4819 3004/8022/4628 3008/7970/4820
s 1
f 2979/7972/4612 3009/8225/4628 3008/7973/4613
s 0
f 2973/7975/4821 2979/7920/4612 2968/7911/4822
f 3011/7976/4823 3009/8034/4628 3012/7977/4820
s 1
f 3013/7979/4612 3014/7994/4628 3012/7980/4613
s 0
f 2981/7982/4824 3013/8052/4612 2978/7922/4825
f 3005/7964/4826 3015/8335/4700 3016/7983/4827
f 3017/7984/4807 3018/8336/4715 3015/7985/4808
f 3000/7987/4826 3019/8337/4700 3020/7988/4827
f 3014/7990/4828 3021/8338/4715 3019/7991/4829
f 3013/7979/4830 3022/8339/4701 3021/7993/4831
f 2952/7995/4809 3020/8340/4702 3022/7996/4810
f 3012/7980/4826 3023/8341/4700 3024/7998/4827
f 3004/7999/4814 3025/8342/4715 3026/8000/4813
f 2969/7963/4830 3027/8343/4701 3025/8002/4831
f 2968/8004/4794 3028/8344/4702 3027/8005/4795
f 3008/7973/4826 3026/8345/4700 3028/8007/4827
f 2998/8008/4604 3029/8346/4604 3030/8009/4832
f 3031/8011/4604 3032/8018/4628 3030/8012/4777
f 3001/8014/4604 3002/8347/4612 3017/8015/4833
f 3034/8017/4604 3035/8037/4613 3032/8018/4780
s 1
f 3007/8019/4612 3037/8290/4628 3038/8020/4613
s 0
f 3004/8022/4834 3007/7969/4612 3036/8023/4835
f 3039/8025/4604 3040/8348/4604 3041/8026/4783
f 3043/8028/4604 3037/8042/4628 3044/8029/4784
s 1
f 3011/8031/4612 3045/8284/4628 3044/8032/4613
s 0
f 3009/8034/4836 3011/7976/4612 3006/7971/4837
f 3042/8030/4604 3044/8029/4613 3045/8035/4786
f 3046/8036/4604 3045/8035/4628 3035/8037/4784
s 1
f 3047/8038/4612 3032/8045/4628 3035/8039/4613
s 0
f 3014/8041/4838 3047/8061/4612 3010/7978/4839
f 3039/8025/4604 3038/8027/4613 3037/8042/4789
f 3030/8009/4840 3048/8349/4700 3049/8043/4841
f 3047/8038/4842 3050/8350/4701 3051/8044/4843
f 2999/8046/4809 3049/8351/4702 3050/8047/4810
f 3044/8032/4840 3052/8352/4700 3053/8049/4841
f 2962/7938/4844 2961/8353/4604 2950/8050/4604
f 2966/7968/4845 3003/7967/4606 3002/7961/4846
f 3013/8052/4847 2981/7982/4628 2953/7893/4848
f 3005/8024/4849 3036/8023/4606 3054/8054/4691
f 3054/8054/4850 3055/8354/4604 3033/8056/4604
f 3041/8057/4851 3040/8355/4604 3055/8058/4604
f 2952/7989/4852 2951/8356/4604 2997/8060/4604
f 3047/8061/4853 3014/8041/4628 3000/7958/4685
f 3056/8063/4693 3057/8357/4854 3058/8064/4855
f 3058/8066/4856 3060/8075/4715 3061/8067/4693
f 3063/8069/4857 3064/8358/4858 3065/8070/4693
f 3064/8072/4859 2946/8083/4702 3066/8073/4693
f 3060/8075/4860 3067/8101/4700 3068/8076/4693
f 3069/8077/4693 3070/8359/4701 3057/8078/4861
s 1
f 2945/8080/4700 2948/8360/4715 2947/8081/4701
s 0
f 2946/8083/4862 2947/8106/4701 3071/8084/4693
f 3072/8085/4693 2945/8361/4700 3063/8086/4863
f 3074/8088/4864 2948/8107/4715 3075/8089/4693
s 1
f 3074/8091/4700 3076/8362/4715 3077/8092/4701
s 0
f 2949/8094/4865 3077/8099/4701 3079/8095/4693
f 3076/8097/4866 3074/8088/4700 3073/8090/4693
f 3077/8099/4867 3081/8105/4702 3082/8100/4693
f 3067/8101/4864 3076/8097/4715 3080/8098/4693
s 1
f 3067/8102/4700 3060/8363/4715 3070/8103/4701
s 0
f 3081/8105/4868 3070/8359/4701 3069/8077/4693
f 2947/8106/4867 2949/8094/4702 3078/8096/4693
f 2948/8107/4869 2945/8361/4700 3072/8085/4693
f 2922/7848/4870 2921/8314/4612 3064/8108/4871
f 2921/8110/4872 2924/8364/4606 2946/8111/4873
f 2931/8113/4874 2922/8365/4628 3063/8114/4875
f 2916/7843/4876 2915/7842/4613 3058/8116/4877
f 2915/8118/4878 2918/8366/4628 3060/8119/4879
f 2918/8121/4870 2928/7880/4612 3070/8122/4871
f 2928/8124/4880 2916/8367/4606 3057/8125/4881
f 2938/8127/4882 2944/8368/4606 3081/8128/4883
f 2944/7882/4876 2926/7881/4613 3067/8130/4877
f 2926/8132/4884 2939/8369/4628 3076/8133/4885
f 2939/8135/4870 2938/7869/4612 3077/8136/4871
f 2936/8138/4884 2930/8370/4628 2948/8139/4886
f 2937/7871/4876 2936/7870/4613 3074/8141/4877
f 2986/8143/4887 3020/8301/4702 3084/8144/4693
f 3085/8146/4693 2983/8371/4715 2982/8147/4888
f 2982/8149/4859 2984/8158/4702 3087/8150/4693
f 3088/8152/4693 2988/8372/4701 2987/8153/4861
s 1
f 2985/8155/4700 2994/8373/4715 3090/8156/4701
s 0
f 2984/8158/4862 3090/8178/4701 3091/8159/4693
f 2995/8160/4889 2994/8198/4715 3027/8161/4890
s 1
f 2995/8163/4700 2993/8374/4715 2991/8164/4701
s 0
f 2996/8166/4865 2991/8169/4701 3093/8167/4693
f 2991/8169/4867 2990/8177/4702 3094/8170/4693
f 2992/8171/4889 2993/8206/4715 3095/8172/4891
s 1
f 2992/8174/4700 2989/8375/4715 2988/8175/4701
s 0
f 2990/8177/4868 2988/8372/4701 3088/8152/4693
f 3090/8178/4867 2996/8166/4702 3092/8168/4693
f 2953/8179/4878 2981/8376/4628 2989/8180/4879
f 2965/8182/4892 2964/7904/4612 3090/8183/4893
f 2964/8185/4882 2971/8377/4606 2996/8186/4894
f 3019/8188/4895 3049/8312/4702 3097/8189/4693
f 3099/8191/4896 2983/8299/4715 3085/8192/4693
s 1
f 3015/8194/4700 3025/8378/4715 3027/8195/4701
s 0
f 3016/8197/4897 3027/8161/4701 2994/8198/4898
f 3026/8200/4899 3025/8243/4715 3100/8201/4900
s 1
f 3026/8203/4700 3101/8379/4715 3095/8204/4701
s 0
f 3028/8162/4901 3095/8172/4701 2993/8206/4902
f 3023/8207/4899 3101/8254/4715 3103/8208/4903
s 1
f 3023/8210/4700 3021/8380/4715 3022/8211/4701
s 0
f 3024/8173/4904 3022/8300/4701 2989/8213/4905
f 3017/8015/4906 3002/8347/4612 3099/8214/4907
f 3002/8216/4872 3003/8381/4606 3016/8217/4873
f 2979/8219/4882 2978/8382/4606 3024/8220/4883
f 3012/8222/4884 3009/8383/4628 3101/8223/4885
f 3009/8225/4906 2979/7972/4612 3095/8226/4907
f 3097/8228/4693 3049/8384/4702 3048/8229/4908
f 3048/8231/4856 3051/8237/4715 3105/8232/4693
f 3018/8234/4909 3099/8385/4701 3098/8235/4693
f 3051/8237/4860 3107/8257/4700 3108/8238/4693
s 1
f 3110/8239/4700 3111/8386/4715 3100/8240/4701
s 0
f 3109/8242/4910 3100/8201/4701 3025/8243/4911
f 3112/8245/4693 3110/8387/4700 3113/8246/4863
f 3052/8248/4864 3111/8262/4715 3116/8249/4693
s 1
f 3052/8251/4700 3117/8388/4715 3103/8252/4701
s 0
f 3053/8202/4912 3103/8208/4701 3101/8254/4913
f 3117/8255/4866 3052/8248/4700 3115/8250/4693
f 3107/8257/4864 3117/8255/4715 3118/8256/4693
s 1
f 3107/8258/4700 3051/8389/4715 3050/8259/4701
s 0
f 3102/8209/4914 3050/8311/4701 3021/8261/4915
f 3111/8262/4869 3110/8387/4700 3112/8245/4693
f 3041/8057/4916 3054/8059/4612 3119/8263/4917
f 3054/8265/4872 3036/8390/4606 3109/8266/4873
f 3036/8021/4918 3038/8020/4613 3110/8268/4919
f 3038/8270/4874 3041/8391/4628 3113/8271/4875
f 3030/8273/4878 3032/8392/4628 3051/8274/4879
f 3011/8276/4882 3010/8393/4606 3102/8277/4883
f 3010/8040/4918 3035/8039/4613 3107/8279/4919
f 3035/8281/4884 3045/8394/4628 3117/8282/4885
f 3045/8284/4916 3011/8031/4612 3103/8285/4917
f 3044/8287/4884 3037/8395/4628 3111/8288/4886
f 3037/8290/4916 3007/8019/4612 3100/8291/4917
f 3007/8293/4882 3006/8396/4606 3053/8294/4894
f 3083/8296/4693 3089/8397/4693 2987/8297/4920
f 3099/8191/4921 3016/8197/4702 2985/8199/4922
f 2986/8143/4923 2989/8213/4715 3022/8300/4924
f 3119/8302/4775 3109/8242/4702 3015/8244/4925
f 3106/8304/4693 3120/8398/4693 3119/8302/4926
f 3120/8305/4693 3114/8399/4693 3113/8306/4927
f 3096/8308/4693 3084/8400/4693 3020/8309/4928
f 3019/8188/4770 3021/8261/4715 3050/8311/4929
o window_big015
v 23.039856 5.803942 -15.808113
v 23.039856 4.693041 -15.808113
v 22.955261 4.777742 -15.808113
v 22.955261 5.719339 -15.808113
v 21.378860 4.693041 -15.808113
v 21.378860 4.777742 -15.808113
v 15.840562 4.693041 -15.808113
v 15.840562 5.803942 -15.808113
v 15.925157 5.719339 -15.808113
v 15.925157 4.777742 -15.808113
v 17.482056 5.803942 -15.808113
v 17.482056 5.719339 -15.808113
v 21.311356 4.693041 -15.808113
v 21.311356 4.777742 -15.808113
v 21.378860 5.803942 -15.808113
v 21.378860 5.719339 -15.808113
v 17.556961 5.719339 -15.808113
v 17.556961 4.777742 -15.808113
v 17.482056 4.777742 -15.808113
v 17.556961 5.803942 -15.808113
v 17.482056 4.693041 -15.808113
v 19.394165 4.693041 -15.808113
v 17.556961 4.693041 -15.808113
v 19.394165 4.777742 -15.808113
v 19.394165 5.719339 -15.808113
v 19.468964 5.719339 -15.808113
v 19.468964 4.777742 -15.808113
v 19.394165 5.803942 -15.808113
v 19.468964 5.803942 -15.808113
v 19.468964 4.693041 -15.808113
v 21.311356 5.803942 -15.808113
v 21.311356 5.719339 -15.808113
v 17.482056 4.777742 -15.753914
v 17.482056 5.719339 -15.753914
v 17.556961 5.719339 -15.753914
v 17.556961 4.777742 -15.753914
v 19.394165 5.719339 -15.753914
v 23.039856 3.577738 -15.808113
v 23.039856 3.502939 -15.808113
v 22.955261 3.502939 -15.808113
v 22.955261 3.577738 -15.808113
v 15.840562 3.577738 -15.808113
v 15.840562 4.211641 -15.808113
v 15.925157 4.127039 -15.808113
v 15.925157 3.577738 -15.808113
v 17.482056 4.211641 -15.808113
v 17.482056 4.127039 -15.808113
v 21.378860 4.211641 -15.808113
v 23.039856 4.211641 -15.808113
v 22.955261 4.127039 -15.808113
v 21.378860 4.127039 -15.808113
v 17.556961 4.127039 -15.808113
v 17.556961 3.577738 -15.808113
v 17.482056 3.577738 -15.808113
v 17.556961 4.211641 -15.808113
v 19.394165 3.502939 -15.808113
v 17.556961 3.502939 -15.808113
v 19.394165 3.577738 -15.808113
v 19.394165 4.127039 -15.808113
v 19.468964 4.127039 -15.808113
v 19.468964 3.577738 -15.808113
v 19.394165 4.211641 -15.808113
v 19.468964 4.211641 -15.808113
v 21.311356 4.211641 -15.808113
v 21.311356 4.127039 -15.808113
v 21.311356 3.502939 -15.808113
v 19.468964 3.502939 -15.808113
v 21.311356 3.577738 -15.808113
v 21.378860 3.577738 -15.808113
v 15.925157 4.127039 -15.753914
v 15.925157 3.577738 -15.753914
v 17.482056 4.127039 -15.753914
v 17.482056 3.577738 -15.753914
v 22.955261 3.577738 -15.753914
v 22.955261 4.127039 -15.753914
v 21.378860 4.127039 -15.753914
v 21.378860 3.577738 -15.753914
v 21.311356 4.127039 -15.753914
v 19.468964 4.127039 -15.753914
v 21.311356 3.577738 -15.753914
v 19.468964 3.577738 -15.753914
v 17.556961 3.577738 -15.753914
v 19.394165 3.577738 -15.753914
v 19.394165 4.127039 -15.753914
v 23.039856 1.983740 -15.808113
v 23.039856 1.905241 -15.808113
v 22.955261 1.905241 -15.808113
v 22.955261 1.983740 -15.808113
v 15.840562 3.502939 -15.808113
v 15.925157 3.502939 -15.808113
v 17.482056 3.502939 -15.808113
v 17.556961 1.983740 -15.808113
v 17.482056 1.983740 -15.808113
v 19.394165 1.905241 -15.808113
v 17.556961 1.905241 -15.808113
v 19.394165 1.983740 -15.808113
v 19.468964 1.983740 -15.808113
v 21.311356 1.905241 -15.808113
v 19.468964 1.905241 -15.808113
v 21.311356 1.983740 -15.808113
v 21.378860 3.502939 -15.808113
v 21.378860 1.983740 -15.808113
v 17.482056 1.983740 -15.753914
v 17.482056 3.502939 -15.753914
v 15.925157 1.983740 -15.808113
v 15.925157 1.983740 -15.753914
v 22.955261 1.983740 -15.753914
v 22.955261 3.502939 -15.753914
v 21.378860 1.983740 -15.753914
v 21.378860 3.502939 -15.753914
v 21.311356 1.983740 -15.753914
v 21.311356 3.502939 -15.753914
v 17.556961 1.983740 -15.753914
v 19.394165 1.983740 -15.753914
v 17.556961 3.502939 -15.753914
v 19.394165 3.502939 -15.753914
v 23.039856 0.749140 -15.808113
v 22.955261 0.833841 -15.808113
v 21.378860 0.749140 -15.808113
v 21.378860 0.833841 -15.808113
v 15.840562 1.983740 -15.808113
v 21.311356 0.749140 -15.808113
v 21.311356 0.833841 -15.808113
v 17.482056 1.905241 -15.808113
v 17.556961 0.833841 -15.808113
v 17.482056 0.833841 -15.808113
v 17.482056 0.749140 -15.808113
v 15.840562 0.749140 -15.808113
v 15.925157 0.833841 -15.808113
v 19.394165 0.749140 -15.808113
v 17.556961 0.749140 -15.808113
v 19.394165 0.833841 -15.808113
v 19.468964 0.833841 -15.808113
v 19.468964 0.749140 -15.808113
v 21.378860 1.905241 -15.808113
v 22.955261 0.833841 -15.753914
v 22.955261 1.905241 -15.753914
v 21.378860 1.905241 -15.753914
v 21.378860 0.833841 -15.753914
v 19.394165 0.833841 -15.753914
v 19.394165 1.905241 -15.753914
v 15.925157 1.905241 -15.808113
v 15.840562 1.905241 -15.808113
v 23.039856 5.803942 -15.753914
v 22.955261 5.719339 -15.753914
v 22.955261 4.777742 -15.753914
v 23.039856 4.693041 -15.753914
v 21.378860 4.777742 -15.753914
v 21.378860 4.693041 -15.753914
v 15.840562 4.693041 -15.753914
v 15.925157 4.777742 -15.753914
v 15.925157 5.719339 -15.753914
v 15.840562 5.803942 -15.753914
v 17.482056 5.803942 -15.753914
v 21.311356 4.777742 -15.753914
v 21.311356 4.693041 -15.753914
v 21.378860 5.803942 -15.753914
v 21.378860 5.719339 -15.753914
v 17.556961 5.803942 -15.753914
v 17.482056 4.693041 -15.753914
v 19.394165 4.693041 -15.753914
v 19.394165 4.777742 -15.753914
v 17.556961 4.693041 -15.753914
v 19.468964 4.777742 -15.753914
v 19.468964 5.719339 -15.753914
v 19.394165 5.803942 -15.753914
v 19.468964 5.803942 -15.753914
v 19.468964 4.693041 -15.753914
v 21.311356 5.719339 -15.753914
v 21.311356 5.803942 -15.753914
v 23.039856 3.577738 -15.753914
v 23.039856 3.502939 -15.753914
v 15.840562 3.577738 -15.753914
v 15.840562 4.211641 -15.753914
v 17.482056 4.211641 -15.753914
v 21.378860 4.211641 -15.753914
v 23.039856 4.211641 -15.753914
v 17.556961 4.127039 -15.753914
v 17.556961 4.211641 -15.753914
v 19.394165 4.211641 -15.753914
v 19.468964 4.211641 -15.753914
v 21.311356 4.211641 -15.753914
v 19.468964 3.502939 -15.753914
v 23.039856 1.983740 -15.753914
v 23.039856 1.905241 -15.753914
v 15.840562 3.502939 -15.753914
v 15.925157 3.502939 -15.753914
v 17.556961 1.905241 -15.753914
v 19.468964 1.983740 -15.753914
v 21.311356 1.905241 -15.753914
v 19.468964 1.905241 -15.753914
v 23.039856 0.749140 -15.753914
v 21.378860 0.749140 -15.753914
v 15.840562 1.983740 -15.753914
v 21.311356 0.833841 -15.753914
v 21.311356 0.749140 -15.753914
v 17.482056 1.905241 -15.753914
v 17.482056 0.833841 -15.753914
v 17.556961 0.833841 -15.753914
v 17.482056 0.749140 -15.753914
v 15.925157 0.833841 -15.753914
v 15.840562 0.749140 -15.753914
v 19.394165 0.749140 -15.753914
v 17.556961 0.749140 -15.753914
v 19.468964 0.833841 -15.753914
v 19.468964 0.749140 -15.753914
v 15.925157 1.905241 -15.753914
v 15.840562 1.905241 -15.753914
vn -0.0000 -0.0000 -1.0000
vn -0.4033 0.1384 -0.9045
vn -0.3015 -0.3015 -0.9045
vn -0.3141 0.2884 -0.9045
vn 0.2809 0.3208 -0.9045
vn 0.3143 -0.2882 -0.9045
vn 0.1408 0.4025 -0.9045
vn -0.1361 -0.4041 -0.9045
vn 0.3015 -0.3015 -0.9045
vn -0.3015 0.3015 -0.9045
vn -0.1512 -0.3987 -0.9045
vn 0.1363 0.4040 -0.9045
vn -0.3129 0.2897 -0.9045
vn -0.1510 -0.3988 -0.9045
vn 0.1509 0.3988 -0.9045
vn 0.3128 -0.2898 -0.9045
vn -0.3128 0.2897 -0.9045
vn -0.1409 -0.4024 -0.9045
vn 0.3129 -0.2897 -0.9045
vn 0.1511 0.3987 -0.9045
vn -0.3015 -0.0756 -0.9505
vn -0.3015 -0.3395 0.8910
vn 0.3015 0.0756 -0.9505
vn 0.3015 0.3395 0.8910
vn 0.3015 0.3015 -0.9045
vn 0.0826 -0.3015 -0.9499
vn 0.3211 -0.3015 0.8978
vn -0.3987 0.1510 -0.9045
vn 0.4013 -0.1441 -0.9045
vn 0.2157 -0.3678 -0.9045
vn -0.3116 0.2911 -0.9045
vn -0.3115 0.2911 -0.9045
vn 0.3015 0.0653 -0.9512
vn 0.3015 0.3661 0.8804
vn 0.0813 -0.3015 -0.9500
vn 0.3246 -0.3015 0.8965
vn -0.3015 -0.0653 -0.9512
vn -0.3015 -0.3661 0.8804
vn -0.0813 0.3015 -0.9500
vn -0.3246 0.3015 0.8965
vn 0.0814 -0.3015 -0.9500
vn 0.3243 -0.3015 0.8966
vn 0.3210 -0.3015 0.8978
vn -0.0826 0.3015 -0.9499
vn -0.3210 0.3015 0.8978
vn -0.3211 0.3015 0.8978
vn -0.3969 0.1558 -0.9045
vn 0.3987 -0.1510 -0.9045
vn 0.3940 0.1630 -0.9045
vn -0.1633 -0.3939 -0.9045
vn 0.2158 -0.3677 -0.9045
vn -0.3121 0.2906 -0.9045
vn 0.3940 0.1631 -0.9045
vn -0.1632 -0.3939 -0.9045
vn -0.3120 0.2906 -0.9045
vn 0.3896 0.1732 -0.9045
vn -0.1531 -0.3980 -0.9045
vn -0.3015 -0.0811 -0.9500
vn -0.3015 -0.3251 0.8963
vn -0.0814 0.3015 -0.9500
vn -0.3243 0.3015 0.8966
vn 0.3015 0.0811 -0.9500
vn 0.3015 0.3251 0.8963
vn -0.4033 0.1382 -0.9046
vn -0.3014 -0.3015 -0.9046
vn 0.2872 0.3152 -0.9045
vn 0.3920 0.1677 -0.9045
vn -0.1586 -0.3958 -0.9045
vn 0.3920 0.1679 -0.9045
vn -0.1584 -0.3959 -0.9045
vn 0.3875 0.1778 -0.9045
vn -0.1483 -0.3998 -0.9045
vn -0.3015 -0.0773 -0.9503
vn -0.3015 -0.3349 0.8927
vn 0.3015 0.0773 -0.9503
vn 0.3015 0.3349 0.8927
vn -0.4013 -0.1441 -0.9045
vn -0.2162 0.3675 -0.9045
vn 0.3133 -0.2892 -0.9045
vn 0.2161 -0.3676 -0.9045
vn -0.3132 0.2894 -0.9045
vn -0.2163 0.3675 -0.9045
vn 0.3139 -0.2886 -0.9045
vn 0.1705 -0.3908 -0.9045
vn 0.4033 0.1382 -0.9046
vn 0.3014 -0.3015 -0.9046
vn -0.3673 -0.2166 -0.9045
vn 0.2163 -0.3675 -0.9045
vn -0.3138 0.2887 -0.9045
vn -0.0000 -0.0000 1.0000
vn -0.2810 0.3207 0.9045
vn -0.3142 0.2883 0.9045
vn 0.2811 0.3207 0.9045
vn 0.3143 -0.2881 0.9045
vn 0.1407 0.4025 0.9045
vn -0.3141 -0.2883 0.9045
vn -0.3015 0.3015 0.9045
vn 0.3015 -0.3015 0.9045
vn -0.3015 -0.3015 0.9045
vn -0.1511 -0.3987 0.9045
vn 0.3142 0.2882 0.9045
vn -0.3129 0.2897 0.9045
vn -0.1510 -0.3988 0.9045
vn 0.1509 0.3988 0.9045
vn 0.3128 -0.2898 0.9045
vn -0.3128 0.2897 0.9045
vn -0.1408 -0.4025 0.9045
vn 0.3129 -0.2897 0.9045
vn 0.1510 0.3988 0.9045
vn 0.3015 0.3395 -0.8910
vn 0.3015 0.0756 0.9505
vn 0.3015 0.3015 0.9045
vn 0.3246 -0.3015 -0.8965
vn 0.0813 -0.3015 0.9500
vn -0.3246 0.3015 -0.8965
vn -0.0813 0.3015 0.9500
vn -0.3015 -0.3395 -0.8910
vn -0.3015 -0.0756 0.9505
vn -0.3243 0.3015 -0.8966
vn -0.0814 0.3015 0.9500
vn 0.3243 -0.3015 -0.8966
vn 0.0814 -0.3015 0.9500
vn 0.3210 -0.3015 -0.8978
vn 0.0826 -0.3015 0.9499
vn -0.3210 0.3015 -0.8978
vn -0.0826 0.3015 0.9499
vn -0.3211 0.3015 -0.8978
vn -0.3988 0.1510 0.9045
vn 0.2625 -0.3360 0.9045
vn -0.3116 0.2911 0.9045
vn 0.2157 -0.3678 0.9045
vn -0.3115 0.2911 0.9045
vn 0.3015 0.3661 -0.8804
vn 0.3015 0.0653 0.9512
vn 0.3211 -0.3015 -0.8978
vn -0.3969 0.1558 0.9045
vn 0.3988 -0.1510 0.9045
vn -0.1633 -0.3939 0.9045
vn 0.3940 0.1631 0.9045
vn -0.3121 0.2906 0.9045
vn 0.2158 -0.3677 0.9045
vn -0.1631 -0.3940 0.9045
vn 0.3939 0.1632 0.9045
vn -0.3120 0.2906 0.9045
vn -0.1530 -0.3980 0.9045
vn 0.3896 0.1732 0.9045
vn 0.3015 0.3251 -0.8963
vn 0.3015 0.0811 0.9500
vn -0.2820 0.3199 0.9045
vn 0.2872 0.3152 0.9045
vn -0.1585 -0.3958 0.9045
vn 0.3920 0.1678 0.9045
vn -0.1584 -0.3959 0.9045
vn 0.3919 0.1679 0.9045
vn -0.1482 -0.3998 0.9045
vn 0.3875 0.1779 0.9045
vn 0.3015 0.3349 -0.8927
vn 0.3015 0.0773 0.9503
vn -0.3015 -0.3349 -0.8927
vn -0.3015 -0.0773 0.9503
vn -0.4013 -0.1440 0.9045
vn 0.3133 -0.2892 0.9045
vn -0.2162 0.3675 0.9045
vn -0.3132 0.2894 0.9045
vn 0.2161 -0.3676 0.9045
vn 0.3139 -0.2886 0.9045
vn -0.2163 0.3675 0.9045
vn 0.1705 -0.3908 0.9045
vn 0.4035 0.1380 0.9045
vn -0.3673 -0.2166 0.9045
vn -0.3138 0.2887 0.9045
vn 0.2163 -0.3675 0.9045
vn -0.2810 0.3207 -0.9045
vn -0.1360 0.4041 -0.9045
vn 0.4033 0.1385 -0.9045
vn 0.1361 -0.4041 -0.9045
vn 0.3842 0.1850 -0.9045
vn -0.3142 -0.2883 -0.9045
vn -0.3888 -0.1750 -0.9045
vn 0.3143 0.2881 -0.9045
vn -0.2160 0.3676 -0.9045
vn -0.3888 -0.1752 -0.9045
vn 0.3887 0.1753 -0.9045
vn 0.2160 -0.3676 -0.9045
vn -0.3842 -0.1849 -0.9045
vn 0.3888 0.1751 -0.9045
vn -0.3015 0.3395 -0.8910
vn -0.3015 0.0756 0.9505
vn 0.3015 -0.3395 -0.8910
vn 0.3015 -0.0756 0.9505
vn -0.3211 -0.3015 -0.8978
vn -0.0826 -0.3015 0.9499
vn -0.1752 0.3888 -0.9045
vn 0.2625 -0.3360 -0.9045
vn 0.3116 -0.2911 -0.9045
vn -0.2157 0.3678 -0.9045
vn 0.3115 -0.2911 -0.9045
vn 0.3015 -0.3661 -0.8804
vn 0.3015 -0.0653 0.9512
vn -0.3246 -0.3015 -0.8965
vn -0.0813 -0.3015 0.9500
vn -0.3015 0.3661 -0.8804
vn -0.3015 0.0653 0.9512
vn 0.3246 0.3015 -0.8965
vn 0.0813 0.3015 0.9500
vn -0.3243 -0.3015 -0.8966
vn -0.0814 -0.3015 0.9500
vn -0.3210 -0.3015 -0.8978
vn 0.3210 0.3015 -0.8978
vn 0.0826 0.3015 0.9499
vn 0.3211 0.3015 -0.8978
vn -0.1705 0.3908 -0.9045
vn 0.1752 -0.3888 -0.9045
vn 0.1633 0.3939 -0.9045
vn -0.3940 -0.1630 -0.9045
vn 0.3121 -0.2906 -0.9045
vn -0.2158 0.3677 -0.9045
vn 0.1632 0.3939 -0.9045
vn -0.3940 -0.1631 -0.9045
vn 0.3120 -0.2906 -0.9045
vn 0.1531 0.3980 -0.9045
vn -0.3896 -0.1732 -0.9045
vn -0.3015 0.3251 -0.8963
vn -0.3015 0.0811 0.9500
vn 0.3243 0.3015 -0.8966
vn 0.0814 0.3015 0.9500
vn 0.3015 -0.3251 -0.8963
vn 0.3015 -0.0811 0.9500
vn -0.2819 0.3199 -0.9046
vn 0.3673 0.2166 -0.9045
vn 0.1586 0.3958 -0.9045
vn -0.3920 -0.1677 -0.9045
vn 0.1584 0.3959 -0.9045
vn -0.3920 -0.1679 -0.9045
vn 0.1483 0.3998 -0.9045
vn -0.3875 -0.1778 -0.9045
vn -0.3015 0.3349 -0.8927
vn -0.3015 0.0773 0.9503
vn 0.3015 -0.3349 -0.8927
vn 0.3015 -0.0773 0.9503
vn -0.2625 -0.3360 -0.9045
vn -0.3133 0.2892 -0.9045
vn 0.2162 -0.3675 -0.9045
vn 0.3132 -0.2894 -0.9045
vn -0.2161 0.3676 -0.9045
vn -0.3139 0.2886 -0.9045
vn 0.3969 -0.1558 -0.9045
vn 0.2818 0.3200 -0.9045
vn -0.2872 -0.3152 -0.9045
vn 0.3138 -0.2887 -0.9045
vn -0.3016 -0.3015 0.9045
vn -0.4034 0.1384 0.9045
vn -0.1362 0.4041 0.9045
vn 0.4033 0.1383 0.9045
vn 0.3016 -0.3014 0.9045
vn 0.1362 -0.4041 0.9045
vn 0.3841 0.1851 0.9045
vn -0.1361 -0.4041 0.9045
vn -0.3888 -0.1751 0.9045
vn 0.1360 0.4041 0.9045
vn -0.2160 0.3676 0.9045
vn -0.3887 -0.1752 0.9045
vn 0.3887 0.1753 0.9045
vn 0.2160 -0.3676 0.9045
vn -0.3842 -0.1850 0.9045
vn 0.3887 0.1752 0.9045
vn 0.3015 -0.0756 -0.9505
vn 0.3015 -0.3395 0.8910
vn -0.0813 -0.3015 -0.9500
vn -0.3246 -0.3015 0.8965
vn 0.0813 0.3015 -0.9500
vn 0.3246 0.3015 0.8965
vn -0.3015 0.0756 -0.9505
vn -0.3015 0.3395 0.8910
vn 0.0814 0.3015 -0.9500
vn 0.3243 0.3015 0.8966
vn -0.0814 -0.3015 -0.9500
vn -0.3243 -0.3015 0.8966
vn -0.0826 -0.3015 -0.9499
vn -0.3210 -0.3015 0.8978
vn 0.0826 0.3015 -0.9499
vn 0.3210 0.3015 0.8978
vn 0.3211 0.3015 0.8978
vn -0.1752 0.3887 0.9045
vn 0.4013 -0.1441 0.9045
vn -0.2157 0.3678 0.9045
vn 0.3116 -0.2911 0.9045
vn 0.3115 -0.2911 0.9045
vn 0.3015 -0.0653 -0.9512
vn 0.3015 -0.3661 0.8804
vn -0.3211 -0.3015 0.8978
vn -0.1705 0.3908 0.9045
vn 0.1752 -0.3887 0.9045
vn -0.3940 -0.1631 0.9045
vn 0.1633 0.3939 0.9045
vn -0.2158 0.3677 0.9045
vn 0.3121 -0.2906 0.9045
vn -0.3939 -0.1632 0.9045
vn 0.1631 0.3940 0.9045
vn 0.3120 -0.2906 0.9045
vn -0.3896 -0.1732 0.9045
vn 0.1530 0.3980 0.9045
vn 0.3015 -0.0811 -0.9500
vn 0.3015 -0.3251 0.8963
vn -0.4035 0.1380 0.9045
vn 0.3673 0.2166 0.9045
vn -0.3920 -0.1678 0.9045
vn 0.1585 0.3958 0.9045
vn -0.3919 -0.1679 0.9045
vn 0.1584 0.3959 0.9045
vn -0.3875 -0.1779 0.9045
vn 0.1482 0.3998 0.9045
vn 0.3015 -0.0773 -0.9503
vn 0.3015 -0.3349 0.8927
vn -0.3015 0.0773 -0.9503
vn -0.3015 0.3349 0.8927
vn -0.2625 -0.3360 0.9045
vn 0.2162 -0.3675 0.9045
vn -0.3133 0.2892 0.9045
vn -0.2161 0.3676 0.9045
vn 0.3132 -0.2894 0.9045
vn -0.3139 0.2886 0.9045
vn 0.3969 -0.1558 0.9045
vn 0.2820 0.3199 0.9045
vn -0.2872 -0.3152 0.9045
vn 0.3138 -0.2887 0.9045
vt 0.658300 0.492800
vt 0.522300 0.481600
vt 0.647000 0.481600
vt 0.240100 0.240100
vt 0.031200 0.251100
vt 0.020000 0.239900
vt 0.826800 0.415800
vt 0.690900 0.427000
vt 0.679600 0.415800
vt 0.756300 0.339000
vt 0.962600 0.328000
vt 0.973800 0.339300
vt 0.249000 0.240100
vt 0.240100 0.251300
vt 0.240100 0.339000
vt 0.031200 0.328000
vt 0.240100 0.327800
vt 0.804400 0.641800
vt 0.679600 0.631900
vt 0.804400 0.631900
vt 0.746400 0.339000
vt 0.756300 0.327800
vt 0.756300 0.240100
vt 0.962600 0.251100
vt 0.756300 0.251300
vt 0.746400 0.240100
vt 0.503000 0.251300
vt 0.503000 0.240100
vt 0.804400 0.594100
vt 0.679600 0.584200
vt 0.804400 0.584200
vt 0.493100 0.339100
vt 0.503000 0.327900
vt 0.503000 0.339100
vt 0.493100 0.251300
vt 0.493100 0.240100
vt 0.249000 0.339000
vt 0.493100 0.327900
vt 0.249000 0.251300
vt 0.804400 0.549200
vt 0.679600 0.540200
vt 0.804400 0.540200
vt 0.249000 0.327800
vt 0.746400 0.327800
vt 0.746400 0.251300
vt 0.804400 0.624700
vt 0.679600 0.649000
vt 0.679600 0.641800
vt 0.020000 0.606200
vt 0.263400 0.599000
vt 0.263400 0.606200
vt 0.020000 0.071300
vt 0.031200 0.081200
vt 0.020000 0.081200
vt 0.862900 0.379100
vt 0.935700 0.390400
vt 0.862900 0.390400
vt 0.756300 0.309700
vt 0.962600 0.298700
vt 0.973800 0.309900
vt 0.240100 0.309700
vt 0.031200 0.298700
vt 0.240100 0.298500
vt 0.323700 0.733400
vt 0.250900 0.723500
vt 0.323700 0.723500
vt 0.746400 0.309700
vt 0.756300 0.298500
vt 0.746400 0.071300
vt 0.503000 0.081200
vt 0.503000 0.071300
vt 0.323700 0.817700
vt 0.250900 0.807800
vt 0.323700 0.807800
vt 0.493100 0.309800
vt 0.503000 0.298600
vt 0.503000 0.309800
vt 0.249000 0.309700
vt 0.493100 0.298600
vt 0.493100 0.071300
vt 0.249000 0.081200
vt 0.249000 0.071300
vt 0.323700 0.776400
vt 0.250900 0.767400
vt 0.323700 0.767400
vt 0.249000 0.298500
vt 0.746400 0.298500
vt 0.862900 0.397500
vt 0.020000 0.892000
vt 0.226300 0.884900
vt 0.226300 0.892000
vt 0.323700 0.716300
vt 0.226300 0.928800
vt 0.020000 0.936000
vt 0.020000 0.928800
vt 0.247200 0.910400
vt 0.320000 0.903200
vt 0.320000 0.910400
vt 0.250900 0.783600
vt 0.250900 0.776400
vt 0.020000 0.870100
vt 0.228900 0.862900
vt 0.228900 0.870100
vt 0.020000 0.496300
vt 0.264100 0.489100
vt 0.264100 0.496300
vt 0.323700 0.760300
vt 0.264100 0.423100
vt 0.020000 0.430300
vt 0.020000 0.423100
vt 0.250900 0.824800
vt 0.250900 0.817700
vt 0.263400 0.665000
vt 0.020000 0.672200
vt 0.020000 0.665000
vt 0.323700 0.800600
vt 0.020000 0.097000
vt 0.031200 0.107400
vt 0.020000 0.107400
vt 0.973800 0.081200
vt 0.962600 0.071300
vt 0.973800 0.071300
vt 0.488800 0.513500
vt 0.287500 0.503600
vt 0.488800 0.503600
vt 0.746400 0.081200
vt 0.756400 0.071300
vt 0.756400 0.081200
vt 0.746400 0.097000
vt 0.503000 0.107400
vt 0.503000 0.097000
vt 0.488800 0.473200
vt 0.287500 0.463300
vt 0.488800 0.463300
vt 0.493100 0.081200
vt 0.493100 0.097000
vt 0.249000 0.107400
vt 0.249000 0.097000
vt 0.488800 0.431900
vt 0.287500 0.423000
vt 0.488800 0.423000
vt 0.240100 0.081200
vt 0.488800 0.496400
vt 0.721000 0.357200
vt 0.514700 0.364300
vt 0.514700 0.357200
vt 0.287500 0.573200
vt 0.488800 0.566000
vt 0.488800 0.573200
vt 0.228900 0.709000
vt 0.020000 0.716100
vt 0.020000 0.709000
vt 0.287500 0.439100
vt 0.287500 0.431900
vt 0.020000 0.826100
vt 0.228900 0.818900
vt 0.228900 0.826100
vt 0.488800 0.415800
vt 0.263400 0.621000
vt 0.020000 0.628200
vt 0.020000 0.621000
vt 0.287500 0.520700
vt 0.287500 0.513500
vt 0.020000 0.694200
vt 0.263400 0.687000
vt 0.263400 0.694200
vt 0.488800 0.456100
vt 0.840100 0.397500
vt 0.698200 0.386300
vt 0.840100 0.386300
vt 0.240100 0.269400
vt 0.031200 0.280400
vt 0.020000 0.269200
vt 0.488800 0.379100
vt 0.287500 0.390400
vt 0.287500 0.379100
vt 0.249000 0.269400
vt 0.240100 0.280600
vt 0.653000 0.627100
vt 0.511100 0.617200
vt 0.653000 0.617200
vt 0.746400 0.107400
vt 0.756400 0.097000
vt 0.756400 0.107400
vt 0.756300 0.269400
vt 0.962600 0.280400
vt 0.756300 0.280600
vt 0.746400 0.269400
vt 0.503000 0.280600
vt 0.503000 0.269400
vt 0.653000 0.667400
vt 0.511100 0.657500
vt 0.653000 0.657500
vt 0.493100 0.107400
vt 0.493100 0.280600
vt 0.493100 0.269400
vt 0.249000 0.280600
vt 0.653000 0.585800
vt 0.511100 0.576900
vt 0.653000 0.576900
vt 0.240100 0.107400
vt 0.746400 0.280600
vt 0.840100 0.379100
vt 0.511100 0.593000
vt 0.511100 0.585800
vt 0.020000 0.848100
vt 0.228900 0.840900
vt 0.228900 0.848100
vt 0.653000 0.650300
vt 0.247200 0.921600
vt 0.962600 0.081200
vt 0.240100 0.071300
vt 0.031200 0.071300
vt 0.962600 0.097000
vt 0.962600 0.107400
vt 0.973800 0.107400
vt 0.522300 0.390400
vt 0.664200 0.379100
vt 0.664200 0.390400
vt 0.287500 0.584400
vt 0.240100 0.097000
vt 0.031200 0.097000
vt 0.511100 0.522800
vt 0.647000 0.511100
vt 0.658300 0.522200
vt 0.031200 0.210800
vt 0.240100 0.221800
vt 0.020000 0.222000
vt 0.647000 0.551600
vt 0.511100 0.540400
vt 0.658200 0.540400
vt 0.962600 0.133800
vt 0.756300 0.122800
vt 0.973800 0.122600
vt 0.240100 0.210600
vt 0.249000 0.221800
vt 0.240100 0.122800
vt 0.031200 0.133800
vt 0.020000 0.122600
vt 0.372000 0.969200
vt 0.247200 0.979100
vt 0.247200 0.969200
vt 0.756300 0.134000
vt 0.746400 0.122800
vt 0.756300 0.221800
vt 0.962600 0.210800
vt 0.973800 0.222000
vt 0.503000 0.210600
vt 0.746400 0.221800
vt 0.503000 0.221800
vt 0.372000 0.939800
vt 0.247200 0.949800
vt 0.247200 0.939800
vt 0.503000 0.134000
vt 0.493100 0.122800
vt 0.503000 0.122800
vt 0.493100 0.210600
vt 0.493100 0.221800
vt 0.493100 0.134000
vt 0.249000 0.122800
vt 0.249000 0.210600
vt 0.800700 0.665000
vt 0.676000 0.673900
vt 0.676000 0.665000
vt 0.249000 0.134000
vt 0.746400 0.134000
vt 0.746400 0.210600
vt 0.815600 0.434200
vt 0.690900 0.434200
vt 0.948200 0.364300
vt 0.741900 0.357200
vt 0.948200 0.357200
vt 0.287500 0.357200
vt 0.493800 0.364300
vt 0.287500 0.364300
vt 0.522300 0.474400
vt 0.647000 0.474400
vt 0.020000 0.796900
vt 0.228900 0.804100
vt 0.020000 0.804100
vt 0.679600 0.549200
vt 0.804400 0.556300
vt 0.679600 0.556300
vt 0.228900 0.738100
vt 0.020000 0.731000
vt 0.228900 0.731000
vt 0.264100 0.452300
vt 0.020000 0.445100
vt 0.264100 0.445100
vt 0.679600 0.533100
vt 0.804400 0.533100
vt 0.020000 0.467100
vt 0.264100 0.474300
vt 0.020000 0.474300
vt 0.679600 0.594100
vt 0.804400 0.601300
vt 0.679600 0.601300
vt 0.020000 0.577000
vt 0.263400 0.584200
vt 0.020000 0.584200
vt 0.679600 0.577000
vt 0.804400 0.577000
vt 0.031200 0.020000
vt 0.020000 0.029900
vt 0.020000 0.020000
vt 0.334900 0.844900
vt 0.262000 0.855800
vt 0.250900 0.844600
vt 0.962600 0.192500
vt 0.756300 0.181500
vt 0.973800 0.181200
vt 0.240100 0.181500
vt 0.031200 0.192500
vt 0.020000 0.181200
vt 0.921000 0.415800
vt 0.848200 0.425700
vt 0.848200 0.415800
vt 0.756300 0.192700
vt 0.746400 0.181500
vt 0.503000 0.020000
vt 0.746400 0.029900
vt 0.503000 0.029900
vt 0.917300 0.445100
vt 0.844600 0.455000
vt 0.844600 0.445100
vt 0.503000 0.192600
vt 0.493100 0.181400
vt 0.503000 0.181400
vt 0.493100 0.192600
vt 0.249000 0.181500
vt 0.249000 0.020000
vt 0.493100 0.029900
vt 0.249000 0.029900
vt 0.411600 0.716300
vt 0.338800 0.725200
vt 0.338800 0.716300
vt 0.249000 0.192700
vt 0.746400 0.192700
vt 0.020000 0.752900
vt 0.228900 0.760100
vt 0.020000 0.760100
vt 0.250900 0.733400
vt 0.323700 0.740600
vt 0.250900 0.740600
vt 0.263400 0.562200
vt 0.020000 0.555000
vt 0.263400 0.555000
vt 0.031200 0.045700
vt 0.020000 0.056100
vt 0.020000 0.045700
vt 0.962600 0.029900
vt 0.973800 0.020000
vt 0.973800 0.029900
vt 0.488800 0.657700
vt 0.287500 0.667600
vt 0.287500 0.657700
vt 0.756400 0.029900
vt 0.746400 0.020000
vt 0.756400 0.020000
vt 0.503000 0.045700
vt 0.746400 0.056100
vt 0.503000 0.056100
vt 0.488800 0.683300
vt 0.287500 0.693200
vt 0.287500 0.683300
vt 0.493100 0.020000
vt 0.249000 0.045700
vt 0.493100 0.056100
vt 0.249000 0.056100
vt 0.488800 0.602700
vt 0.287500 0.611600
vt 0.287500 0.602700
vt 0.240100 0.020000
vt 0.488800 0.397500
vt 0.287500 0.397500
vt 0.226300 0.980000
vt 0.020000 0.972800
vt 0.226300 0.972800
vt 0.264100 0.408300
vt 0.020000 0.401100
vt 0.264100 0.401100
vt 0.020000 0.511100
vt 0.264100 0.518200
vt 0.020000 0.518200
vt 0.287500 0.473200
vt 0.488800 0.480400
vt 0.287500 0.480400
vt 0.511100 0.427000
vt 0.653100 0.416400
vt 0.664200 0.427700
vt 0.031200 0.152100
vt 0.240100 0.163100
vt 0.020000 0.163400
vt 0.488800 0.639600
vt 0.287500 0.628300
vt 0.488800 0.628300
vt 0.240100 0.151900
vt 0.249000 0.163100
vt 0.821600 0.481800
vt 0.679600 0.491700
vt 0.679600 0.481800
vt 0.756400 0.056100
vt 0.746400 0.045700
vt 0.756400 0.045700
vt 0.756300 0.163100
vt 0.962600 0.152100
vt 0.973800 0.163400
vt 0.503000 0.152000
vt 0.746400 0.163100
vt 0.503000 0.163200
vt 0.821600 0.507400
vt 0.679600 0.517300
vt 0.679600 0.507400
vt 0.493100 0.045700
vt 0.493100 0.152000
vt 0.493100 0.163200
vt 0.249000 0.151900
vt 0.821600 0.452400
vt 0.679600 0.461400
vt 0.679600 0.452400
vt 0.240100 0.045700
vt 0.746400 0.151900
vt 0.664200 0.397500
vt 0.522300 0.397500
vt 0.226300 0.914000
vt 0.020000 0.906900
vt 0.226300 0.906900
vt 0.511100 0.610000
vt 0.653000 0.610000
vt 0.020000 0.950800
vt 0.226300 0.958000
vt 0.020000 0.958000
vt 0.020000 0.774900
vt 0.228900 0.782100
vt 0.020000 0.782100
vt 0.264100 0.364300
vt 0.020000 0.357200
vt 0.264100 0.357200
vt 0.511100 0.569700
vt 0.653000 0.569700
vt 0.020000 0.379100
vt 0.264100 0.386300
vt 0.020000 0.386300
vt 0.511100 0.667400
vt 0.653000 0.674600
vt 0.511100 0.674600
vt 0.020000 0.643000
vt 0.263400 0.650200
vt 0.020000 0.650200
vt 0.511100 0.627100
vt 0.653000 0.634300
vt 0.511100 0.634300
vt 0.263400 0.540200
vt 0.020000 0.533100
vt 0.263400 0.533100
vt 0.331200 0.885100
vt 0.258400 0.874200
vt 0.331100 0.873900
vt 0.962600 0.020000
vt 0.240100 0.029900
vt 0.031200 0.029900
vt 0.962600 0.056100
vt 0.962600 0.045700
vt 0.973800 0.045700
vt 0.511100 0.445300
vt 0.653000 0.456300
vt 0.511100 0.456500
vt 0.488800 0.547900
vt 0.287500 0.536700
vt 0.488800 0.536700
vt 0.240100 0.056100
vt 0.031200 0.056100
vt 0.511100 0.492800
vt 0.815600 0.427000
vt 0.020000 0.339300
vt 0.973800 0.239900
vt 0.679600 0.624700
vt 0.804400 0.649000
vt 0.020000 0.599000
vt 0.946900 0.379100
vt 0.020000 0.309900
vt 0.935700 0.397500
vt 0.020000 0.884900
vt 0.250900 0.716300
vt 0.226300 0.936000
vt 0.247200 0.903200
vt 0.323700 0.783600
vt 0.020000 0.862900
vt 0.020000 0.489100
vt 0.250900 0.760300
vt 0.264100 0.430300
vt 0.323700 0.824800
vt 0.263400 0.672200
vt 0.250900 0.800600
vt 0.287500 0.496400
vt 0.721000 0.364300
vt 0.287500 0.566000
vt 0.228900 0.716100
vt 0.488800 0.439100
vt 0.020000 0.818900
vt 0.287500 0.415800
vt 0.263400 0.628200
vt 0.488800 0.520700
vt 0.020000 0.687000
vt 0.287500 0.456100
vt 0.687000 0.397500
vt 0.488800 0.390400
vt 0.973800 0.269200
vt 0.698200 0.379100
vt 0.653000 0.593000
vt 0.020000 0.840900
vt 0.511100 0.650300
vt 0.331200 0.921600
vt 0.973800 0.097000
vt 0.511100 0.379100
vt 0.488800 0.584400
vt 0.522200 0.511600
vt 0.522300 0.551600
vt 0.240100 0.134000
vt 0.372000 0.979100
vt 0.756300 0.210600
vt 0.372000 0.949800
vt 0.800700 0.673900
vt 0.741900 0.364300
vt 0.493800 0.357200
vt 0.228900 0.796900
vt 0.020000 0.738100
vt 0.020000 0.452300
vt 0.264100 0.467100
vt 0.263400 0.577000
vt 0.334800 0.856100
vt 0.240100 0.192700
vt 0.921000 0.425700
vt 0.917300 0.455000
vt 0.411600 0.725200
vt 0.228900 0.752900
vt 0.020000 0.562200
vt 0.488800 0.667600
vt 0.488800 0.693200
vt 0.488800 0.611600
vt 0.020000 0.980000
vt 0.020000 0.408300
vt 0.264100 0.511100
vt 0.511100 0.415800
vt 0.287500 0.639600
vt 0.821600 0.491700
vt 0.756300 0.151900
vt 0.821600 0.517300
vt 0.821600 0.461400
vt 0.020000 0.914000
vt 0.226300 0.950800
vt 0.228900 0.774900
vt 0.020000 0.364300
vt 0.264100 0.379100
vt 0.263400 0.643000
vt 0.020000 0.540200
vt 0.247200 0.885500
vt 0.973800 0.056100
vt 0.664200 0.445100
vt 0.287500 0.547900
s 0
f 3121/8401/4930 3123/8402/4931 3124/8403/4932
f 3125/8404/4930 3123/8405/4933 3122/8406/4930
f 3128/8407/4930 3130/8408/4934 3127/8409/4930
f 3131/8410/4930 3129/8411/4935 3128/8412/4930
f 3133/8413/4930 3126/8414/4936 3125/8404/4930
f 3135/8415/4930 3124/8416/4937 3136/8417/4938
s 1
f 3137/8418/4938 3139/8419/4939 3132/8420/4932
s 0
f 3140/8421/4930 3132/8422/4940 3131/8410/4930
f 3141/8423/4930 3130/8424/4941 3139/8425/4939
f 3143/8426/4930 3144/8427/4942 3142/8428/4930
s 1
f 3146/8429/4938 3144/8430/4939 3145/8431/4932
s 0
f 3149/8432/4930 3145/8433/4943 3148/8434/4930
f 3142/8428/4930 3147/8435/4944 3150/8436/4930
f 3151/8437/4930 3146/8438/4945 3149/8432/4930
f 3150/8436/4930 3134/8439/4946 3133/8413/4930
s 1
f 3136/8440/4938 3134/8441/4939 3152/8442/4932
s 0
f 3135/8415/4930 3152/8443/4947 3151/8437/4930
f 3148/8434/4930 3137/8444/4948 3140/8421/4930
f 3141/8423/4930 3138/8445/4949 3143/8426/4930
f 3139/8419/4950 3154/8446/4951 3132/8420/4932
f 3137/8418/4952 3156/8447/4953 3138/8448/4954
f 3145/8449/4955 3155/8450/4956 3137/8451/4938
f 3159/8452/4930 3161/8453/4957 3158/8454/4930
f 3162/8455/4930 3164/8456/4958 3165/8457/4954
f 3166/8458/4930 3164/8459/4935 3163/8460/4930
f 3168/8461/4930 3170/8462/4937 3171/8463/4938
s 1
f 3172/8464/4938 3174/8465/4939 3167/8466/4932
s 0
f 3175/8467/4930 3167/8468/4940 3166/8458/4930
f 3177/8469/4959 3178/8470/4960 3176/8471/4932
s 1
f 3180/8472/4938 3178/8473/4939 3179/8474/4932
s 0
f 3183/8475/4930 3179/8476/4943 3182/8477/4930
f 3184/8478/4930 3180/8479/4945 3183/8475/4930
f 3187/8480/4959 3188/8481/4961 3186/8482/4932
s 1
f 3171/8483/4938 3188/8484/4939 3185/8485/4932
s 0
f 3168/8461/4930 3185/8486/4947 3184/8478/4930
f 3182/8477/4930 3172/8487/4948 3175/8467/4930
f 3164/8456/4962 3191/8488/4963 3165/8457/4954
f 3167/8489/4964 3190/8490/4965 3164/8491/4938
f 3174/8465/4966 3192/8492/4967 3167/8466/4932
f 3165/8493/4968 3193/8494/4969 3174/8495/4939
f 3161/8496/4966 3195/8497/4967 3170/8498/4932
f 3171/8483/4962 3197/8499/4963 3189/8500/4954
f 3170/8501/4970 3196/8502/4971 3171/8503/4938
f 3185/8504/4955 3199/8505/4972 3180/8506/4938
f 3188/8484/4966 3198/8507/4967 3185/8485/4932
f 3181/8508/4973 3200/8509/4974 3188/8510/4939
f 3180/8472/4962 3201/8511/4963 3181/8512/4954
f 3173/8513/4973 3203/8514/4975 3178/8515/4939
f 3178/8473/4966 3204/8516/4967 3179/8474/4932
f 3206/8517/4930 3208/8518/4976 3205/8519/4930
f 3162/8520/4930 3210/8521/4977 3209/8522/4930
s 1
f 3177/8523/4938 3213/8524/4939 3211/8525/4932
s 0
f 3173/8526/4978 3211/8527/4979 3174/8528/4939
f 3215/8529/4980 3216/8530/4981 3214/8531/4932
s 1
f 3187/8532/4938 3216/8533/4939 3176/8534/4932
s 0
f 3181/8535/4982 3176/8471/4983 3178/8470/4939
f 3219/8536/4980 3220/8537/4984 3218/8538/4932
s 1
f 3221/8539/4938 3220/8540/4939 3186/8541/4932
s 0
f 3189/8542/4985 3186/8482/4986 3188/8481/4939
f 3213/8524/4987 3224/8543/4988 3211/8525/4932
f 3225/8544/4968 3223/8545/4969 3213/8546/4939
f 3208/8547/4987 3228/8548/4988 3160/8549/4932
f 3222/8550/4989 3227/8551/4990 3208/8552/4939
f 3221/8539/4991 3229/8553/4992 3222/8554/4954
f 3160/8555/4970 3230/8556/4971 3221/8557/4938
f 3220/8540/4987 3232/8558/4988 3186/8541/4932
f 3212/8559/4973 3234/8560/4975 3216/8561/4939
f 3177/8523/4991 3233/8562/4992 3212/8563/4954
f 3176/8564/4955 3235/8565/4956 3177/8566/4938
f 3216/8533/4987 3236/8567/4988 3176/8534/4932
f 3206/8568/4930 3238/8569/4993 3207/8570/4994
f 3239/8571/4930 3238/8572/4933 3237/8573/4930
f 3209/8574/4930 3225/8575/4995 3241/8576/4930
f 3242/8577/4930 3240/8578/4936 3239/8571/4930
s 1
f 3215/8579/4938 3246/8580/4939 3244/8581/4932
s 0
f 3212/8582/4996 3244/8583/4997 3213/8584/4939
f 3247/8585/4930 3249/8586/4941 3246/8587/4939
f 3251/8588/4930 3252/8589/4942 3250/8590/4930
s 1
f 3219/8591/4938 3252/8592/4939 3214/8593/4932
s 0
f 3217/8594/4998 3214/8531/4999 3216/8530/4939
f 3250/8590/4930 3253/8595/4944 3254/8596/4930
f 3254/8596/4930 3243/8597/4946 3242/8577/4930
s 1
f 3255/8598/4938 3243/8599/4939 3218/8600/4932
s 0
f 3222/8601/5000 3218/8538/5001 3220/8537/4939
f 3247/8585/4930 3245/8602/4949 3251/8588/4930
f 3238/8569/5002 3257/8603/5003 3207/8570/4932
f 3255/8598/5004 3259/8604/5005 3240/8605/4954
f 3207/8606/4970 3258/8607/4971 3255/8608/4938
f 3252/8592/5002 3261/8609/5003 3214/8593/4932
f 3170/8498/5006 3158/8610/4930 3161/8496/4939
f 3174/8528/5007 3210/8521/5008 3165/8611/4954
f 3221/8612/5009 3161/8453/5010 3160/8613/4932
f 3213/8584/5011 3262/8614/5012 3225/8615/4954
f 3262/8614/5013 3241/8616/4930 3225/8615/4954
f 3249/8617/5014 3263/8618/4930 3262/8619/5015
f 3160/8549/5016 3205/8620/4930 3208/8547/4939
f 3255/8621/5017 3208/8518/5018 3207/8622/4932
f 3264/8623/5019 3266/8624/5020 3267/8625/5019
f 3266/8626/5021 3269/8627/5019 3267/8628/5019
f 3271/8629/5022 3273/8630/5019 3270/8631/5019
f 3272/8632/5023 3274/8633/5019 3273/8634/5019
f 3268/8635/5024 3276/8636/5019 3269/8627/5019
f 3277/8637/5019 3265/8638/5025 3264/8639/5019
s 1
f 3153/8640/5026 3155/8641/5027 3154/8642/5028
s 0
f 3154/8643/5029 3279/8644/5019 3274/8633/5019
f 3280/8645/5019 3271/8646/5030 3270/8647/5019
f 3282/8648/5031 3283/8649/5019 3281/8650/5019
s 1
f 3282/8651/5026 3285/8652/5027 3157/8653/5028
s 0
f 3157/8654/5032 3287/8655/5019 3286/8656/5019
f 3284/8657/5033 3281/8650/5019 3288/8658/5019
f 3285/8659/5034 3290/8660/5019 3287/8655/5019
f 3275/8661/5035 3288/8658/5019 3276/8636/5019
s 1
f 3275/8662/5026 3278/8663/5027 3289/8664/5028
s 0
f 3289/8665/5036 3277/8637/5019 3290/8660/5019
f 3155/8666/5037 3286/8656/5019 3279/8644/5019
f 3156/8667/5038 3280/8645/5019 3283/8649/5019
f 3130/8408/5039 3272/8668/5040 3271/8669/5041
f 3129/8670/5042 3154/8671/5043 3272/8672/5027
f 3139/8673/5044 3271/8674/5045 3153/8675/5026
f 3124/8403/5046 3266/8676/5047 3265/8677/5028
f 3123/8678/5048 3268/8679/5049 3266/8680/5026
f 3126/8681/5039 3278/8682/5040 3268/8683/5041
f 3136/8684/5050 3265/8685/5051 3278/8686/5027
f 3146/8687/5052 3289/8688/5053 3285/8689/5027
f 3152/8442/5046 3275/8690/5047 3289/8691/5028
f 3134/8692/5054 3284/8693/5055 3275/8694/5026
f 3147/8695/5039 3285/8696/5040 3284/8697/5041
f 3144/8698/5056 3156/8699/5055 3282/8700/5026
f 3145/8431/5046 3282/8701/5047 3157/8702/5028
f 3194/8703/5057 3292/8704/5019 3291/8705/5019
f 3293/8706/5019 3190/8707/5058 3294/8708/5019
f 3190/8709/5023 3295/8710/5019 3294/8711/5019
f 3296/8712/5019 3195/8713/5025 3297/8714/5019
s 1
f 3193/8715/5026 3298/8716/5027 3192/8717/5028
s 0
f 3192/8718/5029 3299/8719/5019 3295/8710/5019
f 3203/8720/5059 3235/8721/5060 3236/8722/5028
s 1
f 3203/8723/5026 3199/8724/5027 3204/8725/5028
s 0
f 3204/8726/5032 3301/8727/5019 3300/8728/5019
f 3199/8729/5034 3302/8730/5019 3301/8727/5019
f 3200/8731/5061 3303/8732/5060 3232/8733/5028
s 1
f 3200/8734/5026 3196/8735/5027 3198/8736/5028
s 0
f 3198/8737/5036 3296/8712/5019 3302/8730/5019
f 3298/8738/5037 3300/8728/5019 3299/8719/5019
f 3161/8739/5048 3197/8740/5049 3194/8741/5026
f 3173/8742/5062 3298/8743/5063 3202/8744/5041
f 3172/8745/5064 3204/8746/5053 3298/8747/5027
f 3227/8748/5065 3305/8749/5019 3304/8750/5019
f 3307/8751/5066 3293/8752/5019 3306/8753/5019
s 1
f 3223/8754/5026 3235/8755/5027 3224/8756/5028
s 0
f 3224/8757/5067 3202/8758/5068 3193/8759/5026
f 3234/8760/5069 3308/8761/5070 3261/8762/5028
s 1
f 3234/8763/5026 3303/8764/5027 3236/8765/5028
s 0
f 3236/8722/5071 3201/8766/5072 3203/8720/5026
f 3231/8767/5073 3311/8768/5070 3310/8769/5028
s 1
f 3231/8770/5026 3230/8771/5027 3232/8772/5028
s 0
f 3232/8733/5074 3197/8773/5075 3200/8731/5026
f 3225/8575/5076 3307/8774/5077 3226/8775/5041
f 3210/8776/5042 3224/8777/5043 3307/8778/5027
f 3187/8779/5052 3232/8780/5053 3303/8781/5027
f 3220/8782/5054 3309/8783/5055 3231/8784/5026
f 3217/8785/5076 3303/8786/5077 3309/8787/5041
f 3305/8788/5019 3256/8789/5078 3312/8790/5019
f 3256/8791/5021 3313/8792/5019 3312/8793/5019
f 3226/8794/5079 3306/8795/5019 3314/8796/5019
f 3259/8797/5024 3316/8798/5019 3313/8792/5019
s 1
f 3318/8799/5026 3308/8800/5027 3317/8801/5028
s 0
f 3317/8802/5080 3233/8803/5081 3223/8804/5026
f 3320/8805/5019 3321/8806/5030 3322/8807/5019
f 3260/8808/5031 3324/8809/5019 3323/8810/5019
s 1
f 3260/8811/5026 3311/8812/5027 3261/8813/5028
s 0
f 3261/8762/5082 3309/8814/5083 3234/8760/5026
f 3325/8815/5033 3323/8810/5019 3326/8816/5019
f 3315/8817/5035 3326/8816/5019 3316/8798/5019
s 1
f 3315/8818/5026 3258/8819/5027 3310/8820/5028
s 0
f 3310/8769/5084 3229/8821/5085 3231/8767/5026
f 3319/8822/5038 3320/8805/5019 3324/8809/5019
f 3249/8617/5086 3327/8823/5087 3321/8824/5041
f 3262/8825/5042 3317/8826/5043 3327/8827/5027
f 3244/8581/5088 3318/8828/5089 3317/8829/5028
f 3246/8830/5044 3321/8831/5045 3318/8832/5026
f 3238/8833/5048 3259/8834/5049 3256/8835/5026
f 3219/8836/5052 3310/8837/5053 3311/8838/5027
f 3218/8600/5088 3315/8839/5089 3310/8840/5028
f 3243/8841/5054 3325/8842/5055 3315/8843/5026
f 3253/8844/5086 3311/8845/5087 3325/8846/5041
f 3252/8847/5056 3319/8848/5055 3260/8849/5026
f 3245/8850/5086 3308/8851/5087 3319/8852/5041
f 3215/8853/5064 3261/8854/5053 3308/8855/5027
f 3291/8856/5019 3195/8857/5090 3194/8858/5026
f 3307/8751/5091 3193/8759/5092 3191/8859/5041
f 3194/8703/5093 3230/8860/5094 3228/8861/5028
f 3327/8862/5095 3223/8804/5096 3226/8863/5041
f 3314/8864/5019 3327/8862/5097 3226/8863/5041
f 3328/8865/5019 3321/8866/5098 3327/8867/5027
f 3304/8868/5019 3228/8869/5099 3227/8870/5026
f 3227/8748/5100 3258/8871/5101 3257/8872/5028
f 3121/8401/4930 3122/8873/4930 3123/8402/5102
f 3125/8404/4930 3126/8414/4954 3123/8405/5103
f 3128/8407/4930 3129/8874/4938 3130/8408/5104
f 3131/8410/4930 3132/8422/4932 3129/8411/5105
f 3133/8413/4930 3134/8439/4939 3126/8414/5106
f 3135/8415/4930 3121/8875/4930 3124/8416/5107
s 1
f 3137/8418/4938 3138/8448/4954 3139/8419/4939
s 0
f 3140/8421/4930 3137/8444/4938 3132/8422/5108
f 3141/8423/4930 3127/8876/4930 3130/8424/5109
f 3143/8426/4930 3138/8445/4954 3144/8427/5110
s 1
f 3146/8429/4938 3147/8695/4954 3144/8430/4939
s 0
f 3149/8432/4930 3146/8438/4938 3145/8433/5111
f 3142/8428/4930 3144/8427/4939 3147/8435/5112
f 3151/8437/4930 3152/8443/4932 3146/8438/5113
f 3150/8436/4930 3147/8435/4954 3134/8439/5110
s 1
f 3136/8440/4938 3126/8681/4954 3134/8441/4939
s 0
f 3135/8415/4930 3136/8417/4938 3152/8443/5114
f 3148/8434/4930 3145/8433/4932 3137/8444/5113
f 3141/8423/4930 3139/8425/4939 3138/8445/5115
f 3139/8419/5116 3153/8877/5026 3154/8446/5117
f 3137/8418/5118 3155/8878/5027 3156/8447/5119
f 3145/8449/5120 3157/8879/5028 3155/8450/5121
f 3159/8452/4930 3160/8613/4932 3161/8453/5122
f 3162/8455/4930 3163/8880/4930 3164/8456/5123
f 3166/8458/4930 3167/8468/4932 3164/8459/5105
f 3168/8461/4930 3169/8881/4930 3170/8462/5107
s 1
f 3172/8464/4938 3173/8742/4954 3174/8465/4939
s 0
f 3175/8467/4930 3172/8487/4938 3167/8468/5108
f 3177/8469/5124 3173/8526/4954 3178/8470/5125
s 1
f 3180/8472/4938 3181/8512/4954 3178/8473/4939
s 0
f 3183/8475/4930 3180/8479/4938 3179/8476/5111
f 3184/8478/4930 3185/8486/4932 3180/8479/5113
f 3187/8480/5126 3181/8535/4954 3188/8481/5125
s 1
f 3171/8483/4938 3189/8500/4954 3188/8484/4939
s 0
f 3168/8461/4930 3171/8463/4938 3185/8486/5114
f 3182/8477/4930 3179/8476/4932 3172/8487/5113
f 3164/8456/5127 3190/8882/5027 3191/8488/5128
f 3167/8489/5129 3192/8883/5028 3190/8490/5130
f 3174/8465/5131 3193/8884/5026 3192/8492/5132
f 3165/8493/5133 3191/8885/5041 3193/8494/5134
f 3161/8496/5131 3194/8886/5026 3195/8497/5132
f 3171/8483/5127 3196/8887/5027 3197/8499/5128
f 3170/8501/5135 3195/8888/5028 3196/8502/5136
f 3185/8504/5137 3198/8889/5028 3199/8505/5121
f 3188/8484/5131 3200/8890/5026 3198/8507/5132
f 3181/8508/5138 3201/8891/5041 3200/8509/5139
f 3180/8472/5127 3199/8892/5027 3201/8511/5128
f 3173/8513/5140 3202/8893/5041 3203/8514/5139
f 3178/8473/5131 3203/8894/5026 3204/8516/5132
f 3206/8517/4930 3207/8622/4932 3208/8518/5141
f 3162/8520/4930 3165/8611/4954 3210/8521/5142
s 1
f 3177/8523/4938 3212/8563/4954 3213/8524/4939
s 0
f 3173/8526/5143 3177/8469/4938 3211/8527/5144
f 3215/8529/5145 3212/8582/4954 3216/8530/5146
s 1
f 3187/8532/4938 3217/8785/4954 3216/8533/4939
s 0
f 3181/8535/5147 3187/8480/4938 3176/8471/5148
f 3219/8536/5149 3217/8594/4954 3220/8537/5146
s 1
f 3221/8539/4938 3222/8554/4954 3220/8540/4939
s 0
f 3189/8542/5150 3221/8612/4938 3186/8482/5151
f 3213/8524/5152 3223/8895/5026 3224/8543/5153
f 3225/8544/5133 3226/8896/5041 3223/8545/5134
f 3208/8547/5152 3227/8897/5026 3228/8548/5153
f 3222/8550/5154 3229/8898/5041 3227/8551/5155
f 3221/8539/5156 3230/8899/5027 3229/8553/5157
f 3160/8555/5135 3228/8900/5028 3230/8556/5136
f 3220/8540/5152 3231/8901/5026 3232/8558/5153
f 3212/8559/5140 3233/8902/5041 3234/8560/5139
f 3177/8523/5156 3235/8903/5027 3233/8562/5157
f 3176/8564/5120 3236/8904/5028 3235/8565/5121
f 3216/8533/5152 3234/8905/5026 3236/8567/5153
f 3206/8568/4930 3237/8906/4930 3238/8569/5158
f 3239/8571/4930 3240/8578/4954 3238/8572/5103
f 3209/8574/4930 3210/8907/4938 3225/8575/5159
f 3242/8577/4930 3243/8597/4939 3240/8578/5106
s 1
f 3215/8579/4938 3245/8850/4954 3246/8580/4939
s 0
f 3212/8582/5160 3215/8529/4938 3244/8583/5161
f 3247/8585/4930 3248/8908/4930 3249/8586/5109
f 3251/8588/4930 3245/8602/4954 3252/8589/5110
s 1
f 3219/8591/4938 3253/8844/4954 3252/8592/4939
s 0
f 3217/8594/5162 3219/8536/4938 3214/8531/5163
f 3250/8590/4930 3252/8589/4939 3253/8595/5112
f 3254/8596/4930 3253/8595/4954 3243/8597/5110
s 1
f 3255/8598/4938 3240/8605/4954 3243/8599/4939
s 0
f 3222/8601/5164 3255/8621/4938 3218/8538/5165
f 3247/8585/4930 3246/8587/4939 3245/8602/5115
f 3238/8569/5166 3256/8909/5026 3257/8603/5167
f 3255/8598/5168 3258/8910/5027 3259/8604/5169
f 3207/8606/5135 3257/8911/5028 3258/8607/5136
f 3252/8592/5166 3260/8912/5026 3261/8609/5167
f 3170/8498/5170 3169/8913/4930 3158/8610/4930
f 3174/8528/5171 3211/8527/4932 3210/8521/5172
f 3221/8612/5173 3189/8542/4954 3161/8453/5174
f 3213/8584/5175 3244/8583/4932 3262/8614/5017
f 3262/8614/5176 3263/8914/4930 3241/8616/4930
f 3249/8617/5177 3248/8915/4930 3263/8618/4930
f 3160/8549/5178 3159/8916/4930 3205/8620/4930
f 3255/8621/5179 3222/8601/4954 3208/8518/5011
f 3264/8623/5019 3265/8917/5180 3266/8624/5181
f 3266/8626/5182 3268/8635/5041 3269/8627/5019
f 3271/8629/5183 3272/8918/5184 3273/8630/5019
f 3272/8632/5185 3154/8643/5028 3274/8633/5019
f 3268/8635/5186 3275/8661/5026 3276/8636/5019
f 3277/8637/5019 3278/8919/5027 3265/8638/5187
s 1
f 3153/8640/5026 3156/8920/5041 3155/8641/5027
s 0
f 3154/8643/5188 3155/8666/5027 3279/8644/5019
f 3280/8645/5019 3153/8921/5026 3271/8646/5189
f 3282/8648/5190 3156/8667/5041 3283/8649/5019
s 1
f 3282/8651/5026 3284/8922/5041 3285/8652/5027
s 0
f 3157/8654/5191 3285/8659/5027 3287/8655/5019
f 3284/8657/5192 3282/8648/5026 3281/8650/5019
f 3285/8659/5193 3289/8665/5028 3290/8660/5019
f 3275/8661/5190 3284/8657/5041 3288/8658/5019
s 1
f 3275/8662/5026 3268/8923/5041 3278/8663/5027
s 0
f 3289/8665/5194 3278/8919/5027 3277/8637/5019
f 3155/8666/5193 3157/8654/5028 3286/8656/5019
f 3156/8667/5195 3153/8921/5026 3280/8645/5019
f 3130/8408/5196 3129/8874/4938 3272/8668/5197
f 3129/8670/5198 3132/8924/4932 3154/8671/5199
f 3139/8673/5200 3130/8925/4954 3271/8674/5201
f 3124/8403/5202 3123/8402/4939 3266/8676/5203
f 3123/8678/5204 3126/8926/4954 3268/8679/5205
f 3126/8681/5196 3136/8440/4938 3278/8682/5197
f 3136/8684/5206 3124/8927/4932 3265/8685/5207
f 3146/8687/5208 3152/8928/4932 3289/8688/5209
f 3152/8442/5202 3134/8441/4939 3275/8690/5203
f 3134/8692/5210 3147/8929/4954 3284/8693/5211
f 3147/8695/5196 3146/8429/4938 3285/8696/5197
f 3144/8698/5210 3138/8930/4954 3156/8699/5212
f 3145/8431/5202 3144/8430/4939 3282/8701/5203
f 3194/8703/5213 3228/8861/5028 3292/8704/5019
f 3293/8706/5019 3191/8931/5041 3190/8707/5214
f 3190/8709/5185 3192/8718/5028 3295/8710/5019
f 3296/8712/5019 3196/8932/5027 3195/8713/5187
s 1
f 3193/8715/5026 3202/8933/5041 3298/8716/5027
s 0
f 3192/8718/5188 3298/8738/5027 3299/8719/5019
f 3203/8720/5215 3202/8758/5041 3235/8721/5216
s 1
f 3203/8723/5026 3201/8934/5041 3199/8724/5027
s 0
f 3204/8726/5191 3199/8729/5027 3301/8727/5019
f 3199/8729/5193 3198/8737/5028 3302/8730/5019
f 3200/8731/5215 3201/8766/5041 3303/8732/5217
s 1
f 3200/8734/5026 3197/8935/5041 3196/8735/5027
s 0
f 3198/8737/5194 3196/8932/5027 3296/8712/5019
f 3298/8738/5193 3204/8726/5028 3300/8728/5019
f 3161/8739/5204 3189/8936/4954 3197/8740/5205
f 3173/8742/5218 3172/8464/4938 3298/8743/5219
f 3172/8745/5208 3179/8937/4932 3204/8746/5220
f 3227/8748/5221 3257/8872/5028 3305/8749/5019
f 3307/8751/5222 3191/8859/5041 3293/8752/5019
s 1
f 3223/8754/5026 3233/8938/5041 3235/8755/5027
s 0
f 3224/8757/5223 3235/8721/5027 3202/8758/5224
f 3234/8760/5225 3233/8803/5041 3308/8761/5226
s 1
f 3234/8763/5026 3309/8939/5041 3303/8764/5027
s 0
f 3236/8722/5227 3303/8732/5027 3201/8766/5228
f 3231/8767/5225 3309/8814/5041 3311/8768/5229
s 1
f 3231/8770/5026 3229/8940/5041 3230/8771/5027
s 0
f 3232/8733/5230 3230/8860/5027 3197/8773/5231
f 3225/8575/5232 3210/8907/4938 3307/8774/5233
f 3210/8776/5198 3211/8941/4932 3224/8777/5199
f 3187/8779/5208 3186/8942/4932 3232/8780/5209
f 3220/8782/5210 3217/8943/4954 3309/8783/5211
f 3217/8785/5232 3187/8532/4938 3303/8786/5233
f 3305/8788/5019 3257/8944/5028 3256/8789/5234
f 3256/8791/5182 3259/8797/5041 3313/8792/5019
f 3226/8794/5235 3307/8945/5027 3306/8795/5019
f 3259/8797/5186 3315/8817/5026 3316/8798/5019
s 1
f 3318/8799/5026 3319/8946/5041 3308/8800/5027
s 0
f 3317/8802/5236 3308/8761/5027 3233/8803/5237
f 3320/8805/5019 3318/8947/5026 3321/8806/5189
f 3260/8808/5190 3319/8822/5041 3324/8809/5019
s 1
f 3260/8811/5026 3325/8948/5041 3311/8812/5027
s 0
f 3261/8762/5238 3311/8768/5027 3309/8814/5239
f 3325/8815/5192 3260/8808/5026 3323/8810/5019
f 3315/8817/5190 3325/8815/5041 3326/8816/5019
s 1
f 3315/8818/5026 3259/8949/5041 3258/8819/5027
s 0
f 3310/8769/5240 3258/8871/5027 3229/8821/5241
f 3319/8822/5195 3318/8947/5026 3320/8805/5019
f 3249/8617/5242 3262/8619/4938 3327/8823/5243
f 3262/8825/5198 3244/8950/4932 3317/8826/5199
f 3244/8581/5244 3246/8580/4939 3318/8828/5245
f 3246/8830/5200 3249/8951/4954 3321/8831/5201
f 3238/8833/5204 3240/8952/4954 3259/8834/5205
f 3219/8836/5208 3218/8953/4932 3310/8837/5209
f 3218/8600/5244 3243/8599/4939 3315/8839/5245
f 3243/8841/5210 3253/8954/4954 3325/8842/5211
f 3253/8844/5242 3219/8591/4938 3311/8845/5243
f 3252/8847/5210 3245/8955/4954 3319/8848/5212
f 3245/8850/5242 3215/8579/4938 3308/8851/5243
f 3215/8853/5208 3214/8956/4932 3261/8854/5220
f 3291/8856/5019 3297/8957/5019 3195/8857/5246
f 3307/8751/5247 3224/8757/5028 3193/8759/5248
f 3194/8703/5249 3197/8773/5041 3230/8860/5250
f 3327/8862/5101 3317/8802/5028 3223/8804/5251
f 3314/8864/5019 3328/8958/5019 3327/8862/5252
f 3328/8865/5019 3322/8959/5019 3321/8866/5253
f 3304/8868/5019 3292/8960/5019 3228/8869/5254
f 3227/8748/5096 3229/8821/5041 3258/8871/5255
o window_big016
v 30.686356 5.803942 -15.808113
v 30.686356 4.693041 -15.808113
v 30.601761 4.777742 -15.808113
v 30.601761 5.719339 -15.808113
v 29.025360 4.693041 -15.808113
v 29.025360 4.777742 -15.808113
v 23.487061 4.693041 -15.808113
v 23.487061 5.803942 -15.808113
v 23.571655 5.719339 -15.808113
v 23.571655 4.777742 -15.808113
v 25.128555 5.803942 -15.808113
v 25.128555 5.719339 -15.808113
v 28.957962 4.693041 -15.808113
v 28.957962 4.777742 -15.808113
v 29.025360 5.803942 -15.808113
v 29.025360 5.719339 -15.808113
v 25.203568 5.719339 -15.808113
v 25.203568 4.777742 -15.808113
v 25.128555 4.777742 -15.808113
v 25.203568 5.803942 -15.808113
v 25.128555 4.693041 -15.808113
v 27.040665 4.693041 -15.808113
v 25.203568 4.693041 -15.808113
v 27.040665 4.777742 -15.808113
v 27.040665 5.719339 -15.808113
v 27.115463 5.719339 -15.808113
v 27.115463 4.777742 -15.808113
v 27.040665 5.803942 -15.808113
v 27.115463 5.803942 -15.808113
v 27.115463 4.693041 -15.808113
v 28.957962 5.803942 -15.808113
v 28.957962 5.719339 -15.808113
v 25.128555 4.777742 -15.753914
v 25.128555 5.719339 -15.753914
v 25.203568 5.719339 -15.753914
v 25.203568 4.777742 -15.753914
v 27.040665 5.719339 -15.753914
v 30.686356 3.577738 -15.808113
v 30.686356 3.502939 -15.808113
v 30.601761 3.502939 -15.808113
v 30.601761 3.577738 -15.808113
v 23.487061 3.577738 -15.808113
v 23.487061 4.211641 -15.808113
v 23.571655 4.127039 -15.808113
v 23.571655 3.577738 -15.808113
v 25.128555 4.211641 -15.808113
v 25.128555 4.127039 -15.808113
v 29.025360 4.211641 -15.808113
v 30.686356 4.211641 -15.808113
v 30.601761 4.127039 -15.808113
v 29.025360 4.127039 -15.808113
v 25.203568 4.127039 -15.808113
v 25.203568 3.577738 -15.808113
v 25.128555 3.577738 -15.808113
v 25.203568 4.211641 -15.808113
v 27.040665 3.502939 -15.808113
v 25.203568 3.502939 -15.808113
v 27.040665 3.577738 -15.808113
v 27.040665 4.127039 -15.808113
v 27.115463 4.127039 -15.808113
v 27.115463 3.577738 -15.808113
v 27.040665 4.211641 -15.808113
v 27.115463 4.211641 -15.808113
v 28.957962 4.211641 -15.808113
v 28.957962 4.127039 -15.808113
v 28.957962 3.502939 -15.808113
v 27.115463 3.502939 -15.808113
v 28.957962 3.577738 -15.808113
v 29.025360 3.577738 -15.808113
v 23.571655 4.127039 -15.753914
v 23.571655 3.577738 -15.753914
v 25.128555 4.127039 -15.753914
v 25.128555 3.577738 -15.753914
v 30.601761 3.577738 -15.753914
v 30.601761 4.127039 -15.753914
v 29.025360 4.127039 -15.753914
v 29.025360 3.577738 -15.753914
v 28.957962 4.127039 -15.753914
v 27.115463 4.127039 -15.753914
v 28.957962 3.577738 -15.753914
v 27.115463 3.577738 -15.753914
v 25.203568 3.577738 -15.753914
v 27.040665 3.577738 -15.753914
v 27.040665 4.127039 -15.753914
v 30.686356 1.983740 -15.808113
v 30.686356 1.905241 -15.808113
v 30.601761 1.905241 -15.808113
v 30.601761 1.983740 -15.808113
v 23.487061 3.502939 -15.808113
v 23.571655 3.502939 -15.808113
v 25.128555 3.502939 -15.808113
v 25.203568 1.983740 -15.808113
v 25.128555 1.983740 -15.808113
v 27.040665 1.905241 -15.808113
v 25.203568 1.905241 -15.808113
v 27.040665 1.983740 -15.808113
v 27.115463 1.983740 -15.808113
v 28.957962 1.905241 -15.808113
v 27.115463 1.905241 -15.808113
v 28.957962 1.983740 -15.808113
v 29.025360 3.502939 -15.808113
v 29.025360 1.983740 -15.808113
v 25.128555 1.983740 -15.753914
v 25.128555 3.502939 -15.753914
v 23.571655 1.983740 -15.808113
v 23.571655 1.983740 -15.753914
v 30.601761 1.983740 -15.753914
v 30.601761 3.502939 -15.753914
v 29.025360 1.983740 -15.753914
v 29.025360 3.502939 -15.753914
v 28.957962 1.983740 -15.753914
v 28.957962 3.502939 -15.753914
v 25.203568 1.983740 -15.753914
v 27.040665 1.983740 -15.753914
v 25.203568 3.502939 -15.753914
v 27.040665 3.502939 -15.753914
v 30.686356 0.749140 -15.808113
v 30.601761 0.833841 -15.808113
v 29.025360 0.749140 -15.808113
v 29.025360 0.833841 -15.808113
v 23.487061 1.983740 -15.808113
v 28.957962 0.749140 -15.808113
v 28.957962 0.833841 -15.808113
v 25.128555 1.905241 -15.808113
v 25.203568 0.833841 -15.808113
v 25.128555 0.833841 -15.808113
v 25.128555 0.749140 -15.808113
v 23.487061 0.749140 -15.808113
v 23.571655 0.833841 -15.808113
v 27.040665 0.749140 -15.808113
v 25.203568 0.749140 -15.808113
v 27.040665 0.833841 -15.808113
v 27.115463 0.833841 -15.808113
v 27.115463 0.749140 -15.808113
v 29.025360 1.905241 -15.808113
v 30.601761 0.833841 -15.753914
v 30.601761 1.905241 -15.753914
v 29.025360 1.905241 -15.753914
v 29.025360 0.833841 -15.753914
v 27.040665 0.833841 -15.753914
v 27.040665 1.905241 -15.753914
v 23.571655 1.905241 -15.808113
v 23.487061 1.905241 -15.808113
v 30.686356 5.803942 -15.753914
v 30.601761 5.719339 -15.753914
v 30.601761 4.777742 -15.753914
v 30.686356 4.693041 -15.753914
v 29.025360 4.777742 -15.753914
v 29.025360 4.693041 -15.753914
v 23.487061 4.693041 -15.753914
v 23.571655 4.777742 -15.753914
v 23.571655 5.719339 -15.753914
v 23.487061 5.803942 -15.753914
v 25.128555 5.803942 -15.753914
v 28.957962 4.777742 -15.753914
v 28.957962 4.693041 -15.753914
v 29.025360 5.803942 -15.753914
v 29.025360 5.719339 -15.753914
v 25.203568 5.803942 -15.753914
v 25.128555 4.693041 -15.753914
v 27.040665 4.693041 -15.753914
v 27.040665 4.777742 -15.753914
v 25.203568 4.693041 -15.753914
v 27.115463 4.777742 -15.753914
v 27.115463 5.719339 -15.753914
v 27.040665 5.803942 -15.753914
v 27.115463 5.803942 -15.753914
v 27.115463 4.693041 -15.753914
v 28.957962 5.719339 -15.753914
v 28.957962 5.803942 -15.753914
v 30.686356 3.577738 -15.753914
v 30.686356 3.502939 -15.753914
v 23.487061 3.577738 -15.753914
v 23.487061 4.211641 -15.753914
v 25.128555 4.211641 -15.753914
v 29.025360 4.211641 -15.753914
v 30.686356 4.211641 -15.753914
v 25.203568 4.127039 -15.753914
v 25.203568 4.211641 -15.753914
v 27.040665 4.211641 -15.753914
v 27.115463 4.211641 -15.753914
v 28.957962 4.211641 -15.753914
v 27.115463 3.502939 -15.753914
v 30.686356 1.983740 -15.753914
v 30.686356 1.905241 -15.753914
v 23.487061 3.502939 -15.753914
v 23.571655 3.502939 -15.753914
v 25.203568 1.905241 -15.753914
v 27.115463 1.983740 -15.753914
v 28.957962 1.905241 -15.753914
v 27.115463 1.905241 -15.753914
v 30.686356 0.749140 -15.753914
v 29.025360 0.749140 -15.753914
v 23.487061 1.983740 -15.753914
v 28.957962 0.833841 -15.753914
v 28.957962 0.749140 -15.753914
v 25.128555 1.905241 -15.753914
v 25.128555 0.833841 -15.753914
v 25.203568 0.833841 -15.753914
v 25.128555 0.749140 -15.753914
v 23.571655 0.833841 -15.753914
v 23.487061 0.749140 -15.753914
v 27.040665 0.749140 -15.753914
v 25.203568 0.749140 -15.753914
v 27.115463 0.833841 -15.753914
v 27.115463 0.749140 -15.753914
v 23.571655 1.905241 -15.753914
v 23.487061 1.905241 -15.753914
vn -0.0000 -0.0000 -1.0000
vn -0.4033 0.1384 -0.9045
vn -0.3015 -0.3015 -0.9045
vn -0.3141 0.2884 -0.9045
vn 0.2809 0.3208 -0.9045
vn 0.3143 -0.2882 -0.9045
vn 0.1406 0.4025 -0.9045
vn -0.1361 -0.4041 -0.9045
vn 0.3015 -0.3015 -0.9045
vn -0.3015 0.3015 -0.9045
vn -0.1513 -0.3986 -0.9045
vn 0.1363 0.4040 -0.9045
vn -0.3129 0.2897 -0.9045
vn -0.1510 -0.3988 -0.9045
vn 0.1509 0.3988 -0.9045
vn 0.3128 -0.2898 -0.9045
vn -0.3128 0.2897 -0.9045
vn -0.1408 -0.4025 -0.9045
vn 0.3129 -0.2897 -0.9045
vn 0.1512 0.3987 -0.9045
vn -0.3015 -0.0756 -0.9505
vn -0.3015 -0.3395 0.8910
vn 0.3015 0.0756 -0.9505
vn 0.3015 0.3395 0.8910
vn 0.3015 0.3015 -0.9045
vn 0.0826 -0.3015 -0.9499
vn 0.3211 -0.3015 0.8978
vn -0.3987 0.1510 -0.9045
vn 0.4013 -0.1441 -0.9045
vn 0.2157 -0.3678 -0.9045
vn -0.3116 0.2911 -0.9045
vn -0.3115 0.2911 -0.9045
vn 0.3015 0.0653 -0.9512
vn 0.3015 0.3661 0.8804
vn 0.0813 -0.3015 -0.9500
vn 0.3246 -0.3015 0.8965
vn -0.3015 -0.0653 -0.9512
vn -0.3015 -0.3661 0.8804
vn -0.0813 0.3015 -0.9500
vn -0.3246 0.3015 0.8965
vn 0.0814 -0.3015 -0.9500
vn 0.3243 -0.3015 0.8966
vn 0.3210 -0.3015 0.8978
vn -0.0826 0.3015 -0.9499
vn -0.3210 0.3015 0.8978
vn -0.3211 0.3015 0.8978
vn -0.3969 0.1558 -0.9045
vn 0.3987 -0.1510 -0.9045
vn 0.3941 0.1629 -0.9045
vn -0.1635 -0.3938 -0.9045
vn 0.2158 -0.3677 -0.9045
vn -0.3121 0.2906 -0.9045
vn 0.3940 0.1631 -0.9045
vn -0.1632 -0.3939 -0.9045
vn -0.3120 0.2906 -0.9045
vn 0.3896 0.1733 -0.9045
vn -0.1529 -0.3980 -0.9045
vn -0.3015 -0.0811 -0.9500
vn -0.3015 -0.3251 0.8963
vn -0.0814 0.3015 -0.9500
vn -0.3243 0.3015 0.8966
vn 0.3015 0.0811 -0.9500
vn 0.3015 0.3251 0.8963
vn -0.4033 0.1382 -0.9046
vn -0.3014 -0.3015 -0.9046
vn 0.2872 0.3152 -0.9045
vn 0.3921 0.1676 -0.9045
vn -0.1587 -0.3958 -0.9045
vn 0.3920 0.1679 -0.9045
vn -0.1584 -0.3959 -0.9045
vn 0.3875 0.1780 -0.9045
vn -0.1481 -0.3998 -0.9045
vn -0.3015 -0.0773 -0.9503
vn -0.3015 -0.3349 0.8927
vn 0.3015 0.0773 -0.9503
vn 0.3015 0.3349 0.8927
vn -0.4013 -0.1441 -0.9045
vn -0.2162 0.3675 -0.9045
vn 0.3133 -0.2892 -0.9045
vn 0.2161 -0.3676 -0.9045
vn -0.3132 0.2894 -0.9045
vn -0.2163 0.3675 -0.9045
vn 0.3139 -0.2886 -0.9045
vn 0.1705 -0.3908 -0.9045
vn 0.4033 0.1382 -0.9046
vn 0.3014 -0.3015 -0.9046
vn -0.3673 -0.2166 -0.9045
vn 0.2163 -0.3675 -0.9045
vn -0.3138 0.2887 -0.9045
vn -0.0000 -0.0000 1.0000
vn -0.2810 0.3207 0.9045
vn -0.3142 0.2883 0.9045
vn 0.2811 0.3207 0.9045
vn 0.3143 -0.2881 0.9045
vn 0.1406 0.4026 0.9045
vn -0.3141 -0.2883 0.9045
vn -0.3015 0.3015 0.9045
vn 0.3015 -0.3015 0.9045
vn -0.3015 -0.3015 0.9045
vn -0.1512 -0.3987 0.9045
vn 0.3142 0.2882 0.9045
vn -0.3129 0.2897 0.9045
vn -0.1510 -0.3988 0.9045
vn 0.1509 0.3988 0.9045
vn 0.3128 -0.2898 0.9045
vn -0.3128 0.2897 0.9045
vn -0.1407 -0.4025 0.9045
vn 0.3129 -0.2897 0.9045
vn 0.1511 0.3987 0.9045
vn 0.3015 0.3395 -0.8910
vn 0.3015 0.0756 0.9505
vn 0.3015 0.3015 0.9045
vn 0.3246 -0.3015 -0.8965
vn 0.0813 -0.3015 0.9500
vn -0.3246 0.3015 -0.8965
vn -0.0813 0.3015 0.9500
vn -0.3015 -0.3395 -0.8910
vn -0.3015 -0.0756 0.9505
vn -0.3243 0.3015 -0.8966
vn -0.0814 0.3015 0.9500
vn 0.3243 -0.3015 -0.8966
vn 0.0814 -0.3015 0.9500
vn 0.3210 -0.3015 -0.8978
vn 0.0826 -0.3015 0.9499
vn -0.3210 0.3015 -0.8978
vn -0.0826 0.3015 0.9499
vn -0.3211 0.3015 -0.8978
vn -0.3988 0.1510 0.9045
vn 0.2625 -0.3360 0.9045
vn -0.3116 0.2911 0.9045
vn 0.2157 -0.3678 0.9045
vn -0.3115 0.2911 0.9045
vn 0.3015 0.3661 -0.8804
vn 0.3015 0.0653 0.9512
vn 0.3211 -0.3015 -0.8978
vn -0.3969 0.1558 0.9045
vn 0.3988 -0.1510 0.9045
vn -0.1634 -0.3938 0.9045
vn 0.3940 0.1629 0.9045
vn -0.3121 0.2906 0.9045
vn 0.2158 -0.3677 0.9045
vn -0.1631 -0.3940 0.9045
vn 0.3939 0.1632 0.9045
vn -0.3120 0.2906 0.9045
vn -0.1528 -0.3981 0.9045
vn 0.3895 0.1734 0.9045
vn 0.3015 0.3251 -0.8963
vn 0.3015 0.0811 0.9500
vn -0.2820 0.3199 0.9045
vn 0.2872 0.3152 0.9045
vn -0.1587 -0.3958 0.9045
vn 0.3920 0.1677 0.9045
vn -0.1584 -0.3959 0.9045
vn 0.3919 0.1679 0.9045
vn -0.1481 -0.3999 0.9045
vn 0.3874 0.1780 0.9045
vn 0.3015 0.3349 -0.8927
vn 0.3015 0.0773 0.9503
vn -0.3015 -0.3349 -0.8927
vn -0.3015 -0.0773 0.9503
vn -0.4013 -0.1440 0.9045
vn 0.3133 -0.2892 0.9045
vn -0.2162 0.3675 0.9045
vn -0.3132 0.2894 0.9045
vn 0.2161 -0.3676 0.9045
vn 0.3139 -0.2886 0.9045
vn -0.2163 0.3675 0.9045
vn 0.1705 -0.3908 0.9045
vn 0.4035 0.1380 0.9045
vn -0.3673 -0.2166 0.9045
vn -0.3138 0.2887 0.9045
vn 0.2163 -0.3675 0.9045
vn -0.2810 0.3207 -0.9045
vn -0.1360 0.4041 -0.9045
vn 0.4033 0.1385 -0.9045
vn 0.1361 -0.4041 -0.9045
vn 0.3841 0.1852 -0.9045
vn -0.3142 -0.2883 -0.9045
vn -0.3889 -0.1749 -0.9045
vn 0.3143 0.2881 -0.9045
vn -0.2160 0.3676 -0.9045
vn -0.3888 -0.1752 -0.9045
vn 0.3887 0.1753 -0.9045
vn 0.2160 -0.3676 -0.9045
vn -0.3841 -0.1851 -0.9045
vn 0.3888 0.1750 -0.9045
vn -0.3015 0.3395 -0.8910
vn -0.3015 0.0756 0.9505
vn 0.3015 -0.3395 -0.8910
vn 0.3015 -0.0756 0.9505
vn -0.3211 -0.3015 -0.8978
vn -0.0826 -0.3015 0.9499
vn -0.1752 0.3888 -0.9045
vn 0.2625 -0.3360 -0.9045
vn 0.3116 -0.2911 -0.9045
vn -0.2157 0.3678 -0.9045
vn 0.3115 -0.2911 -0.9045
vn 0.3015 -0.3661 -0.8804
vn 0.3015 -0.0653 0.9512
vn -0.3246 -0.3015 -0.8965
vn -0.0813 -0.3015 0.9500
vn -0.3015 0.3661 -0.8804
vn -0.3015 0.0653 0.9512
vn 0.3246 0.3015 -0.8965
vn 0.0813 0.3015 0.9500
vn -0.3243 -0.3015 -0.8966
vn -0.0814 -0.3015 0.9500
vn -0.3210 -0.3015 -0.8978
vn 0.3210 0.3015 -0.8978
vn 0.0826 0.3015 0.9499
vn 0.3211 0.3015 -0.8978
vn -0.1705 0.3908 -0.9045
vn 0.1752 -0.3888 -0.9045
vn 0.1635 0.3938 -0.9045
vn -0.3941 -0.1629 -0.9045
vn 0.3121 -0.2906 -0.9045
vn -0.2158 0.3677 -0.9045
vn 0.1632 0.3939 -0.9045
vn -0.3940 -0.1631 -0.9045
vn 0.3120 -0.2906 -0.9045
vn 0.1529 0.3980 -0.9045
vn -0.3896 -0.1733 -0.9045
vn -0.3015 0.3251 -0.8963
vn -0.3015 0.0811 0.9500
vn 0.3243 0.3015 -0.8966
vn 0.0814 0.3015 0.9500
vn 0.3015 -0.3251 -0.8963
vn 0.3015 -0.0811 0.9500
vn -0.2819 0.3199 -0.9046
vn 0.3673 0.2166 -0.9045
vn 0.1587 0.3958 -0.9045
vn -0.3921 -0.1676 -0.9045
vn 0.1584 0.3959 -0.9045
vn -0.3920 -0.1679 -0.9045
vn 0.1481 0.3998 -0.9045
vn -0.3875 -0.1780 -0.9045
vn -0.3015 0.3349 -0.8927
vn -0.3015 0.0773 0.9503
vn 0.3015 -0.3349 -0.8927
vn 0.3015 -0.0773 0.9503
vn -0.2625 -0.3360 -0.9045
vn -0.3133 0.2892 -0.9045
vn 0.2162 -0.3675 -0.9045
vn 0.3132 -0.2894 -0.9045
vn -0.2161 0.3676 -0.9045
vn -0.3139 0.2886 -0.9045
vn 0.3969 -0.1558 -0.9045
vn 0.2818 0.3200 -0.9045
vn -0.2872 -0.3152 -0.9045
vn 0.3138 -0.2887 -0.9045
vn -0.3016 -0.3015 0.9045
vn -0.4034 0.1384 0.9045
vn -0.1362 0.4041 0.9045
vn 0.4033 0.1383 0.9045
vn 0.3016 -0.3014 0.9045
vn 0.1362 -0.4041 0.9045
vn 0.3841 0.1852 0.9045
vn -0.1361 -0.4041 0.9045
vn -0.3889 -0.1750 0.9045
vn 0.1360 0.4041 0.9045
vn -0.2160 0.3676 0.9045
vn -0.3887 -0.1752 0.9045
vn 0.3887 0.1753 0.9045
vn 0.2160 -0.3676 0.9045
vn -0.3841 -0.1851 0.9045
vn 0.3888 0.1751 0.9045
vn 0.3015 -0.0756 -0.9505
vn 0.3015 -0.3395 0.8910
vn -0.0813 -0.3015 -0.9500
vn -0.3246 -0.3015 0.8965
vn 0.0813 0.3015 -0.9500
vn 0.3246 0.3015 0.8965
vn -0.3015 0.0756 -0.9505
vn -0.3015 0.3395 0.8910
vn 0.0814 0.3015 -0.9500
vn 0.3243 0.3015 0.8966
vn -0.0814 -0.3015 -0.9500
vn -0.3243 -0.3015 0.8966
vn -0.0826 -0.3015 -0.9499
vn -0.3210 -0.3015 0.8978
vn 0.0826 0.3015 -0.9499
vn 0.3210 0.3015 0.8978
vn 0.3211 0.3015 0.8978
vn -0.1752 0.3887 0.9045
vn 0.4013 -0.1441 0.9045
vn -0.2157 0.3678 0.9045
vn 0.3116 -0.2911 0.9045
vn 0.3115 -0.2911 0.9045
vn 0.3015 -0.0653 -0.9512
vn 0.3015 -0.3661 0.8804
vn -0.3211 -0.3015 0.8978
vn -0.1705 0.3908 0.9045
vn 0.1752 -0.3887 0.9045
vn -0.3940 -0.1629 0.9045
vn 0.1634 0.3938 0.9045
vn -0.2158 0.3677 0.9045
vn 0.3121 -0.2906 0.9045
vn -0.3939 -0.1632 0.9045
vn 0.1631 0.3940 0.9045
vn 0.3120 -0.2906 0.9045
vn -0.3896 -0.1734 0.9045
vn 0.1528 0.3981 0.9045
vn 0.3015 -0.0811 -0.9500
vn 0.3015 -0.3251 0.8963
vn -0.4035 0.1380 0.9045
vn 0.3673 0.2166 0.9045
vn -0.3920 -0.1677 0.9045
vn 0.1587 0.3958 0.9045
vn -0.3919 -0.1679 0.9045
vn 0.1584 0.3959 0.9045
vn -0.3874 -0.1780 0.9045
vn 0.1481 0.3999 0.9045
vn 0.3015 -0.0773 -0.9503
vn 0.3015 -0.3349 0.8927
vn -0.3015 0.0773 -0.9503
vn -0.3015 0.3349 0.8927
vn -0.2625 -0.3360 0.9045
vn 0.2162 -0.3675 0.9045
vn -0.3133 0.2892 0.9045
vn -0.2161 0.3676 0.9045
vn 0.3132 -0.2894 0.9045
vn -0.3139 0.2886 0.9045
vn 0.3969 -0.1558 0.9045
vn 0.2820 0.3199 0.9045
vn -0.2872 -0.3152 0.9045
vn 0.3138 -0.2887 0.9045
vt 0.658300 0.492800
vt 0.522300 0.481600
vt 0.647000 0.481600
vt 0.240100 0.240100
vt 0.031200 0.251100
vt 0.020000 0.239900
vt 0.826800 0.415800
vt 0.690900 0.427000
vt 0.679600 0.415800
vt 0.756300 0.339000
vt 0.962600 0.328000
vt 0.973800 0.339300
vt 0.249000 0.240100
vt 0.240100 0.251300
vt 0.240100 0.339000
vt 0.031200 0.328000
vt 0.240100 0.327800
vt 0.804400 0.641800
vt 0.679600 0.631900
vt 0.804400 0.631900
vt 0.746400 0.339000
vt 0.756300 0.327800
vt 0.756300 0.240100
vt 0.962600 0.251100
vt 0.756300 0.251300
vt 0.746400 0.240100
vt 0.503000 0.251300
vt 0.503000 0.240100
vt 0.804400 0.594100
vt 0.679600 0.584200
vt 0.804400 0.584200
vt 0.493100 0.339100
vt 0.503000 0.327900
vt 0.503000 0.339100
vt 0.493100 0.251300
vt 0.493100 0.240100
vt 0.249000 0.339000
vt 0.493100 0.327900
vt 0.249000 0.251300
vt 0.804400 0.549200
vt 0.679600 0.540200
vt 0.804400 0.540200
vt 0.249000 0.327800
vt 0.746400 0.327800
vt 0.746400 0.251300
vt 0.804400 0.624700
vt 0.679600 0.649000
vt 0.679600 0.641800
vt 0.020000 0.606200
vt 0.263400 0.599000
vt 0.263400 0.606200
vt 0.020000 0.071300
vt 0.031200 0.081200
vt 0.020000 0.081200
vt 0.862900 0.379100
vt 0.935700 0.390400
vt 0.862900 0.390400
vt 0.756300 0.309700
vt 0.962600 0.298700
vt 0.973800 0.309900
vt 0.240100 0.309700
vt 0.031200 0.298700
vt 0.240100 0.298500
vt 0.323700 0.733400
vt 0.250900 0.723500
vt 0.323700 0.723500
vt 0.746400 0.309700
vt 0.756300 0.298500
vt 0.746400 0.071300
vt 0.503000 0.081200
vt 0.503000 0.071300
vt 0.323700 0.817700
vt 0.250900 0.807800
vt 0.323700 0.807800
vt 0.493100 0.309800
vt 0.503000 0.298600
vt 0.503000 0.309800
vt 0.249000 0.309700
vt 0.493100 0.298600
vt 0.493100 0.071300
vt 0.249000 0.081200
vt 0.249000 0.071300
vt 0.323700 0.776400
vt 0.250900 0.767400
vt 0.323700 0.767400
vt 0.249000 0.298500
vt 0.746400 0.298500
vt 0.862900 0.397500
vt 0.020000 0.892000
vt 0.226300 0.884900
vt 0.226300 0.892000
vt 0.323700 0.716300
vt 0.226300 0.928800
vt 0.020000 0.936000
vt 0.020000 0.928800
vt 0.247200 0.910400
vt 0.320000 0.903200
vt 0.320000 0.910400
vt 0.250900 0.783600
vt 0.250900 0.776400
vt 0.020000 0.870100
vt 0.228900 0.862900
vt 0.228900 0.870100
vt 0.020000 0.496300
vt 0.264100 0.489100
vt 0.264100 0.496300
vt 0.323700 0.760300
vt 0.264100 0.423100
vt 0.020000 0.430300
vt 0.020000 0.423100
vt 0.250900 0.824800
vt 0.250900 0.817700
vt 0.263400 0.665000
vt 0.020000 0.672200
vt 0.020000 0.665000
vt 0.323700 0.800600
vt 0.020000 0.097000
vt 0.031200 0.107400
vt 0.020000 0.107400
vt 0.973800 0.081200
vt 0.962600 0.071300
vt 0.973800 0.071300
vt 0.488800 0.513500
vt 0.287500 0.503600
vt 0.488800 0.503600
vt 0.746400 0.081200
vt 0.756400 0.071300
vt 0.756400 0.081200
vt 0.746400 0.097000
vt 0.503000 0.107400
vt 0.503000 0.097000
vt 0.488800 0.473200
vt 0.287500 0.463300
vt 0.488800 0.463300
vt 0.493100 0.081200
vt 0.493100 0.097000
vt 0.249000 0.107400
vt 0.249000 0.097000
vt 0.488800 0.431900
vt 0.287500 0.423000
vt 0.488800 0.423000
vt 0.240100 0.081200
vt 0.488800 0.496400
vt 0.721000 0.357200
vt 0.514700 0.364300
vt 0.514700 0.357200
vt 0.287500 0.573200
vt 0.488800 0.566000
vt 0.488800 0.573200
vt 0.228900 0.709000
vt 0.020000 0.716100
vt 0.020000 0.709000
vt 0.287500 0.439100
vt 0.287500 0.431900
vt 0.020000 0.826100
vt 0.228900 0.818900
vt 0.228900 0.826100
vt 0.488800 0.415800
vt 0.263400 0.621000
vt 0.020000 0.628200
vt 0.020000 0.621000
vt 0.287500 0.520700
vt 0.287500 0.513500
vt 0.020000 0.694200
vt 0.263400 0.687000
vt 0.263400 0.694200
vt 0.488800 0.456100
vt 0.840100 0.397500
vt 0.698200 0.386300
vt 0.840100 0.386300
vt 0.240100 0.269400
vt 0.031200 0.280400
vt 0.020000 0.269200
vt 0.488800 0.379100
vt 0.287500 0.390400
vt 0.287500 0.379100
vt 0.249000 0.269400
vt 0.240100 0.280600
vt 0.653000 0.627100
vt 0.511100 0.617200
vt 0.653000 0.617200
vt 0.746400 0.107400
vt 0.756400 0.097000
vt 0.756400 0.107400
vt 0.756300 0.269400
vt 0.962600 0.280400
vt 0.756300 0.280600
vt 0.746400 0.269400
vt 0.503000 0.280600
vt 0.503000 0.269400
vt 0.653000 0.667400
vt 0.511100 0.657500
vt 0.653000 0.657500
vt 0.493100 0.107400
vt 0.493100 0.280600
vt 0.493100 0.269400
vt 0.249000 0.280600
vt 0.653000 0.585800
vt 0.511100 0.576900
vt 0.653000 0.576900
vt 0.240100 0.107400
vt 0.746400 0.280600
vt 0.840100 0.379100
vt 0.511100 0.593000
vt 0.511100 0.585800
vt 0.020000 0.848100
vt 0.228900 0.840900
vt 0.228900 0.848100
vt 0.653000 0.650300
vt 0.247200 0.921600
vt 0.962600 0.081200
vt 0.240100 0.071300
vt 0.031200 0.071300
vt 0.962600 0.097000
vt 0.962600 0.107400
vt 0.973800 0.107400
vt 0.522300 0.390400
vt 0.664200 0.379100
vt 0.664200 0.390400
vt 0.287500 0.584400
vt 0.240100 0.097000
vt 0.031200 0.097000
vt 0.511100 0.522800
vt 0.647000 0.511100
vt 0.658300 0.522200
vt 0.031200 0.210800
vt 0.240100 0.221800
vt 0.020000 0.222000
vt 0.647000 0.551600
vt 0.511100 0.540400
vt 0.658200 0.540400
vt 0.962600 0.133800
vt 0.756300 0.122800
vt 0.973800 0.122600
vt 0.240100 0.210600
vt 0.249000 0.221800
vt 0.240100 0.122800
vt 0.031200 0.133800
vt 0.020000 0.122600
vt 0.372000 0.969200
vt 0.247200 0.979100
vt 0.247200 0.969200
vt 0.756300 0.134000
vt 0.746400 0.122800
vt 0.756300 0.221800
vt 0.962600 0.210800
vt 0.973800 0.222000
vt 0.503000 0.210600
vt 0.746400 0.221800
vt 0.503000 0.221800
vt 0.372000 0.939800
vt 0.247200 0.949800
vt 0.247200 0.939800
vt 0.503000 0.134000
vt 0.493100 0.122800
vt 0.503000 0.122800
vt 0.493100 0.210600
vt 0.493100 0.221800
vt 0.493100 0.134000
vt 0.249000 0.122800
vt 0.249000 0.210600
vt 0.800700 0.665000
vt 0.676000 0.673900
vt 0.676000 0.665000
vt 0.249000 0.134000
vt 0.746400 0.134000
vt 0.746400 0.210600
vt 0.815600 0.434200
vt 0.690900 0.434200
vt 0.948200 0.364300
vt 0.741900 0.357200
vt 0.948200 0.357200
vt 0.287500 0.357200
vt 0.493800 0.364300
vt 0.287500 0.364300
vt 0.522300 0.474400
vt 0.647000 0.474400
vt 0.020000 0.796900
vt 0.228900 0.804100
vt 0.020000 0.804100
vt 0.679600 0.549200
vt 0.804400 0.556300
vt 0.679600 0.556300
vt 0.228900 0.738100
vt 0.020000 0.731000
vt 0.228900 0.731000
vt 0.264100 0.452300
vt 0.020000 0.445100
vt 0.264100 0.445100
vt 0.679600 0.533100
vt 0.804400 0.533100
vt 0.020000 0.467100
vt 0.264100 0.474300
vt 0.020000 0.474300
vt 0.679600 0.594100
vt 0.804400 0.601300
vt 0.679600 0.601300
vt 0.020000 0.577000
vt 0.263400 0.584200
vt 0.020000 0.584200
vt 0.679600 0.577000
vt 0.804400 0.577000
vt 0.031200 0.020000
vt 0.020000 0.029900
vt 0.020000 0.020000
vt 0.334900 0.844900
vt 0.262000 0.855800
vt 0.250900 0.844600
vt 0.962600 0.192500
vt 0.756300 0.181500
vt 0.973800 0.181200
vt 0.240100 0.181500
vt 0.031200 0.192500
vt 0.020000 0.181200
vt 0.921000 0.415800
vt 0.848200 0.425700
vt 0.848200 0.415800
vt 0.756300 0.192700
vt 0.746400 0.181500
vt 0.503000 0.020000
vt 0.746400 0.029900
vt 0.503000 0.029900
vt 0.917300 0.445100
vt 0.844600 0.455000
vt 0.844600 0.445100
vt 0.503000 0.192600
vt 0.493100 0.181400
vt 0.503000 0.181400
vt 0.493100 0.192600
vt 0.249000 0.181500
vt 0.249000 0.020000
vt 0.493100 0.029900
vt 0.249000 0.029900
vt 0.411600 0.716300
vt 0.338800 0.725200
vt 0.338800 0.716300
vt 0.249000 0.192700
vt 0.746400 0.192700
vt 0.020000 0.752900
vt 0.228900 0.760100
vt 0.020000 0.760100
vt 0.250900 0.733400
vt 0.323700 0.740600
vt 0.250900 0.740600
vt 0.263400 0.562200
vt 0.020000 0.555000
vt 0.263400 0.555000
vt 0.031200 0.045700
vt 0.020000 0.056100
vt 0.020000 0.045700
vt 0.962600 0.029900
vt 0.973800 0.020000
vt 0.973800 0.029900
vt 0.488800 0.657700
vt 0.287500 0.667600
vt 0.287500 0.657700
vt 0.756400 0.029900
vt 0.746400 0.020000
vt 0.756400 0.020000
vt 0.503000 0.045700
vt 0.746400 0.056100
vt 0.503000 0.056100
vt 0.488800 0.683300
vt 0.287500 0.693200
vt 0.287500 0.683300
vt 0.493100 0.020000
vt 0.249000 0.045700
vt 0.493100 0.056100
vt 0.249000 0.056100
vt 0.488800 0.602700
vt 0.287500 0.611600
vt 0.287500 0.602700
vt 0.240100 0.020000
vt 0.488800 0.397500
vt 0.287500 0.397500
vt 0.226300 0.980000
vt 0.020000 0.972800
vt 0.226300 0.972800
vt 0.264100 0.408300
vt 0.020000 0.401100
vt 0.264100 0.401100
vt 0.020000 0.511100
vt 0.264100 0.518200
vt 0.020000 0.518200
vt 0.287500 0.473200
vt 0.488800 0.480400
vt 0.287500 0.480400
vt 0.511100 0.427000
vt 0.653100 0.416400
vt 0.664200 0.427700
vt 0.031200 0.152100
vt 0.240100 0.163100
vt 0.020000 0.163400
vt 0.488800 0.639600
vt 0.287500 0.628300
vt 0.488800 0.628300
vt 0.240100 0.151900
vt 0.249000 0.163100
vt 0.821600 0.481800
vt 0.679600 0.491700
vt 0.679600 0.481800
vt 0.756400 0.056100
vt 0.746400 0.045700
vt 0.756400 0.045700
vt 0.756300 0.163100
vt 0.962600 0.152100
vt 0.973800 0.163400
vt 0.503000 0.152000
vt 0.746400 0.163100
vt 0.503000 0.163200
vt 0.821600 0.507400
vt 0.679600 0.517300
vt 0.679600 0.507400
vt 0.493100 0.045700
vt 0.493100 0.152000
vt 0.493100 0.163200
vt 0.249000 0.151900
vt 0.821600 0.452400
vt 0.679600 0.461400
vt 0.679600 0.452400
vt 0.240100 0.045700
vt 0.746400 0.151900
vt 0.664200 0.397500
vt 0.522300 0.397500
vt 0.226300 0.914000
vt 0.020000 0.906900
vt 0.226300 0.906900
vt 0.511100 0.610000
vt 0.653000 0.610000
vt 0.020000 0.950800
vt 0.226300 0.958000
vt 0.020000 0.958000
vt 0.020000 0.774900
vt 0.228900 0.782100
vt 0.020000 0.782100
vt 0.264100 0.364300
vt 0.020000 0.357200
vt 0.264100 0.357200
vt 0.511100 0.569700
vt 0.653000 0.569700
vt 0.020000 0.379100
vt 0.264100 0.386300
vt 0.020000 0.386300
vt 0.511100 0.667400
vt 0.653000 0.674600
vt 0.511100 0.674600
vt 0.020000 0.643000
vt 0.263400 0.650200
vt 0.020000 0.650200
vt 0.511100 0.627100
vt 0.653000 0.634300
vt 0.511100 0.634300
vt 0.263400 0.540200
vt 0.020000 0.533100
vt 0.263400 0.533100
vt 0.331200 0.885100
vt 0.258400 0.874200
vt 0.331100 0.873900
vt 0.962600 0.020000
vt 0.240100 0.029900
vt 0.031200 0.029900
vt 0.962600 0.056100
vt 0.962600 0.045700
vt 0.973800 0.045700
vt 0.511100 0.445300
vt 0.653000 0.456300
vt 0.511100 0.456500
vt 0.488800 0.547900
vt 0.287500 0.536700
vt 0.488800 0.536700
vt 0.240100 0.056100
vt 0.031200 0.056100
vt 0.511100 0.492800
vt 0.815600 0.427000
vt 0.020000 0.339300
vt 0.973800 0.239900
vt 0.679600 0.624700
vt 0.804400 0.649000
vt 0.020000 0.599000
vt 0.946900 0.379100
vt 0.020000 0.309900
vt 0.935700 0.397500
vt 0.020000 0.884900
vt 0.250900 0.716300
vt 0.226300 0.936000
vt 0.247200 0.903200
vt 0.323700 0.783600
vt 0.020000 0.862900
vt 0.020000 0.489100
vt 0.250900 0.760300
vt 0.264100 0.430300
vt 0.323700 0.824800
vt 0.263400 0.672200
vt 0.250900 0.800600
vt 0.287500 0.496400
vt 0.721000 0.364300
vt 0.287500 0.566000
vt 0.228900 0.716100
vt 0.488800 0.439100
vt 0.020000 0.818900
vt 0.287500 0.415800
vt 0.263400 0.628200
vt 0.488800 0.520700
vt 0.020000 0.687000
vt 0.287500 0.456100
vt 0.687000 0.397500
vt 0.488800 0.390400
vt 0.973800 0.269200
vt 0.698200 0.379100
vt 0.653000 0.593000
vt 0.020000 0.840900
vt 0.511100 0.650300
vt 0.331200 0.921600
vt 0.973800 0.097000
vt 0.511100 0.379100
vt 0.488800 0.584400
vt 0.522200 0.511600
vt 0.522300 0.551600
vt 0.240100 0.134000
vt 0.372000 0.979100
vt 0.756300 0.210600
vt 0.372000 0.949800
vt 0.800700 0.673900
vt 0.741900 0.364300
vt 0.493800 0.357200
vt 0.228900 0.796900
vt 0.020000 0.738100
vt 0.020000 0.452300
vt 0.264100 0.467100
vt 0.263400 0.577000
vt 0.334800 0.856100
vt 0.240100 0.192700
vt 0.921000 0.425700
vt 0.917300 0.455000
vt 0.411600 0.725200
vt 0.228900 0.752900
vt 0.020000 0.562200
vt 0.488800 0.667600
vt 0.488800 0.693200
vt 0.488800 0.611600
vt 0.020000 0.980000
vt 0.020000 0.408300
vt 0.264100 0.511100
vt 0.511100 0.415800
vt 0.287500 0.639600
vt 0.821600 0.491700
vt 0.756300 0.151900
vt 0.821600 0.517300
vt 0.821600 0.461400
vt 0.020000 0.914000
vt 0.226300 0.950800
vt 0.228900 0.774900
vt 0.020000 0.364300
vt 0.264100 0.379100
vt 0.263400 0.643000
vt 0.020000 0.540200
vt 0.247200 0.885500
vt 0.973800 0.056100
vt 0.664200 0.445100
vt 0.287500 0.547900
s 0
f 3329/8961/5256 3331/8962/5257 3332/8963/5258
f 3333/8964/5256 3331/8965/5259 3330/8966/5256
f 3336/8967/5256 3338/8968/5260 3335/8969/5256
f 3339/8970/5256 3337/8971/5261 3336/8972/5256
f 3341/8973/5256 3334/8974/5262 3333/8964/5256
f 3343/8975/5256 3332/8976/5263 3344/8977/5264
s 1
f 3345/8978/5264 3347/8979/5265 3340/8980/5258
s 0
f 3348/8981/5256 3340/8982/5266 3339/8970/5256
f 3349/8983/5256 3338/8984/5267 3347/8985/5265
f 3351/8986/5256 3352/8987/5268 3350/8988/5256
s 1
f 3354/8989/5264 3352/8990/5265 3353/8991/5258
s 0
f 3357/8992/5256 3353/8993/5269 3356/8994/5256
f 3350/8988/5256 3355/8995/5270 3358/8996/5256
f 3359/8997/5256 3354/8998/5271 3357/8992/5256
f 3358/8996/5256 3342/8999/5272 3341/8973/5256
s 1
f 3344/9000/5264 3342/9001/5265 3360/9002/5258
s 0
f 3343/8975/5256 3360/9003/5273 3359/8997/5256
f 3356/8994/5256 3345/9004/5274 3348/8981/5256
f 3349/8983/5256 3346/9005/5275 3351/8986/5256
f 3347/8979/5276 3362/9006/5277 3340/8980/5258
f 3345/8978/5278 3364/9007/5279 3346/9008/5280
f 3353/9009/5281 3363/9010/5282 3345/9011/5264
f 3367/9012/5256 3369/9013/5283 3366/9014/5256
f 3370/9015/5256 3372/9016/5284 3373/9017/5280
f 3374/9018/5256 3372/9019/5261 3371/9020/5256
f 3376/9021/5256 3378/9022/5263 3379/9023/5264
s 1
f 3380/9024/5264 3382/9025/5265 3375/9026/5258
s 0
f 3383/9027/5256 3375/9028/5266 3374/9018/5256
f 3385/9029/5285 3386/9030/5286 3384/9031/5258
s 1
f 3388/9032/5264 3386/9033/5265 3387/9034/5258
s 0
f 3391/9035/5256 3387/9036/5269 3390/9037/5256
f 3392/9038/5256 3388/9039/5271 3391/9035/5256
f 3395/9040/5285 3396/9041/5287 3394/9042/5258
s 1
f 3379/9043/5264 3396/9044/5265 3393/9045/5258
s 0
f 3376/9021/5256 3393/9046/5273 3392/9038/5256
f 3390/9037/5256 3380/9047/5274 3383/9027/5256
f 3372/9016/5288 3399/9048/5289 3373/9017/5280
f 3375/9049/5290 3398/9050/5291 3372/9051/5264
f 3382/9025/5292 3400/9052/5293 3375/9026/5258
f 3373/9053/5294 3401/9054/5295 3382/9055/5265
f 3369/9056/5292 3403/9057/5293 3378/9058/5258
f 3379/9043/5288 3405/9059/5289 3397/9060/5280
f 3378/9061/5296 3404/9062/5297 3379/9063/5264
f 3393/9064/5281 3407/9065/5298 3388/9066/5264
f 3396/9044/5292 3406/9067/5293 3393/9045/5258
f 3389/9068/5299 3408/9069/5300 3396/9070/5265
f 3388/9032/5288 3409/9071/5289 3389/9072/5280
f 3381/9073/5299 3411/9074/5301 3386/9075/5265
f 3386/9033/5292 3412/9076/5293 3387/9034/5258
f 3414/9077/5256 3416/9078/5302 3413/9079/5256
f 3370/9080/5256 3418/9081/5303 3417/9082/5256
s 1
f 3385/9083/5264 3421/9084/5265 3419/9085/5258
s 0
f 3381/9086/5304 3419/9087/5305 3382/9088/5265
f 3423/9089/5306 3424/9090/5307 3422/9091/5258
s 1
f 3395/9092/5264 3424/9093/5265 3384/9094/5258
s 0
f 3389/9095/5308 3384/9031/5309 3386/9030/5265
f 3427/9096/5306 3428/9097/5310 3426/9098/5258
s 1
f 3429/9099/5264 3428/9100/5265 3394/9101/5258
s 0
f 3397/9102/5311 3394/9042/5312 3396/9041/5265
f 3421/9084/5313 3432/9103/5314 3419/9085/5258
f 3433/9104/5294 3431/9105/5295 3421/9106/5265
f 3416/9107/5313 3436/9108/5314 3368/9109/5258
f 3430/9110/5315 3435/9111/5316 3416/9112/5265
f 3429/9099/5317 3437/9113/5318 3430/9114/5280
f 3368/9115/5296 3438/9116/5297 3429/9117/5264
f 3428/9100/5313 3440/9118/5314 3394/9101/5258
f 3420/9119/5299 3442/9120/5301 3424/9121/5265
f 3385/9083/5317 3441/9122/5318 3420/9123/5280
f 3384/9124/5281 3443/9125/5282 3385/9126/5264
f 3424/9093/5313 3444/9127/5314 3384/9094/5258
f 3414/9128/5256 3446/9129/5319 3415/9130/5320
f 3447/9131/5256 3446/9132/5259 3445/9133/5256
f 3417/9134/5256 3433/9135/5321 3449/9136/5256
f 3450/9137/5256 3448/9138/5262 3447/9131/5256
s 1
f 3423/9139/5264 3454/9140/5265 3452/9141/5258
s 0
f 3420/9142/5322 3452/9143/5323 3421/9144/5265
f 3455/9145/5256 3457/9146/5267 3454/9147/5265
f 3459/9148/5256 3460/9149/5268 3458/9150/5256
s 1
f 3427/9151/5264 3460/9152/5265 3422/9153/5258
s 0
f 3425/9154/5324 3422/9091/5325 3424/9090/5265
f 3458/9150/5256 3461/9155/5270 3462/9156/5256
f 3462/9156/5256 3451/9157/5272 3450/9137/5256
s 1
f 3463/9158/5264 3451/9159/5265 3426/9160/5258
s 0
f 3430/9161/5326 3426/9098/5327 3428/9097/5265
f 3455/9145/5256 3453/9162/5275 3459/9148/5256
f 3446/9129/5328 3465/9163/5329 3415/9130/5258
f 3463/9158/5330 3467/9164/5331 3448/9165/5280
f 3415/9166/5296 3466/9167/5297 3463/9168/5264
f 3460/9152/5328 3469/9169/5329 3422/9153/5258
f 3378/9058/5332 3366/9170/5256 3369/9056/5265
f 3382/9088/5333 3418/9081/5334 3373/9171/5280
f 3429/9172/5335 3369/9013/5336 3368/9173/5258
f 3421/9144/5337 3470/9174/5338 3433/9175/5280
f 3470/9174/5339 3449/9176/5256 3433/9175/5280
f 3457/9177/5340 3471/9178/5256 3470/9179/5341
f 3368/9109/5342 3413/9180/5256 3416/9107/5265
f 3463/9181/5343 3416/9078/5344 3415/9182/5258
f 3472/9183/5345 3474/9184/5346 3475/9185/5345
f 3474/9186/5347 3477/9187/5345 3475/9188/5345
f 3479/9189/5348 3481/9190/5345 3478/9191/5345
f 3480/9192/5349 3482/9193/5345 3481/9194/5345
f 3476/9195/5350 3484/9196/5345 3477/9187/5345
f 3485/9197/5345 3473/9198/5351 3472/9199/5345
s 1
f 3361/9200/5352 3363/9201/5353 3362/9202/5354
s 0
f 3362/9203/5355 3487/9204/5345 3482/9193/5345
f 3488/9205/5345 3479/9206/5356 3478/9207/5345
f 3490/9208/5357 3491/9209/5345 3489/9210/5345
s 1
f 3490/9211/5352 3493/9212/5353 3365/9213/5354
s 0
f 3365/9214/5358 3495/9215/5345 3494/9216/5345
f 3492/9217/5359 3489/9210/5345 3496/9218/5345
f 3493/9219/5360 3498/9220/5345 3495/9215/5345
f 3483/9221/5361 3496/9218/5345 3484/9196/5345
s 1
f 3483/9222/5352 3486/9223/5353 3497/9224/5354
s 0
f 3497/9225/5362 3485/9197/5345 3498/9220/5345
f 3363/9226/5363 3494/9216/5345 3487/9204/5345
f 3364/9227/5364 3488/9205/5345 3491/9209/5345
f 3338/8968/5365 3480/9228/5366 3479/9229/5367
f 3337/9230/5368 3362/9231/5369 3480/9232/5353
f 3347/9233/5370 3479/9234/5371 3361/9235/5352
f 3332/8963/5372 3474/9236/5373 3473/9237/5354
f 3331/9238/5374 3476/9239/5375 3474/9240/5352
f 3334/9241/5365 3486/9242/5366 3476/9243/5367
f 3344/9244/5376 3473/9245/5377 3486/9246/5353
f 3354/9247/5378 3497/9248/5379 3493/9249/5353
f 3360/9002/5372 3483/9250/5373 3497/9251/5354
f 3342/9252/5380 3492/9253/5381 3483/9254/5352
f 3355/9255/5365 3493/9256/5366 3492/9257/5367
f 3352/9258/5382 3364/9259/5381 3490/9260/5352
f 3353/8991/5372 3490/9261/5373 3365/9262/5354
f 3402/9263/5383 3500/9264/5345 3499/9265/5345
f 3501/9266/5345 3398/9267/5384 3502/9268/5345
f 3398/9269/5349 3503/9270/5345 3502/9271/5345
f 3504/9272/5345 3403/9273/5351 3505/9274/5345
s 1
f 3401/9275/5352 3506/9276/5353 3400/9277/5354
s 0
f 3400/9278/5355 3507/9279/5345 3503/9270/5345
f 3411/9280/5385 3443/9281/5386 3444/9282/5354
s 1
f 3411/9283/5352 3407/9284/5353 3412/9285/5354
s 0
f 3412/9286/5358 3509/9287/5345 3508/9288/5345
f 3407/9289/5360 3510/9290/5345 3509/9287/5345
f 3408/9291/5387 3511/9292/5386 3440/9293/5354
s 1
f 3408/9294/5352 3404/9295/5353 3406/9296/5354
s 0
f 3406/9297/5362 3504/9272/5345 3510/9290/5345
f 3506/9298/5363 3508/9288/5345 3507/9279/5345
f 3369/9299/5374 3405/9300/5375 3402/9301/5352
f 3381/9302/5388 3506/9303/5389 3410/9304/5367
f 3380/9305/5390 3412/9306/5379 3506/9307/5353
f 3435/9308/5391 3513/9309/5345 3512/9310/5345
f 3515/9311/5392 3501/9312/5345 3514/9313/5345
s 1
f 3431/9314/5352 3443/9315/5353 3432/9316/5354
s 0
f 3432/9317/5393 3410/9318/5394 3401/9319/5352
f 3442/9320/5395 3516/9321/5396 3469/9322/5354
s 1
f 3442/9323/5352 3511/9324/5353 3444/9325/5354
s 0
f 3444/9282/5397 3409/9326/5398 3411/9280/5352
f 3439/9327/5399 3519/9328/5396 3518/9329/5354
s 1
f 3439/9330/5352 3438/9331/5353 3440/9332/5354
s 0
f 3440/9293/5400 3405/9333/5401 3408/9291/5352
f 3433/9135/5402 3515/9334/5403 3434/9335/5367
f 3418/9336/5368 3432/9337/5369 3515/9338/5353
f 3395/9339/5378 3440/9340/5379 3511/9341/5353
f 3428/9342/5380 3517/9343/5381 3439/9344/5352
f 3425/9345/5402 3511/9346/5403 3517/9347/5367
f 3513/9348/5345 3464/9349/5404 3520/9350/5345
f 3464/9351/5347 3521/9352/5345 3520/9353/5345
f 3434/9354/5405 3514/9355/5345 3522/9356/5345
f 3467/9357/5350 3524/9358/5345 3521/9352/5345
s 1
f 3526/9359/5352 3516/9360/5353 3525/9361/5354
s 0
f 3525/9362/5406 3441/9363/5407 3431/9364/5352
f 3528/9365/5345 3529/9366/5356 3530/9367/5345
f 3468/9368/5357 3532/9369/5345 3531/9370/5345
s 1
f 3468/9371/5352 3519/9372/5353 3469/9373/5354
s 0
f 3469/9322/5408 3517/9374/5409 3442/9320/5352
f 3533/9375/5359 3531/9370/5345 3534/9376/5345
f 3523/9377/5361 3534/9376/5345 3524/9358/5345
s 1
f 3523/9378/5352 3466/9379/5353 3518/9380/5354
s 0
f 3518/9329/5410 3437/9381/5411 3439/9327/5352
f 3527/9382/5364 3528/9365/5345 3532/9369/5345
f 3457/9177/5412 3535/9383/5413 3529/9384/5367
f 3470/9385/5368 3525/9386/5369 3535/9387/5353
f 3452/9141/5414 3526/9388/5415 3525/9389/5354
f 3454/9390/5370 3529/9391/5371 3526/9392/5352
f 3446/9393/5374 3467/9394/5375 3464/9395/5352
f 3427/9396/5378 3518/9397/5379 3519/9398/5353
f 3426/9160/5414 3523/9399/5415 3518/9400/5354
f 3451/9401/5380 3533/9402/5381 3523/9403/5352
f 3461/9404/5412 3519/9405/5413 3533/9406/5367
f 3460/9407/5382 3527/9408/5381 3468/9409/5352
f 3453/9410/5412 3516/9411/5413 3527/9412/5367
f 3423/9413/5390 3469/9414/5379 3516/9415/5353
f 3499/9416/5345 3403/9417/5416 3402/9418/5352
f 3515/9311/5417 3401/9319/5418 3399/9419/5367
f 3402/9263/5419 3438/9420/5420 3436/9421/5354
f 3535/9422/5421 3431/9364/5422 3434/9423/5367
f 3522/9424/5345 3535/9422/5423 3434/9423/5367
f 3536/9425/5345 3529/9426/5424 3535/9427/5353
f 3512/9428/5345 3436/9429/5425 3435/9430/5352
f 3435/9308/5426 3466/9431/5427 3465/9432/5354
f 3329/8961/5256 3330/9433/5256 3331/8962/5428
f 3333/8964/5256 3334/8974/5280 3331/8965/5429
f 3336/8967/5256 3337/9434/5264 3338/8968/5430
f 3339/8970/5256 3340/8982/5258 3337/8971/5431
f 3341/8973/5256 3342/8999/5265 3334/8974/5432
f 3343/8975/5256 3329/9435/5256 3332/8976/5433
s 1
f 3345/8978/5264 3346/9008/5280 3347/8979/5265
s 0
f 3348/8981/5256 3345/9004/5264 3340/8982/5434
f 3349/8983/5256 3335/9436/5256 3338/8984/5435
f 3351/8986/5256 3346/9005/5280 3352/8987/5436
s 1
f 3354/8989/5264 3355/9255/5280 3352/8990/5265
s 0
f 3357/8992/5256 3354/8998/5264 3353/8993/5437
f 3350/8988/5256 3352/8987/5265 3355/8995/5438
f 3359/8997/5256 3360/9003/5258 3354/8998/5439
f 3358/8996/5256 3355/8995/5280 3342/8999/5436
s 1
f 3344/9000/5264 3334/9241/5280 3342/9001/5265
s 0
f 3343/8975/5256 3344/8977/5264 3360/9003/5440
f 3356/8994/5256 3353/8993/5258 3345/9004/5439
f 3349/8983/5256 3347/8985/5265 3346/9005/5441
f 3347/8979/5442 3361/9437/5352 3362/9006/5443
f 3345/8978/5444 3363/9438/5353 3364/9007/5445
f 3353/9009/5446 3365/9439/5354 3363/9010/5447
f 3367/9012/5256 3368/9173/5258 3369/9013/5448
f 3370/9015/5256 3371/9440/5256 3372/9016/5449
f 3374/9018/5256 3375/9028/5258 3372/9019/5431
f 3376/9021/5256 3377/9441/5256 3378/9022/5433
s 1
f 3380/9024/5264 3381/9302/5280 3382/9025/5265
s 0
f 3383/9027/5256 3380/9047/5264 3375/9028/5434
f 3385/9029/5450 3381/9086/5280 3386/9030/5451
s 1
f 3388/9032/5264 3389/9072/5280 3386/9033/5265
s 0
f 3391/9035/5256 3388/9039/5264 3387/9036/5437
f 3392/9038/5256 3393/9046/5258 3388/9039/5439
f 3395/9040/5452 3389/9095/5280 3396/9041/5451
s 1
f 3379/9043/5264 3397/9060/5280 3396/9044/5265
s 0
f 3376/9021/5256 3379/9023/5264 3393/9046/5440
f 3390/9037/5256 3387/9036/5258 3380/9047/5439
f 3372/9016/5453 3398/9442/5353 3399/9048/5454
f 3375/9049/5455 3400/9443/5354 3398/9050/5456
f 3382/9025/5457 3401/9444/5352 3400/9052/5458
f 3373/9053/5459 3399/9445/5367 3401/9054/5460
f 3369/9056/5457 3402/9446/5352 3403/9057/5458
f 3379/9043/5453 3404/9447/5353 3405/9059/5454
f 3378/9061/5461 3403/9448/5354 3404/9062/5462
f 3393/9064/5463 3406/9449/5354 3407/9065/5447
f 3396/9044/5457 3408/9450/5352 3406/9067/5458
f 3389/9068/5464 3409/9451/5367 3408/9069/5465
f 3388/9032/5453 3407/9452/5353 3409/9071/5454
f 3381/9073/5466 3410/9453/5367 3411/9074/5465
f 3386/9033/5457 3411/9454/5352 3412/9076/5458
f 3414/9077/5256 3415/9182/5258 3416/9078/5467
f 3370/9080/5256 3373/9171/5280 3418/9081/5468
s 1
f 3385/9083/5264 3420/9123/5280 3421/9084/5265
s 0
f 3381/9086/5469 3385/9029/5264 3419/9087/5470
f 3423/9089/5471 3420/9142/5280 3424/9090/5472
s 1
f 3395/9092/5264 3425/9345/5280 3424/9093/5265
s 0
f 3389/9095/5473 3395/9040/5264 3384/9031/5474
f 3427/9096/5475 3425/9154/5280 3428/9097/5472
s 1
f 3429/9099/5264 3430/9114/5280 3428/9100/5265
s 0
f 3397/9102/5476 3429/9172/5264 3394/9042/5477
f 3421/9084/5478 3431/9455/5352 3432/9103/5479
f 3433/9104/5459 3434/9456/5367 3431/9105/5460
f 3416/9107/5478 3435/9457/5352 3436/9108/5479
f 3430/9110/5480 3437/9458/5367 3435/9111/5481
f 3429/9099/5482 3438/9459/5353 3437/9113/5483
f 3368/9115/5461 3436/9460/5354 3438/9116/5462
f 3428/9100/5478 3439/9461/5352 3440/9118/5479
f 3420/9119/5466 3441/9462/5367 3442/9120/5465
f 3385/9083/5482 3443/9463/5353 3441/9122/5483
f 3384/9124/5446 3444/9464/5354 3443/9125/5447
f 3424/9093/5478 3442/9465/5352 3444/9127/5479
f 3414/9128/5256 3445/9466/5256 3446/9129/5484
f 3447/9131/5256 3448/9138/5280 3446/9132/5429
f 3417/9134/5256 3418/9467/5264 3433/9135/5485
f 3450/9137/5256 3451/9157/5265 3448/9138/5432
s 1
f 3423/9139/5264 3453/9410/5280 3454/9140/5265
s 0
f 3420/9142/5486 3423/9089/5264 3452/9143/5487
f 3455/9145/5256 3456/9468/5256 3457/9146/5435
f 3459/9148/5256 3453/9162/5280 3460/9149/5436
s 1
f 3427/9151/5264 3461/9404/5280 3460/9152/5265
s 0
f 3425/9154/5488 3427/9096/5264 3422/9091/5489
f 3458/9150/5256 3460/9149/5265 3461/9155/5438
f 3462/9156/5256 3461/9155/5280 3451/9157/5436
s 1
f 3463/9158/5264 3448/9165/5280 3451/9159/5265
s 0
f 3430/9161/5490 3463/9181/5264 3426/9098/5491
f 3455/9145/5256 3454/9147/5265 3453/9162/5441
f 3446/9129/5492 3464/9469/5352 3465/9163/5493
f 3463/9158/5494 3466/9470/5353 3467/9164/5495
f 3415/9166/5461 3465/9471/5354 3466/9167/5462
f 3460/9152/5492 3468/9472/5352 3469/9169/5493
f 3378/9058/5496 3377/9473/5256 3366/9170/5256
f 3382/9088/5497 3419/9087/5258 3418/9081/5498
f 3429/9172/5499 3397/9102/5280 3369/9013/5500
f 3421/9144/5501 3452/9143/5258 3470/9174/5343
f 3470/9174/5502 3471/9474/5256 3449/9176/5256
f 3457/9177/5503 3456/9475/5256 3471/9178/5256
f 3368/9109/5504 3367/9476/5256 3413/9180/5256
f 3463/9181/5505 3430/9161/5280 3416/9078/5337
f 3472/9183/5345 3473/9477/5506 3474/9184/5507
f 3474/9186/5508 3476/9195/5367 3477/9187/5345
f 3479/9189/5509 3480/9478/5510 3481/9190/5345
f 3480/9192/5511 3362/9203/5354 3482/9193/5345
f 3476/9195/5512 3483/9221/5352 3484/9196/5345
f 3485/9197/5345 3486/9479/5353 3473/9198/5513
s 1
f 3361/9200/5352 3364/9480/5367 3363/9201/5353
s 0
f 3362/9203/5514 3363/9226/5353 3487/9204/5345
f 3488/9205/5345 3361/9481/5352 3479/9206/5515
f 3490/9208/5516 3364/9227/5367 3491/9209/5345
s 1
f 3490/9211/5352 3492/9482/5367 3493/9212/5353
s 0
f 3365/9214/5517 3493/9219/5353 3495/9215/5345
f 3492/9217/5518 3490/9208/5352 3489/9210/5345
f 3493/9219/5519 3497/9225/5354 3498/9220/5345
f 3483/9221/5516 3492/9217/5367 3496/9218/5345
s 1
f 3483/9222/5352 3476/9483/5367 3486/9223/5353
s 0
f 3497/9225/5520 3486/9479/5353 3485/9197/5345
f 3363/9226/5519 3365/9214/5354 3494/9216/5345
f 3364/9227/5521 3361/9481/5352 3488/9205/5345
f 3338/8968/5522 3337/9434/5264 3480/9228/5523
f 3337/9230/5524 3340/9484/5258 3362/9231/5525
f 3347/9233/5526 3338/9485/5280 3479/9234/5527
f 3332/8963/5528 3331/8962/5265 3474/9236/5529
f 3331/9238/5530 3334/9486/5280 3476/9239/5531
f 3334/9241/5522 3344/9000/5264 3486/9242/5523
f 3344/9244/5532 3332/9487/5258 3473/9245/5533
f 3354/9247/5534 3360/9488/5258 3497/9248/5535
f 3360/9002/5528 3342/9001/5265 3483/9250/5529
f 3342/9252/5536 3355/9489/5280 3492/9253/5537
f 3355/9255/5522 3354/8989/5264 3493/9256/5523
f 3352/9258/5536 3346/9490/5280 3364/9259/5538
f 3353/8991/5528 3352/8990/5265 3490/9261/5529
f 3402/9263/5539 3436/9421/5354 3500/9264/5345
f 3501/9266/5345 3399/9491/5367 3398/9267/5540
f 3398/9269/5511 3400/9278/5354 3503/9270/5345
f 3504/9272/5345 3404/9492/5353 3403/9273/5513
s 1
f 3401/9275/5352 3410/9493/5367 3506/9276/5353
s 0
f 3400/9278/5514 3506/9298/5353 3507/9279/5345
f 3411/9280/5541 3410/9318/5367 3443/9281/5542
s 1
f 3411/9283/5352 3409/9494/5367 3407/9284/5353
s 0
f 3412/9286/5517 3407/9289/5353 3509/9287/5345
f 3407/9289/5519 3406/9297/5354 3510/9290/5345
f 3408/9291/5541 3409/9326/5367 3511/9292/5543
s 1
f 3408/9294/5352 3405/9495/5367 3404/9295/5353
s 0
f 3406/9297/5520 3404/9492/5353 3504/9272/5345
f 3506/9298/5519 3412/9286/5354 3508/9288/5345
f 3369/9299/5530 3397/9496/5280 3405/9300/5531
f 3381/9302/5544 3380/9024/5264 3506/9303/5545
f 3380/9305/5534 3387/9497/5258 3412/9306/5546
f 3435/9308/5547 3465/9432/5354 3513/9309/5345
f 3515/9311/5548 3399/9419/5367 3501/9312/5345
s 1
f 3431/9314/5352 3441/9498/5367 3443/9315/5353
s 0
f 3432/9317/5549 3443/9281/5353 3410/9318/5550
f 3442/9320/5551 3441/9363/5367 3516/9321/5552
s 1
f 3442/9323/5352 3517/9499/5367 3511/9324/5353
s 0
f 3444/9282/5553 3511/9292/5353 3409/9326/5554
f 3439/9327/5551 3517/9374/5367 3519/9328/5555
s 1
f 3439/9330/5352 3437/9500/5367 3438/9331/5353
s 0
f 3440/9293/5556 3438/9420/5353 3405/9333/5557
f 3433/9135/5558 3418/9467/5264 3515/9334/5559
f 3418/9336/5524 3419/9501/5258 3432/9337/5525
f 3395/9339/5534 3394/9502/5258 3440/9340/5535
f 3428/9342/5536 3425/9503/5280 3517/9343/5537
f 3425/9345/5558 3395/9092/5264 3511/9346/5559
f 3513/9348/5345 3465/9504/5354 3464/9349/5560
f 3464/9351/5508 3467/9357/5367 3521/9352/5345
f 3434/9354/5561 3515/9505/5353 3514/9355/5345
f 3467/9357/5512 3523/9377/5352 3524/9358/5345
s 1
f 3526/9359/5352 3527/9506/5367 3516/9360/5353
s 0
f 3525/9362/5562 3516/9321/5353 3441/9363/5563
f 3528/9365/5345 3526/9507/5352 3529/9366/5515
f 3468/9368/5516 3527/9382/5367 3532/9369/5345
s 1
f 3468/9371/5352 3533/9508/5367 3519/9372/5353
s 0
f 3469/9322/5564 3519/9328/5353 3517/9374/5565
f 3533/9375/5518 3468/9368/5352 3531/9370/5345
f 3523/9377/5516 3533/9375/5367 3534/9376/5345
s 1
f 3523/9378/5352 3467/9509/5367 3466/9379/5353
s 0
f 3518/9329/5566 3466/9431/5353 3437/9381/5567
f 3527/9382/5521 3526/9507/5352 3528/9365/5345
f 3457/9177/5568 3470/9179/5264 3535/9383/5569
f 3470/9385/5524 3452/9510/5258 3525/9386/5525
f 3452/9141/5570 3454/9140/5265 3526/9388/5571
f 3454/9390/5526 3457/9511/5280 3529/9391/5527
f 3446/9393/5530 3448/9512/5280 3467/9394/5531
f 3427/9396/5534 3426/9513/5258 3518/9397/5535
f 3426/9160/5570 3451/9159/5265 3523/9399/5571
f 3451/9401/5536 3461/9514/5280 3533/9402/5537
f 3461/9404/5568 3427/9151/5264 3519/9405/5569
f 3460/9407/5536 3453/9515/5280 3527/9408/5538
f 3453/9410/5568 3423/9139/5264 3516/9411/5569
f 3423/9413/5534 3422/9516/5258 3469/9414/5546
f 3499/9416/5345 3505/9517/5345 3403/9417/5572
f 3515/9311/5573 3432/9317/5354 3401/9319/5574
f 3402/9263/5575 3405/9333/5367 3438/9420/5576
f 3535/9422/5427 3525/9362/5354 3431/9364/5577
f 3522/9424/5345 3536/9518/5345 3535/9422/5578
f 3536/9425/5345 3530/9519/5345 3529/9426/5579
f 3512/9428/5345 3500/9520/5345 3436/9429/5580
f 3435/9308/5422 3437/9381/5367 3466/9431/5581
o window_big017
v -45.744339 5.803943 -7.768109
v -45.744339 4.693042 -7.768109
v -45.744339 4.777743 -7.683506
v -45.744339 5.719340 -7.683506
v -45.744339 4.693042 -6.107113
v -45.744339 4.777743 -6.107113
v -45.744339 4.693042 -0.568806
v -45.744339 5.803943 -0.568806
v -45.744339 5.719340 -0.653409
v -45.744339 4.777743 -0.653408
v -45.744339 5.803943 -2.210309
v -45.744339 5.719340 -2.210309
v -45.744339 4.693042 -6.039708
v -45.744339 4.777743 -6.039708
v -45.744339 5.803943 -6.107113
v -45.744339 5.719340 -6.107113
v -45.744339 5.719340 -2.285313
v -45.744339 4.777743 -2.285313
v -45.744339 4.777743 -2.210309
v -45.744339 5.803943 -2.285313
v -45.744339 4.693042 -2.210309
v -45.744339 4.693042 -4.122410
v -45.744339 4.693042 -2.285313
v -45.744339 4.777743 -4.122410
v -45.744339 5.719340 -4.122410
v -45.744339 5.719340 -4.197209
v -45.744339 4.777743 -4.197209
v -45.744339 5.803943 -4.122410
v -45.744339 5.803943 -4.197209
v -45.744339 4.693042 -4.197209
v -45.744339 5.803943 -6.039708
v -45.744339 5.719340 -6.039708
v -45.690140 4.777743 -2.210309
v -45.690140 5.719340 -2.210309
v -45.690140 5.719340 -2.285313
v -45.690140 4.777743 -2.285313
v -45.690140 5.719340 -4.122410
v -45.744339 3.577739 -7.768109
v -45.744339 3.502940 -7.768109
v -45.744339 3.502940 -7.683506
v -45.744339 3.577739 -7.683506
v -45.744339 3.577739 -0.568806
v -45.744339 4.211642 -0.568806
v -45.744339 4.127040 -0.653408
v -45.744339 3.577739 -0.653408
v -45.744339 4.211642 -2.210309
v -45.744339 4.127040 -2.210309
v -45.744339 4.211642 -6.107113
v -45.744339 4.211642 -7.768109
v -45.744339 4.127040 -7.683506
v -45.744339 4.127040 -6.107113
v -45.744339 4.127040 -2.285313
v -45.744339 3.577739 -2.285313
v -45.744339 3.577739 -2.210308
v -45.744339 4.211642 -2.285313
v -45.744339 3.502940 -4.122410
v -45.744339 3.502940 -2.285313
v -45.744339 3.577739 -4.122410
v -45.744339 4.127040 -4.122410
v -45.744339 4.127040 -4.197208
v -45.744339 3.577739 -4.197208
v -45.744339 4.211642 -4.122410
v -45.744339 4.211642 -4.197208
v -45.744339 4.211642 -6.039708
v -45.744339 4.127040 -6.039708
v -45.744339 3.502940 -6.039708
v -45.744339 3.502940 -4.197208
v -45.744339 3.577739 -6.039708
v -45.744339 3.577739 -6.107113
v -45.690140 4.127040 -0.653408
v -45.690140 3.577739 -0.653408
v -45.690140 4.127040 -2.210309
v -45.690140 3.577739 -2.210308
v -45.690140 3.577739 -7.683506
v -45.690140 4.127040 -7.683506
v -45.690140 4.127040 -6.107113
v -45.690140 3.577739 -6.107113
v -45.690140 4.127040 -6.039708
v -45.690140 4.127040 -4.197208
v -45.690140 3.577739 -6.039708
v -45.690140 3.577739 -4.197208
v -45.690140 3.577739 -2.285313
v -45.690140 3.577739 -4.122410
v -45.690140 4.127040 -4.122410
v -45.744339 1.983741 -7.768108
v -45.744339 1.905242 -7.768108
v -45.744339 1.905242 -7.683506
v -45.744339 1.983741 -7.683506
v -45.744339 3.502940 -0.568806
v -45.744339 3.502940 -0.653408
v -45.744339 3.502940 -2.210308
v -45.744339 1.983741 -2.285313
v -45.744339 1.983741 -2.210308
v -45.744339 1.905242 -4.122410
v -45.744339 1.905242 -2.285313
v -45.744339 1.983741 -4.122410
v -45.744339 1.983741 -4.197208
v -45.744339 1.905242 -6.039707
v -45.744339 1.905242 -4.197208
v -45.744339 1.983741 -6.039707
v -45.744339 3.502940 -6.107113
v -45.744339 1.983741 -6.107113
v -45.690140 1.983741 -2.210308
v -45.690140 3.502940 -2.210308
v -45.744339 1.983741 -0.653408
v -45.690140 1.983741 -0.653408
v -45.690140 1.983741 -7.683506
v -45.690140 3.502940 -7.683506
v -45.690140 1.983741 -6.107113
v -45.690140 3.502940 -6.107113
v -45.690140 1.983741 -6.039707
v -45.690140 3.502940 -6.039708
v -45.690140 1.983741 -2.285313
v -45.690140 1.983741 -4.122410
v -45.690140 3.502940 -2.285313
v -45.690140 3.502940 -4.122410
v -45.744339 0.749140 -7.768108
v -45.744339 0.833842 -7.683506
v -45.744339 0.749141 -6.107113
v -45.744339 0.833842 -6.107113
v -45.744339 1.983741 -0.568806
v -45.744339 0.749141 -6.039707
v -45.744339 0.833842 -6.039707
v -45.744339 1.905242 -2.210308
v -45.744339 0.833842 -2.285313
v -45.744339 0.833842 -2.210308
v -45.744339 0.749141 -2.210308
v -45.744339 0.749141 -0.568806
v -45.744339 0.833843 -0.653408
v -45.744339 0.749141 -4.122410
v -45.744339 0.749141 -2.285313
v -45.744339 0.833842 -4.122410
v -45.744339 0.833842 -4.197208
v -45.744339 0.749141 -4.197208
v -45.744339 1.905242 -6.107113
v -45.690140 0.833842 -7.683506
v -45.690140 1.905242 -7.683506
v -45.690140 1.905242 -6.107113
v -45.690140 0.833842 -6.107113
v -45.690140 0.833842 -4.122410
v -45.690140 1.905242 -4.122410
v -45.744339 1.905242 -0.653408
v -45.744339 1.905242 -0.568806
v -45.690140 5.803943 -7.768109
v -45.690140 5.719340 -7.683506
v -45.690140 4.777743 -7.683506
v -45.690140 4.693042 -7.768109
v -45.690140 4.777743 -6.107113
v -45.690140 4.693042 -6.107113
v -45.690140 4.693042 -0.568806
v -45.690140 4.777743 -0.653408
v -45.690140 5.719340 -0.653409
v -45.690140 5.803943 -0.568806
v -45.690140 5.803943 -2.210309
v -45.690140 4.777743 -6.039708
v -45.690140 4.693042 -6.039708
v -45.690140 5.803943 -6.107113
v -45.690140 5.719340 -6.107113
v -45.690140 5.803943 -2.285313
v -45.690140 4.693042 -2.210309
v -45.690140 4.693042 -4.122410
v -45.690140 4.777743 -4.122410
v -45.690140 4.693042 -2.285313
v -45.690140 4.777743 -4.197209
v -45.690140 5.719340 -4.197209
v -45.690140 5.803943 -4.122410
v -45.690140 5.803943 -4.197209
v -45.690140 4.693042 -4.197209
v -45.690140 5.719340 -6.039708
v -45.690140 5.803943 -6.039708
v -45.690140 3.577739 -7.768109
v -45.690140 3.502940 -7.768109
v -45.690140 3.577739 -0.568806
v -45.690140 4.211642 -0.568806
v -45.690140 4.211642 -2.210309
v -45.690140 4.211642 -6.107113
v -45.690140 4.211642 -7.768109
v -45.690140 4.127040 -2.285313
v -45.690140 4.211642 -2.285313
v -45.690140 4.211642 -4.122410
v -45.690140 4.211642 -4.197208
v -45.690140 4.211642 -6.039708
v -45.690140 3.502940 -4.197208
v -45.690140 1.983741 -7.768108
v -45.690140 1.905242 -7.768108
v -45.690140 3.502940 -0.568806
v -45.690140 3.502940 -0.653408
v -45.690140 1.905242 -2.285313
v -45.690140 1.983741 -4.197208
v -45.690140 1.905242 -6.039707
v -45.690140 1.905242 -4.197208
v -45.690140 0.749140 -7.768108
v -45.690140 0.749141 -6.107113
v -45.690140 1.983741 -0.568806
v -45.690140 0.833842 -6.039707
v -45.690140 0.749141 -6.039707
v -45.690140 1.905242 -2.210308
v -45.690140 0.833842 -2.210308
v -45.690140 0.833842 -2.285313
v -45.690140 0.749141 -2.210308
v -45.690140 0.833843 -0.653408
v -45.690140 0.749141 -0.568806
v -45.690140 0.749141 -4.122410
v -45.690140 0.749141 -2.285313
v -45.690140 0.833842 -4.197208
v -45.690140 0.749141 -4.197208
v -45.690140 1.905242 -0.653408
v -45.690140 1.905242 -0.568806
vn -1.0000 -0.0000 -0.0000
vn -0.9045 0.1384 0.4033
vn -0.9045 -0.3015 0.3015
vn -0.9046 0.2882 0.3142
vn -0.9045 0.3207 -0.2810
vn -1.0000 0.0001 -0.0000
vn -0.9046 -0.2880 -0.3143
vn -0.9045 0.4025 -0.1407
vn -0.9046 -0.4040 0.1362
vn -0.9046 -0.3014 -0.3015
vn -0.9045 -0.3015 -0.3015
vn -0.9045 0.3015 0.3015
vn -0.9045 -0.3986 0.1513
vn -0.9045 0.4040 -0.1363
vn -0.9045 0.2897 0.3129
vn -0.9045 -0.3988 0.1510
vn -0.9045 0.3988 -0.1509
vn -0.9045 -0.2898 -0.3128
vn -0.9045 0.2897 0.3128
vn -0.9045 -0.4025 0.1408
vn -0.9045 -0.2897 -0.3129
vn -0.9045 0.3987 -0.1512
vn -0.9505 -0.0756 0.3015
vn 0.8910 -0.3395 0.3015
vn -0.9505 0.0756 -0.3015
vn 0.8910 0.3395 -0.3015
vn -0.9045 0.3015 -0.3015
vn -0.9499 -0.3015 -0.0826
vn 0.8978 -0.3015 -0.3211
vn -0.9045 0.1510 0.3988
vn -0.9045 -0.1441 -0.4013
vn -0.9045 -0.3678 -0.2157
vn -0.9045 0.2911 0.3116
vn -0.9045 0.2911 0.3115
vn -0.9512 0.0653 -0.3015
vn 0.8804 0.3661 -0.3015
vn -0.9500 -0.3015 -0.0813
vn 0.8965 -0.3015 -0.3246
vn -0.9512 -0.0653 0.3015
vn 0.8804 -0.3661 0.3015
vn -0.9500 0.3015 0.0813
vn 0.8965 0.3015 0.3246
vn -0.9500 -0.3015 -0.0814
vn 0.8966 -0.3015 -0.3243
vn 0.8978 -0.3015 -0.3210
vn -0.9499 0.3015 0.0826
vn 0.8978 0.3015 0.3210
vn 0.8978 0.3015 0.3211
vn -0.9045 0.1558 0.3969
vn -0.9045 -0.1510 -0.3988
vn -0.9045 0.1629 -0.3941
vn -0.9045 -0.3938 0.1635
vn -0.9045 -0.3677 -0.2158
vn -0.9045 0.2906 0.3121
vn -0.9045 0.1631 -0.3940
vn -0.9045 -0.3939 0.1632
vn -0.9045 0.2906 0.3120
vn -0.9045 0.1733 -0.3896
vn -0.9045 -0.3980 0.1529
vn -0.9500 -0.0811 0.3015
vn 0.8963 -0.3251 0.3015
vn -0.9500 0.3015 0.0814
vn 0.8966 0.3015 0.3243
vn -0.9500 0.0811 -0.3015
vn 0.8963 0.3251 -0.3015
vn -0.9045 0.1381 0.4034
vn -0.9045 0.3152 -0.2872
vn -0.9045 0.1676 -0.3921
vn -0.9045 -0.3958 0.1587
vn -0.9045 0.1679 -0.3920
vn -0.9045 -0.3959 0.1584
vn -0.9045 0.1780 -0.3875
vn -0.9045 -0.3998 0.1481
vn -0.9503 -0.0773 0.3015
vn 0.8927 -0.3349 0.3015
vn -0.9503 0.0773 -0.3015
vn 0.8927 0.3349 -0.3015
vn -0.9045 -0.1441 0.4013
vn -0.9045 0.3675 0.2162
vn -0.9045 -0.2892 -0.3133
vn -0.9045 -0.3676 -0.2161
vn -0.9045 0.2894 0.3132
vn -0.9045 0.3675 0.2163
vn -0.9045 -0.2886 -0.3139
vn -0.9045 -0.3908 -0.1705
vn -0.9045 0.1381 -0.4034
vn -0.9045 -0.2166 0.3673
vn -0.9045 -0.3675 -0.2163
vn -0.9045 0.2887 0.3138
vn 1.0000 -0.0000 -0.0000
vn 0.9045 0.3207 0.2810
vn 0.9045 0.2883 0.3142
vn 0.9045 0.3207 -0.2810
vn 0.9045 -0.2881 -0.3143
vn 0.9045 0.4026 -0.1406
vn 0.9045 -0.2883 0.3142
vn 0.9045 0.3015 0.3015
vn 0.9045 -0.3015 -0.3015
vn 0.9045 -0.3015 0.3015
vn 0.9045 -0.3987 0.1512
vn 0.9045 0.2882 -0.3143
vn 0.9045 0.2897 0.3129
vn 0.9045 -0.3988 0.1510
vn 0.9045 0.3988 -0.1509
vn 0.9045 -0.2898 -0.3128
vn 0.9045 0.2897 0.3128
vn 0.9045 -0.4025 0.1407
vn 0.9045 -0.2897 -0.3129
vn 0.9045 0.3987 -0.1511
vn -0.8910 0.3395 -0.3015
vn 0.9505 0.0756 -0.3015
vn 0.9045 0.3015 -0.3015
vn -0.8965 -0.3015 -0.3246
vn 0.9500 -0.3015 -0.0813
vn -0.8965 0.3015 0.3246
vn 0.9500 0.3015 0.0813
vn -0.8910 -0.3395 0.3015
vn 0.9505 -0.0756 0.3015
vn -0.8966 0.3015 0.3243
vn 0.9500 0.3015 0.0814
vn -0.8966 -0.3015 -0.3243
vn 0.9500 -0.3015 -0.0814
vn -0.8978 -0.3015 -0.3210
vn 0.9499 -0.3015 -0.0826
vn -0.8978 0.3015 0.3210
vn 0.9499 0.3015 0.0826
vn -0.8978 0.3015 0.3211
vn 0.9045 0.1510 0.3988
vn 0.9045 -0.3360 -0.2625
vn 0.9045 0.2911 0.3116
vn 0.9045 -0.3678 -0.2157
vn 0.9045 0.2911 0.3115
vn -0.8804 0.3661 -0.3015
vn 0.9512 0.0653 -0.3015
vn -0.8978 -0.3015 -0.3211
vn 0.9045 0.1557 0.3969
vn 0.9045 -0.1510 -0.3988
vn 0.9045 -0.3938 0.1634
vn 0.9045 0.1629 -0.3940
vn 0.9045 0.2906 0.3121
vn 0.9045 -0.3677 -0.2158
vn 0.9045 -0.3940 0.1631
vn 0.9045 0.1632 -0.3939
vn 0.9045 0.2906 0.3120
vn 0.9045 -0.3981 0.1529
vn 0.9045 0.1734 -0.3896
vn -0.8963 0.3251 -0.3015
vn 0.9500 0.0811 -0.3015
vn 0.9045 0.3199 0.2819
vn 0.9045 0.3152 -0.2872
vn 0.9045 -0.3958 0.1586
vn 0.9045 0.1677 -0.3920
vn 0.9045 0.2881 -0.3143
vn 0.9045 -0.3959 0.1584
vn 0.9045 0.1679 -0.3919
vn 0.9045 -0.3999 0.1481
vn 0.9045 0.1780 -0.3875
vn -0.8927 0.3349 -0.3015
vn 0.9503 0.0773 -0.3015
vn -0.8927 -0.3349 0.3015
vn 0.9503 -0.0773 0.3015
vn 0.9045 -0.1441 0.4013
vn 0.9045 -0.2892 -0.3133
vn 0.9045 0.3675 0.2162
vn 0.9045 0.2894 0.3132
vn 0.9045 -0.3676 -0.2161
vn 0.9045 -0.2886 -0.3139
vn 0.9045 0.3675 0.2163
vn 0.9045 -0.3908 -0.1705
vn 0.9045 0.1381 -0.4034
vn 0.9045 -0.2166 0.3673
vn 0.9045 0.2887 0.3138
vn 0.9045 -0.3675 -0.2163
vn -0.9045 0.3207 0.2810
vn -0.9046 0.3014 -0.3015
vn -0.9046 0.4039 0.1363
vn -0.9045 0.1384 -0.4033
vn -0.9045 -0.4041 -0.1362
vn -0.9045 0.1852 -0.3841
vn -0.9046 -0.2882 0.3141
vn -0.9045 -0.1749 0.3889
vn -1.0000 -0.0001 -0.0000
vn -0.9046 0.2880 -0.3143
vn -0.9045 0.3676 0.2160
vn -0.9045 -0.1752 0.3888
vn -0.9045 0.1753 -0.3887
vn -0.9045 -0.3676 -0.2160
vn -0.9045 -0.1851 0.3841
vn -0.9045 0.1750 -0.3888
vn -0.8910 0.3395 0.3015
vn 0.9505 0.0756 0.3015
vn -0.8910 -0.3395 -0.3015
vn 0.9505 -0.0756 -0.3015
vn -0.8978 -0.3015 0.3211
vn 0.9499 -0.3015 0.0826
vn -0.9045 0.3888 0.1752
vn -0.9045 -0.3360 -0.2625
vn -0.9045 -0.2911 -0.3116
vn -0.9045 0.3678 0.2157
vn -0.9045 -0.2911 -0.3115
vn -0.8804 -0.3661 -0.3015
vn 0.9512 -0.0653 -0.3015
vn -0.8965 -0.3015 0.3246
vn 0.9500 -0.3015 0.0813
vn -0.8804 0.3661 0.3015
vn 0.9512 0.0653 0.3015
vn -0.8965 0.3015 -0.3246
vn 0.9500 0.3015 -0.0813
vn -0.8966 -0.3015 0.3243
vn 0.9500 -0.3015 0.0814
vn -0.8978 -0.3015 0.3210
vn -0.8978 0.3015 -0.3210
vn 0.9499 0.3015 -0.0826
vn -0.8978 0.3015 -0.3211
vn -0.9045 0.3908 0.1705
vn -0.9045 -0.3888 -0.1752
vn -0.9045 0.3938 -0.1635
vn -0.9045 -0.1629 0.3941
vn -0.9045 -0.2906 -0.3121
vn -0.9045 0.3677 0.2158
vn -0.9045 0.3939 -0.1632
vn -0.9045 -0.1631 0.3940
vn -0.9045 -0.2906 -0.3120
vn -0.9045 0.3980 -0.1529
vn -0.9045 -0.1733 0.3896
vn -0.8963 0.3251 0.3015
vn 0.9500 0.0811 0.3015
vn -0.8966 0.3015 -0.3243
vn 0.9500 0.3015 -0.0814
vn -0.8963 -0.3251 -0.3015
vn 0.9500 -0.0811 -0.3015
vn -0.9045 0.3199 0.2819
vn -0.9045 0.2166 -0.3673
vn -0.9045 0.3958 -0.1587
vn -0.9045 -0.1676 0.3921
vn -0.9045 0.3959 -0.1584
vn -0.9045 -0.1679 0.3920
vn -0.9045 0.3998 -0.1481
vn -0.9045 -0.1780 0.3875
vn -0.8927 0.3349 0.3015
vn 0.9503 0.0773 0.3015
vn -0.8927 -0.3349 -0.3015
vn 0.9503 -0.0773 -0.3015
vn -0.9045 -0.3360 0.2625
vn -0.9045 0.2892 0.3133
vn -0.9045 -0.3675 -0.2162
vn -0.9045 -0.2894 -0.3132
vn -0.9045 0.3676 0.2161
vn -0.9045 0.2886 0.3139
vn -0.9045 -0.1558 -0.3969
vn -0.9045 0.3199 -0.2819
vn -0.9045 -0.3152 0.2872
vn -0.9045 -0.2887 -0.3138
vn 0.9045 0.1384 0.4033
vn 0.9045 0.4041 0.1362
vn 0.9045 0.1384 -0.4033
vn 0.9045 -0.4041 -0.1362
vn 0.9045 0.1852 -0.3841
vn 0.9045 -0.3016 -0.3015
vn 0.9045 -0.4041 0.1361
vn 0.9045 -0.1750 0.3888
vn 0.9045 0.3016 0.3015
vn 0.9045 0.4041 -0.1361
vn 0.9045 0.3676 0.2160
vn 0.9045 -0.1752 0.3887
vn 0.9045 0.1753 -0.3887
vn 0.9045 -0.3676 -0.2160
vn 0.9045 -0.1851 0.3841
vn 0.9045 0.1751 -0.3888
vn -0.9505 -0.0756 -0.3015
vn 0.8910 -0.3395 -0.3015
vn -0.9500 -0.3015 0.0813
vn 0.8965 -0.3015 0.3246
vn -0.9500 0.3015 -0.0813
vn 0.8965 0.3015 -0.3246
vn -0.9505 0.0756 0.3015
vn 0.8910 0.3395 0.3015
vn -0.9500 0.3015 -0.0814
vn 0.8966 0.3015 -0.3243
vn -0.9500 -0.3015 0.0814
vn 0.8966 -0.3015 0.3243
vn -0.9499 -0.3015 0.0826
vn 0.8978 -0.3015 0.3210
vn -0.9499 0.3015 -0.0826
vn 0.8978 0.3015 -0.3210
vn 0.8978 0.3015 -0.3211
vn 0.9045 0.3887 0.1752
vn 0.9045 -0.1441 -0.4013
vn 0.9045 0.3678 0.2157
vn 0.9045 -0.2911 -0.3116
vn 0.9045 -0.2911 -0.3115
vn -0.9512 -0.0653 -0.3015
vn 0.8804 -0.3661 -0.3015
vn 0.8978 -0.3015 0.3211
vn 0.9045 0.3908 0.1705
vn 0.9045 -0.3887 -0.1752
vn 0.9045 -0.1629 0.3940
vn 0.9045 0.3938 -0.1634
vn 0.9045 0.3677 0.2158
vn 0.9045 -0.2906 -0.3121
vn 0.9045 -0.1632 0.3939
vn 0.9045 0.3940 -0.1631
vn 0.9045 -0.2906 -0.3120
vn 0.9045 -0.1734 0.3896
vn 0.9045 0.3981 -0.1529
vn -0.9500 -0.0811 -0.3015
vn 0.8963 -0.3251 -0.3015
vn 0.9045 0.1381 0.4034
vn 0.9045 0.2166 -0.3673
vn 0.9045 -0.1677 0.3920
vn 0.9045 0.3958 -0.1586
vn 0.9045 0.4041 -0.1362
vn 0.9045 -0.1679 0.3919
vn 0.9045 0.3959 -0.1584
vn 0.9045 -0.1780 0.3875
vn 0.9045 0.3999 -0.1481
vn -0.9503 -0.0773 -0.3015
vn 0.8927 -0.3349 -0.3015
vn -0.9503 0.0773 0.3015
vn 0.8927 0.3349 0.3015
vn 0.9045 -0.3360 0.2625
vn 0.9045 -0.3675 -0.2162
vn 0.9045 0.2892 0.3133
vn 0.9045 0.3676 0.2161
vn 0.9045 -0.2894 -0.3132
vn 0.9045 0.2886 0.3139
vn 0.9045 -0.1557 -0.3969
vn 0.9045 0.3199 -0.2819
vn 0.9045 -0.3152 0.2872
vn 0.9045 -0.2887 -0.3138
vt 0.658300 0.492800
vt 0.522300 0.481600
vt 0.647000 0.481600
vt 0.240100 0.240100
vt 0.031200 0.251100
vt 0.020000 0.239900
vt 0.826800 0.415800
vt 0.690900 0.427000
vt 0.679600 0.415800
vt 0.756300 0.339000
vt 0.962600 0.328000
vt 0.973800 0.339300
vt 0.249000 0.240100
vt 0.240100 0.251300
vt 0.240100 0.339000
vt 0.031200 0.328000
vt 0.240100 0.327800
vt 0.804400 0.641800
vt 0.679600 0.631900
vt 0.804400 0.631900
vt 0.746400 0.339000
vt 0.756300 0.327800
vt 0.756300 0.240100
vt 0.962600 0.251100
vt 0.756300 0.251300
vt 0.746400 0.240100
vt 0.503000 0.251300
vt 0.503000 0.240100
vt 0.804400 0.594100
vt 0.679600 0.584200
vt 0.804400 0.584200
vt 0.493100 0.339100
vt 0.503000 0.327900
vt 0.503000 0.339100
vt 0.493100 0.251300
vt 0.493100 0.240100
vt 0.249000 0.339000
vt 0.493100 0.327900
vt 0.249000 0.251300
vt 0.804400 0.549200
vt 0.679600 0.540200
vt 0.804400 0.540200
vt 0.249000 0.327800
vt 0.746400 0.327800
vt 0.746400 0.251300
vt 0.804400 0.624700
vt 0.679600 0.649000
vt 0.679600 0.641800
vt 0.020000 0.606200
vt 0.263400 0.599000
vt 0.263400 0.606200
vt 0.020000 0.071300
vt 0.031200 0.081200
vt 0.020000 0.081200
vt 0.862900 0.379100
vt 0.935700 0.390400
vt 0.862900 0.390400
vt 0.756300 0.309700
vt 0.962600 0.298700
vt 0.973800 0.309900
vt 0.240100 0.309700
vt 0.031200 0.298700
vt 0.240100 0.298500
vt 0.323700 0.733400
vt 0.250900 0.723500
vt 0.323700 0.723500
vt 0.746400 0.309700
vt 0.756300 0.298500
vt 0.746400 0.071300
vt 0.503000 0.081200
vt 0.503000 0.071300
vt 0.323700 0.817700
vt 0.250900 0.807800
vt 0.323700 0.807800
vt 0.493100 0.309800
vt 0.503000 0.298600
vt 0.503000 0.309800
vt 0.249000 0.309700
vt 0.493100 0.298600
vt 0.493100 0.071300
vt 0.249000 0.081200
vt 0.249000 0.071300
vt 0.323700 0.776400
vt 0.250900 0.767400
vt 0.323700 0.767400
vt 0.249000 0.298500
vt 0.746400 0.298500
vt 0.862900 0.397500
vt 0.020000 0.892000
vt 0.226300 0.884900
vt 0.226300 0.892000
vt 0.323700 0.716300
vt 0.226300 0.928800
vt 0.020000 0.936000
vt 0.020000 0.928800
vt 0.247200 0.910400
vt 0.320000 0.903200
vt 0.320000 0.910400
vt 0.250900 0.783600
vt 0.250900 0.776400
vt 0.020000 0.870100
vt 0.228900 0.862900
vt 0.228900 0.870100
vt 0.020000 0.496300
vt 0.264100 0.489100
vt 0.264100 0.496300
vt 0.323700 0.760300
vt 0.264100 0.423100
vt 0.020000 0.430300
vt 0.020000 0.423100
vt 0.250900 0.824800
vt 0.250900 0.817700
vt 0.263400 0.665000
vt 0.020000 0.672200
vt 0.020000 0.665000
vt 0.323700 0.800600
vt 0.020000 0.097000
vt 0.031200 0.107400
vt 0.020000 0.107400
vt 0.973800 0.081200
vt 0.962600 0.071300
vt 0.973800 0.071300
vt 0.488800 0.513500
vt 0.287500 0.503600
vt 0.488800 0.503600
vt 0.746400 0.081200
vt 0.756400 0.071300
vt 0.756400 0.081200
vt 0.746400 0.097000
vt 0.503000 0.107400
vt 0.503000 0.097000
vt 0.488800 0.473200
vt 0.287500 0.463300
vt 0.488800 0.463300
vt 0.493100 0.081200
vt 0.493100 0.097000
vt 0.249000 0.107400
vt 0.249000 0.097000
vt 0.488800 0.431900
vt 0.287500 0.423000
vt 0.488800 0.423000
vt 0.240100 0.081200
vt 0.488800 0.496400
vt 0.721000 0.357200
vt 0.514700 0.364300
vt 0.514700 0.357200
vt 0.287500 0.573200
vt 0.488800 0.566000
vt 0.488800 0.573200
vt 0.228900 0.709000
vt 0.020000 0.716100
vt 0.020000 0.709000
vt 0.287500 0.439100
vt 0.287500 0.431900
vt 0.020000 0.826100
vt 0.228900 0.818900
vt 0.228900 0.826100
vt 0.488800 0.415800
vt 0.263400 0.621000
vt 0.020000 0.628200
vt 0.020000 0.621000
vt 0.287500 0.520700
vt 0.287500 0.513500
vt 0.020000 0.694200
vt 0.263400 0.687000
vt 0.263400 0.694200
vt 0.488800 0.456100
vt 0.840100 0.397500
vt 0.698200 0.386300
vt 0.840100 0.386300
vt 0.240100 0.269400
vt 0.031200 0.280400
vt 0.020000 0.269200
vt 0.488800 0.379100
vt 0.287500 0.390400
vt 0.287500 0.379100
vt 0.249000 0.269400
vt 0.240100 0.280600
vt 0.653000 0.627100
vt 0.511100 0.617200
vt 0.653000 0.617200
vt 0.746400 0.107400
vt 0.756400 0.097000
vt 0.756400 0.107400
vt 0.756300 0.269400
vt 0.962600 0.280400
vt 0.756300 0.280600
vt 0.746400 0.269400
vt 0.503000 0.280600
vt 0.503000 0.269400
vt 0.653000 0.667400
vt 0.511100 0.657500
vt 0.653000 0.657500
vt 0.493100 0.107400
vt 0.493100 0.280600
vt 0.493100 0.269400
vt 0.249000 0.280600
vt 0.653000 0.585800
vt 0.511100 0.576900
vt 0.653000 0.576900
vt 0.240100 0.107400
vt 0.746400 0.280600
vt 0.840100 0.379100
vt 0.511100 0.593000
vt 0.511100 0.585800
vt 0.020000 0.848100
vt 0.228900 0.840900
vt 0.228900 0.848100
vt 0.653000 0.650300
vt 0.247200 0.921600
vt 0.962600 0.081200
vt 0.240100 0.071300
vt 0.031200 0.071300
vt 0.962600 0.097000
vt 0.962600 0.107400
vt 0.973800 0.107400
vt 0.522300 0.390400
vt 0.664200 0.379100
vt 0.664200 0.390400
vt 0.287500 0.584400
vt 0.240100 0.097000
vt 0.031200 0.097000
vt 0.511100 0.522800
vt 0.647000 0.511100
vt 0.658300 0.522200
vt 0.031200 0.210800
vt 0.240100 0.221800
vt 0.020000 0.222000
vt 0.647000 0.551600
vt 0.511100 0.540400
vt 0.658200 0.540400
vt 0.962600 0.133800
vt 0.756300 0.122800
vt 0.973800 0.122600
vt 0.240100 0.210600
vt 0.249000 0.221800
vt 0.240100 0.122800
vt 0.031200 0.133800
vt 0.020000 0.122600
vt 0.372000 0.969200
vt 0.247200 0.979100
vt 0.247200 0.969200
vt 0.756300 0.134000
vt 0.746400 0.122800
vt 0.756300 0.221800
vt 0.962600 0.210800
vt 0.973800 0.222000
vt 0.503000 0.210600
vt 0.746400 0.221800
vt 0.503000 0.221800
vt 0.372000 0.939800
vt 0.247200 0.949800
vt 0.247200 0.939800
vt 0.503000 0.134000
vt 0.493100 0.122800
vt 0.503000 0.122800
vt 0.493100 0.210600
vt 0.493100 0.221800
vt 0.493100 0.134000
vt 0.249000 0.122800
vt 0.249000 0.210600
vt 0.800700 0.665000
vt 0.676000 0.673900
vt 0.676000 0.665000
vt 0.249000 0.134000
vt 0.746400 0.134000
vt 0.746400 0.210600
vt 0.815600 0.434200
vt 0.690900 0.434200
vt 0.948200 0.364300
vt 0.741900 0.357200
vt 0.948200 0.357200
vt 0.287500 0.357200
vt 0.493800 0.364300
vt 0.287500 0.364300
vt 0.522300 0.474400
vt 0.647000 0.474400
vt 0.020000 0.796900
vt 0.228900 0.804100
vt 0.020000 0.804100
vt 0.679600 0.549200
vt 0.804400 0.556300
vt 0.679600 0.556300
vt 0.228900 0.738100
vt 0.020000 0.731000
vt 0.228900 0.731000
vt 0.264100 0.452300
vt 0.020000 0.445100
vt 0.264100 0.445100
vt 0.679600 0.533100
vt 0.804400 0.533100
vt 0.020000 0.467100
vt 0.264100 0.474300
vt 0.020000 0.474300
vt 0.679600 0.594100
vt 0.804400 0.601300
vt 0.679600 0.601300
vt 0.020000 0.577000
vt 0.263400 0.584200
vt 0.020000 0.584200
vt 0.679600 0.577000
vt 0.804400 0.577000
vt 0.031200 0.020000
vt 0.020000 0.029900
vt 0.020000 0.020000
vt 0.334900 0.844900
vt 0.262000 0.855800
vt 0.250900 0.844600
vt 0.962600 0.192500
vt 0.756300 0.181500
vt 0.973800 0.181200
vt 0.240100 0.181500
vt 0.031200 0.192500
vt 0.020000 0.181200
vt 0.921000 0.415800
vt 0.848200 0.425700
vt 0.848200 0.415800
vt 0.756300 0.192700
vt 0.746400 0.181500
vt 0.503000 0.020000
vt 0.746400 0.029900
vt 0.503000 0.029900
vt 0.917300 0.445100
vt 0.844600 0.455000
vt 0.844600 0.445100
vt 0.503000 0.192600
vt 0.493100 0.181400
vt 0.503000 0.181400
vt 0.493100 0.192600
vt 0.249000 0.181500
vt 0.249000 0.020000
vt 0.493100 0.029900
vt 0.249000 0.029900
vt 0.411600 0.716300
vt 0.338800 0.725200
vt 0.338800 0.716300
vt 0.249000 0.192700
vt 0.746400 0.192700
vt 0.020000 0.752900
vt 0.228900 0.760100
vt 0.020000 0.760100
vt 0.250900 0.733400
vt 0.323700 0.740600
vt 0.250900 0.740600
vt 0.263400 0.562200
vt 0.020000 0.555000
vt 0.263400 0.555000
vt 0.031200 0.045700
vt 0.020000 0.056100
vt 0.020000 0.045700
vt 0.962600 0.029900
vt 0.973800 0.020000
vt 0.973800 0.029900
vt 0.488800 0.657700
vt 0.287500 0.667600
vt 0.287500 0.657700
vt 0.756400 0.029900
vt 0.746400 0.020000
vt 0.756400 0.020000
vt 0.503000 0.045700
vt 0.746400 0.056100
vt 0.503000 0.056100
vt 0.488800 0.683300
vt 0.287500 0.693200
vt 0.287500 0.683300
vt 0.493100 0.020000
vt 0.249000 0.045700
vt 0.493100 0.056100
vt 0.249000 0.056100
vt 0.488800 0.602700
vt 0.287500 0.611600
vt 0.287500 0.602700
vt 0.240100 0.020000
vt 0.488800 0.397500
vt 0.287500 0.397500
vt 0.226300 0.980000
vt 0.020000 0.972800
vt 0.226300 0.972800
vt 0.264100 0.408300
vt 0.020000 0.401100
vt 0.264100 0.401100
vt 0.020000 0.511100
vt 0.264100 0.518200
vt 0.020000 0.518200
vt 0.287500 0.473200
vt 0.488800 0.480400
vt 0.287500 0.480400
vt 0.511100 0.427000
vt 0.653100 0.416400
vt 0.664200 0.427700
vt 0.031200 0.152100
vt 0.240100 0.163100
vt 0.020000 0.163400
vt 0.488800 0.639600
vt 0.287500 0.628300
vt 0.488800 0.628300
vt 0.240100 0.151900
vt 0.249000 0.163100
vt 0.821600 0.481800
vt 0.679600 0.491700
vt 0.679600 0.481800
vt 0.756400 0.056100
vt 0.746400 0.045700
vt 0.756400 0.045700
vt 0.756300 0.163100
vt 0.962600 0.152100
vt 0.973800 0.163400
vt 0.503000 0.152000
vt 0.746400 0.163100
vt 0.503000 0.163200
vt 0.821600 0.507400
vt 0.679600 0.517300
vt 0.679600 0.507400
vt 0.493100 0.045700
vt 0.493100 0.152000
vt 0.493100 0.163200
vt 0.249000 0.151900
vt 0.821600 0.452400
vt 0.679600 0.461400
vt 0.679600 0.452400
vt 0.240100 0.045700
vt 0.746400 0.151900
vt 0.664200 0.397500
vt 0.522300 0.397500
vt 0.226300 0.914000
vt 0.020000 0.906900
vt 0.226300 0.906900
vt 0.511100 0.610000
vt 0.653000 0.610000
vt 0.020000 0.950800
vt 0.226300 0.958000
vt 0.020000 0.958000
vt 0.020000 0.774900
vt 0.228900 0.782100
vt 0.020000 0.782100
vt 0.264100 0.364300
vt 0.020000 0.357200
vt 0.264100 0.357200
vt 0.511100 0.569700
vt 0.653000 0.569700
vt 0.020000 0.379100
vt 0.264100 0.386300
vt 0.020000 0.386300
vt 0.511100 0.667400
vt 0.653000 0.674600
vt 0.511100 0.674600
vt 0.020000 0.643000
vt 0.263400 0.650200
vt 0.020000 0.650200
vt 0.511100 0.627100
vt 0.653000 0.634300
vt 0.511100 0.634300
vt 0.263400 0.540200
vt 0.020000 0.533100
vt 0.263400 0.533100
vt 0.331200 0.885100
vt 0.258400 0.874200
vt 0.331100 0.873900
vt 0.962600 0.020000
vt 0.240100 0.029900
vt 0.031200 0.029900
vt 0.962600 0.056100
vt 0.962600 0.045700
vt 0.973800 0.045700
vt 0.511100 0.445300
vt 0.653000 0.456300
vt 0.511100 0.456500
vt 0.488800 0.547900
vt 0.287500 0.536700
vt 0.488800 0.536700
vt 0.240100 0.056100
vt 0.031200 0.056100
vt 0.511100 0.492800
vt 0.815600 0.427000
vt 0.020000 0.339300
vt 0.973800 0.239900
vt 0.679600 0.624700
vt 0.804400 0.649000
vt 0.020000 0.599000
vt 0.946900 0.379100
vt 0.020000 0.309900
vt 0.935700 0.397500
vt 0.020000 0.884900
vt 0.250900 0.716300
vt 0.226300 0.936000
vt 0.247200 0.903200
vt 0.323700 0.783600
vt 0.020000 0.862900
vt 0.020000 0.489100
vt 0.250900 0.760300
vt 0.264100 0.430300
vt 0.323700 0.824800
vt 0.263400 0.672200
vt 0.250900 0.800600
vt 0.287500 0.496400
vt 0.721000 0.364300
vt 0.287500 0.566000
vt 0.228900 0.716100
vt 0.488800 0.439100
vt 0.020000 0.818900
vt 0.287500 0.415800
vt 0.263400 0.628200
vt 0.488800 0.520700
vt 0.020000 0.687000
vt 0.287500 0.456100
vt 0.687000 0.397500
vt 0.488800 0.390400
vt 0.973800 0.269200
vt 0.698200 0.379100
vt 0.653000 0.593000
vt 0.020000 0.840900
vt 0.511100 0.650300
vt 0.331200 0.921600
vt 0.973800 0.097000
vt 0.511100 0.379100
vt 0.488800 0.584400
vt 0.522200 0.511600
vt 0.522300 0.551600
vt 0.240100 0.134000
vt 0.372000 0.979100
vt 0.756300 0.210600
vt 0.372000 0.949800
vt 0.800700 0.673900
vt 0.741900 0.364300
vt 0.493800 0.357200
vt 0.228900 0.796900
vt 0.020000 0.738100
vt 0.020000 0.452300
vt 0.264100 0.467100
vt 0.263400 0.577000
vt 0.334800 0.856100
vt 0.240100 0.192700
vt 0.921000 0.425700
vt 0.917300 0.455000
vt 0.411600 0.725200
vt 0.228900 0.752900
vt 0.020000 0.562200
vt 0.488800 0.667600
vt 0.488800 0.693200
vt 0.488800 0.611600
vt 0.020000 0.980000
vt 0.020000 0.408300
vt 0.264100 0.511100
vt 0.511100 0.415800
vt 0.287500 0.639600
vt 0.821600 0.491700
vt 0.756300 0.151900
vt 0.821600 0.517300
vt 0.821600 0.461400
vt 0.020000 0.914000
vt 0.226300 0.950800
vt 0.228900 0.774900
vt 0.020000 0.364300
vt 0.264100 0.379100
vt 0.263400 0.643000
vt 0.020000 0.540200
vt 0.247200 0.885500
vt 0.973800 0.056100
vt 0.664200 0.445100
vt 0.287500 0.547900
s 0
f 3537/9521/5582 3539/9522/5583 3540/9523/5584
f 3541/9524/5582 3539/9525/5585 3538/9526/5582
f 3544/9527/5582 3546/9528/5586 3543/9529/5582
f 3547/9530/5587 3545/9531/5588 3544/9532/5587
f 3549/9533/5582 3542/9534/5589 3541/9524/5582
f 3551/9535/5582 3540/9536/5590 3552/9537/5591
s 1
f 3553/9538/5592 3555/9539/5593 3548/9540/5584
s 0
f 3556/9541/5582 3548/9542/5594 3547/9530/5582
f 3557/9543/5582 3546/9544/5595 3555/9545/5593
f 3559/9546/5582 3560/9547/5596 3558/9548/5582
s 1
f 3562/9549/5592 3560/9550/5593 3561/9551/5584
s 0
f 3565/9552/5582 3561/9553/5597 3564/9554/5582
f 3558/9548/5582 3563/9555/5598 3566/9556/5582
f 3567/9557/5582 3562/9558/5599 3565/9552/5582
f 3566/9556/5582 3550/9559/5600 3549/9533/5582
s 1
f 3552/9560/5592 3550/9561/5593 3568/9562/5584
s 0
f 3551/9535/5582 3568/9563/5601 3567/9557/5582
f 3564/9554/5582 3553/9564/5602 3556/9541/5582
f 3557/9543/5582 3554/9565/5603 3559/9546/5582
f 3555/9539/5604 3570/9566/5605 3548/9540/5584
f 3553/9538/5606 3572/9567/5607 3554/9568/5608
f 3561/9569/5609 3571/9570/5610 3553/9571/5592
f 3575/9572/5582 3577/9573/5611 3574/9574/5582
f 3578/9575/5582 3580/9576/5612 3581/9577/5608
f 3582/9578/5587 3580/9579/5588 3579/9580/5587
f 3584/9581/5582 3586/9582/5590 3587/9583/5591
s 1
f 3588/9584/5592 3590/9585/5593 3583/9586/5584
s 0
f 3591/9587/5582 3583/9588/5594 3582/9578/5582
f 3593/9589/5613 3594/9590/5614 3592/9591/5584
s 1
f 3596/9592/5592 3594/9593/5593 3595/9594/5584
s 0
f 3599/9595/5582 3595/9596/5597 3598/9597/5582
f 3600/9598/5582 3596/9599/5599 3599/9595/5582
f 3603/9600/5613 3604/9601/5615 3602/9602/5584
s 1
f 3587/9603/5592 3604/9604/5593 3601/9605/5584
s 0
f 3584/9581/5582 3601/9606/5601 3600/9598/5582
f 3598/9597/5582 3588/9607/5602 3591/9587/5582
f 3580/9576/5616 3607/9608/5617 3581/9577/5608
f 3583/9609/5618 3606/9610/5619 3580/9611/5592
f 3590/9585/5620 3608/9612/5621 3583/9586/5584
f 3581/9613/5622 3609/9614/5623 3590/9615/5593
f 3577/9616/5620 3611/9617/5621 3586/9618/5584
f 3587/9603/5616 3613/9619/5617 3605/9620/5608
f 3586/9621/5624 3612/9622/5625 3587/9623/5592
f 3601/9624/5609 3615/9625/5626 3596/9626/5592
f 3604/9604/5620 3614/9627/5621 3601/9605/5584
f 3597/9628/5627 3616/9629/5628 3604/9630/5593
f 3596/9592/5616 3617/9631/5617 3597/9632/5608
f 3589/9633/5627 3619/9634/5629 3594/9635/5593
f 3594/9593/5620 3620/9636/5621 3595/9594/5584
f 3622/9637/5582 3624/9638/5630 3621/9639/5582
f 3578/9640/5582 3626/9641/5631 3625/9642/5582
s 1
f 3593/9643/5592 3629/9644/5593 3627/9645/5584
s 0
f 3589/9646/5632 3627/9647/5633 3590/9648/5593
f 3631/9649/5634 3632/9650/5635 3630/9651/5584
s 1
f 3603/9652/5592 3632/9653/5593 3592/9654/5584
s 0
f 3597/9655/5636 3592/9591/5637 3594/9590/5593
f 3635/9656/5634 3636/9657/5638 3634/9658/5584
s 1
f 3637/9659/5592 3636/9660/5593 3602/9661/5584
s 0
f 3605/9662/5639 3602/9602/5640 3604/9601/5593
f 3629/9644/5641 3640/9663/5642 3627/9645/5584
f 3641/9664/5622 3639/9665/5623 3629/9666/5593
f 3624/9667/5641 3644/9668/5642 3576/9669/5584
f 3638/9670/5643 3643/9671/5644 3624/9672/5593
f 3637/9659/5645 3645/9673/5646 3638/9674/5608
f 3576/9675/5624 3646/9676/5625 3637/9677/5592
f 3636/9660/5641 3648/9678/5642 3602/9661/5584
f 3628/9679/5627 3650/9680/5629 3632/9681/5593
f 3593/9643/5645 3649/9682/5646 3628/9683/5608
f 3592/9684/5609 3651/9685/5610 3593/9686/5592
f 3632/9653/5641 3652/9687/5642 3592/9654/5584
f 3622/9688/5582 3654/9689/5647 3623/9690/5584
f 3655/9691/5582 3654/9692/5585 3653/9693/5582
f 3625/9694/5582 3641/9695/5648 3657/9696/5582
f 3658/9697/5582 3656/9698/5589 3655/9691/5582
s 1
f 3631/9699/5592 3662/9700/5593 3660/9701/5584
s 0
f 3628/9702/5649 3660/9703/5650 3629/9704/5593
f 3663/9705/5582 3665/9706/5595 3662/9707/5593
f 3667/9708/5582 3668/9709/5596 3666/9710/5582
s 1
f 3635/9711/5592 3668/9712/5593 3630/9713/5584
s 0
f 3633/9714/5651 3630/9651/5652 3632/9650/5593
f 3666/9710/5582 3669/9715/5598 3670/9716/5582
f 3670/9716/5582 3659/9717/5600 3658/9697/5582
s 1
f 3671/9718/5592 3659/9719/5593 3634/9720/5584
s 0
f 3638/9721/5653 3634/9658/5654 3636/9657/5593
f 3663/9705/5582 3661/9722/5603 3667/9708/5582
f 3654/9689/5655 3673/9723/5656 3623/9690/5584
f 3671/9718/5657 3675/9724/5658 3656/9725/5608
f 3623/9726/5624 3674/9727/5625 3671/9728/5592
f 3668/9712/5655 3677/9729/5656 3630/9713/5584
f 3586/9618/5659 3574/9730/5582 3577/9616/5593
f 3590/9648/5660 3626/9641/5661 3581/9731/5608
f 3637/9732/5662 3577/9573/5663 3576/9733/5584
f 3629/9704/5664 3678/9734/5665 3641/9735/5608
f 3678/9734/5666 3657/9736/5582 3641/9735/5608
f 3665/9737/5667 3679/9738/5582 3678/9739/5592
f 3576/9669/5668 3621/9740/5582 3624/9667/5593
f 3671/9741/5669 3624/9638/5670 3623/9742/5584
f 3680/9743/5671 3682/9744/5672 3683/9745/5671
f 3682/9746/5673 3685/9747/5671 3683/9748/5671
f 3687/9749/5674 3689/9750/5671 3686/9751/5671
f 3688/9752/5675 3690/9753/5671 3689/9754/5671
f 3684/9755/5676 3692/9756/5671 3685/9747/5671
f 3693/9757/5671 3681/9758/5677 3680/9759/5671
s 1
f 3569/9760/5678 3571/9761/5679 3570/9762/5680
s 0
f 3570/9763/5681 3695/9764/5671 3690/9753/5671
f 3696/9765/5671 3687/9766/5682 3686/9767/5671
f 3698/9768/5683 3699/9769/5671 3697/9770/5671
s 1
f 3698/9771/5678 3701/9772/5679 3573/9773/5680
s 0
f 3573/9774/5684 3703/9775/5671 3702/9776/5671
f 3700/9777/5685 3697/9770/5671 3704/9778/5671
f 3701/9779/5686 3706/9780/5671 3703/9775/5671
f 3691/9781/5687 3704/9778/5671 3692/9756/5671
s 1
f 3691/9782/5678 3694/9783/5679 3705/9784/5680
s 0
f 3705/9785/5688 3693/9757/5671 3706/9780/5671
f 3571/9786/5689 3702/9776/5671 3695/9764/5671
f 3572/9787/5690 3696/9765/5671 3699/9769/5671
f 3546/9528/5691 3688/9788/5692 3687/9789/5693
f 3545/9790/5694 3570/9791/5695 3688/9792/5679
f 3555/9793/5696 3687/9794/5697 3569/9795/5678
f 3540/9523/5698 3682/9796/5699 3681/9797/5680
f 3539/9798/5700 3684/9799/5701 3682/9800/5678
f 3542/9801/5691 3694/9802/5692 3684/9803/5693
f 3552/9804/5702 3681/9805/5703 3694/9806/5679
f 3562/9807/5704 3705/9808/5705 3701/9809/5679
f 3568/9562/5698 3691/9810/5699 3705/9811/5680
f 3550/9812/5706 3700/9813/5707 3691/9814/5678
f 3563/9815/5691 3701/9816/5692 3700/9817/5693
f 3560/9818/5708 3572/9819/5707 3698/9820/5678
f 3561/9551/5698 3698/9821/5699 3573/9822/5680
f 3610/9823/5709 3708/9824/5671 3707/9825/5671
f 3709/9826/5671 3606/9827/5710 3710/9828/5671
f 3606/9829/5675 3711/9830/5671 3710/9831/5671
f 3712/9832/5671 3611/9833/5677 3713/9834/5671
s 1
f 3609/9835/5678 3714/9836/5679 3608/9837/5680
s 0
f 3608/9838/5681 3715/9839/5671 3711/9830/5671
f 3619/9840/5711 3651/9841/5712 3652/9842/5680
s 1
f 3619/9843/5678 3615/9844/5679 3620/9845/5680
s 0
f 3620/9846/5684 3717/9847/5671 3716/9848/5671
f 3615/9849/5686 3718/9850/5671 3717/9847/5671
f 3616/9851/5713 3719/9852/5712 3648/9853/5680
s 1
f 3616/9854/5678 3612/9855/5679 3614/9856/5680
s 0
f 3614/9857/5688 3712/9832/5671 3718/9850/5671
f 3714/9858/5689 3716/9848/5671 3715/9839/5671
f 3577/9859/5700 3613/9860/5701 3610/9861/5678
f 3589/9862/5714 3714/9863/5715 3618/9864/5693
f 3588/9865/5716 3620/9866/5705 3714/9867/5679
f 3643/9868/5717 3721/9869/5671 3720/9870/5671
f 3723/9871/5718 3709/9872/5671 3722/9873/5671
s 1
f 3639/9874/5678 3651/9875/5679 3640/9876/5680
s 0
f 3640/9877/5719 3618/9878/5720 3609/9879/5678
f 3650/9880/5721 3724/9881/5722 3677/9882/5680
s 1
f 3650/9883/5678 3719/9884/5679 3652/9885/5680
s 0
f 3652/9842/5723 3617/9886/5724 3619/9840/5678
f 3647/9887/5725 3727/9888/5722 3726/9889/5680
s 1
f 3647/9890/5678 3646/9891/5679 3648/9892/5680
s 0
f 3648/9853/5726 3613/9893/5727 3616/9851/5678
f 3641/9695/5728 3723/9894/5729 3642/9895/5693
f 3626/9896/5694 3640/9897/5695 3723/9898/5679
f 3603/9899/5704 3648/9900/5705 3719/9901/5679
f 3636/9902/5706 3725/9903/5707 3647/9904/5678
f 3633/9905/5728 3719/9906/5729 3725/9907/5693
f 3721/9908/5671 3672/9909/5730 3728/9910/5671
f 3672/9911/5673 3729/9912/5671 3728/9913/5671
f 3642/9914/5731 3722/9915/5671 3730/9916/5671
f 3675/9917/5676 3732/9918/5671 3729/9912/5671
s 1
f 3734/9919/5678 3724/9920/5679 3733/9921/5680
s 0
f 3733/9922/5732 3649/9923/5733 3639/9924/5678
f 3736/9925/5671 3737/9926/5734 3738/9927/5671
f 3676/9928/5683 3740/9929/5671 3739/9930/5671
s 1
f 3676/9931/5678 3727/9932/5679 3677/9933/5680
s 0
f 3677/9882/5735 3725/9934/5736 3650/9880/5678
f 3741/9935/5685 3739/9930/5671 3742/9936/5671
f 3731/9937/5687 3742/9936/5671 3732/9918/5671
s 1
f 3731/9938/5678 3674/9939/5679 3726/9940/5680
s 0
f 3726/9889/5737 3645/9941/5738 3647/9887/5678
f 3735/9942/5690 3736/9925/5671 3740/9929/5671
f 3665/9737/5739 3743/9943/5740 3737/9944/5693
f 3678/9945/5694 3733/9946/5695 3743/9947/5679
f 3660/9701/5741 3734/9948/5742 3733/9949/5680
f 3662/9950/5696 3737/9951/5697 3734/9952/5678
f 3654/9953/5700 3675/9954/5701 3672/9955/5678
f 3635/9956/5704 3726/9957/5705 3727/9958/5679
f 3634/9720/5741 3731/9959/5742 3726/9960/5680
f 3659/9961/5706 3741/9962/5707 3731/9963/5678
f 3669/9964/5739 3727/9965/5740 3741/9966/5693
f 3668/9967/5708 3735/9968/5707 3676/9969/5678
f 3661/9970/5739 3724/9971/5740 3735/9972/5693
f 3631/9973/5716 3677/9974/5705 3724/9975/5679
f 3707/9976/5671 3611/9977/5743 3610/9978/5678
f 3723/9871/5744 3609/9879/5745 3607/9979/5693
f 3610/9823/5746 3646/9980/5747 3644/9981/5680
f 3743/9982/5748 3639/9924/5749 3642/9983/5693
f 3730/9984/5671 3743/9982/5750 3642/9983/5693
f 3744/9985/5671 3737/9986/5751 3743/9987/5679
f 3720/9988/5671 3644/9989/5752 3643/9990/5678
f 3643/9868/5753 3674/9991/5754 3673/9992/5680
f 3537/9521/5582 3538/9993/5582 3539/9522/5755
f 3541/9524/5582 3542/9534/5756 3539/9525/5757
f 3544/9527/5582 3545/9994/5592 3546/9528/5758
f 3547/9530/5582 3548/9542/5584 3545/9531/5759
f 3549/9533/5582 3550/9559/5593 3542/9534/5760
f 3551/9535/5582 3537/9995/5582 3540/9536/5761
s 1
f 3553/9538/5592 3554/9568/5608 3555/9539/5593
s 0
f 3556/9541/5582 3553/9564/5592 3548/9542/5762
f 3557/9543/5763 3543/9996/5763 3546/9544/5764
f 3559/9546/5582 3554/9565/5608 3560/9547/5765
s 1
f 3562/9549/5592 3563/9815/5608 3560/9550/5593
s 0
f 3565/9552/5582 3562/9558/5592 3561/9553/5766
f 3558/9548/5582 3560/9547/5593 3563/9555/5767
f 3567/9557/5582 3568/9563/5584 3562/9558/5768
f 3566/9556/5582 3563/9555/5608 3550/9559/5765
s 1
f 3552/9560/5592 3542/9801/5608 3550/9561/5593
s 0
f 3551/9535/5582 3552/9537/5592 3568/9563/5769
f 3564/9554/5582 3561/9553/5584 3553/9564/5768
f 3557/9543/5582 3555/9545/5593 3554/9565/5770
f 3555/9539/5771 3569/9997/5678 3570/9566/5772
f 3553/9538/5773 3571/9998/5679 3572/9567/5774
f 3561/9569/5775 3573/9999/5680 3571/9570/5776
f 3575/9572/5582 3576/9733/5584 3577/9573/5777
f 3578/9575/5582 3579/10000/5582 3580/9576/5778
f 3582/9578/5582 3583/9588/5584 3580/9579/5759
f 3584/9581/5582 3585/10001/5582 3586/9582/5761
s 1
f 3588/9584/5592 3589/9862/5608 3590/9585/5593
s 0
f 3591/9587/5582 3588/9607/5592 3583/9588/5762
f 3593/9589/5779 3589/9646/5608 3594/9590/5780
s 1
f 3596/9592/5592 3597/9632/5608 3594/9593/5593
s 0
f 3599/9595/5582 3596/9599/5592 3595/9596/5766
f 3600/9598/5582 3601/9606/5584 3596/9599/5768
f 3603/9600/5781 3597/9655/5608 3604/9601/5780
s 1
f 3587/9603/5592 3605/9620/5608 3604/9604/5593
s 0
f 3584/9581/5582 3587/9583/5592 3601/9606/5769
f 3598/9597/5582 3595/9596/5584 3588/9607/5768
f 3580/9576/5782 3606/10002/5679 3607/9608/5783
f 3583/9609/5784 3608/10003/5680 3606/9610/5785
f 3590/9585/5786 3609/10004/5678 3608/9612/5787
f 3581/9613/5788 3607/10005/5693 3609/9614/5789
f 3577/9616/5786 3610/10006/5678 3611/9617/5787
f 3587/9603/5782 3612/10007/5679 3613/9619/5783
f 3586/9621/5790 3611/10008/5680 3612/9622/5791
f 3601/9624/5792 3614/10009/5680 3615/9625/5776
f 3604/9604/5786 3616/10010/5678 3614/9627/5787
f 3597/9628/5793 3617/10011/5693 3616/9629/5794
f 3596/9592/5782 3615/10012/5679 3617/9631/5783
f 3589/9633/5795 3618/10013/5693 3619/9634/5794
f 3594/9593/5786 3619/10014/5678 3620/9636/5787
f 3622/9637/5582 3623/9742/5584 3624/9638/5796
f 3578/9640/5582 3581/9731/5608 3626/9641/5797
s 1
f 3593/9643/5592 3628/9683/5608 3629/9644/5593
s 0
f 3589/9646/5798 3593/9589/5592 3627/9647/5799
f 3631/9649/5800 3628/9702/5608 3632/9650/5801
s 1
f 3603/9652/5592 3633/9905/5608 3632/9653/5593
s 0
f 3597/9655/5802 3603/9600/5592 3592/9591/5803
f 3635/9656/5804 3633/9714/5608 3636/9657/5801
s 1
f 3637/9659/5592 3638/9674/5608 3636/9660/5593
s 0
f 3605/9662/5805 3637/9732/5592 3602/9602/5806
f 3629/9644/5807 3639/10015/5678 3640/9663/5808
f 3641/9664/5788 3642/10016/5693 3639/9665/5789
f 3624/9667/5807 3643/10017/5678 3644/9668/5808
f 3638/9670/5809 3645/10018/5693 3643/9671/5810
f 3637/9659/5811 3646/10019/5679 3645/9673/5812
f 3576/9675/5790 3644/10020/5680 3646/9676/5791
f 3636/9660/5807 3647/10021/5678 3648/9678/5808
f 3628/9679/5795 3649/10022/5693 3650/9680/5794
f 3593/9643/5811 3651/10023/5679 3649/9682/5812
f 3592/9684/5775 3652/10024/5680 3651/9685/5776
f 3632/9653/5807 3650/10025/5678 3652/9687/5808
f 3622/9688/5582 3653/10026/5582 3654/9689/5813
f 3655/9691/5582 3656/9698/5756 3654/9692/5757
f 3625/9694/5582 3626/10027/5592 3641/9695/5814
f 3658/9697/5582 3659/9717/5593 3656/9698/5760
s 1
f 3631/9699/5592 3661/9970/5608 3662/9700/5593
s 0
f 3628/9702/5815 3631/9649/5592 3660/9703/5816
f 3663/9705/5763 3664/10028/5763 3665/9706/5764
f 3667/9708/5582 3661/9722/5608 3668/9709/5765
s 1
f 3635/9711/5592 3669/9964/5608 3668/9712/5593
s 0
f 3633/9714/5817 3635/9656/5592 3630/9651/5818
f 3666/9710/5582 3668/9709/5593 3669/9715/5767
f 3670/9716/5582 3669/9715/5608 3659/9717/5765
s 1
f 3671/9718/5592 3656/9725/5608 3659/9719/5593
s 0
f 3638/9721/5819 3671/9741/5592 3634/9658/5820
f 3663/9705/5582 3662/9707/5593 3661/9722/5770
f 3654/9689/5821 3672/10029/5678 3673/9723/5822
f 3671/9718/5823 3674/10030/5679 3675/9724/5824
f 3623/9726/5790 3673/10031/5680 3674/9727/5791
f 3668/9712/5821 3676/10032/5678 3677/9729/5822
f 3586/9618/5825 3585/10033/5582 3574/9730/5582
f 3590/9648/5826 3627/9647/5584 3626/9641/5827
f 3637/9732/5828 3605/9662/5608 3577/9573/5829
f 3629/9704/5830 3660/9703/5584 3678/9734/5669
f 3678/9734/5831 3679/10034/5582 3657/9736/5582
f 3665/9737/5832 3664/10035/5582 3679/9738/5582
f 3576/9669/5833 3575/10036/5582 3621/9740/5582
f 3671/9741/5834 3638/9721/5608 3624/9638/5664
f 3680/9743/5671 3681/10037/5680 3682/9744/5835
f 3682/9746/5836 3684/9755/5693 3685/9747/5671
f 3687/9749/5837 3688/10038/5679 3689/9750/5671
f 3688/9752/5838 3570/9763/5680 3690/9753/5671
f 3684/9755/5839 3691/9781/5678 3692/9756/5671
f 3693/9757/5671 3694/10039/5840 3681/9758/5841
s 1
f 3569/9760/5678 3572/10040/5693 3571/9761/5679
s 0
f 3570/9763/5842 3571/9786/5679 3695/9764/5671
f 3696/9765/5671 3569/10041/5843 3687/9766/5844
f 3698/9768/5845 3572/9787/5693 3699/9769/5671
s 1
f 3698/9771/5678 3700/10042/5693 3701/9772/5679
s 0
f 3573/9774/5846 3701/9779/5679 3703/9775/5671
f 3700/9777/5847 3698/9768/5678 3697/9770/5671
f 3701/9779/5848 3705/9785/5680 3706/9780/5671
f 3691/9781/5845 3700/9777/5693 3704/9778/5671
s 1
f 3691/9782/5678 3684/10043/5693 3694/9783/5679
s 0
f 3705/9785/5849 3694/10039/5679 3693/9757/5671
f 3571/9786/5848 3573/9774/5680 3702/9776/5671
f 3572/9787/5850 3569/10041/5678 3696/9765/5671
f 3546/9528/5851 3545/9994/5592 3688/9788/5852
f 3545/9790/5853 3548/10044/5584 3570/9791/5854
f 3555/9793/5855 3546/10045/5608 3687/9794/5856
f 3540/9523/5857 3539/9522/5593 3682/9796/5858
f 3539/9798/5859 3542/10046/5608 3684/9799/5860
f 3542/9801/5851 3552/9560/5592 3694/9802/5852
f 3552/9804/5861 3540/10047/5584 3681/9805/5862
f 3562/9807/5863 3568/10048/5584 3705/9808/5864
f 3568/9562/5857 3550/9561/5593 3691/9810/5858
f 3550/9812/5865 3563/10049/5608 3700/9813/5866
f 3563/9815/5851 3562/9549/5592 3701/9816/5852
f 3560/9818/5865 3554/10050/5608 3572/9819/5867
f 3561/9551/5857 3560/9550/5593 3698/9821/5858
f 3610/9823/5868 3644/9981/5680 3708/9824/5671
f 3709/9826/5671 3607/10051/5693 3606/9827/5869
f 3606/9829/5838 3608/9838/5680 3711/9830/5671
f 3712/9832/5671 3612/10052/5840 3611/9833/5841
s 1
f 3609/9835/5678 3618/10053/5693 3714/9836/5679
s 0
f 3608/9838/5842 3714/9858/5679 3715/9839/5671
f 3619/9840/5870 3618/9878/5693 3651/9841/5871
s 1
f 3619/9843/5678 3617/10054/5693 3615/9844/5679
s 0
f 3620/9846/5846 3615/9849/5679 3717/9847/5671
f 3615/9849/5848 3614/9857/5680 3718/9850/5671
f 3616/9851/5870 3617/9886/5693 3719/9852/5872
s 1
f 3616/9854/5678 3613/10055/5693 3612/9855/5679
s 0
f 3614/9857/5849 3612/10052/5679 3712/9832/5671
f 3714/9858/5848 3620/9846/5680 3716/9848/5671
f 3577/9859/5859 3605/10056/5608 3613/9860/5860
f 3589/9862/5873 3588/9584/5592 3714/9863/5874
f 3588/9865/5863 3595/10057/5584 3620/9866/5875
f 3643/9868/5876 3673/9992/5680 3721/9869/5671
f 3723/9871/5877 3607/9979/5693 3709/9872/5671
s 1
f 3639/9874/5678 3649/10058/5693 3651/9875/5679
s 0
f 3640/9877/5878 3651/9841/5679 3618/9878/5879
f 3650/9880/5880 3649/9923/5693 3724/9881/5881
s 1
f 3650/9883/5678 3725/10059/5693 3719/9884/5679
s 0
f 3652/9842/5882 3719/9852/5679 3617/9886/5883
f 3647/9887/5880 3725/9934/5693 3727/9888/5884
s 1
f 3647/9890/5678 3645/10060/5693 3646/9891/5679
s 0
f 3648/9853/5885 3646/9980/5679 3613/9893/5886
f 3641/9695/5887 3626/10027/5592 3723/9894/5888
f 3626/9896/5853 3627/10061/5584 3640/9897/5854
f 3603/9899/5863 3602/10062/5584 3648/9900/5864
f 3636/9902/5865 3633/10063/5608 3725/9903/5866
f 3633/9905/5887 3603/9652/5592 3719/9906/5888
f 3721/9908/5671 3673/10064/5680 3672/9909/5889
f 3672/9911/5836 3675/9917/5693 3729/9912/5671
f 3642/9914/5890 3723/10065/5679 3722/9915/5671
f 3675/9917/5839 3731/9937/5678 3732/9918/5671
s 1
f 3734/9919/5678 3735/10066/5693 3724/9920/5679
s 0
f 3733/9922/5891 3724/9881/5679 3649/9923/5892
f 3736/9925/5671 3734/10067/5843 3737/9926/5893
f 3676/9928/5845 3735/9942/5693 3740/9929/5671
s 1
f 3676/9931/5678 3741/10068/5693 3727/9932/5679
s 0
f 3677/9882/5894 3727/9888/5679 3725/9934/5895
f 3741/9935/5847 3676/9928/5678 3739/9930/5671
f 3731/9937/5845 3741/9935/5693 3742/9936/5671
s 1
f 3731/9938/5678 3675/10069/5693 3674/9939/5679
s 0
f 3726/9889/5896 3674/9991/5679 3645/9941/5897
f 3735/9942/5850 3734/10067/5678 3736/9925/5671
f 3665/9737/5898 3678/9739/5592 3743/9943/5899
f 3678/9945/5853 3660/10070/5584 3733/9946/5854
f 3660/9701/5900 3662/9700/5593 3734/9948/5901
f 3662/9950/5855 3665/10071/5608 3737/9951/5856
f 3654/9953/5859 3656/10072/5608 3675/9954/5860
f 3635/9956/5863 3634/10073/5584 3726/9957/5864
f 3634/9720/5900 3659/9719/5593 3731/9959/5901
f 3659/9961/5865 3669/10074/5608 3741/9962/5866
f 3669/9964/5898 3635/9711/5592 3727/9965/5899
f 3668/9967/5865 3661/10075/5608 3735/9968/5867
f 3661/9970/5898 3631/9699/5592 3724/9971/5899
f 3631/9973/5863 3630/10076/5584 3677/9974/5875
f 3707/9976/5671 3713/10077/5671 3611/9977/5902
f 3723/9871/5903 3640/9877/5680 3609/9879/5904
f 3610/9823/5905 3613/9893/5693 3646/9980/5906
f 3743/9982/5754 3733/9922/5680 3639/9924/5907
f 3730/9984/5671 3744/10078/5671 3743/9982/5908
f 3744/9985/5671 3738/10079/5671 3737/9986/5909
f 3720/9988/5671 3708/10080/5671 3644/9989/5910
f 3643/9868/5749 3645/9941/5693 3674/9991/5911
o window_big018
v -45.744339 5.803943 -0.121510
v -45.744339 4.693042 -0.121510
v -45.744339 4.777743 -0.036908
v -45.744339 5.719340 -0.036908
v -45.744339 4.693042 1.539493
v -45.744339 4.777743 1.539493
v -45.744339 4.693043 7.077793
v -45.744339 5.803944 7.077793
v -45.744339 5.719341 6.993190
v -45.744339 4.777744 6.993190
v -45.744339 5.803944 5.436290
v -45.744339 5.719341 5.436290
v -45.744339 4.693042 1.606891
v -45.744339 4.777743 1.606891
v -45.744339 5.803943 1.539493
v -45.744339 5.719340 1.539493
v -45.744339 5.719341 5.361293
v -45.744339 4.777744 5.361293
v -45.744339 4.777744 5.436290
v -45.744339 5.803944 5.361293
v -45.744339 4.693043 5.436290
v -45.744339 4.693043 3.524089
v -45.744339 4.693043 5.361293
v -45.744339 4.777744 3.524089
v -45.744339 5.719341 3.524089
v -45.744339 5.719341 3.449291
v -45.744339 4.777744 3.449291
v -45.744339 5.803944 3.524089
v -45.744339 5.803944 3.449291
v -45.744339 4.693043 3.449291
v -45.744339 5.803943 1.606891
v -45.744339 5.719340 1.606891
v -45.690140 4.777744 5.436290
v -45.690140 5.719341 5.436290
v -45.690140 5.719341 5.361293
v -45.690140 4.777744 5.361293
v -45.690140 5.719341 3.524089
v -45.744339 3.577739 -0.121510
v -45.744339 3.502940 -0.121510
v -45.744339 3.502940 -0.036907
v -45.744339 3.577739 -0.036907
v -45.744339 3.577739 7.077793
v -45.744339 4.211643 7.077793
v -45.744339 4.127041 6.993190
v -45.744339 3.577739 6.993190
v -45.744339 4.211643 5.436290
v -45.744339 4.127041 5.436290
v -45.744339 4.211642 1.539493
v -45.744339 4.211642 -0.121510
v -45.744339 4.127040 -0.036908
v -45.744339 4.127040 1.539493
v -45.744339 4.127041 5.361293
v -45.744339 3.577739 5.361293
v -45.744339 3.577739 5.436290
v -45.744339 4.211643 5.361293
v -45.744339 3.502941 3.524090
v -45.744339 3.502941 5.361293
v -45.744339 3.577739 3.524090
v -45.744339 4.127041 3.524090
v -45.744339 4.127041 3.449291
v -45.744339 3.577739 3.449291
v -45.744339 4.211643 3.524090
v -45.744339 4.211643 3.449291
v -45.744339 4.211642 1.606891
v -45.744339 4.127040 1.606891
v -45.744339 3.502941 1.606891
v -45.744339 3.502941 3.449291
v -45.744339 3.577739 1.606891
v -45.744339 3.577739 1.539493
v -45.690140 4.127041 6.993190
v -45.690140 3.577739 6.993190
v -45.690140 4.127041 5.436290
v -45.690140 3.577739 5.436290
v -45.690140 3.577739 -0.036907
v -45.690140 4.127040 -0.036908
v -45.690140 4.127040 1.539493
v -45.690140 3.577739 1.539493
v -45.690140 4.127040 1.606891
v -45.690140 4.127041 3.449291
v -45.690140 3.577739 1.606891
v -45.690140 3.577739 3.449291
v -45.690140 3.577739 5.361293
v -45.690140 3.577739 3.524090
v -45.690140 4.127041 3.524090
v -45.744339 1.983741 -0.121510
v -45.744339 1.905242 -0.121510
v -45.744339 1.905242 -0.036907
v -45.744339 1.983741 -0.036907
v -45.744339 3.502941 7.077793
v -45.744339 3.502941 6.993190
v -45.744339 3.502941 5.436290
v -45.744339 1.983742 5.361294
v -45.744339 1.983742 5.436291
v -45.744339 1.905242 3.524090
v -45.744339 1.905243 5.361294
v -45.744339 1.983741 3.524090
v -45.744339 1.983741 3.449291
v -45.744339 1.905242 1.606892
v -45.744339 1.905242 3.449291
v -45.744339 1.983741 1.606892
v -45.744339 3.502941 1.539493
v -45.744339 1.983741 1.539493
v -45.690140 1.983742 5.436291
v -45.690140 3.502941 5.436290
v -45.744339 1.983742 6.993191
v -45.690140 1.983742 6.993191
v -45.690140 1.983741 -0.036907
v -45.690140 3.502940 -0.036907
v -45.690140 1.983741 1.539493
v -45.690140 3.502941 1.539493
v -45.690140 1.983741 1.606892
v -45.690140 3.502941 1.606891
v -45.690140 1.983742 5.361294
v -45.690140 1.983741 3.524090
v -45.690140 3.502941 5.361293
v -45.690140 3.502941 3.524090
v -45.744339 0.749141 -0.121510
v -45.744339 0.833843 -0.036907
v -45.744339 0.749141 1.539493
v -45.744339 0.833843 1.539493
v -45.744339 1.983742 7.077793
v -45.744339 0.749141 1.606892
v -45.744339 0.833843 1.606892
v -45.744339 1.905243 5.436291
v -45.744339 0.833843 5.361294
v -45.744339 0.833843 5.436291
v -45.744339 0.749141 5.436291
v -45.744339 0.749142 7.077793
v -45.744339 0.833843 6.993191
v -45.744339 0.749141 3.524090
v -45.744339 0.749141 5.361294
v -45.744339 0.833843 3.524090
v -45.744339 0.833843 3.449291
v -45.744339 0.749141 3.449291
v -45.744339 1.905242 1.539493
v -45.690140 0.833843 -0.036907
v -45.690140 1.905242 -0.036907
v -45.690140 1.905242 1.539493
v -45.690140 0.833843 1.539493
v -45.690140 0.833843 3.524090
v -45.690140 1.905242 3.524090
v -45.744339 1.905243 6.993191
v -45.744339 1.905243 7.077793
v -45.690140 5.803943 -0.121510
v -45.690140 5.719340 -0.036908
v -45.690140 4.777743 -0.036908
v -45.690140 4.693042 -0.121510
v -45.690140 4.777743 1.539493
v -45.690140 4.693042 1.539493
v -45.690140 4.693043 7.077793
v -45.690140 4.777744 6.993190
v -45.690140 5.719341 6.993190
v -45.690140 5.803944 7.077793
v -45.690140 5.803944 5.436290
v -45.690140 4.777743 1.606891
v -45.690140 4.693042 1.606891
v -45.690140 5.803943 1.539493
v -45.690140 5.719340 1.539493
v -45.690140 5.803944 5.361293
v -45.690140 4.693043 5.436290
v -45.690140 4.693043 3.524089
v -45.690140 4.777744 3.524089
v -45.690140 4.693043 5.361293
v -45.690140 4.777744 3.449291
v -45.690140 5.719341 3.449291
v -45.690140 5.803944 3.524089
v -45.690140 5.803944 3.449291
v -45.690140 4.693043 3.449291
v -45.690140 5.719340 1.606891
v -45.690140 5.803943 1.606891
v -45.690140 3.577739 -0.121510
v -45.690140 3.502940 -0.121510
v -45.690140 3.577739 7.077793
v -45.690140 4.211643 7.077793
v -45.690140 4.211643 5.436290
v -45.690140 4.211642 1.539493
v -45.690140 4.211642 -0.121510
v -45.690140 4.127041 5.361293
v -45.690140 4.211643 5.361293
v -45.690140 4.211643 3.524090
v -45.690140 4.211643 3.449291
v -45.690140 4.211642 1.606891
v -45.690140 3.502941 3.449291
v -45.690140 1.983741 -0.121510
v -45.690140 1.905242 -0.121510
v -45.690140 3.502941 7.077793
v -45.690140 3.502941 6.993190
v -45.690140 1.905243 5.361294
v -45.690140 1.983741 3.449291
v -45.690140 1.905242 1.606892
v -45.690140 1.905242 3.449291
v -45.690140 0.749141 -0.121510
v -45.690140 0.749141 1.539493
v -45.690140 1.983742 7.077793
v -45.690140 0.833843 1.606892
v -45.690140 0.749141 1.606892
v -45.690140 1.905243 5.436291
v -45.690140 0.833843 5.436291
v -45.690140 0.833843 5.361294
v -45.690140 0.749141 5.436291
v -45.690140 0.833843 6.993191
v -45.690140 0.749142 7.077793
v -45.690140 0.749141 3.524090
v -45.690140 0.749141 5.361294
v -45.690140 0.833843 3.449291
v -45.690140 0.749141 3.449291
v -45.690140 1.905243 6.993191
v -45.690140 1.905243 7.077793
vn -1.0000 -0.0000 -0.0000
vn -0.9045 0.1384 0.4033
vn -0.9045 -0.3015 0.3015
vn -0.9045 0.2883 0.3142
vn -0.9045 0.3207 -0.2810
vn -1.0000 0.0001 -0.0000
vn -0.9046 -0.2880 -0.3143
vn -0.9045 0.4025 -0.1406
vn -0.9045 -0.4041 0.1361
vn -0.9045 -0.3015 -0.3015
vn -0.9045 0.3015 0.3015
vn -0.9045 -0.3987 0.1513
vn -0.9045 0.4040 -0.1363
vn -0.9045 0.2897 0.3129
vn -0.9045 -0.3988 0.1510
vn -0.9045 0.3988 -0.1509
vn -0.9045 -0.2898 -0.3128
vn -0.9045 0.2897 0.3128
vn -0.9045 -0.4025 0.1408
vn -0.9045 -0.2897 -0.3129
vn -0.9045 0.3987 -0.1512
vn -0.9505 -0.0756 0.3015
vn 0.8910 -0.3395 0.3015
vn -0.9505 0.0756 -0.3015
vn 0.8910 0.3395 -0.3015
vn -0.9045 0.3015 -0.3015
vn -0.9499 -0.3015 -0.0826
vn 0.8978 -0.3015 -0.3211
vn -0.9045 0.1510 0.3988
vn -0.9045 -0.1441 -0.4013
vn -0.9045 -0.3678 -0.2157
vn -0.9045 0.2911 0.3116
vn -0.9045 0.2911 0.3115
vn -0.9512 0.0653 -0.3015
vn 0.8804 0.3661 -0.3015
vn -0.9500 -0.3015 -0.0813
vn 0.8965 -0.3015 -0.3246
vn -0.9512 -0.0653 0.3015
vn 0.8804 -0.3661 0.3015
vn -0.9500 0.3015 0.0813
vn 0.8965 0.3015 0.3246
vn -0.9500 -0.3015 -0.0814
vn 0.8966 -0.3015 -0.3243
vn 0.8978 -0.3015 -0.3210
vn -0.9499 0.3015 0.0826
vn 0.8978 0.3015 0.3210
vn 0.8978 0.3015 0.3211
vn -0.9045 0.1558 0.3969
vn -0.9045 -0.1510 -0.3988
vn -0.9045 0.1629 -0.3941
vn -0.9045 -0.3938 0.1635
vn -0.9045 -0.3677 -0.2158
vn -0.9045 0.2906 0.3121
vn -0.9045 0.1631 -0.3940
vn -0.9045 -0.3939 0.1632
vn -0.9045 0.2906 0.3120
vn -0.9045 0.1733 -0.3896
vn -0.9045 -0.3980 0.1529
vn -0.9500 -0.0811 0.3015
vn 0.8963 -0.3251 0.3015
vn -0.9500 0.3015 0.0814
vn 0.8966 0.3015 0.3243
vn -0.9500 0.0811 -0.3015
vn 0.8963 0.3251 -0.3015
vn -0.9045 0.1381 0.4034
vn -0.9045 0.3152 -0.2872
vn -0.9045 0.1676 -0.3921
vn -0.9045 -0.3958 0.1587
vn -0.9045 0.1679 -0.3920
vn -0.9045 -0.3959 0.1584
vn -0.9045 0.1780 -0.3875
vn -0.9045 -0.3998 0.1481
vn -0.9503 -0.0773 0.3015
vn 0.8927 -0.3349 0.3015
vn -0.9503 0.0773 -0.3015
vn 0.8927 0.3349 -0.3015
vn -0.9045 -0.1441 0.4013
vn -0.9045 0.3675 0.2162
vn -0.9045 -0.2892 -0.3133
vn -0.9045 -0.3676 -0.2161
vn -0.9045 0.2894 0.3132
vn -0.9045 0.3675 0.2163
vn -0.9045 -0.2886 -0.3139
vn -0.9045 -0.3908 -0.1705
vn -0.9045 0.1381 -0.4034
vn -0.9045 -0.2166 0.3673
vn -0.9045 -0.3675 -0.2163
vn -0.9045 0.2887 0.3138
vn 1.0000 -0.0000 -0.0000
vn 0.9045 0.3207 0.2810
vn 0.9045 0.2883 0.3142
vn 0.9045 0.3207 -0.2810
vn 0.9045 -0.2881 -0.3143
vn 0.9045 0.4026 -0.1406
vn 0.9045 -0.2883 0.3142
vn 0.9045 0.3015 0.3015
vn 0.9045 -0.3015 -0.3015
vn 0.9045 -0.3015 0.3015
vn 0.9045 -0.3987 0.1512
vn 0.9045 0.2882 -0.3143
vn 0.9045 0.2897 0.3129
vn 0.9045 -0.3988 0.1510
vn 0.9045 0.3988 -0.1509
vn 0.9045 -0.2898 -0.3128
vn 0.9045 0.2897 0.3128
vn 0.9045 -0.4025 0.1407
vn 0.9045 -0.2897 -0.3129
vn 0.9045 0.3987 -0.1511
vn -0.8910 0.3395 -0.3015
vn 0.9505 0.0756 -0.3015
vn 0.9045 0.3015 -0.3015
vn -0.8965 -0.3015 -0.3246
vn 0.9500 -0.3015 -0.0813
vn -0.8965 0.3015 0.3246
vn 0.9500 0.3015 0.0813
vn -0.8910 -0.3395 0.3015
vn 0.9505 -0.0756 0.3015
vn -0.8966 0.3015 0.3243
vn 0.9500 0.3015 0.0814
vn -0.8966 -0.3015 -0.3243
vn 0.9500 -0.3015 -0.0814
vn -0.8978 -0.3015 -0.3210
vn 0.9499 -0.3015 -0.0826
vn -0.8978 0.3015 0.3210
vn 0.9499 0.3015 0.0826
vn -0.8978 0.3015 0.3211
vn 0.9045 0.1510 0.3988
vn 0.9045 -0.3360 -0.2625
vn 0.9045 0.2911 0.3116
vn 0.9045 -0.3678 -0.2157
vn 0.9045 0.2911 0.3115
vn -0.8804 0.3661 -0.3015
vn 0.9512 0.0653 -0.3015
vn -0.8978 -0.3015 -0.3211
vn 0.9045 0.1557 0.3969
vn 0.9045 -0.1510 -0.3988
vn 0.9045 -0.3938 0.1634
vn 0.9045 0.1629 -0.3940
vn 0.9045 0.2906 0.3121
vn 0.9045 -0.3677 -0.2158
vn 0.9045 -0.3940 0.1631
vn 0.9045 0.1632 -0.3939
vn 0.9045 0.2906 0.3120
vn 0.9045 -0.3981 0.1528
vn 0.9045 0.1734 -0.3895
vn -0.8963 0.3251 -0.3015
vn 0.9500 0.0811 -0.3015
vn 0.9045 0.3199 0.2819
vn 0.9045 0.3152 -0.2872
vn 0.9045 -0.3958 0.1586
vn 0.9045 0.1677 -0.3920
vn 0.9045 0.2881 -0.3143
vn 0.9045 -0.3959 0.1584
vn 0.9045 0.1679 -0.3919
vn 0.9045 -0.3999 0.1481
vn 0.9045 0.1780 -0.3874
vn -0.8927 0.3349 -0.3015
vn 0.9503 0.0773 -0.3015
vn -0.8927 -0.3349 0.3015
vn 0.9503 -0.0773 0.3015
vn 0.9045 -0.1441 0.4013
vn 0.9045 -0.2892 -0.3133
vn 0.9045 0.3675 0.2162
vn 0.9045 0.2894 0.3132
vn 0.9045 -0.3676 -0.2161
vn 0.9045 -0.2886 -0.3139
vn 0.9045 0.3675 0.2163
vn 0.9045 -0.3908 -0.1705
vn 0.9045 0.1381 -0.4034
vn 0.9045 -0.2166 0.3673
vn 0.9045 0.2887 0.3138
vn 0.9045 -0.3675 -0.2163
vn -0.9045 0.3207 0.2810
vn -0.9045 0.4041 0.1361
vn -0.9045 0.1384 -0.4033
vn -0.9045 -0.4041 -0.1362
vn -0.9045 0.1852 -0.3841
vn -0.9045 -0.2883 0.3142
vn -0.9045 -0.1749 0.3889
vn -1.0000 -0.0001 -0.0000
vn -0.9046 0.2880 -0.3143
vn -0.9045 0.3676 0.2160
vn -0.9045 -0.1752 0.3888
vn -0.9045 0.1753 -0.3887
vn -0.9045 -0.3676 -0.2160
vn -0.9045 -0.1851 0.3841
vn -0.9045 0.1750 -0.3888
vn -0.8910 0.3395 0.3015
vn 0.9505 0.0756 0.3015
vn -0.8910 -0.3395 -0.3015
vn 0.9505 -0.0756 -0.3015
vn -0.8978 -0.3015 0.3211
vn 0.9499 -0.3015 0.0826
vn -0.9045 0.3888 0.1752
vn -0.9045 -0.3360 -0.2625
vn -0.9045 -0.2911 -0.3116
vn -0.9045 0.3678 0.2157
vn -0.9045 -0.2911 -0.3115
vn -0.8804 -0.3661 -0.3015
vn 0.9512 -0.0653 -0.3015
vn -0.8965 -0.3015 0.3246
vn 0.9500 -0.3015 0.0813
vn -0.8804 0.3661 0.3015
vn 0.9512 0.0653 0.3015
vn -0.8965 0.3015 -0.3246
vn 0.9500 0.3015 -0.0813
vn -0.8966 -0.3015 0.3243
vn 0.9500 -0.3015 0.0814
vn -0.8978 -0.3015 0.3210
vn -0.8978 0.3015 -0.3210
vn 0.9499 0.3015 -0.0826
vn -0.8978 0.3015 -0.3211
vn -0.9045 0.3908 0.1705
vn -0.9045 -0.3888 -0.1752
vn -0.9045 0.3938 -0.1635
vn -0.9045 -0.1629 0.3941
vn -0.9045 -0.2906 -0.3121
vn -0.9045 0.3677 0.2158
vn -0.9045 0.3939 -0.1632
vn -0.9045 -0.1631 0.3940
vn -0.9045 -0.2906 -0.3120
vn -0.9045 0.3980 -0.1529
vn -0.9045 -0.1733 0.3896
vn -0.8963 0.3251 0.3015
vn 0.9500 0.0811 0.3015
vn -0.8966 0.3015 -0.3243
vn 0.9500 0.3015 -0.0814
vn -0.8963 -0.3251 -0.3015
vn 0.9500 -0.0811 -0.3015
vn -0.9045 0.3199 0.2819
vn -0.9045 0.2166 -0.3673
vn -0.9045 0.3958 -0.1587
vn -0.9045 -0.1676 0.3921
vn -0.9045 0.3959 -0.1584
vn -0.9045 -0.1679 0.3920
vn -0.9045 0.3998 -0.1481
vn -0.9045 -0.1780 0.3875
vn -0.8927 0.3349 0.3015
vn 0.9503 0.0773 0.3015
vn -0.8927 -0.3349 -0.3015
vn 0.9503 -0.0773 -0.3015
vn -0.9045 -0.3360 0.2625
vn -0.9045 0.2892 0.3133
vn -0.9045 -0.3675 -0.2162
vn -0.9045 -0.2894 -0.3132
vn -0.9045 0.3676 0.2161
vn -0.9045 0.2886 0.3139
vn -0.9045 -0.1558 -0.3969
vn -0.9045 0.3199 -0.2819
vn -0.9045 -0.3152 0.2872
vn -0.9045 -0.2887 -0.3138
vn 0.9045 0.1384 0.4033
vn 0.9045 0.4041 0.1362
vn 0.9045 0.1384 -0.4033
vn 0.9045 -0.4041 -0.1362
vn 0.9045 0.1852 -0.3841
vn 0.9045 -0.3016 -0.3015
vn 0.9045 -0.4041 0.1362
vn 0.9045 -0.1750 0.3888
vn 0.9045 0.3016 0.3015
vn 0.9045 0.4041 -0.1361
vn 0.9045 0.3676 0.2160
vn 0.9045 -0.1752 0.3887
vn 0.9045 0.1753 -0.3887
vn 0.9045 -0.3676 -0.2160
vn 0.9045 -0.1851 0.3841
vn 0.9045 0.1751 -0.3888
vn -0.9505 -0.0756 -0.3015
vn 0.8910 -0.3395 -0.3015
vn -0.9500 -0.3015 0.0813
vn 0.8965 -0.3015 0.3246
vn -0.9500 0.3015 -0.0813
vn 0.8965 0.3015 -0.3246
vn -0.9505 0.0756 0.3015
vn 0.8910 0.3395 0.3015
vn -0.9500 0.3015 -0.0814
vn 0.8966 0.3015 -0.3243
vn -0.9500 -0.3015 0.0814
vn 0.8966 -0.3015 0.3243
vn -0.9499 -0.3015 0.0826
vn 0.8978 -0.3015 0.3210
vn -0.9499 0.3015 -0.0826
vn 0.8978 0.3015 -0.3210
vn 0.8978 0.3015 -0.3211
vn 0.9045 0.3887 0.1752
vn 0.9045 -0.1441 -0.4013
vn 0.9045 0.3678 0.2157
vn 0.9045 -0.2911 -0.3116
vn 0.9045 -0.2911 -0.3115
vn -0.9512 -0.0653 -0.3015
vn 0.8804 -0.3661 -0.3015
vn 0.8978 -0.3015 0.3211
vn 0.9045 0.3908 0.1705
vn 0.9045 -0.3887 -0.1752
vn 0.9045 -0.1629 0.3940
vn 0.9045 0.3938 -0.1634
vn 0.9045 0.3677 0.2158
vn 0.9045 -0.2906 -0.3121
vn 0.9045 -0.1632 0.3939
vn 0.9045 0.3940 -0.1631
vn 0.9045 -0.2906 -0.3120
vn 0.9045 -0.1734 0.3895
vn 0.9045 0.3981 -0.1528
vn -0.9500 -0.0811 -0.3015
vn 0.8963 -0.3251 -0.3015
vn 0.9045 0.1381 0.4034
vn 0.9045 0.2166 -0.3673
vn 0.9045 -0.1677 0.3920
vn 0.9045 0.3958 -0.1586
vn 0.9045 0.4041 -0.1362
vn 0.9045 -0.1679 0.3919
vn 0.9045 0.3959 -0.1584
vn 0.9045 -0.1780 0.3874
vn 0.9045 0.3999 -0.1481
vn -0.9503 -0.0773 -0.3015
vn 0.8927 -0.3349 -0.3015
vn -0.9503 0.0773 0.3015
vn 0.8927 0.3349 0.3015
vn 0.9045 -0.3360 0.2625
vn 0.9045 -0.3675 -0.2162
vn 0.9045 0.2892 0.3133
vn 0.9045 0.3676 0.2161
vn 0.9045 -0.2894 -0.3132
vn 0.9045 0.2886 0.3139
vn 0.9045 -0.1557 -0.3969
vn 0.9045 0.3199 -0.2819
vn 0.9045 -0.3152 0.2872
vn 0.9045 -0.2887 -0.3138
vt 0.658300 0.492800
vt 0.522300 0.481600
vt 0.647000 0.481600
vt 0.240100 0.240100
vt 0.031200 0.251100
vt 0.020000 0.239900
vt 0.826800 0.415800
vt 0.690900 0.427000
vt 0.679600 0.415800
vt 0.756300 0.339000
vt 0.962600 0.328000
vt 0.973800 0.339300
vt 0.249000 0.240100
vt 0.240100 0.251300
vt 0.240100 0.339000
vt 0.031200 0.328000
vt 0.240100 0.327800
vt 0.804400 0.641800
vt 0.679600 0.631900
vt 0.804400 0.631900
vt 0.746400 0.339000
vt 0.756300 0.327800
vt 0.756300 0.240100
vt 0.962600 0.251100
vt 0.756300 0.251300
vt 0.746400 0.240100
vt 0.503000 0.251300
vt 0.503000 0.240100
vt 0.804400 0.594100
vt 0.679600 0.584200
vt 0.804400 0.584200
vt 0.493100 0.339100
vt 0.503000 0.327900
vt 0.503000 0.339100
vt 0.493100 0.251300
vt 0.493100 0.240100
vt 0.249000 0.339000
vt 0.493100 0.327900
vt 0.249000 0.251300
vt 0.804400 0.549200
vt 0.679600 0.540200
vt 0.804400 0.540200
vt 0.249000 0.327800
vt 0.746400 0.327800
vt 0.746400 0.251300
vt 0.804400 0.624700
vt 0.679600 0.649000
vt 0.679600 0.641800
vt 0.020000 0.606200
vt 0.263400 0.599000
vt 0.263400 0.606200
vt 0.020000 0.071300
vt 0.031200 0.081200
vt 0.020000 0.081200
vt 0.862900 0.379100
vt 0.935700 0.390400
vt 0.862900 0.390400
vt 0.756300 0.309700
vt 0.962600 0.298700
vt 0.973800 0.309900
vt 0.240100 0.309700
vt 0.031200 0.298700
vt 0.240100 0.298500
vt 0.323700 0.733400
vt 0.250900 0.723500
vt 0.323700 0.723500
vt 0.746400 0.309700
vt 0.756300 0.298500
vt 0.746400 0.071300
vt 0.503000 0.081200
vt 0.503000 0.071300
vt 0.323700 0.817700
vt 0.250900 0.807800
vt 0.323700 0.807800
vt 0.493100 0.309800
vt 0.503000 0.298600
vt 0.503000 0.309800
vt 0.249000 0.309700
vt 0.493100 0.298600
vt 0.493100 0.071300
vt 0.249000 0.081200
vt 0.249000 0.071300
vt 0.323700 0.776400
vt 0.250900 0.767400
vt 0.323700 0.767400
vt 0.249000 0.298500
vt 0.746400 0.298500
vt 0.862900 0.397500
vt 0.020000 0.892000
vt 0.226300 0.884900
vt 0.226300 0.892000
vt 0.323700 0.716300
vt 0.226300 0.928800
vt 0.020000 0.936000
vt 0.020000 0.928800
vt 0.247200 0.910400
vt 0.320000 0.903200
vt 0.320000 0.910400
vt 0.250900 0.783600
vt 0.250900 0.776400
vt 0.020000 0.870100
vt 0.228900 0.862900
vt 0.228900 0.870100
vt 0.020000 0.496300
vt 0.264100 0.489100
vt 0.264100 0.496300
vt 0.323700 0.760300
vt 0.264100 0.423100
vt 0.020000 0.430300
vt 0.020000 0.423100
vt 0.250900 0.824800
vt 0.250900 0.817700
vt 0.263400 0.665000
vt 0.020000 0.672200
vt 0.020000 0.665000
vt 0.323700 0.800600
vt 0.020000 0.097000
vt 0.031200 0.107400
vt 0.020000 0.107400
vt 0.973800 0.081200
vt 0.962600 0.071300
vt 0.973800 0.071300
vt 0.488800 0.513500
vt 0.287500 0.503600
vt 0.488800 0.503600
vt 0.746400 0.081200
vt 0.756400 0.071300
vt 0.756400 0.081200
vt 0.746400 0.097000
vt 0.503000 0.107400
vt 0.503000 0.097000
vt 0.488800 0.473200
vt 0.287500 0.463300
vt 0.488800 0.463300
vt 0.493100 0.081200
vt 0.493100 0.097000
vt 0.249000 0.107400
vt 0.249000 0.097000
vt 0.488800 0.431900
vt 0.287500 0.423000
vt 0.488800 0.423000
vt 0.240100 0.081200
vt 0.488800 0.496400
vt 0.721000 0.357200
vt 0.514700 0.364300
vt 0.514700 0.357200
vt 0.287500 0.573200
vt 0.488800 0.566000
vt 0.488800 0.573200
vt 0.228900 0.709000
vt 0.020000 0.716100
vt 0.020000 0.709000
vt 0.287500 0.439100
vt 0.287500 0.431900
vt 0.020000 0.826100
vt 0.228900 0.818900
vt 0.228900 0.826100
vt 0.488800 0.415800
vt 0.263400 0.621000
vt 0.020000 0.628200
vt 0.020000 0.621000
vt 0.287500 0.520700
vt 0.287500 0.513500
vt 0.020000 0.694200
vt 0.263400 0.687000
vt 0.263400 0.694200
vt 0.488800 0.456100
vt 0.840100 0.397500
vt 0.698200 0.386300
vt 0.840100 0.386300
vt 0.240100 0.269400
vt 0.031200 0.280400
vt 0.020000 0.269200
vt 0.488800 0.379100
vt 0.287500 0.390400
vt 0.287500 0.379100
vt 0.249000 0.269400
vt 0.240100 0.280600
vt 0.653000 0.627100
vt 0.511100 0.617200
vt 0.653000 0.617200
vt 0.746400 0.107400
vt 0.756400 0.097000
vt 0.756400 0.107400
vt 0.756300 0.269400
vt 0.962600 0.280400
vt 0.756300 0.280600
vt 0.746400 0.269400
vt 0.503000 0.280600
vt 0.503000 0.269400
vt 0.653000 0.667400
vt 0.511100 0.657500
vt 0.653000 0.657500
vt 0.493100 0.107400
vt 0.493100 0.280600
vt 0.493100 0.269400
vt 0.249000 0.280600
vt 0.653000 0.585800
vt 0.511100 0.576900
vt 0.653000 0.576900
vt 0.240100 0.107400
vt 0.746400 0.280600
vt 0.840100 0.379100
vt 0.511100 0.593000
vt 0.511100 0.585800
vt 0.020000 0.848100
vt 0.228900 0.840900
vt 0.228900 0.848100
vt 0.653000 0.650300
vt 0.247200 0.921600
vt 0.962600 0.081200
vt 0.240100 0.071300
vt 0.031200 0.071300
vt 0.962600 0.097000
vt 0.962600 0.107400
vt 0.973800 0.107400
vt 0.522300 0.390400
vt 0.664200 0.379100
vt 0.664200 0.390400
vt 0.287500 0.584400
vt 0.240100 0.097000
vt 0.031200 0.097000
vt 0.511100 0.522800
vt 0.647000 0.511100
vt 0.658300 0.522200
vt 0.031200 0.210800
vt 0.240100 0.221800
vt 0.020000 0.222000
vt 0.647000 0.551600
vt 0.511100 0.540400
vt 0.658200 0.540400
vt 0.962600 0.133800
vt 0.756300 0.122800
vt 0.973800 0.122600
vt 0.240100 0.210600
vt 0.249000 0.221800
vt 0.240100 0.122800
vt 0.031200 0.133800
vt 0.020000 0.122600
vt 0.372000 0.969200
vt 0.247200 0.979100
vt 0.247200 0.969200
vt 0.756300 0.134000
vt 0.746400 0.122800
vt 0.756300 0.221800
vt 0.962600 0.210800
vt 0.973800 0.222000
vt 0.503000 0.210600
vt 0.746400 0.221800
vt 0.503000 0.221800
vt 0.372000 0.939800
vt 0.247200 0.949800
vt 0.247200 0.939800
vt 0.503000 0.134000
vt 0.493100 0.122800
vt 0.503000 0.122800
vt 0.493100 0.210600
vt 0.493100 0.221800
vt 0.493100 0.134000
vt 0.249000 0.122800
vt 0.249000 0.210600
vt 0.800700 0.665000
vt 0.676000 0.673900
vt 0.676000 0.665000
vt 0.249000 0.134000
vt 0.746400 0.134000
vt 0.746400 0.210600
vt 0.815600 0.434200
vt 0.690900 0.434200
vt 0.948200 0.364300
vt 0.741900 0.357200
vt 0.948200 0.357200
vt 0.287500 0.357200
vt 0.493800 0.364300
vt 0.287500 0.364300
vt 0.522300 0.474400
vt 0.647000 0.474400
vt 0.020000 0.796900
vt 0.228900 0.804100
vt 0.020000 0.804100
vt 0.679600 0.549200
vt 0.804400 0.556300
vt 0.679600 0.556300
vt 0.228900 0.738100
vt 0.020000 0.731000
vt 0.228900 0.731000
vt 0.264100 0.452300
vt 0.020000 0.445100
vt 0.264100 0.445100
vt 0.679600 0.533100
vt 0.804400 0.533100
vt 0.020000 0.467100
vt 0.264100 0.474300
vt 0.020000 0.474300
vt 0.679600 0.594100
vt 0.804400 0.601300
vt 0.679600 0.601300
vt 0.020000 0.577000
vt 0.263400 0.584200
vt 0.020000 0.584200
vt 0.679600 0.577000
vt 0.804400 0.577000
vt 0.031200 0.020000
vt 0.020000 0.029900
vt 0.020000 0.020000
vt 0.334900 0.844900
vt 0.262000 0.855800
vt 0.250900 0.844600
vt 0.962600 0.192500
vt 0.756300 0.181500
vt 0.973800 0.181200
vt 0.240100 0.181500
vt 0.031200 0.192500
vt 0.020000 0.181200
vt 0.921000 0.415800
vt 0.848200 0.425700
vt 0.848200 0.415800
vt 0.756300 0.192700
vt 0.746400 0.181500
vt 0.503000 0.020000
vt 0.746400 0.029900
vt 0.503000 0.029900
vt 0.917300 0.445100
vt 0.844600 0.455000
vt 0.844600 0.445100
vt 0.503000 0.192600
vt 0.493100 0.181400
vt 0.503000 0.181400
vt 0.493100 0.192600
vt 0.249000 0.181500
vt 0.249000 0.020000
vt 0.493100 0.029900
vt 0.249000 0.029900
vt 0.411600 0.716300
vt 0.338800 0.725200
vt 0.338800 0.716300
vt 0.249000 0.192700
vt 0.746400 0.192700
vt 0.020000 0.752900
vt 0.228900 0.760100
vt 0.020000 0.760100
vt 0.250900 0.733400
vt 0.323700 0.740600
vt 0.250900 0.740600
vt 0.263400 0.562200
vt 0.020000 0.555000
vt 0.263400 0.555000
vt 0.031200 0.045700
vt 0.020000 0.056100
vt 0.020000 0.045700
vt 0.962600 0.029900
vt 0.973800 0.020000
vt 0.973800 0.029900
vt 0.488800 0.657700
vt 0.287500 0.667600
vt 0.287500 0.657700
vt 0.756400 0.029900
vt 0.746400 0.020000
vt 0.756400 0.020000
vt 0.503000 0.045700
vt 0.746400 0.056100
vt 0.503000 0.056100
vt 0.488800 0.683300
vt 0.287500 0.693200
vt 0.287500 0.683300
vt 0.493100 0.020000
vt 0.249000 0.045700
vt 0.493100 0.056100
vt 0.249000 0.056100
vt 0.488800 0.602700
vt 0.287500 0.611600
vt 0.287500 0.602700
vt 0.240100 0.020000
vt 0.488800 0.397500
vt 0.287500 0.397500
vt 0.226300 0.980000
vt 0.020000 0.972800
vt 0.226300 0.972800
vt 0.264100 0.408300
vt 0.020000 0.401100
vt 0.264100 0.401100
vt 0.020000 0.511100
vt 0.264100 0.518200
vt 0.020000 0.518200
vt 0.287500 0.473200
vt 0.488800 0.480400
vt 0.287500 0.480400
vt 0.511100 0.427000
vt 0.653100 0.416400
vt 0.664200 0.427700
vt 0.031200 0.152100
vt 0.240100 0.163100
vt 0.020000 0.163400
vt 0.488800 0.639600
vt 0.287500 0.628300
vt 0.488800 0.628300
vt 0.240100 0.151900
vt 0.249000 0.163100
vt 0.821600 0.481800
vt 0.679600 0.491700
vt 0.679600 0.481800
vt 0.756400 0.056100
vt 0.746400 0.045700
vt 0.756400 0.045700
vt 0.756300 0.163100
vt 0.962600 0.152100
vt 0.973800 0.163400
vt 0.503000 0.152000
vt 0.746400 0.163100
vt 0.503000 0.163200
vt 0.821600 0.507400
vt 0.679600 0.517300
vt 0.679600 0.507400
vt 0.493100 0.045700
vt 0.493100 0.152000
vt 0.493100 0.163200
vt 0.249000 0.151900
vt 0.821600 0.452400
vt 0.679600 0.461400
vt 0.679600 0.452400
vt 0.240100 0.045700
vt 0.746400 0.151900
vt 0.664200 0.397500
vt 0.522300 0.397500
vt 0.226300 0.914000
vt 0.020000 0.906900
vt 0.226300 0.906900
vt 0.511100 0.610000
vt 0.653000 0.610000
vt 0.020000 0.950800
vt 0.226300 0.958000
vt 0.020000 0.958000
vt 0.020000 0.774900
vt 0.228900 0.782100
vt 0.020000 0.782100
vt 0.264100 0.364300
vt 0.020000 0.357200
vt 0.264100 0.357200
vt 0.511100 0.569700
vt 0.653000 0.569700
vt 0.020000 0.379100
vt 0.264100 0.386300
vt 0.020000 0.386300
vt 0.511100 0.667400
vt 0.653000 0.674600
vt 0.511100 0.674600
vt 0.020000 0.643000
vt 0.263400 0.650200
vt 0.020000 0.650200
vt 0.511100 0.627100
vt 0.653000 0.634300
vt 0.511100 0.634300
vt 0.263400 0.540200
vt 0.020000 0.533100
vt 0.263400 0.533100
vt 0.331200 0.885100
vt 0.258400 0.874200
vt 0.331100 0.873900
vt 0.962600 0.020000
vt 0.240100 0.029900
vt 0.031200 0.029900
vt 0.962600 0.056100
vt 0.962600 0.045700
vt 0.973800 0.045700
vt 0.511100 0.445300
vt 0.653000 0.456300
vt 0.511100 0.456500
vt 0.488800 0.547900
vt 0.287500 0.536700
vt 0.488800 0.536700
vt 0.240100 0.056100
vt 0.031200 0.056100
vt 0.511100 0.492800
vt 0.815600 0.427000
vt 0.020000 0.339300
vt 0.973800 0.239900
vt 0.679600 0.624700
vt 0.804400 0.649000
vt 0.020000 0.599000
vt 0.946900 0.379100
vt 0.020000 0.309900
vt 0.935700 0.397500
vt 0.020000 0.884900
vt 0.250900 0.716300
vt 0.226300 0.936000
vt 0.247200 0.903200
vt 0.323700 0.783600
vt 0.020000 0.862900
vt 0.020000 0.489100
vt 0.250900 0.760300
vt 0.264100 0.430300
vt 0.323700 0.824800
vt 0.263400 0.672200
vt 0.250900 0.800600
vt 0.287500 0.496400
vt 0.721000 0.364300
vt 0.287500 0.566000
vt 0.228900 0.716100
vt 0.488800 0.439100
vt 0.020000 0.818900
vt 0.287500 0.415800
vt 0.263400 0.628200
vt 0.488800 0.520700
vt 0.020000 0.687000
vt 0.287500 0.456100
vt 0.687000 0.397500
vt 0.488800 0.390400
vt 0.973800 0.269200
vt 0.698200 0.379100
vt 0.653000 0.593000
vt 0.020000 0.840900
vt 0.511100 0.650300
vt 0.331200 0.921600
vt 0.973800 0.097000
vt 0.511100 0.379100
vt 0.488800 0.584400
vt 0.522200 0.511600
vt 0.522300 0.551600
vt 0.240100 0.134000
vt 0.372000 0.979100
vt 0.756300 0.210600
vt 0.372000 0.949800
vt 0.800700 0.673900
vt 0.741900 0.364300
vt 0.493800 0.357200
vt 0.228900 0.796900
vt 0.020000 0.738100
vt 0.020000 0.452300
vt 0.264100 0.467100
vt 0.263400 0.577000
vt 0.334800 0.856100
vt 0.240100 0.192700
vt 0.921000 0.425700
vt 0.917300 0.455000
vt 0.411600 0.725200
vt 0.228900 0.752900
vt 0.020000 0.562200
vt 0.488800 0.667600
vt 0.488800 0.693200
vt 0.488800 0.611600
vt 0.020000 0.980000
vt 0.020000 0.408300
vt 0.264100 0.511100
vt 0.511100 0.415800
vt 0.287500 0.639600
vt 0.821600 0.491700
vt 0.756300 0.151900
vt 0.821600 0.517300
vt 0.821600 0.461400
vt 0.020000 0.914000
vt 0.226300 0.950800
vt 0.228900 0.774900
vt 0.020000 0.364300
vt 0.264100 0.379100
vt 0.263400 0.643000
vt 0.020000 0.540200
vt 0.247200 0.885500
vt 0.973800 0.056100
vt 0.664200 0.445100
vt 0.287500 0.547900
s 0
f 3745/10081/5912 3747/10082/5913 3748/10083/5914
f 3749/10084/5912 3747/10085/5915 3746/10086/5912
f 3752/10087/5912 3754/10088/5916 3751/10089/5912
f 3755/10090/5917 3753/10091/5918 3752/10092/5917
f 3757/10093/5912 3750/10094/5919 3749/10084/5912
f 3759/10095/5912 3748/10096/5920 3760/10097/5921
s 1
f 3761/10098/5921 3763/10099/5922 3756/10100/5914
s 0
f 3764/10101/5912 3756/10102/5923 3755/10090/5912
f 3765/10103/5912 3754/10104/5924 3763/10105/5922
f 3767/10106/5912 3768/10107/5925 3766/10108/5912
s 1
f 3770/10109/5921 3768/10110/5922 3769/10111/5914
s 0
f 3773/10112/5912 3769/10113/5926 3772/10114/5912
f 3766/10108/5912 3771/10115/5927 3774/10116/5912
f 3775/10117/5912 3770/10118/5928 3773/10112/5912
f 3774/10116/5912 3758/10119/5929 3757/10093/5912
s 1
f 3760/10120/5921 3758/10121/5922 3776/10122/5914
s 0
f 3759/10095/5912 3776/10123/5930 3775/10117/5912
f 3772/10114/5912 3761/10124/5931 3764/10101/5912
f 3765/10103/5912 3762/10125/5932 3767/10106/5912
f 3763/10099/5933 3778/10126/5934 3756/10100/5914
f 3761/10098/5935 3780/10127/5936 3762/10128/5937
f 3769/10129/5938 3779/10130/5939 3761/10131/5921
f 3783/10132/5912 3785/10133/5940 3782/10134/5912
f 3786/10135/5912 3788/10136/5941 3789/10137/5937
f 3790/10138/5917 3788/10139/5918 3787/10140/5917
f 3792/10141/5912 3794/10142/5920 3795/10143/5921
s 1
f 3796/10144/5921 3798/10145/5922 3791/10146/5914
s 0
f 3799/10147/5912 3791/10148/5923 3790/10138/5912
f 3801/10149/5942 3802/10150/5943 3800/10151/5914
s 1
f 3804/10152/5921 3802/10153/5922 3803/10154/5914
s 0
f 3807/10155/5912 3803/10156/5926 3806/10157/5912
f 3808/10158/5912 3804/10159/5928 3807/10155/5912
f 3811/10160/5942 3812/10161/5944 3810/10162/5914
s 1
f 3795/10163/5921 3812/10164/5922 3809/10165/5914
s 0
f 3792/10141/5912 3809/10166/5930 3808/10158/5912
f 3806/10157/5912 3796/10167/5931 3799/10147/5912
f 3788/10136/5945 3815/10168/5946 3789/10137/5937
f 3791/10169/5947 3814/10170/5948 3788/10171/5921
f 3798/10145/5949 3816/10172/5950 3791/10146/5914
f 3789/10173/5951 3817/10174/5952 3798/10175/5922
f 3785/10176/5949 3819/10177/5950 3794/10178/5914
f 3795/10163/5945 3821/10179/5946 3813/10180/5937
f 3794/10181/5953 3820/10182/5954 3795/10183/5921
f 3809/10184/5938 3823/10185/5955 3804/10186/5921
f 3812/10164/5949 3822/10187/5950 3809/10165/5914
f 3805/10188/5956 3824/10189/5957 3812/10190/5922
f 3804/10152/5945 3825/10191/5946 3805/10192/5937
f 3797/10193/5956 3827/10194/5958 3802/10195/5922
f 3802/10153/5949 3828/10196/5950 3803/10154/5914
f 3830/10197/5912 3832/10198/5959 3829/10199/5912
f 3786/10200/5912 3834/10201/5960 3833/10202/5912
s 1
f 3801/10203/5921 3837/10204/5922 3835/10205/5914
s 0
f 3797/10206/5961 3835/10207/5962 3798/10208/5922
f 3839/10209/5963 3840/10210/5964 3838/10211/5914
s 1
f 3811/10212/5921 3840/10213/5922 3800/10214/5914
s 0
f 3805/10215/5965 3800/10151/5966 3802/10150/5922
f 3843/10216/5963 3844/10217/5967 3842/10218/5914
s 1
f 3845/10219/5921 3844/10220/5922 3810/10221/5914
s 0
f 3813/10222/5968 3810/10162/5969 3812/10161/5922
f 3837/10204/5970 3848/10223/5971 3835/10205/5914
f 3849/10224/5951 3847/10225/5952 3837/10226/5922
f 3832/10227/5970 3852/10228/5971 3784/10229/5914
f 3846/10230/5972 3851/10231/5973 3832/10232/5922
f 3845/10219/5974 3853/10233/5975 3846/10234/5937
f 3784/10235/5953 3854/10236/5954 3845/10237/5921
f 3844/10220/5970 3856/10238/5971 3810/10221/5914
f 3836/10239/5956 3858/10240/5958 3840/10241/5922
f 3801/10203/5974 3857/10242/5975 3836/10243/5937
f 3800/10244/5938 3859/10245/5939 3801/10246/5921
f 3840/10213/5970 3860/10247/5971 3800/10214/5914
f 3830/10248/5912 3862/10249/5976 3831/10250/5914
f 3863/10251/5912 3862/10252/5915 3861/10253/5912
f 3833/10254/5912 3849/10255/5977 3865/10256/5912
f 3866/10257/5912 3864/10258/5919 3863/10251/5912
s 1
f 3839/10259/5921 3870/10260/5922 3868/10261/5914
s 0
f 3836/10262/5978 3868/10263/5979 3837/10264/5922
f 3871/10265/5912 3873/10266/5924 3870/10267/5922
f 3875/10268/5912 3876/10269/5925 3874/10270/5912
s 1
f 3843/10271/5921 3876/10272/5922 3838/10273/5914
s 0
f 3841/10274/5980 3838/10211/5981 3840/10210/5922
f 3874/10270/5912 3877/10275/5927 3878/10276/5912
f 3878/10276/5912 3867/10277/5929 3866/10257/5912
s 1
f 3879/10278/5921 3867/10279/5922 3842/10280/5914
s 0
f 3846/10281/5982 3842/10218/5983 3844/10217/5922
f 3871/10265/5912 3869/10282/5932 3875/10268/5912
f 3862/10249/5984 3881/10283/5985 3831/10250/5914
f 3879/10278/5986 3883/10284/5987 3864/10285/5937
f 3831/10286/5953 3882/10287/5954 3879/10288/5921
f 3876/10272/5984 3885/10289/5985 3838/10273/5914
f 3794/10178/5988 3782/10290/5912 3785/10176/5922
f 3798/10208/5989 3834/10201/5990 3789/10291/5937
f 3845/10292/5991 3785/10133/5992 3784/10293/5914
f 3837/10264/5993 3886/10294/5994 3849/10295/5937
f 3886/10294/5995 3865/10296/5912 3849/10295/5937
f 3873/10297/5996 3887/10298/5912 3886/10299/5921
f 3784/10229/5997 3829/10300/5912 3832/10227/5922
f 3879/10301/5998 3832/10198/5999 3831/10302/5914
f 3888/10303/6000 3890/10304/6001 3891/10305/6000
f 3890/10306/6002 3893/10307/6000 3891/10308/6000
f 3895/10309/6003 3897/10310/6000 3894/10311/6000
f 3896/10312/6004 3898/10313/6000 3897/10314/6000
f 3892/10315/6005 3900/10316/6000 3893/10307/6000
f 3901/10317/6000 3889/10318/6006 3888/10319/6000
s 1
f 3777/10320/6007 3779/10321/6008 3778/10322/6009
s 0
f 3778/10323/6010 3903/10324/6000 3898/10313/6000
f 3904/10325/6000 3895/10326/6011 3894/10327/6000
f 3906/10328/6012 3907/10329/6000 3905/10330/6000
s 1
f 3906/10331/6007 3909/10332/6008 3781/10333/6009
s 0
f 3781/10334/6013 3911/10335/6000 3910/10336/6000
f 3908/10337/6014 3905/10330/6000 3912/10338/6000
f 3909/10339/6015 3914/10340/6000 3911/10335/6000
f 3899/10341/6016 3912/10338/6000 3900/10316/6000
s 1
f 3899/10342/6007 3902/10343/6008 3913/10344/6009
s 0
f 3913/10345/6017 3901/10317/6000 3914/10340/6000
f 3779/10346/6018 3910/10336/6000 3903/10324/6000
f 3780/10347/6019 3904/10325/6000 3907/10329/6000
f 3754/10088/6020 3896/10348/6021 3895/10349/6022
f 3753/10350/6023 3778/10351/6024 3896/10352/6008
f 3763/10353/6025 3895/10354/6026 3777/10355/6007
f 3748/10083/6027 3890/10356/6028 3889/10357/6009
f 3747/10358/6029 3892/10359/6030 3890/10360/6007
f 3750/10361/6020 3902/10362/6021 3892/10363/6022
f 3760/10364/6031 3889/10365/6032 3902/10366/6008
f 3770/10367/6033 3913/10368/6034 3909/10369/6008
f 3776/10122/6027 3899/10370/6028 3913/10371/6009
f 3758/10372/6035 3908/10373/6036 3899/10374/6007
f 3771/10375/6020 3909/10376/6021 3908/10377/6022
f 3768/10378/6037 3780/10379/6036 3906/10380/6007
f 3769/10111/6027 3906/10381/6028 3781/10382/6009
f 3818/10383/6038 3916/10384/6000 3915/10385/6000
f 3917/10386/6000 3814/10387/6039 3918/10388/6000
f 3814/10389/6004 3919/10390/6000 3918/10391/6000
f 3920/10392/6000 3819/10393/6006 3921/10394/6000
s 1
f 3817/10395/6007 3922/10396/6008 3816/10397/6009
s 0
f 3816/10398/6010 3923/10399/6000 3919/10390/6000
f 3827/10400/6040 3859/10401/6041 3860/10402/6009
s 1
f 3827/10403/6007 3823/10404/6008 3828/10405/6009
s 0
f 3828/10406/6013 3925/10407/6000 3924/10408/6000
f 3823/10409/6015 3926/10410/6000 3925/10407/6000
f 3824/10411/6042 3927/10412/6041 3856/10413/6009
s 1
f 3824/10414/6007 3820/10415/6008 3822/10416/6009
s 0
f 3822/10417/6017 3920/10392/6000 3926/10410/6000
f 3922/10418/6018 3924/10408/6000 3923/10399/6000
f 3785/10419/6029 3821/10420/6030 3818/10421/6007
f 3797/10422/6043 3922/10423/6044 3826/10424/6022
f 3796/10425/6045 3828/10426/6034 3922/10427/6008
f 3851/10428/6046 3929/10429/6000 3928/10430/6000
f 3931/10431/6047 3917/10432/6000 3930/10433/6000
s 1
f 3847/10434/6007 3859/10435/6008 3848/10436/6009
s 0
f 3848/10437/6048 3826/10438/6049 3817/10439/6007
f 3858/10440/6050 3932/10441/6051 3885/10442/6009
s 1
f 3858/10443/6007 3927/10444/6008 3860/10445/6009
s 0
f 3860/10402/6052 3825/10446/6053 3827/10400/6007
f 3855/10447/6054 3935/10448/6051 3934/10449/6009
s 1
f 3855/10450/6007 3854/10451/6008 3856/10452/6009
s 0
f 3856/10413/6055 3821/10453/6056 3824/10411/6007
f 3849/10255/6057 3931/10454/6058 3850/10455/6022
f 3834/10456/6023 3848/10457/6024 3931/10458/6008
f 3811/10459/6033 3856/10460/6034 3927/10461/6008
f 3844/10462/6035 3933/10463/6036 3855/10464/6007
f 3841/10465/6057 3927/10466/6058 3933/10467/6022
f 3929/10468/6000 3880/10469/6059 3936/10470/6000
f 3880/10471/6002 3937/10472/6000 3936/10473/6000
f 3850/10474/6060 3930/10475/6000 3938/10476/6000
f 3883/10477/6005 3940/10478/6000 3937/10472/6000
s 1
f 3942/10479/6007 3932/10480/6008 3941/10481/6009
s 0
f 3941/10482/6061 3857/10483/6062 3847/10484/6007
f 3944/10485/6000 3945/10486/6063 3946/10487/6000
f 3884/10488/6012 3948/10489/6000 3947/10490/6000
s 1
f 3884/10491/6007 3935/10492/6008 3885/10493/6009
s 0
f 3885/10442/6064 3933/10494/6065 3858/10440/6007
f 3949/10495/6014 3947/10490/6000 3950/10496/6000
f 3939/10497/6016 3950/10496/6000 3940/10478/6000
s 1
f 3939/10498/6007 3882/10499/6008 3934/10500/6009
s 0
f 3934/10449/6066 3853/10501/6067 3855/10447/6007
f 3943/10502/6019 3944/10485/6000 3948/10489/6000
f 3873/10297/6068 3951/10503/6069 3945/10504/6022
f 3886/10505/6023 3941/10506/6024 3951/10507/6008
f 3868/10261/6070 3942/10508/6071 3941/10509/6009
f 3870/10510/6025 3945/10511/6026 3942/10512/6007
f 3862/10513/6029 3883/10514/6030 3880/10515/6007
f 3843/10516/6033 3934/10517/6034 3935/10518/6008
f 3842/10280/6070 3939/10519/6071 3934/10520/6009
f 3867/10521/6035 3949/10522/6036 3939/10523/6007
f 3877/10524/6068 3935/10525/6069 3949/10526/6022
f 3876/10527/6037 3943/10528/6036 3884/10529/6007
f 3869/10530/6068 3932/10531/6069 3943/10532/6022
f 3839/10533/6045 3885/10534/6034 3932/10535/6008
f 3915/10536/6000 3819/10537/6072 3818/10538/6007
f 3931/10431/6073 3817/10439/6074 3815/10539/6022
f 3818/10383/6075 3854/10540/6076 3852/10541/6009
f 3951/10542/6077 3847/10484/6078 3850/10543/6022
f 3938/10544/6000 3951/10542/6079 3850/10543/6022
f 3952/10545/6000 3945/10546/6080 3951/10547/6008
f 3928/10548/6000 3852/10549/6081 3851/10550/6007
f 3851/10428/6082 3882/10551/6083 3881/10552/6009
f 3745/10081/5912 3746/10553/5912 3747/10082/6084
f 3749/10084/5912 3750/10094/5937 3747/10085/6085
f 3752/10087/5912 3753/10554/5921 3754/10088/6086
f 3755/10090/5912 3756/10102/5914 3753/10091/6087
f 3757/10093/5912 3758/10119/5922 3750/10094/6088
f 3759/10095/5912 3745/10555/5912 3748/10096/6089
s 1
f 3761/10098/5921 3762/10128/5937 3763/10099/5922
s 0
f 3764/10101/5912 3761/10124/5921 3756/10102/6090
f 3765/10103/6091 3751/10556/6091 3754/10104/6092
f 3767/10106/5912 3762/10125/5937 3768/10107/6093
s 1
f 3770/10109/5921 3771/10375/5937 3768/10110/5922
s 0
f 3773/10112/5912 3770/10118/5921 3769/10113/6094
f 3766/10108/5912 3768/10107/5922 3771/10115/6095
f 3775/10117/5912 3776/10123/5914 3770/10118/6096
f 3774/10116/5912 3771/10115/5937 3758/10119/6093
s 1
f 3760/10120/5921 3750/10361/5937 3758/10121/5922
s 0
f 3759/10095/5912 3760/10097/5921 3776/10123/6097
f 3772/10114/5912 3769/10113/5914 3761/10124/6096
f 3765/10103/5912 3763/10105/5922 3762/10125/6098
f 3763/10099/6099 3777/10557/6007 3778/10126/6100
f 3761/10098/6101 3779/10558/6008 3780/10127/6102
f 3769/10129/6103 3781/10559/6009 3779/10130/6104
f 3783/10132/5912 3784/10293/5914 3785/10133/6105
f 3786/10135/5912 3787/10560/5912 3788/10136/6106
f 3790/10138/5912 3791/10148/5914 3788/10139/6087
f 3792/10141/5912 3793/10561/5912 3794/10142/6089
s 1
f 3796/10144/5921 3797/10422/5937 3798/10145/5922
s 0
f 3799/10147/5912 3796/10167/5921 3791/10148/6090
f 3801/10149/6107 3797/10206/5937 3802/10150/6108
s 1
f 3804/10152/5921 3805/10192/5937 3802/10153/5922
s 0
f 3807/10155/5912 3804/10159/5921 3803/10156/6094
f 3808/10158/5912 3809/10166/5914 3804/10159/6096
f 3811/10160/6109 3805/10215/5937 3812/10161/6108
s 1
f 3795/10163/5921 3813/10180/5937 3812/10164/5922
s 0
f 3792/10141/5912 3795/10143/5921 3809/10166/6097
f 3806/10157/5912 3803/10156/5914 3796/10167/6096
f 3788/10136/6110 3814/10562/6008 3815/10168/6111
f 3791/10169/6112 3816/10563/6009 3814/10170/6113
f 3798/10145/6114 3817/10564/6007 3816/10172/6115
f 3789/10173/6116 3815/10565/6022 3817/10174/6117
f 3785/10176/6114 3818/10566/6007 3819/10177/6115
f 3795/10163/6110 3820/10567/6008 3821/10179/6111
f 3794/10181/6118 3819/10568/6009 3820/10182/6119
f 3809/10184/6120 3822/10569/6009 3823/10185/6104
f 3812/10164/6114 3824/10570/6007 3822/10187/6115
f 3805/10188/6121 3825/10571/6022 3824/10189/6122
f 3804/10152/6110 3823/10572/6008 3825/10191/6111
f 3797/10193/6123 3826/10573/6022 3827/10194/6122
f 3802/10153/6114 3827/10574/6007 3828/10196/6115
f 3830/10197/5912 3831/10302/5914 3832/10198/6124
f 3786/10200/5912 3789/10291/5937 3834/10201/6125
s 1
f 3801/10203/5921 3836/10243/5937 3837/10204/5922
s 0
f 3797/10206/6126 3801/10149/5921 3835/10207/6127
f 3839/10209/6128 3836/10262/5937 3840/10210/6129
s 1
f 3811/10212/5921 3841/10465/5937 3840/10213/5922
s 0
f 3805/10215/6130 3811/10160/5921 3800/10151/6131
f 3843/10216/6132 3841/10274/5937 3844/10217/6129
s 1
f 3845/10219/5921 3846/10234/5937 3844/10220/5922
s 0
f 3813/10222/6133 3845/10292/5921 3810/10162/6134
f 3837/10204/6135 3847/10575/6007 3848/10223/6136
f 3849/10224/6116 3850/10576/6022 3847/10225/6117
f 3832/10227/6135 3851/10577/6007 3852/10228/6136
f 3846/10230/6137 3853/10578/6022 3851/10231/6138
f 3845/10219/6139 3854/10579/6008 3853/10233/6140
f 3784/10235/6118 3852/10580/6009 3854/10236/6119
f 3844/10220/6135 3855/10581/6007 3856/10238/6136
f 3836/10239/6123 3857/10582/6022 3858/10240/6122
f 3801/10203/6139 3859/10583/6008 3857/10242/6140
f 3800/10244/6103 3860/10584/6009 3859/10245/6104
f 3840/10213/6135 3858/10585/6007 3860/10247/6136
f 3830/10248/5912 3861/10586/5912 3862/10249/6141
f 3863/10251/5912 3864/10258/5937 3862/10252/6085
f 3833/10254/5912 3834/10587/5921 3849/10255/6142
f 3866/10257/5912 3867/10277/5922 3864/10258/6088
s 1
f 3839/10259/5921 3869/10530/5937 3870/10260/5922
s 0
f 3836/10262/6143 3839/10209/5921 3868/10263/6144
f 3871/10265/6091 3872/10588/6091 3873/10266/6092
f 3875/10268/5912 3869/10282/5937 3876/10269/6093
s 1
f 3843/10271/5921 3877/10524/5937 3876/10272/5922
s 0
f 3841/10274/6145 3843/10216/5921 3838/10211/6146
f 3874/10270/5912 3876/10269/5922 3877/10275/6095
f 3878/10276/5912 3877/10275/5937 3867/10277/6093
s 1
f 3879/10278/5921 3864/10285/5937 3867/10279/5922
s 0
f 3846/10281/6147 3879/10301/5921 3842/10218/6148
f 3871/10265/5912 3870/10267/5922 3869/10282/6098
f 3862/10249/6149 3880/10589/6007 3881/10283/6150
f 3879/10278/6151 3882/10590/6008 3883/10284/6152
f 3831/10286/6118 3881/10591/6009 3882/10287/6119
f 3876/10272/6149 3884/10592/6007 3885/10289/6150
f 3794/10178/6153 3793/10593/5912 3782/10290/5912
f 3798/10208/6154 3835/10207/5914 3834/10201/6155
f 3845/10292/6156 3813/10222/5937 3785/10133/6157
f 3837/10264/6158 3868/10263/5914 3886/10294/5998
f 3886/10294/6159 3887/10594/5912 3865/10296/5912
f 3873/10297/6160 3872/10595/5912 3887/10298/5912
f 3784/10229/6161 3783/10596/5912 3829/10300/5912
f 3879/10301/6162 3846/10281/5937 3832/10198/5993
f 3888/10303/6000 3889/10597/6009 3890/10304/6163
f 3890/10306/6164 3892/10315/6022 3893/10307/6000
f 3895/10309/6165 3896/10598/6008 3897/10310/6000
f 3896/10312/6166 3778/10323/6009 3898/10313/6000
f 3892/10315/6167 3899/10341/6007 3900/10316/6000
f 3901/10317/6000 3902/10599/6168 3889/10318/6169
s 1
f 3777/10320/6007 3780/10600/6022 3779/10321/6008
s 0
f 3778/10323/6170 3779/10346/6008 3903/10324/6000
f 3904/10325/6000 3777/10601/6171 3895/10326/6172
f 3906/10328/6173 3780/10347/6022 3907/10329/6000
s 1
f 3906/10331/6007 3908/10602/6022 3909/10332/6008
s 0
f 3781/10334/6174 3909/10339/6008 3911/10335/6000
f 3908/10337/6175 3906/10328/6007 3905/10330/6000
f 3909/10339/6176 3913/10345/6009 3914/10340/6000
f 3899/10341/6173 3908/10337/6022 3912/10338/6000
s 1
f 3899/10342/6007 3892/10603/6022 3902/10343/6008
s 0
f 3913/10345/6177 3902/10599/6008 3901/10317/6000
f 3779/10346/6176 3781/10334/6009 3910/10336/6000
f 3780/10347/6178 3777/10601/6007 3904/10325/6000
f 3754/10088/6179 3753/10554/5921 3896/10348/6180
f 3753/10350/6181 3756/10604/5914 3778/10351/6182
f 3763/10353/6183 3754/10605/5937 3895/10354/6184
f 3748/10083/6185 3747/10082/5922 3890/10356/6186
f 3747/10358/6187 3750/10606/5937 3892/10359/6188
f 3750/10361/6179 3760/10120/5921 3902/10362/6180
f 3760/10364/6189 3748/10607/5914 3889/10365/6190
f 3770/10367/6191 3776/10608/5914 3913/10368/6192
f 3776/10122/6185 3758/10121/5922 3899/10370/6186
f 3758/10372/6193 3771/10609/5937 3908/10373/6194
f 3771/10375/6179 3770/10109/5921 3909/10376/6180
f 3768/10378/6193 3762/10610/5937 3780/10379/6195
f 3769/10111/6185 3768/10110/5922 3906/10381/6186
f 3818/10383/6196 3852/10541/6009 3916/10384/6000
f 3917/10386/6000 3815/10611/6022 3814/10387/6197
f 3814/10389/6166 3816/10398/6009 3919/10390/6000
f 3920/10392/6000 3820/10612/6168 3819/10393/6169
s 1
f 3817/10395/6007 3826/10613/6022 3922/10396/6008
s 0
f 3816/10398/6170 3922/10418/6008 3923/10399/6000
f 3827/10400/6198 3826/10438/6022 3859/10401/6199
s 1
f 3827/10403/6007 3825/10614/6022 3823/10404/6008
s 0
f 3828/10406/6174 3823/10409/6008 3925/10407/6000
f 3823/10409/6176 3822/10417/6009 3926/10410/6000
f 3824/10411/6198 3825/10446/6022 3927/10412/6200
s 1
f 3824/10414/6007 3821/10615/6022 3820/10415/6008
s 0
f 3822/10417/6177 3820/10612/6008 3920/10392/6000
f 3922/10418/6176 3828/10406/6009 3924/10408/6000
f 3785/10419/6187 3813/10616/5937 3821/10420/6188
f 3797/10422/6201 3796/10144/5921 3922/10423/6202
f 3796/10425/6191 3803/10617/5914 3828/10426/6203
f 3851/10428/6204 3881/10552/6009 3929/10429/6000
f 3931/10431/6205 3815/10539/6022 3917/10432/6000
s 1
f 3847/10434/6007 3857/10618/6022 3859/10435/6008
s 0
f 3848/10437/6206 3859/10401/6008 3826/10438/6207
f 3858/10440/6208 3857/10483/6022 3932/10441/6209
s 1
f 3858/10443/6007 3933/10619/6022 3927/10444/6008
s 0
f 3860/10402/6210 3927/10412/6008 3825/10446/6211
f 3855/10447/6208 3933/10494/6022 3935/10448/6212
s 1
f 3855/10450/6007 3853/10620/6022 3854/10451/6008
s 0
f 3856/10413/6213 3854/10540/6008 3821/10453/6214
f 3849/10255/6215 3834/10587/5921 3931/10454/6216
f 3834/10456/6181 3835/10621/5914 3848/10457/6182
f 3811/10459/6191 3810/10622/5914 3856/10460/6192
f 3844/10462/6193 3841/10623/5937 3933/10463/6194
f 3841/10465/6215 3811/10212/5921 3927/10466/6216
f 3929/10468/6000 3881/10624/6009 3880/10469/6217
f 3880/10471/6164 3883/10477/6022 3937/10472/6000
f 3850/10474/6218 3931/10625/6008 3930/10475/6000
f 3883/10477/6167 3939/10497/6007 3940/10478/6000
s 1
f 3942/10479/6007 3943/10626/6022 3932/10480/6008
s 0
f 3941/10482/6219 3932/10441/6008 3857/10483/6220
f 3944/10485/6000 3942/10627/6171 3945/10486/6221
f 3884/10488/6173 3943/10502/6022 3948/10489/6000
s 1
f 3884/10491/6007 3949/10628/6022 3935/10492/6008
s 0
f 3885/10442/6222 3935/10448/6008 3933/10494/6223
f 3949/10495/6175 3884/10488/6007 3947/10490/6000
f 3939/10497/6173 3949/10495/6022 3950/10496/6000
s 1
f 3939/10498/6007 3883/10629/6022 3882/10499/6008
s 0
f 3934/10449/6224 3882/10551/6008 3853/10501/6225
f 3943/10502/6178 3942/10627/6007 3944/10485/6000
f 3873/10297/6226 3886/10299/5921 3951/10503/6227
f 3886/10505/6181 3868/10630/5914 3941/10506/6182
f 3868/10261/6228 3870/10260/5922 3942/10508/6229
f 3870/10510/6183 3873/10631/5937 3945/10511/6184
f 3862/10513/6187 3864/10632/5937 3883/10514/6188
f 3843/10516/6191 3842/10633/5914 3934/10517/6192
f 3842/10280/6228 3867/10279/5922 3939/10519/6229
f 3867/10521/6193 3877/10634/5937 3949/10522/6194
f 3877/10524/6226 3843/10271/5921 3935/10525/6227
f 3876/10527/6193 3869/10635/5937 3943/10528/6195
f 3869/10530/6226 3839/10259/5921 3932/10531/6227
f 3839/10533/6191 3838/10636/5914 3885/10534/6203
f 3915/10536/6000 3921/10637/6000 3819/10537/6230
f 3931/10431/6231 3848/10437/6009 3817/10439/6232
f 3818/10383/6233 3821/10453/6022 3854/10540/6234
f 3951/10542/6083 3941/10482/6009 3847/10484/6235
f 3938/10544/6000 3952/10638/6000 3951/10542/6236
f 3952/10545/6000 3946/10639/6000 3945/10546/6237
f 3928/10548/6000 3916/10640/6000 3852/10549/6238
f 3851/10428/6078 3853/10501/6022 3882/10551/6239
o window_small
v -37.704338 5.803944 15.136692
v -37.704338 4.693043 15.136692
v -37.619736 4.777744 15.136692
v -37.619736 5.719341 15.136692
v -36.043335 4.693043 15.136692
v -36.043335 4.777744 15.136692
v -30.505035 4.693043 15.136692
v -30.505035 5.803944 15.136692
v -30.589630 5.719341 15.136692
v -30.589630 4.777744 15.136692
v -32.146530 5.803944 15.136692
v -32.146530 5.719341 15.136692
v -35.975838 4.693043 15.136692
v -35.975838 4.777744 15.136692
v -36.043335 5.803944 15.136692
v -36.043335 5.719341 15.136692
v -32.221436 5.719341 15.136692
v -32.221436 4.777744 15.136692
v -32.146530 4.777744 15.136692
v -32.221436 5.803944 15.136692
v -32.146530 4.693043 15.136692
v -34.058640 4.693043 15.136692
v -32.221436 4.693043 15.136692
v -34.058640 4.777744 15.136692
v -34.058640 5.719341 15.136692
v -34.133438 5.719341 15.136692
v -34.133438 4.777744 15.136692
v -34.058640 5.803944 15.136692
v -34.133438 5.803944 15.136692
v -34.133438 4.693043 15.136692
v -35.975838 5.803944 15.136692
v -35.975838 5.719341 15.136692
v -32.146530 4.777744 15.082493
v -32.146530 5.719341 15.082493
v -32.221436 5.719341 15.082493
v -32.221436 4.777744 15.082493
v -34.058640 5.719341 15.082493
v -37.704338 5.803944 15.082493
v -37.619736 5.719341 15.082493
v -37.619736 4.777744 15.082493
v -37.704338 4.693043 15.082493
v -36.043335 4.777744 15.082493
v -36.043335 4.693043 15.082493
v -30.505035 4.693043 15.082493
v -30.589630 4.777744 15.082493
v -30.589630 5.719341 15.082493
v -30.505035 5.803944 15.082493
v -32.146530 5.803944 15.082493
v -35.975838 4.777744 15.082493
v -35.975838 4.693043 15.082493
v -36.043335 5.803944 15.082493
v -36.043335 5.719341 15.082493
v -32.221436 5.803944 15.082493
v -32.146530 4.693043 15.082493
v -34.058640 4.693043 15.082493
v -34.058640 4.777744 15.082493
v -32.221436 4.693043 15.082493
v -34.133438 4.777744 15.082493
v -34.133438 5.719341 15.082493
v -34.058640 5.803944 15.082493
v -34.133438 5.803944 15.082493
v -34.133438 4.693043 15.082493
v -35.975838 5.719341 15.082493
v -35.975838 5.803944 15.082493
vn -0.0000 -0.0000 1.0000
vn 0.4033 0.1384 0.9046
vn 0.3015 -0.3015 0.9046
vn 0.3142 0.2883 0.9045
vn -0.2810 0.3207 0.9046
vn -0.3143 -0.2882 0.9045
vn -0.1408 0.4025 0.9045
vn 0.1361 -0.4041 0.9045
vn -0.3015 -0.3015 0.9045
vn 0.3015 0.3015 0.9045
vn 0.3015 -0.3015 0.9045
vn 0.1512 -0.3987 0.9045
vn -0.1363 0.4040 0.9045
vn 0.3129 0.2897 0.9045
vn 0.1510 -0.3988 0.9045
vn -0.1509 0.3988 0.9045
vn -0.3128 -0.2898 0.9045
vn 0.3128 0.2897 0.9045
vn 0.1409 -0.4024 0.9045
vn -0.3129 -0.2897 0.9045
vn -0.1511 0.3987 0.9045
vn 0.3015 -0.0756 0.9505
vn 0.3015 -0.3395 -0.8910
vn -0.3015 0.0756 0.9505
vn -0.3015 0.3395 -0.8910
vn -0.3015 0.3015 0.9045
vn -0.0826 -0.3015 0.9499
vn -0.3211 -0.3015 -0.8978
vn -0.0000 -0.0000 -1.0000
vn 0.2810 0.3207 -0.9045
vn 0.3142 0.2883 -0.9045
vn -0.2810 0.3207 -0.9045
vn -0.3143 -0.2881 -0.9045
vn -0.1407 0.4025 -0.9045
vn 0.3142 -0.2883 -0.9045
vn 0.3015 0.3015 -0.9045
vn -0.3015 -0.3015 -0.9045
vn 0.3015 -0.3015 -0.9045
vn 0.1511 -0.3987 -0.9045
vn -0.3142 0.2882 -0.9045
vn 0.3129 0.2897 -0.9045
vn 0.1510 -0.3988 -0.9045
vn -0.1509 0.3988 -0.9045
vn -0.3128 -0.2898 -0.9045
vn 0.3128 0.2897 -0.9045
vn 0.1408 -0.4025 -0.9045
vn -0.3129 -0.2897 -0.9045
vn -0.1510 0.3988 -0.9045
vn -0.3015 0.3395 0.8910
vn -0.3015 0.0756 -0.9505
vn -0.3015 0.3015 -0.9045
vn -0.3246 -0.3015 0.8965
vn -0.0813 -0.3015 -0.9500
vn 0.3246 0.3015 0.8965
vn 0.0813 0.3015 -0.9500
vn 0.3015 -0.3395 0.8910
vn 0.3015 -0.0756 -0.9505
vn 0.3243 0.3015 0.8966
vn 0.0814 0.3015 -0.9500
vn -0.3243 -0.3015 0.8966
vn -0.0814 -0.3015 -0.9500
vn -0.3210 -0.3015 0.8978
vn -0.0826 -0.3015 -0.9499
vn 0.3210 0.3015 0.8978
vn 0.0826 0.3015 -0.9499
vn 0.3211 0.3015 0.8978
vn 0.2810 0.3207 0.9046
vn 0.1361 0.4041 0.9045
vn -0.3014 -0.3015 0.9046
vn -0.4032 0.1384 0.9046
vn -0.1361 -0.4041 0.9045
vn -0.3842 0.1850 0.9045
vn 0.3142 -0.2883 0.9045
vn 0.3888 -0.1750 0.9045
vn -0.3143 0.2881 0.9045
vn 0.2160 0.3676 0.9045
vn 0.3888 -0.1752 0.9045
vn -0.3887 0.1753 0.9045
vn -0.2160 -0.3676 0.9045
vn 0.3842 -0.1849 0.9045
vn -0.3888 0.1751 0.9045
vn 0.3015 0.3395 0.8910
vn 0.3015 0.0756 -0.9505
vn -0.3015 -0.3395 0.8910
vn -0.3015 -0.0756 -0.9505
vn 0.3211 -0.3015 0.8978
vn 0.0826 -0.3015 -0.9499
vn 0.4033 0.1383 -0.9045
vn 0.1362 0.4041 -0.9045
vn -0.4033 0.1384 -0.9045
vn -0.1362 -0.4041 -0.9045
vn -0.3841 0.1851 -0.9045
vn 0.1361 -0.4041 -0.9045
vn 0.3888 -0.1751 -0.9045
vn -0.1360 0.4041 -0.9045
vn 0.2160 0.3676 -0.9045
vn 0.3887 -0.1752 -0.9045
vn -0.3887 0.1753 -0.9045
vn -0.2160 -0.3676 -0.9045
vn 0.3842 -0.1850 -0.9045
vn -0.3887 0.1752 -0.9045
vn -0.3015 -0.0756 0.9505
vn -0.3015 -0.3395 -0.8910
vn 0.0813 -0.3015 0.9500
vn 0.3246 -0.3015 -0.8965
vn -0.0813 0.3015 0.9500
vn -0.3246 0.3015 -0.8965
vn 0.3015 0.0756 0.9505
vn 0.3015 0.3395 -0.8910
vn -0.0814 0.3015 0.9500
vn -0.3243 0.3015 -0.8966
vn 0.0814 -0.3015 0.9500
vn 0.3243 -0.3015 -0.8966
vn 0.0826 -0.3015 0.9499
vn 0.3210 -0.3015 -0.8978
vn -0.0826 0.3015 0.9499
vn -0.3210 0.3015 -0.8978
vn -0.3211 0.3015 -0.8978
vt 0.658300 0.492800
vt 0.522300 0.481600
vt 0.647000 0.481600
vt 0.240100 0.240100
vt 0.031200 0.251100
vt 0.020000 0.239900
vt 0.826800 0.415800
vt 0.690900 0.427000
vt 0.679600 0.415800
vt 0.756300 0.339000
vt 0.962600 0.328000
vt 0.973800 0.339300
vt 0.249000 0.240100
vt 0.240100 0.251300
vt 0.240100 0.339000
vt 0.031200 0.328000
vt 0.240100 0.327800
vt 0.804400 0.641800
vt 0.679600 0.631900
vt 0.804400 0.631900
vt 0.746400 0.339000
vt 0.756300 0.327800
vt 0.756300 0.240100
vt 0.962600 0.251100
vt 0.756300 0.251300
vt 0.746400 0.240100
vt 0.503000 0.251300
vt 0.503000 0.240100
vt 0.804400 0.594100
vt 0.679600 0.584200
vt 0.804400 0.584200
vt 0.493100 0.339100
vt 0.503000 0.327900
vt 0.503000 0.339100
vt 0.493100 0.251300
vt 0.493100 0.240100
vt 0.249000 0.339000
vt 0.493100 0.327900
vt 0.249000 0.251300
vt 0.804400 0.549200
vt 0.679600 0.540200
vt 0.804400 0.540200
vt 0.249000 0.327800
vt 0.746400 0.327800
vt 0.746400 0.251300
vt 0.804400 0.624700
vt 0.679600 0.649000
vt 0.679600 0.641800
vt 0.020000 0.606200
vt 0.263400 0.599000
vt 0.263400 0.606200
vt 0.511100 0.522800
vt 0.647000 0.511100
vt 0.658300 0.522200
vt 0.031200 0.210800
vt 0.240100 0.221800
vt 0.020000 0.222000
vt 0.647000 0.551600
vt 0.511100 0.540400
vt 0.658200 0.540400
vt 0.962600 0.133800
vt 0.756300 0.122800
vt 0.973800 0.122600
vt 0.240100 0.210600
vt 0.249000 0.221800
vt 0.240100 0.122800
vt 0.031200 0.133800
vt 0.020000 0.122600
vt 0.372000 0.969200
vt 0.247200 0.979100
vt 0.247200 0.969200
vt 0.756300 0.134000
vt 0.746400 0.122800
vt 0.756300 0.221800
vt 0.962600 0.210800
vt 0.973800 0.222000
vt 0.503000 0.210600
vt 0.746400 0.221800
vt 0.503000 0.221800
vt 0.372000 0.939800
vt 0.247200 0.949800
vt 0.247200 0.939800
vt 0.503000 0.134000
vt 0.493100 0.122800
vt 0.503000 0.122800
vt 0.493100 0.210600
vt 0.493100 0.221800
vt 0.493100 0.134000
vt 0.249000 0.122800
vt 0.249000 0.210600
vt 0.800700 0.665000
vt 0.676000 0.673900
vt 0.676000 0.665000
vt 0.249000 0.134000
vt 0.746400 0.134000
vt 0.746400 0.210600
vt 0.815600 0.434200
vt 0.690900 0.434200
vt 0.948200 0.364300
vt 0.741900 0.357200
vt 0.948200 0.357200
vt 0.287500 0.357200
vt 0.493800 0.364300
vt 0.287500 0.364300
vt 0.522300 0.474400
vt 0.647000 0.474400
vt 0.020000 0.796900
vt 0.228900 0.804100
vt 0.020000 0.804100
vt 0.679600 0.549200
vt 0.804400 0.556300
vt 0.679600 0.556300
vt 0.228900 0.738100
vt 0.020000 0.731000
vt 0.228900 0.731000
vt 0.264100 0.452300
vt 0.020000 0.445100
vt 0.264100 0.445100
vt 0.679600 0.533100
vt 0.804400 0.533100
vt 0.020000 0.467100
vt 0.264100 0.474300
vt 0.020000 0.474300
vt 0.679600 0.594100
vt 0.804400 0.601300
vt 0.679600 0.601300
vt 0.020000 0.577000
vt 0.263400 0.584200
vt 0.020000 0.584200
vt 0.679600 0.577000
vt 0.804400 0.577000
vt 0.511100 0.492800
vt 0.815600 0.427000
vt 0.020000 0.339300
vt 0.973800 0.239900
vt 0.679600 0.624700
vt 0.804400 0.649000
vt 0.020000 0.599000
vt 0.522200 0.511600
vt 0.522300 0.551600
vt 0.240100 0.134000
vt 0.372000 0.979100
vt 0.756300 0.210600
vt 0.372000 0.949800
vt 0.800700 0.673900
vt 0.741900 0.364300
vt 0.493800 0.357200
vt 0.228900 0.796900
vt 0.020000 0.738100
vt 0.020000 0.452300
vt 0.264100 0.467100
vt 0.263400 0.577000
s 0
f 3953/10641/6240 3955/10642/6241 3956/10643/6242
f 3957/10644/6240 3955/10645/6243 3954/10646/6240
f 3960/10647/6240 3962/10648/6244 3959/10649/6240
f 3963/10650/6240 3961/10651/6245 3960/10652/6240
f 3965/10653/6240 3958/10654/6246 3957/10644/6240
f 3967/10655/6240 3956/10656/6247 3968/10657/6248
s 1
f 3969/10658/6248 3971/10659/6249 3964/10660/6250
s 0
f 3972/10661/6240 3964/10662/6251 3963/10650/6240
f 3973/10663/6240 3962/10664/6252 3971/10665/6249
f 3975/10666/6240 3976/10667/6253 3974/10668/6240
s 1
f 3978/10669/6248 3976/10670/6249 3977/10671/6250
s 0
f 3981/10672/6240 3977/10673/6254 3980/10674/6240
f 3974/10668/6240 3979/10675/6255 3982/10676/6240
f 3983/10677/6240 3978/10678/6256 3981/10672/6240
f 3982/10676/6240 3966/10679/6257 3965/10653/6240
s 1
f 3968/10680/6248 3966/10681/6249 3984/10682/6250
s 0
f 3967/10655/6240 3984/10683/6258 3983/10677/6240
f 3980/10674/6240 3969/10684/6259 3972/10661/6240
f 3973/10663/6240 3970/10685/6260 3975/10666/6240
f 3971/10659/6261 3986/10686/6262 3964/10660/6250
f 3969/10658/6263 3988/10687/6264 3970/10688/6265
f 3977/10689/6266 3987/10690/6267 3969/10691/6248
f 3990/10692/6268 3992/10693/6269 3993/10694/6268
f 3992/10695/6270 3995/10696/6268 3993/10697/6268
f 3997/10698/6271 3999/10699/6268 3996/10700/6268
f 3998/10701/6272 4000/10702/6268 3999/10703/6268
f 3994/10704/6273 4002/10705/6268 3995/10696/6268
f 4003/10706/6268 3991/10707/6274 3990/10708/6268
s 1
f 3985/10709/6275 3987/10710/6276 3986/10711/6277
s 0
f 3986/10712/6278 4005/10713/6268 4000/10702/6268
f 4006/10714/6268 3997/10715/6279 3996/10716/6268
f 4008/10717/6280 4009/10718/6268 4007/10719/6268
s 1
f 4008/10720/6275 4011/10721/6276 3989/10722/6277
s 0
f 3989/10723/6281 4013/10724/6268 4012/10725/6268
f 4010/10726/6282 4007/10719/6268 4014/10727/6268
f 4011/10728/6283 4016/10729/6268 4013/10724/6268
f 4001/10730/6284 4014/10727/6268 4002/10705/6268
s 1
f 4001/10731/6275 4004/10732/6276 4015/10733/6277
s 0
f 4015/10734/6285 4003/10706/6268 4016/10729/6268
f 3987/10735/6286 4012/10725/6268 4005/10713/6268
f 3988/10736/6287 4006/10714/6268 4009/10718/6268
f 3962/10648/6288 3998/10737/6289 3997/10738/6290
f 3961/10739/6291 3986/10740/6292 3998/10741/6276
f 3971/10742/6293 3997/10743/6294 3985/10744/6275
f 3956/10643/6295 3992/10745/6296 3991/10746/6277
f 3955/10747/6297 3994/10748/6298 3992/10749/6275
f 3958/10750/6288 4004/10751/6289 3994/10752/6290
f 3968/10753/6299 3991/10754/6300 4004/10755/6276
f 3978/10756/6301 4015/10757/6302 4011/10758/6276
f 3984/10682/6295 4001/10759/6296 4015/10760/6277
f 3966/10761/6303 4010/10762/6304 4001/10763/6275
f 3979/10764/6288 4011/10765/6289 4010/10766/6290
f 3976/10767/6305 3988/10768/6304 4008/10769/6275
f 3977/10671/6295 4008/10770/6296 3989/10771/6277
f 3953/10641/6240 3954/10772/6240 3955/10642/6306
f 3957/10644/6240 3958/10654/6265 3955/10645/6307
f 3960/10647/6240 3961/10773/6308 3962/10648/6309
f 3963/10650/6240 3964/10662/6250 3961/10651/6310
f 3965/10653/6240 3966/10679/6249 3958/10654/6311
f 3967/10655/6240 3953/10774/6240 3956/10656/6312
s 1
f 3969/10658/6248 3970/10688/6265 3971/10659/6249
s 0
f 3972/10661/6240 3969/10684/6248 3964/10662/6313
f 3973/10663/6240 3959/10775/6240 3962/10664/6314
f 3975/10666/6240 3970/10685/6265 3976/10667/6315
s 1
f 3978/10669/6248 3979/10764/6265 3976/10670/6249
s 0
f 3981/10672/6240 3978/10678/6248 3977/10673/6316
f 3974/10668/6240 3976/10667/6249 3979/10675/6317
f 3983/10677/6240 3984/10683/6250 3978/10678/6318
f 3982/10676/6240 3979/10675/6265 3966/10679/6315
s 1
f 3968/10680/6248 3958/10750/6265 3966/10681/6249
s 0
f 3967/10655/6240 3968/10657/6248 3984/10683/6319
f 3980/10674/6240 3977/10673/6250 3969/10684/6318
f 3973/10663/6240 3971/10665/6249 3970/10685/6320
f 3971/10659/6321 3985/10776/6275 3986/10686/6322
f 3969/10658/6323 3987/10777/6276 3988/10687/6324
f 3977/10689/6325 3989/10778/6277 3987/10690/6326
f 3990/10692/6268 3991/10779/6277 3992/10693/6327
f 3992/10695/6328 3994/10704/6290 3995/10696/6268
f 3997/10698/6329 3998/10780/6276 3999/10699/6268
f 3998/10701/6330 3986/10712/6277 4000/10702/6268
f 3994/10704/6331 4001/10730/6275 4002/10705/6268
f 4003/10706/6268 4004/10781/6276 3991/10707/6332
s 1
f 3985/10709/6275 3988/10782/6290 3987/10710/6276
s 0
f 3986/10712/6333 3987/10735/6276 4005/10713/6268
f 4006/10714/6268 3985/10783/6275 3997/10715/6334
f 4008/10717/6335 3988/10736/6290 4009/10718/6268
s 1
f 4008/10720/6275 4010/10784/6290 4011/10721/6276
s 0
f 3989/10723/6336 4011/10728/6276 4013/10724/6268
f 4010/10726/6337 4008/10717/6275 4007/10719/6268
f 4011/10728/6338 4015/10734/6277 4016/10729/6268
f 4001/10730/6335 4010/10726/6290 4014/10727/6268
s 1
f 4001/10731/6275 3994/10785/6290 4004/10732/6276
s 0
f 4015/10734/6339 4004/10781/6276 4003/10706/6268
f 3987/10735/6338 3989/10723/6277 4012/10725/6268
f 3988/10736/6340 3985/10783/6275 4006/10714/6268
f 3962/10648/6341 3961/10773/6248 3998/10737/6342
f 3961/10739/6343 3964/10786/6250 3986/10740/6344
f 3971/10742/6345 3962/10787/6265 3997/10743/6346
f 3956/10643/6347 3955/10642/6249 3992/10745/6348
f 3955/10747/6349 3958/10788/6265 3994/10748/6350
f 3958/10750/6341 3968/10680/6248 4004/10751/6342
f 3968/10753/6351 3956/10789/6250 3991/10754/6352
f 3978/10756/6353 3984/10790/6250 4015/10757/6354
f 3984/10682/6347 3966/10681/6249 4001/10759/6348
f 3966/10761/6355 3979/10791/6265 4010/10762/6356
f 3979/10764/6341 3978/10669/6248 4011/10765/6342
f 3976/10767/6355 3970/10792/6265 3988/10768/6357
f 3977/10671/6347 3976/10670/6249 4008/10770/6348
o window_small001
v -7.118133 5.803944 15.136692
v -7.118133 4.693043 15.136692
v -7.033431 4.777744 15.136692
v -7.033431 5.719341 15.136692
v -5.457030 4.693043 15.136692
v -5.457030 4.777744 15.136692
v 0.081269 4.693043 15.136692
v 0.081269 5.803944 15.136692
v -0.003432 5.719341 15.136692
v -0.003432 4.777744 15.136692
v -1.560241 5.803944 15.136692
v -1.560241 5.719341 15.136692
v -5.389632 4.693043 15.136692
v -5.389632 4.777744 15.136692
v -5.457030 5.803944 15.136692
v -5.457030 5.719341 15.136692
v -1.635238 5.719341 15.136692
v -1.635238 4.777744 15.136692
v -1.560241 4.777744 15.136692
v -1.635238 5.803944 15.136692
v -1.560241 4.693043 15.136692
v -3.472442 4.693043 15.136692
v -1.635238 4.693043 15.136692
v -3.472442 4.777744 15.136692
v -3.472442 5.719341 15.136692
v -3.547240 5.719341 15.136692
v -3.547240 4.777744 15.136692
v -3.472442 5.803944 15.136692
v -3.547240 5.803944 15.136692
v -3.547240 4.693043 15.136692
v -5.389632 5.803944 15.136692
v -5.389632 5.719341 15.136692
v -1.560241 4.777744 15.082493
v -1.560241 5.719341 15.082493
v -1.635238 5.719341 15.082493
v -1.635238 4.777744 15.082493
v -3.472442 5.719341 15.082493
v -7.118133 5.803944 15.082493
v -7.033431 5.719341 15.082493
v -7.033431 4.777744 15.082493
v -7.118133 4.693043 15.082493
v -5.457030 4.777744 15.082493
v -5.457030 4.693043 15.082493
v 0.081269 4.693043 15.082493
v -0.003432 4.777744 15.082493
v -0.003432 5.719341 15.082493
v 0.081269 5.803944 15.082493
v -1.560241 5.803944 15.082493
v -5.389632 4.777744 15.082493
v -5.389632 4.693043 15.082493
v -5.457030 5.803944 15.082493
v -5.457030 5.719341 15.082493
v -1.635238 5.803944 15.082493
v -1.560241 4.693043 15.082493
v -3.472442 4.693043 15.082493
v -3.472442 4.777744 15.082493
v -1.635238 4.693043 15.082493
v -3.547240 4.777744 15.082493
v -3.547240 5.719341 15.082493
v -3.472442 5.803944 15.082493
v -3.547240 5.803944 15.082493
v -3.547240 4.693043 15.082493
v -5.389632 5.719341 15.082493
v -5.389632 5.803944 15.082493
vn -0.0000 -0.0000 1.0000
vn 0.4032 0.1384 0.9046
vn 0.3014 -0.3015 0.9046
vn 0.3142 0.2883 0.9045
vn -0.2810 0.3207 0.9046
vn -0.3144 -0.2881 0.9045
vn -0.1406 0.4025 0.9045
vn 0.1361 -0.4041 0.9045
vn -0.3015 -0.3015 0.9045
vn 0.3015 0.3015 0.9045
vn 0.3015 -0.3015 0.9045
vn 0.1513 -0.3987 0.9045
vn -0.1362 0.4041 0.9045
vn 0.3129 0.2897 0.9045
vn 0.1510 -0.3988 0.9045
vn -0.1509 0.3988 0.9045
vn -0.3128 -0.2898 0.9045
vn 0.3128 0.2897 0.9045
vn 0.1408 -0.4025 0.9045
vn -0.3129 -0.2897 0.9045
vn -0.1512 0.3987 0.9045
vn 0.3015 -0.0756 0.9505
vn 0.3015 -0.3395 -0.8910
vn -0.3015 0.0756 0.9505
vn -0.3015 0.3395 -0.8910
vn -0.3015 0.3015 0.9045
vn -0.0826 -0.3015 0.9499
vn -0.3211 -0.3015 -0.8978
vn -0.0000 -0.0000 -1.0000
vn 0.2811 0.3206 -0.9045
vn 0.3142 0.2883 -0.9045
vn -0.2809 0.3207 -0.9045
vn -0.3143 -0.2881 -0.9045
vn -0.1406 0.4026 -0.9045
vn 0.3142 -0.2883 -0.9045
vn 0.3015 0.3015 -0.9045
vn -0.3015 -0.3015 -0.9045
vn 0.3015 -0.3015 -0.9045
vn 0.1512 -0.3987 -0.9045
vn -0.3143 0.2881 -0.9045
vn 0.3129 0.2897 -0.9045
vn 0.1510 -0.3988 -0.9045
vn -0.1509 0.3988 -0.9045
vn -0.3128 -0.2898 -0.9045
vn 0.3128 0.2897 -0.9045
vn 0.1407 -0.4025 -0.9045
vn -0.3129 -0.2897 -0.9045
vn -0.1511 0.3987 -0.9045
vn -0.3015 0.3395 0.8910
vn -0.3015 0.0756 -0.9505
vn -0.3015 0.3015 -0.9045
vn -0.3246 -0.3015 0.8965
vn -0.0813 -0.3015 -0.9500
vn 0.3246 0.3015 0.8965
vn 0.0813 0.3015 -0.9500
vn 0.3015 -0.3395 0.8910
vn 0.3015 -0.0756 -0.9505
vn 0.3243 0.3015 0.8966
vn 0.0814 0.3015 -0.9500
vn -0.3243 -0.3015 0.8966
vn -0.0814 -0.3015 -0.9500
vn -0.3210 -0.3015 0.8978
vn -0.0826 -0.3015 -0.9499
vn 0.3210 0.3015 0.8978
vn 0.0826 0.3015 -0.9499
vn 0.3211 0.3015 0.8978
vn 0.2810 0.3207 0.9046
vn 0.1361 0.4041 0.9045
vn -0.3014 -0.3015 0.9046
vn -0.4032 0.1384 0.9046
vn -0.1362 -0.4041 0.9045
vn -0.3841 0.1852 0.9045
vn 0.3142 -0.2883 0.9045
vn 0.3889 -0.1749 0.9045
vn -0.3143 0.2881 0.9045
vn 0.2160 0.3676 0.9045
vn 0.3888 -0.1752 0.9045
vn -0.3887 0.1753 0.9045
vn -0.2160 -0.3676 0.9045
vn 0.3841 -0.1851 0.9045
vn -0.3888 0.1750 0.9045
vn 0.3015 0.3395 0.8910
vn 0.3015 0.0756 -0.9505
vn -0.3015 -0.3395 0.8910
vn -0.3015 -0.0756 -0.9505
vn 0.3211 -0.3015 0.8978
vn 0.0826 -0.3015 -0.9499
vn 0.4034 0.1382 -0.9045
vn 0.1361 0.4041 -0.9045
vn -0.4033 0.1385 -0.9045
vn -0.1361 -0.4041 -0.9045
vn -0.3841 0.1852 -0.9045
vn 0.1361 -0.4041 -0.9045
vn 0.3888 -0.1750 -0.9045
vn -0.1362 0.4041 -0.9045
vn 0.2160 0.3676 -0.9045
vn 0.3887 -0.1752 -0.9045
vn -0.3887 0.1753 -0.9045
vn -0.2160 -0.3676 -0.9045
vn 0.3841 -0.1851 -0.9045
vn -0.3888 0.1751 -0.9045
vn -0.3015 -0.0756 0.9505
vn -0.3015 -0.3395 -0.8910
vn 0.0813 -0.3015 0.9500
vn 0.3246 -0.3015 -0.8965
vn -0.0813 0.3015 0.9500
vn -0.3246 0.3015 -0.8965
vn 0.3015 0.0756 0.9505
vn 0.3015 0.3395 -0.8910
vn -0.0814 0.3015 0.9500
vn -0.3243 0.3015 -0.8966
vn 0.0814 -0.3015 0.9500
vn 0.3243 -0.3015 -0.8966
vn 0.0826 -0.3015 0.9499
vn 0.3210 -0.3015 -0.8978
vn -0.0826 0.3015 0.9499
vn -0.3210 0.3015 -0.8978
vn -0.3211 0.3015 -0.8978
vt 0.658300 0.492800
vt 0.522300 0.481600
vt 0.647000 0.481600
vt 0.240100 0.240100
vt 0.031200 0.251100
vt 0.020000 0.239900
vt 0.826800 0.415800
vt 0.690900 0.427000
vt 0.679600 0.415800
vt 0.756300 0.339000
vt 0.962600 0.328000
vt 0.973800 0.339300
vt 0.249000 0.240100
vt 0.240100 0.251300
vt 0.240100 0.339000
vt 0.031200 0.328000
vt 0.240100 0.327800
vt 0.804400 0.641800
vt 0.679600 0.631900
vt 0.804400 0.631900
vt 0.746400 0.339000
vt 0.756300 0.327800
vt 0.756300 0.240100
vt 0.962600 0.251100
vt 0.756300 0.251300
vt 0.746400 0.240100
vt 0.503000 0.251300
vt 0.503000 0.240100
vt 0.804400 0.594100
vt 0.679600 0.584200
vt 0.804400 0.584200
vt 0.493100 0.339100
vt 0.503000 0.327900
vt 0.503000 0.339100
vt 0.493100 0.251300
vt 0.493100 0.240100
vt 0.249000 0.339000
vt 0.493100 0.327900
vt 0.249000 0.251300
vt 0.804400 0.549200
vt 0.679600 0.540200
vt 0.804400 0.540200
vt 0.249000 0.327800
vt 0.746400 0.327800
vt 0.746400 0.251300
vt 0.804400 0.624700
vt 0.679600 0.649000
vt 0.679600 0.641800
vt 0.020000 0.606200
vt 0.263400 0.599000
vt 0.263400 0.606200
vt 0.511100 0.522800
vt 0.647000 0.511100
vt 0.658300 0.522200
vt 0.031200 0.210800
vt 0.240100 0.221800
vt 0.020000 0.222000
vt 0.647000 0.551600
vt 0.511100 0.540400
vt 0.658200 0.540400
vt 0.962600 0.133800
vt 0.756300 0.122800
vt 0.973800 0.122600
vt 0.240100 0.210600
vt 0.249000 0.221800
vt 0.240100 0.122800
vt 0.031200 0.133800
vt 0.020000 0.122600
vt 0.372000 0.969200
vt 0.247200 0.979100
vt 0.247200 0.969200
vt 0.756300 0.134000
vt 0.746400 0.122800
vt 0.756300 0.221800
vt 0.962600 0.210800
vt 0.973800 0.222000
vt 0.503000 0.210600
vt 0.746400 0.221800
vt 0.503000 0.221800
vt 0.372000 0.939800
vt 0.247200 0.949800
vt 0.247200 0.939800
vt 0.503000 0.134000
vt 0.493100 0.122800
vt 0.503000 0.122800
vt 0.493100 0.210600
vt 0.493100 0.221800
vt 0.493100 0.134000
vt 0.249000 0.122800
vt 0.249000 0.210600
vt 0.800700 0.665000
vt 0.676000 0.673900
vt 0.676000 0.665000
vt 0.249000 0.134000
vt 0.746400 0.134000
vt 0.746400 0.210600
vt 0.815600 0.434200
vt 0.690900 0.434200
vt 0.948200 0.364300
vt 0.741900 0.357200
vt 0.948200 0.357200
vt 0.287500 0.357200
vt 0.493800 0.364300
vt 0.287500 0.364300
vt 0.522300 0.474400
vt 0.647000 0.474400
vt 0.020000 0.796900
vt 0.228900 0.804100
vt 0.020000 0.804100
vt 0.679600 0.549200
vt 0.804400 0.556300
vt 0.679600 0.556300
vt 0.228900 0.738100
vt 0.020000 0.731000
vt 0.228900 0.731000
vt 0.264100 0.452300
vt 0.020000 0.445100
vt 0.264100 0.445100
vt 0.679600 0.533100
vt 0.804400 0.533100
vt 0.020000 0.467100
vt 0.264100 0.474300
vt 0.020000 0.474300
vt 0.679600 0.594100
vt 0.804400 0.601300
vt 0.679600 0.601300
vt 0.020000 0.577000
vt 0.263400 0.584200
vt 0.020000 0.584200
vt 0.679600 0.577000
vt 0.804400 0.577000
vt 0.511100 0.492800
vt 0.815600 0.427000
vt 0.020000 0.339300
vt 0.973800 0.239900
vt 0.679600 0.624700
vt 0.804400 0.649000
vt 0.020000 0.599000
vt 0.522200 0.511600
vt 0.522300 0.551600
vt 0.240100 0.134000
vt 0.372000 0.979100
vt 0.756300 0.210600
vt 0.372000 0.949800
vt 0.800700 0.673900
vt 0.741900 0.364300
vt 0.493800 0.357200
vt 0.228900 0.796900
vt 0.020000 0.738100
vt 0.020000 0.452300
vt 0.264100 0.467100
vt 0.263400 0.577000
s 0
f 4017/10793/6358 4019/10794/6359 4020/10795/6360
f 4021/10796/6358 4019/10797/6361 4018/10798/6358
f 4024/10799/6358 4026/10800/6362 4023/10801/6358
f 4027/10802/6358 4025/10803/6363 4024/10804/6358
f 4029/10805/6358 4022/10806/6364 4021/10796/6358
f 4031/10807/6358 4020/10808/6365 4032/10809/6366
s 1
f 4033/10810/6366 4035/10811/6367 4028/10812/6368
s 0
f 4036/10813/6358 4028/10814/6369 4027/10802/6358
f 4037/10815/6358 4026/10816/6370 4035/10817/6367
f 4039/10818/6358 4040/10819/6371 4038/10820/6358
s 1
f 4042/10821/6366 4040/10822/6367 4041/10823/6368
s 0
f 4045/10824/6358 4041/10825/6372 4044/10826/6358
f 4038/10820/6358 4043/10827/6373 4046/10828/6358
f 4047/10829/6358 4042/10830/6374 4045/10824/6358
f 4046/10828/6358 4030/10831/6375 4029/10805/6358
s 1
f 4032/10832/6366 4030/10833/6367 4048/10834/6368
s 0
f 4031/10807/6358 4048/10835/6376 4047/10829/6358
f 4044/10826/6358 4033/10836/6377 4036/10813/6358
f 4037/10815/6358 4034/10837/6378 4039/10818/6358
f 4035/10811/6379 4050/10838/6380 4028/10812/6368
f 4033/10810/6381 4052/10839/6382 4034/10840/6383
f 4041/10841/6384 4051/10842/6385 4033/10843/6366
f 4054/10844/6386 4056/10845/6387 4057/10846/6386
f 4056/10847/6388 4059/10848/6386 4057/10849/6386
f 4061/10850/6389 4063/10851/6386 4060/10852/6386
f 4062/10853/6390 4064/10854/6386 4063/10855/6386
f 4058/10856/6391 4066/10857/6386 4059/10848/6386
f 4067/10858/6386 4055/10859/6392 4054/10860/6386
s 1
f 4049/10861/6393 4051/10862/6394 4050/10863/6395
s 0
f 4050/10864/6396 4069/10865/6386 4064/10854/6386
f 4070/10866/6386 4061/10867/6397 4060/10868/6386
f 4072/10869/6398 4073/10870/6386 4071/10871/6386
s 1
f 4072/10872/6393 4075/10873/6394 4053/10874/6395
s 0
f 4053/10875/6399 4077/10876/6386 4076/10877/6386
f 4074/10878/6400 4071/10871/6386 4078/10879/6386
f 4075/10880/6401 4080/10881/6386 4077/10876/6386
f 4065/10882/6402 4078/10879/6386 4066/10857/6386
s 1
f 4065/10883/6393 4068/10884/6394 4079/10885/6395
s 0
f 4079/10886/6403 4067/10858/6386 4080/10881/6386
f 4051/10887/6404 4076/10877/6386 4069/10865/6386
f 4052/10888/6405 4070/10866/6386 4073/10870/6386
f 4026/10800/6406 4062/10889/6407 4061/10890/6408
f 4025/10891/6409 4050/10892/6410 4062/10893/6394
f 4035/10894/6411 4061/10895/6412 4049/10896/6393
f 4020/10795/6413 4056/10897/6414 4055/10898/6395
f 4019/10899/6415 4058/10900/6416 4056/10901/6393
f 4022/10902/6406 4068/10903/6407 4058/10904/6408
f 4032/10905/6417 4055/10906/6418 4068/10907/6394
f 4042/10908/6419 4079/10909/6420 4075/10910/6394
f 4048/10834/6413 4065/10911/6414 4079/10912/6395
f 4030/10913/6421 4074/10914/6422 4065/10915/6393
f 4043/10916/6406 4075/10917/6407 4074/10918/6408
f 4040/10919/6423 4052/10920/6422 4072/10921/6393
f 4041/10823/6413 4072/10922/6414 4053/10923/6395
f 4017/10793/6358 4018/10924/6358 4019/10794/6424
f 4021/10796/6358 4022/10806/6383 4019/10797/6425
f 4024/10799/6358 4025/10925/6426 4026/10800/6427
f 4027/10802/6358 4028/10814/6368 4025/10803/6428
f 4029/10805/6358 4030/10831/6367 4022/10806/6429
f 4031/10807/6358 4017/10926/6358 4020/10808/6430
s 1
f 4033/10810/6366 4034/10840/6383 4035/10811/6367
s 0
f 4036/10813/6358 4033/10836/6366 4028/10814/6431
f 4037/10815/6358 4023/10927/6358 4026/10816/6432
f 4039/10818/6358 4034/10837/6383 4040/10819/6433
s 1
f 4042/10821/6366 4043/10916/6383 4040/10822/6367
s 0
f 4045/10824/6358 4042/10830/6366 4041/10825/6434
f 4038/10820/6358 4040/10819/6367 4043/10827/6435
f 4047/10829/6358 4048/10835/6368 4042/10830/6436
f 4046/10828/6358 4043/10827/6383 4030/10831/6433
s 1
f 4032/10832/6366 4022/10902/6383 4030/10833/6367
s 0
f 4031/10807/6358 4032/10809/6366 4048/10835/6437
f 4044/10826/6358 4041/10825/6368 4033/10836/6436
f 4037/10815/6358 4035/10817/6367 4034/10837/6438
f 4035/10811/6439 4049/10928/6393 4050/10838/6440
f 4033/10810/6441 4051/10929/6394 4052/10839/6442
f 4041/10841/6443 4053/10930/6395 4051/10842/6444
f 4054/10844/6386 4055/10931/6395 4056/10845/6445
f 4056/10847/6446 4058/10856/6408 4059/10848/6386
f 4061/10850/6447 4062/10932/6394 4063/10851/6386
f 4062/10853/6448 4050/10864/6395 4064/10854/6386
f 4058/10856/6449 4065/10882/6393 4066/10857/6386
f 4067/10858/6386 4068/10933/6394 4055/10859/6450
s 1
f 4049/10861/6393 4052/10934/6408 4051/10862/6394
s 0
f 4050/10864/6451 4051/10887/6394 4069/10865/6386
f 4070/10866/6386 4049/10935/6393 4061/10867/6452
f 4072/10869/6453 4052/10888/6408 4073/10870/6386
s 1
f 4072/10872/6393 4074/10936/6408 4075/10873/6394
s 0
f 4053/10875/6454 4075/10880/6394 4077/10876/6386
f 4074/10878/6455 4072/10869/6393 4071/10871/6386
f 4075/10880/6456 4079/10886/6395 4080/10881/6386
f 4065/10882/6453 4074/10878/6408 4078/10879/6386
s 1
f 4065/10883/6393 4058/10937/6408 4068/10884/6394
s 0
f 4079/10886/6457 4068/10933/6394 4067/10858/6386
f 4051/10887/6456 4053/10875/6395 4076/10877/6386
f 4052/10888/6458 4049/10935/6393 4070/10866/6386
f 4026/10800/6459 4025/10925/6366 4062/10889/6460
f 4025/10891/6461 4028/10938/6368 4050/10892/6462
f 4035/10894/6463 4026/10939/6383 4061/10895/6464
f 4020/10795/6465 4019/10794/6367 4056/10897/6466
f 4019/10899/6467 4022/10940/6383 4058/10900/6468
f 4022/10902/6459 4032/10832/6366 4068/10903/6460
f 4032/10905/6469 4020/10941/6368 4055/10906/6470
f 4042/10908/6471 4048/10942/6368 4079/10909/6472
f 4048/10834/6465 4030/10833/6367 4065/10911/6466
f 4030/10913/6473 4043/10943/6383 4074/10914/6474
f 4043/10916/6459 4042/10821/6366 4075/10917/6460
f 4040/10919/6473 4034/10944/6383 4052/10920/6475
f 4041/10823/6465 4040/10822/6367 4072/10922/6466
o window_small002
v 23.468170 5.803944 15.136692
v 23.468170 4.693043 15.136692
v 23.552765 4.777744 15.136692
v 23.552765 5.719341 15.136692
v 25.129166 4.693043 15.136692
v 25.129166 4.777744 15.136692
v 30.667465 4.693043 15.136692
v 30.667465 5.803944 15.136692
v 30.582855 5.719341 15.136692
v 30.582855 4.777744 15.136692
v 29.025955 5.803944 15.136692
v 29.025955 5.719341 15.136692
v 25.196564 4.693043 15.136692
v 25.196564 4.777744 15.136692
v 25.129166 5.803944 15.136692
v 25.129166 5.719341 15.136692
v 28.950958 5.719341 15.136692
v 28.950958 4.777744 15.136692
v 29.025955 4.777744 15.136692
v 28.950958 5.803944 15.136692
v 29.025955 4.693043 15.136692
v 27.113861 4.693043 15.136692
v 28.950958 4.693043 15.136692
v 27.113861 4.777744 15.136692
v 27.113861 5.719341 15.136692
v 27.039062 5.719341 15.136692
v 27.039062 4.777744 15.136692
v 27.113861 5.803944 15.136692
v 27.039062 5.803944 15.136692
v 27.039062 4.693043 15.136692
v 25.196564 5.803944 15.136692
v 25.196564 5.719341 15.136692
v 29.025955 4.777744 15.082493
v 29.025955 5.719341 15.082493
v 28.950958 5.719341 15.082493
v 28.950958 4.777744 15.082493
v 27.113861 5.719341 15.082493
v 23.468170 5.803944 15.082493
v 23.552765 5.719341 15.082493
v 23.552765 4.777744 15.082493
v 23.468170 4.693043 15.082493
v 25.129166 4.777744 15.082493
v 25.129166 4.693043 15.082493
v 30.667465 4.693043 15.082493
v 30.582855 4.777744 15.082493
v 30.582855 5.719341 15.082493
v 30.667465 5.803944 15.082493
v 29.025955 5.803944 15.082493
v 25.196564 4.777744 15.082493
v 25.196564 4.693043 15.082493
v 25.129166 5.803944 15.082493
v 25.129166 5.719341 15.082493
v 28.950958 5.803944 15.082493
v 29.025955 4.693043 15.082493
v 27.113861 4.693043 15.082493
v 27.113861 4.777744 15.082493
v 28.950958 4.693043 15.082493
v 27.039062 4.777744 15.082493
v 27.039062 5.719341 15.082493
v 27.113861 5.803944 15.082493
v 27.039062 5.803944 15.082493
v 27.039062 4.693043 15.082493
v 25.196564 5.719341 15.082493
v 25.196564 5.803944 15.082493
vn -0.0000 -0.0000 1.0000
vn 0.4033 0.1384 0.9046
vn 0.3014 -0.3015 0.9046
vn 0.3141 0.2884 0.9045
vn -0.2808 0.3208 0.9046
vn -0.3143 -0.2881 0.9045
vn -0.1406 0.4025 0.9045
vn 0.1361 -0.4041 0.9045
vn -0.3015 -0.3015 0.9045
vn 0.3015 0.3015 0.9045
vn 0.3015 -0.3015 0.9045
vn 0.1513 -0.3987 0.9045
vn -0.1362 0.4041 0.9045
vn 0.3129 0.2897 0.9045
vn 0.1510 -0.3988 0.9045
vn -0.1509 0.3988 0.9045
vn -0.3128 -0.2898 0.9045
vn 0.3128 0.2897 0.9045
vn 0.1408 -0.4025 0.9045
vn -0.3129 -0.2897 0.9045
vn -0.1512 0.3987 0.9045
vn 0.3015 -0.0756 0.9505
vn 0.3015 -0.3395 -0.8910
vn -0.3015 0.0756 0.9505
vn -0.3015 0.3395 -0.8910
vn -0.3015 0.3015 0.9045
vn -0.0826 -0.3015 0.9499
vn -0.3211 -0.3015 -0.8978
vn -0.0000 -0.0000 -1.0000
vn 0.2810 0.3207 -0.9045
vn 0.3142 0.2883 -0.9045
vn -0.2810 0.3207 -0.9045
vn -0.3143 -0.2882 -0.9045
vn -0.1406 0.4026 -0.9045
vn 0.3141 -0.2883 -0.9045
vn 0.3015 0.3015 -0.9045
vn -0.3015 -0.3015 -0.9045
vn 0.3015 -0.3015 -0.9045
vn 0.1512 -0.3987 -0.9045
vn -0.3142 0.2883 -0.9045
vn 0.3129 0.2897 -0.9045
vn 0.1510 -0.3988 -0.9045
vn -0.1509 0.3988 -0.9045
vn -0.3128 -0.2898 -0.9045
vn 0.3128 0.2897 -0.9045
vn 0.1407 -0.4025 -0.9045
vn -0.3129 -0.2897 -0.9045
vn -0.1511 0.3987 -0.9045
vn -0.3015 0.3395 0.8910
vn -0.3015 0.0756 -0.9505
vn -0.3015 0.3015 -0.9045
vn -0.3246 -0.3015 0.8965
vn -0.0813 -0.3015 -0.9500
vn 0.3246 0.3015 0.8965
vn 0.0813 0.3015 -0.9500
vn 0.3015 -0.3395 0.8910
vn 0.3015 -0.0756 -0.9505
vn 0.3243 0.3015 0.8966
vn 0.0814 0.3015 -0.9500
vn -0.3243 -0.3015 0.8966
vn -0.0814 -0.3015 -0.9500
vn -0.3210 -0.3015 0.8978
vn -0.0826 -0.3015 -0.9499
vn 0.3210 0.3015 0.8978
vn 0.0826 0.3015 -0.9499
vn 0.3211 0.3015 0.8978
vn 0.2810 0.3207 0.9046
vn 0.1360 0.4041 0.9045
vn -0.3014 -0.3015 0.9046
vn -0.4032 0.1387 0.9046
vn -0.1362 -0.4041 0.9045
vn -0.3841 0.1852 0.9045
vn 0.3142 -0.2883 0.9045
vn 0.3889 -0.1749 0.9045
vn -0.3143 0.2881 0.9045
vn 0.2160 0.3676 0.9045
vn 0.3888 -0.1752 0.9045
vn -0.3887 0.1753 0.9045
vn -0.2160 -0.3676 0.9045
vn 0.3841 -0.1851 0.9045
vn -0.3888 0.1750 0.9045
vn 0.3015 0.3395 0.8910
vn 0.3015 0.0756 -0.9505
vn -0.3015 -0.3395 0.8910
vn -0.3015 -0.0756 -0.9505
vn 0.3211 -0.3015 0.8978
vn 0.0826 -0.3015 -0.9499
vn 0.4033 0.1383 -0.9045
vn 0.1362 0.4041 -0.9045
vn -0.4033 0.1384 -0.9045
vn -0.1361 -0.4041 -0.9045
vn -0.3841 0.1852 -0.9045
vn 0.1361 -0.4041 -0.9045
vn 0.3888 -0.1750 -0.9045
vn -0.1359 0.4042 -0.9045
vn 0.2160 0.3676 -0.9045
vn 0.3887 -0.1752 -0.9045
vn -0.3887 0.1753 -0.9045
vn -0.2160 -0.3676 -0.9045
vn 0.3841 -0.1851 -0.9045
vn -0.3888 0.1751 -0.9045
vn -0.3015 -0.0756 0.9505
vn -0.3015 -0.3395 -0.8910
vn 0.0813 -0.3015 0.9500
vn 0.3246 -0.3015 -0.8965
vn -0.0813 0.3015 0.9500
vn -0.3246 0.3015 -0.8965
vn 0.3015 0.0756 0.9505
vn 0.3015 0.3395 -0.8910
vn -0.0814 0.3015 0.9500
vn -0.3243 0.3015 -0.8966
vn 0.0814 -0.3015 0.9500
vn 0.3243 -0.3015 -0.8966
vn 0.0826 -0.3015 0.9499
vn 0.3210 -0.3015 -0.8978
vn -0.0826 0.3015 0.9499
vn -0.3210 0.3015 -0.8978
vn -0.3211 0.3015 -0.8978
vt 0.658300 0.492800
vt 0.522300 0.481600
vt 0.647000 0.481600
vt 0.240100 0.240100
vt 0.031200 0.251100
vt 0.020000 0.239900
vt 0.826800 0.415800
vt 0.690900 0.427000
vt 0.679600 0.415800
vt 0.756300 0.339000
vt 0.962600 0.328000
vt 0.973800 0.339300
vt 0.249000 0.240100
vt 0.240100 0.251300
vt 0.240100 0.339000
vt 0.031200 0.328000
vt 0.240100 0.327800
vt 0.804400 0.641800
vt 0.679600 0.631900
vt 0.804400 0.631900
vt 0.746400 0.339000
vt 0.756300 0.327800
vt 0.756300 0.240100
vt 0.962600 0.251100
vt 0.756300 0.251300
vt 0.746400 0.240100
vt 0.503000 0.251300
vt 0.503000 0.240100
vt 0.804400 0.594100
vt 0.679600 0.584200
vt 0.804400 0.584200
vt 0.493100 0.339100
vt 0.503000 0.327900
vt 0.503000 0.339100
vt 0.493100 0.251300
vt 0.493100 0.240100
vt 0.249000 0.339000
vt 0.493100 0.327900
vt 0.249000 0.251300
vt 0.804400 0.549200
vt 0.679600 0.540200
vt 0.804400 0.540200
vt 0.249000 0.327800
vt 0.746400 0.327800
vt 0.746400 0.251300
vt 0.804400 0.624700
vt 0.679600 0.649000
vt 0.679600 0.641800
vt 0.020000 0.606200
vt 0.263400 0.599000
vt 0.263400 0.606200
vt 0.511100 0.522800
vt 0.647000 0.511100
vt 0.658300 0.522200
vt 0.031200 0.210800
vt 0.240100 0.221800
vt 0.020000 0.222000
vt 0.647000 0.551600
vt 0.511100 0.540400
vt 0.658200 0.540400
vt 0.962600 0.133800
vt 0.756300 0.122800
vt 0.973800 0.122600
vt 0.240100 0.210600
vt 0.249000 0.221800
vt 0.240100 0.122800
vt 0.031200 0.133800
vt 0.020000 0.122600
vt 0.372000 0.969200
vt 0.247200 0.979100
vt 0.247200 0.969200
vt 0.756300 0.134000
vt 0.746400 0.122800
vt 0.756300 0.221800
vt 0.962600 0.210800
vt 0.973800 0.222000
vt 0.503000 0.210600
vt 0.746400 0.221800
vt 0.503000 0.221800
vt 0.372000 0.939800
vt 0.247200 0.949800
vt 0.247200 0.939800
vt 0.503000 0.134000
vt 0.493100 0.122800
vt 0.503000 0.122800
vt 0.493100 0.210600
vt 0.493100 0.221800
vt 0.493100 0.134000
vt 0.249000 0.122800
vt 0.249000 0.210600
vt 0.800700 0.665000
vt 0.676000 0.673900
vt 0.676000 0.665000
vt 0.249000 0.134000
vt 0.746400 0.134000
vt 0.746400 0.210600
vt 0.815600 0.434200
vt 0.690900 0.434200
vt 0.948200 0.364300
vt 0.741900 0.357200
vt 0.948200 0.357200
vt 0.287500 0.357200
vt 0.493800 0.364300
vt 0.287500 0.364300
vt 0.522300 0.474400
vt 0.647000 0.474400
vt 0.020000 0.796900
vt 0.228900 0.804100
vt 0.020000 0.804100
vt 0.679600 0.549200
vt 0.804400 0.556300
vt 0.679600 0.556300
vt 0.228900 0.738100
vt 0.020000 0.731000
vt 0.228900 0.731000
vt 0.264100 0.452300
vt 0.020000 0.445100
vt 0.264100 0.445100
vt 0.679600 0.533100
vt 0.804400 0.533100
vt 0.020000 0.467100
vt 0.264100 0.474300
vt 0.020000 0.474300
vt 0.679600 0.594100
vt 0.804400 0.601300
vt 0.679600 0.601300
vt 0.020000 0.577000
vt 0.263400 0.584200
vt 0.020000 0.584200
vt 0.679600 0.577000
vt 0.804400 0.577000
vt 0.511100 0.492800
vt 0.815600 0.427000
vt 0.020000 0.339300
vt 0.973800 0.239900
vt 0.679600 0.624700
vt 0.804400 0.649000
vt 0.020000 0.599000
vt 0.522200 0.511600
vt 0.522300 0.551600
vt 0.240100 0.134000
vt 0.372000 0.979100
vt 0.756300 0.210600
vt 0.372000 0.949800
vt 0.800700 0.673900
vt 0.741900 0.364300
vt 0.493800 0.357200
vt 0.228900 0.796900
vt 0.020000 0.738100
vt 0.020000 0.452300
vt 0.264100 0.467100
vt 0.263400 0.577000
s 0
f 4081/10945/6476 4083/10946/6477 4084/10947/6478
f 4085/10948/6476 4083/10949/6479 4082/10950/6476
f 4088/10951/6476 4090/10952/6480 4087/10953/6476
f 4091/10954/6476 4089/10955/6481 4088/10956/6476
f 4093/10957/6476 4086/10958/6482 4085/10948/6476
f 4095/10959/6476 4084/10960/6483 4096/10961/6484
s 1
f 4097/10962/6484 4099/10963/6485 4092/10964/6486
s 0
f 4100/10965/6476 4092/10966/6487 4091/10954/6476
f 4101/10967/6476 4090/10968/6488 4099/10969/6485
f 4103/10970/6476 4104/10971/6489 4102/10972/6476
s 1
f 4106/10973/6484 4104/10974/6485 4105/10975/6486
s 0
f 4109/10976/6476 4105/10977/6490 4108/10978/6476
f 4102/10972/6476 4107/10979/6491 4110/10980/6476
f 4111/10981/6476 4106/10982/6492 4109/10976/6476
f 4110/10980/6476 4094/10983/6493 4093/10957/6476
s 1
f 4096/10984/6484 4094/10985/6485 4112/10986/6486
s 0
f 4095/10959/6476 4112/10987/6494 4111/10981/6476
f 4108/10978/6476 4097/10988/6495 4100/10965/6476
f 4101/10967/6476 4098/10989/6496 4103/10970/6476
f 4099/10963/6497 4114/10990/6498 4092/10964/6486
f 4097/10962/6499 4116/10991/6500 4098/10992/6501
f 4105/10993/6502 4115/10994/6503 4097/10995/6484
f 4118/10996/6504 4120/10997/6505 4121/10998/6504
f 4120/10999/6506 4123/11000/6504 4121/11001/6504
f 4125/11002/6507 4127/11003/6504 4124/11004/6504
f 4126/11005/6508 4128/11006/6504 4127/11007/6504
f 4122/11008/6509 4130/11009/6504 4123/11000/6504
f 4131/11010/6504 4119/11011/6510 4118/11012/6504
s 1
f 4113/11013/6511 4115/11014/6512 4114/11015/6513
s 0
f 4114/11016/6514 4133/11017/6504 4128/11006/6504
f 4134/11018/6504 4125/11019/6515 4124/11020/6504
f 4136/11021/6516 4137/11022/6504 4135/11023/6504
s 1
f 4136/11024/6511 4139/11025/6512 4117/11026/6513
s 0
f 4117/11027/6517 4141/11028/6504 4140/11029/6504
f 4138/11030/6518 4135/11023/6504 4142/11031/6504
f 4139/11032/6519 4144/11033/6504 4141/11028/6504
f 4129/11034/6520 4142/11031/6504 4130/11009/6504
s 1
f 4129/11035/6511 4132/11036/6512 4143/11037/6513
s 0
f 4143/11038/6521 4131/11010/6504 4144/11033/6504
f 4115/11039/6522 4140/11029/6504 4133/11017/6504
f 4116/11040/6523 4134/11018/6504 4137/11022/6504
f 4090/10952/6524 4126/11041/6525 4125/11042/6526
f 4089/11043/6527 4114/11044/6528 4126/11045/6512
f 4099/11046/6529 4125/11047/6530 4113/11048/6511
f 4084/10947/6531 4120/11049/6532 4119/11050/6513
f 4083/11051/6533 4122/11052/6534 4120/11053/6511
f 4086/11054/6524 4132/11055/6525 4122/11056/6526
f 4096/11057/6535 4119/11058/6536 4132/11059/6512
f 4106/11060/6537 4143/11061/6538 4139/11062/6512
f 4112/10986/6531 4129/11063/6532 4143/11064/6513
f 4094/11065/6539 4138/11066/6540 4129/11067/6511
f 4107/11068/6524 4139/11069/6525 4138/11070/6526
f 4104/11071/6541 4116/11072/6540 4136/11073/6511
f 4105/10975/6531 4136/11074/6532 4117/11075/6513
f 4081/10945/6476 4082/11076/6476 4083/10946/6542
f 4085/10948/6476 4086/10958/6501 4083/10949/6543
f 4088/10951/6476 4089/11077/6544 4090/10952/6545
f 4091/10954/6476 4092/10966/6486 4089/10955/6546
f 4093/10957/6476 4094/10983/6485 4086/10958/6547
f 4095/10959/6476 4081/11078/6476 4084/10960/6548
s 1
f 4097/10962/6484 4098/10992/6501 4099/10963/6485
s 0
f 4100/10965/6476 4097/10988/6484 4092/10966/6549
f 4101/10967/6476 4087/11079/6476 4090/10968/6550
f 4103/10970/6476 4098/10989/6501 4104/10971/6551
s 1
f 4106/10973/6484 4107/11068/6501 4104/10974/6485
s 0
f 4109/10976/6476 4106/10982/6484 4105/10977/6552
f 4102/10972/6476 4104/10971/6485 4107/10979/6553
f 4111/10981/6476 4112/10987/6486 4106/10982/6554
f 4110/10980/6476 4107/10979/6501 4094/10983/6551
s 1
f 4096/10984/6484 4086/11054/6501 4094/10985/6485
s 0
f 4095/10959/6476 4096/10961/6484 4112/10987/6555
f 4108/10978/6476 4105/10977/6486 4097/10988/6554
f 4101/10967/6476 4099/10969/6485 4098/10989/6556
f 4099/10963/6557 4113/11080/6511 4114/10990/6558
f 4097/10962/6559 4115/11081/6512 4116/10991/6560
f 4105/10993/6561 4117/11082/6513 4115/10994/6562
f 4118/10996/6504 4119/11083/6513 4120/10997/6563
f 4120/10999/6564 4122/11008/6526 4123/11000/6504
f 4125/11002/6565 4126/11084/6512 4127/11003/6504
f 4126/11005/6566 4114/11016/6513 4128/11006/6504
f 4122/11008/6567 4129/11034/6511 4130/11009/6504
f 4131/11010/6504 4132/11085/6512 4119/11011/6568
s 1
f 4113/11013/6511 4116/11086/6526 4115/11014/6512
s 0
f 4114/11016/6569 4115/11039/6512 4133/11017/6504
f 4134/11018/6504 4113/11087/6511 4125/11019/6570
f 4136/11021/6571 4116/11040/6526 4137/11022/6504
s 1
f 4136/11024/6511 4138/11088/6526 4139/11025/6512
s 0
f 4117/11027/6572 4139/11032/6512 4141/11028/6504
f 4138/11030/6573 4136/11021/6511 4135/11023/6504
f 4139/11032/6574 4143/11038/6513 4144/11033/6504
f 4129/11034/6571 4138/11030/6526 4142/11031/6504
s 1
f 4129/11035/6511 4122/11089/6526 4132/11036/6512
s 0
f 4143/11038/6575 4132/11085/6512 4131/11010/6504
f 4115/11039/6574 4117/11027/6513 4140/11029/6504
f 4116/11040/6576 4113/11087/6511 4134/11018/6504
f 4090/10952/6577 4089/11077/6484 4126/11041/6578
f 4089/11043/6579 4092/11090/6486 4114/11044/6580
f 4099/11046/6581 4090/11091/6501 4125/11047/6582
f 4084/10947/6583 4083/10946/6485 4120/11049/6584
f 4083/11051/6585 4086/11092/6501 4122/11052/6586
f 4086/11054/6577 4096/10984/6484 4132/11055/6578
f 4096/11057/6587 4084/11093/6486 4119/11058/6588
f 4106/11060/6589 4112/11094/6486 4143/11061/6590
f 4112/10986/6583 4094/10985/6485 4129/11063/6584
f 4094/11065/6591 4107/11095/6501 4138/11066/6592
f 4107/11068/6577 4106/10973/6484 4139/11069/6578
f 4104/11071/6591 4098/11096/6501 4116/11072/6593
f 4105/10975/6583 4104/10974/6485 4136/11074/6584
